9.4461,-1.189091886962558,-10.341501824934028,-18.115904338177728,-24.613898965373693,-29.93391025961789,-34.1711877884227,-37.41780613371675,-39.76266489184489,-41.2914886735682,-42.08682710406408,-42.22805482292611,-41.79137148416423,-40.8498017562045,-39.47319532188936,-37.72822687847742,-35.67839613764359,-33.38402782547902,-30.90227168249113,-28.28710246360356,-25.589319938156248,-22.85654888990534,-20.13323911702329,-17.46066543209878,-14.876927662136714,-12.416950648558323,-10.112484247201044,-7.992103328318586,-6.081207776580884,-4.402022491074189,-2.97359738530094,-1.811807387179872,-0.929352439045962,-0.3357574976504504,-0.0373725341608224,-0.0373725341608227,-0.3357574976504504,-0.9293524390459664,-1.811807387179872,-2.9735973853009376,-4.402022491074189,-6.081207776580884,-7.99210332831859,-10.112484247201044,-12.41695064855832,-14.876927662136714,-17.46066543209876,-20.13323911702329,-22.85654888990534,-25.589319938156248,-28.28710246360356,-30.90227168249112,-33.38402782547902,-35.67839613764359,-37.72822687847742,-39.47319532188936,-40.8498017562045,-41.79137148416423,-42.22805482292611,-42.08682710406408,-41.2914886735682,-39.76266489184489,-37.41780613371675,-34.17118778842273,-29.93391025961789,-24.613898965373693,-18.115904338177728,-10.341501824934028,-1.1890918869625295,9.4461
9.378949967866392,-1.30965740032308,-10.47458527762092,-18.17358576864588,-24.63144695144224,-29.933410840710373,-34.1639615307102,-37.41690681511704,-39.77137486272285,-41.305305452791146,-42.10582258529137,-42.264960228236745,-41.86040498854005,-40.95652944017523,-39.61705103712759,-37.90250126031865,-35.8720418166042,-33.58193703735024,-31.08599570984082,-28.43860977391502,-25.695572791452776,-22.91304306076755,-20.14519862347054,-17.440914557745273,-14.841593402060049,-12.379284165275203,-10.075201571028636,-7.94374142302947,-6.003109901101971,-4.275769291776989,-2.7863694157497854,-1.5600232521879451,-0.6194299585802278,0.0175741131236639,0.3388192108010555,0.3388191555648181,0.0175739560646572,-0.6194302644832874,-1.56002367680798,-2.786369917779556,-4.275770854600907,-6.003110926377452,-7.943739522301283,-10.075202867040232,-12.37928392301353,-14.841594327191435,-17.440912514863044,-20.14519791247807,-22.91304299555031,-25.69557142380695,-28.438607747123505,-31.085993051854437,-33.58193369937629,-35.87203788863653,-37.90249709955146,-39.61704689226523,-40.95652334390135,-41.86040098443264,-42.26495700640841,-42.10582069073888,-41.30530443875743,-39.77137503896496,-37.416908765423365,-34.16396345037782,-29.933412346101463,-24.631448992626822,-18.17358798842304,-10.474587787125278,-1.3096597720612282,9.378947870827908
9.309362893154889,-1.428078704424633,-10.601979927309216,-18.22786596168298,-24.64694183160144,-29.930962862342884,-34.15453931992116,-37.413694088210896,-39.777285074175175,-41.3162824992986,-42.12232677155203,-42.29923012834866,-41.92629738497835,-41.05987555199019,-39.75743050131342,-38.07317917015824,-36.06166206766299,-33.77510793581906,-31.26447277681948,-28.585009235145048,-25.79773936729241,-22.967179470780035,-20.156699430013493,-17.422342522825737,-14.808385749055102,-12.343952156653389,-10.040141010432924,-7.897999866586823,-5.928721489416123,-4.154833078846757,-2.6063146434265234,-1.3170715293913935,-0.319575786359793,0.3600413478049389,0.7037817689493389,0.7037811127489881,0.3600394265320574,-0.3195788225902994,-1.3170753779210942,-2.606319202704092,-4.154838686622743,-5.9287249574267085,-7.897999966234954,-10.040143500552176,-12.343951797100848,-14.808387481700606,-17.422338480188422,-20.156697530820267,-22.967178697038072,-25.79773554734175,-28.585003891316862,-31.264465994415485,-33.77509971214197,-36.06165256921751,-38.073169117160894,-39.75742132444514,-41.059861210950125,-41.92628705915461,-42.29922267379143,-42.12232287594415,-41.31628089929434,-39.77728603608761,-37.41369916633751,-34.154546160901184,-29.930969055082087,-24.646948862378917,-18.22787337961761,-10.601988599842375,-1.428087721522554,9.309353674583424
9.237235192910465,-1.5442216932337345,-10.723302128920851,-18.27833805653547,-24.65990623437457,-29.926128158747755,-34.1425943429124,-37.4077610615013,-39.77999090053168,-41.32400353292533,-42.135892972654126,-42.33041273851743,-41.98859345559953,-41.15934731879471,-39.89378818484183,-38.23968795772051,-36.246739427046535,-33.96319748817113,-31.43760847031223,-28.726438392178437,-25.8960743414106,-23.019221691919487,-20.167966621609278,-17.405072295931923,-14.777350422387888,-12.310968000640992,-10.007348530916374,-7.854987892447466,-5.85826093331709,-4.039618712006863,-2.434054144942765,-1.083849961038721,-0.0309520567258474,0.6903128301015483,1.0561333149475218,1.0561322446605592,0.6903097220960771,-0.0309568968916581,-1.0838560193052706,-2.4340612087147617,-4.039626685087294,-5.858265558573951,-7.854988616478758,-10.00735114487117,-12.310966885785492,-14.777351817571663,-17.40506649626702,-20.167963057640524,-23.019219639961182,-25.89606812726271,-28.72643013227525,-31.437598310923992,-33.96318548004723,-36.24672563329486,-38.23967364322608,-39.89377589879584,-41.1593255727986,-41.98857956550061,-42.33040302728343,-42.13588757135086,-41.32400067829783,-39.779992013927306,-37.407768023407776,-34.14260405923025,-29.926136879718072,-24.65991595426975,-18.27834836924583,-10.723314254979227,-1.544234262900588,9.237222274077924
9.162893937743478,-1.657955914560479,-10.8385790653815,-18.325026241688903,-24.6703131796367,-29.91892769010861,-34.128240442816214,-37.39917875800983,-39.77957519309102,-41.32854080695626,-42.14655480650215,-42.35851951527204,-42.04727865953179,-41.25486521759217,-40.02596611100052,-38.40181475421386,-36.4270652459618,-34.14607150022471,-31.60536201052307,-28.862948759421776,-25.990680393057747,-23.0692620440847,-20.179051727288257,-17.38909140134458,-14.748429716977114,-12.280258598113669,-9.976762037013474,-7.814639764900413,-5.7916586897217375,-3.9300785183660514,-2.269588920286212,-0.8604542819003371,0.2462282886289772,1.0080834308995563,1.395510997119025,1.395510084797413,1.0080807565536676,0.2462240673943411,-0.8604595407708188,-2.269595037553307,-3.9300858805994943,-5.791662252112554,-7.814638604850327,-9.976764003758364,-12.280255806036346,-14.748429617885606,-17.389084121025185,-20.179046324451267,-23.06925853248051,-25.990672296758294,-28.862938290373737,-31.605349368250334,-34.146056770272764,-36.42704822115513,-38.40179758887198,-40.02595181339092,-41.25483608188951,-42.04726410981772,-42.35850912231344,-42.14654770683239,-41.32853531761203,-39.77957537472999,-37.39918597017551,-34.128250364197015,-29.91893482721765,-24.67032199999672,-18.32503591938752,-10.83859031836849,-1.6579672843012512,9.162882841941808
9.086701878041902,-1.769138672856829,-10.947883868444166,-18.367997246965523,-24.67818235019515,-29.90942528772057,-34.11161486094534,-37.388059634013246,-39.77616503936406,-41.33001503527402,-42.15439841275028,-42.38361836778673,-42.10240053415907,-41.34641592529007,-40.15388533703331,-38.559429783219,-36.6025112251417,-34.32366382537992,-31.76774301490418,-28.99462128639825,-26.08167389044244,-23.117402132343788,-20.19001422707541,-17.374386410300023,-14.721569063903305,-12.251755728863248,-9.948323024423969,-7.776882449701702,-5.728819519638437,-3.826108326705897,-2.1128208953862564,-0.6468310802632942,0.511954295929365,1.3132672283320004,1.7217835608391427,1.721783352681228,1.3132666024608792,0.5119531890930523,-0.6468325254546236,-2.1128227296858264,-3.826112245142216,-5.728820219288277,-7.776877878496173,-9.948323906864688,-12.251751667699018,-14.72156744363804,-17.374379178991397,-20.19000813215039,-23.117398274717733,-26.08166612497758,-28.99461140583029,-31.76773119262603,-34.323650055980785,-36.60249525311072,-38.55941404231424,-40.153871166300846,-41.34638767564885,-42.10238867901357,-42.38360927088232,-42.15439071668447,-41.33000809789152,-39.77616442803278,-37.388065298423975,-34.111622150353746,-29.90942787900705,-24.67818750592698,-18.36800332151582,-10.947890475286306,-1.769145124447089,9.086696387989504
9.008872335686466,-1.877741853020657,-11.051308510717048,-18.40731266976166,-24.683517118499047,-29.897652811681056,-34.092804446241786,-37.37448068297729,-39.76985919893469,-41.32852301673615,-42.15948794578626,-42.40575861974287,-42.153994262509016,-41.43398468317727,-40.27746529523399,-38.71240296952652,-36.77294827552923,-34.49590972654244,-31.92477515757834,-29.121555583261785,-26.169183405994044,-23.163734326260663,-20.20088180239989,-17.3609210727158,-14.696682931430685,-12.225360277794165,-9.921942675145711,-7.741623688668684,-5.669642886650821,-3.727608060505439,-1.963679168122321,-0.4429578710219379,0.766189041718954,1.6057705953758368,2.034806936085612,2.034807310912532,1.605771625822517,0.7661904045133037,-0.4429563102377155,-1.9636775887604512,-3.727609044775726,-5.669641204894902,-7.741617128337352,-9.921942659159688,-12.225355786221291,-14.696680404713042,-17.36091458866205,-20.20087570859992,-23.163730552594902,-26.169176645543853,-29.12154718499651,-31.92476526477948,-34.49589821992265,-36.77293504441811,-38.71239021843615,-40.27745205027064,-41.4339615277682,-42.15398540392482,-42.40575091396705,-42.15948012012304,-41.32851581974179,-39.76985831989119,-37.37448476401013,-34.09280901635387,-29.89765146779981,-24.683518975831525,-18.407315382448168,-11.0513109007225,-1.877744206862564,9.008871140915698
8.929702241934788,-1.9836966671546887,-11.14900756950083,-18.443093391720883,-24.6863932057534,-29.883711755157865,-34.07195374620596,-37.35858463515904,-39.760824410039575,-41.32423276943269,-42.16196147867349,-42.42506410600341,-42.202171551078415,-41.51763919991964,-40.39671466733476,-38.86069921195521,-36.938340158393146,-34.66281715397821,-32.07652915332162,-29.24386782146264,-26.253332063012756,-23.208343363703253,-20.21167768915105,-17.34866625911101,-14.673696418581311,-12.200985193481731,-9.89753989962195,-7.708766025708815,-5.613999459244674,-3.634398165928941,-1.8219604829874056,-0.2486305453846279,1.0091135009345025,1.8857393199282468,2.334698221669849,2.334698119489564,1.885739032444352,1.0091130309243233,-0.2486310073833792,-1.8219608971157972,-3.634400254310826,-5.613998417395887,-7.708761226566371,-9.897538979821606,-12.200981160235662,-14.673693572978504,-17.348659914309,-20.211671281690567,-23.208338945713177,-26.253324916571973,-29.24385944259028,-32.07651983533884,-34.662806730737124,-36.93832851236898,-38.86068844225121,-40.39670294784423,-41.51761943890923,-42.20216328002633,-42.42505735417363,-42.16195463093917,-41.3242264503513,-39.760823540804246,-37.35858896761084,-34.07195885445221,-29.883712130819237,-24.68639608625267,-18.4430970928178,-11.14901161179094,-1.9837012122547923,8.929697859357852
8.849491157225197,-2.0869362992731,-11.241160432440784,-18.47547589799186,-24.68691002219345,-29.86772092067124,-34.04921382740061,-37.34052475369999,-39.74923600732238,-41.3173211953081,-42.161967243746034,-42.44166865509409,-42.24705551851952,-41.59746600357267,-40.51168065364777,-39.00433148559165,-37.09870271361154,-34.824433081102654,-32.223106920988144,-29.361684626063223,-26.33424228091505,-23.251328021078727,-20.222431755449545,-17.337593543401024,-14.652544950483168,-12.178556647489756,-9.875044970886837,-7.678220494805847,-5.561756272371156,-3.5462916838836724,-1.6874271785821513,-0.0635769876991273,1.2409904602339696,2.153412629252179,2.6216994178547157,2.6216990046598987,2.153411497928356,1.240988827689984,-0.063578638222061,-1.6874284623827802,-3.5462940849156945,-5.561755786327884,-7.678216532016182,-9.875043887640649,-12.178554251427418,-14.6525424540651,-17.337588800266946,-20.222426332646403,-23.251324079059884,-26.33423659213917,-29.3616786594756,-32.22310119330412,-34.824427355766375,-37.09869704661124,-39.00432706197198,-40.51167339303422,-41.597456915940185,-42.24705251769445,-42.44166527305988,-42.16196207844923,-41.317316168348725,-39.749235717783705,-37.34052895483691,-34.04921787065789,-29.86771974396443,-24.686911733486475,-18.475478095082856,-11.24116290007234,-2.086940014729488,8.849486617915698
8.76840058065691,-2.1874859477294217,-11.32796464989902,-18.50459296273103,-24.685154781946636,-29.84978353077883,-34.024714527432174,-37.32044029676991,-39.73525937534112,-41.30795690566763,-42.15964809403279,-42.45570551365265,-42.28877413056925,-41.673561317990064,-40.622408073088,-39.14330648185727,-37.25403445007458,-34.98080109162995,-32.36460149495255,-29.475135722515976,-26.41203771842901,-23.292751279765216,-20.233145734210197,-17.327640027097928,-14.633125447559305,-12.157961504410418,-9.854348294834478,-7.649863465874781,-5.512754320543299,-3.463095363257748,-1.559852953930149,0.1124455054282419,1.4620586274111076,2.4090140097954498,2.896003284006362,2.8960022283818496,2.409011104193275,1.4620544616560107,0.1124410848372835,-1.559856859438112,-3.463099604443449,-5.512754805595729,-7.649861247833037,-9.854348195018847,-12.15796037223876,-14.633123419780931,-17.327636374888822,-20.2331412484799,-23.292747617006253,-26.412032923974493,-29.475131342268387,-32.36459826098896,-34.98079878981718,-37.254033202331776,-39.14330667504572,-40.62240472500999,-41.67355965315879,-42.28877500771066,-42.45570415227752,-42.15964425586776,-41.30795329093018,-39.73526054431287,-37.32044490065545,-34.02471853257264,-29.849783596612863,-24.68515734015336,-18.50459569414273,-11.32796828642907,-2.1874915002084454,8.76839296349235
8.686503659906892,-2.2854819451118504,-11.409695484391364,-18.53063188239888,-24.681269678488533,-29.83005695923028,-33.998627294437576,-37.298510295964725,-39.71909618763457,-41.296340691677216,-42.15517725530536,-42.46733462810507,-42.32748004367291,-41.74604087369894,-40.72896406158027,-39.277643058621926,-37.4043474784951,-35.131955199919815,-32.50108813442538,-29.58431957724624,-26.48678716591205,-23.332628922857587,-20.243771719058014,-17.318693114616206,-14.615285709834104,-12.13903597662821,-9.835295733655062,-7.62353139610836,-5.466801518070566,-3.3845754601758267,-1.438960549104224,0.2797066431971947,1.6725874168322483,2.6528213045282865,3.1578515853190376,3.157850010576712,2.6528169233102945,1.672581024829942,0.2796994238787882,-1.438967564830116,-3.3845820262880344,-5.466804618874448,-7.623532549176691,-9.835296635566928,-12.139036249603611,-14.615285126949155,-17.318690893244685,-20.243768510796563,-23.33262644948737,-26.486783504287857,-29.584316059642173,-32.50108554476819,-35.13195335104306,-37.40434658587719,-39.27764308747621,-40.728961304422725,-41.746040684650566,-42.32747898841495,-42.46733230086243,-42.15517378447212,-41.29633864744383,-39.71909846602894,-37.29851533793663,-33.9986322774082,-29.83006049408094,-24.681274617896023,-18.530636941172187,-11.409702406277546,-2.2854909326048105,8.68649191772576
8.604092334198755,-2.380846021251773,-11.486560243689311,-18.55375072526553,-24.67538535726706,-29.8086831225544,-33.971109938658564,-37.27490225503489,-39.700939353437576,-41.2826722395145,-42.148734416339,-42.47672797607808,-42.36334404159943,-41.81505734173176,-40.83148294369292,-39.40745740173319,-37.549760291637945,-35.2780346838724,-32.632728028345184,-29.689396610288743,-26.55863139753465,-23.371057247900872,-20.25433827507878,-17.31073403684747,-14.598974030553617,-12.12172236829897,-9.817826987184676,-7.59913729865494,-5.423750663663398,-3.310504448655621,-1.3244355066846798,0.4386101198226071,1.873023158220416,2.885291160696642,3.40772125257419,3.407719413064855,2.8852859508115665,1.8730153486788812,0.4386010136859596,-1.3244446724849763,-3.310512740211421,-5.423755590480521,-7.59914074572011,-9.81782889251764,-12.1217232248267,-14.59897416503567,-17.31073249582564,-20.254335778708484,-23.37105539256907,-26.558628120650045,-29.68939298623015,-32.63272478177929,-35.278031578969895,-37.549758105780754,-39.40745531999312,-40.831477675562326,-41.81505769156748,-42.36334008419085,-42.47672328537821,-42.14872937097597,-41.2826704760118,-39.700943913710105,-37.274909184379645,-33.97111291965071,-29.808690459752636,-24.67539206737275,-18.55375769750345,-11.486569698805246,-2.380857451707047,8.604078041742508
8.521400521659768,-2.473531842845584,-11.55876012205588,-18.57409285454463,-24.66761496907559,-29.785783257409307,-33.94229554082465,-37.249763618640834,-39.68095976800702,-41.26712655169645,-42.14047663990918,-42.48403949093801,-42.396523873501145,-41.88075561209828,-40.930089295338426,-39.53286500126059,-37.69038533862872,-35.41918229325287,-32.75968047201207,-29.79052650725321,-26.6277160430331,-23.408123948079385,-20.26487369645343,-17.303736034666123,-14.584131322061904,-12.105954193679004,-9.80187695599852,-7.576591679745205,-5.383459777130635,-3.240666358234923,-1.2159904109291215,0.5895310584143745,2.0637873760997194,3.1068516252009752,3.646059109785139,3.646057041834056,3.106845698489717,2.063778459874653,0.5895207014060118,-1.2160010078044796,-3.2406754866471883,-5.3834653096050165,-7.576596369511066,-9.801878206263178,-12.105954538168737,-14.584131011947802,-17.30373377811652,-20.264870424669287,-23.408121316706875,-26.62771164224835,-29.79052130345297,-32.759675152502005,-35.41917657303551,-37.6903808151528,-39.532859622886505,-40.93007936603134,-41.88075677039953,-42.3965160848958,-42.48403133085635,-42.14046884204835,-41.267124824776815,-39.680968004985424,-37.24977398638688,-33.94229560537425,-29.78579686469468,-24.667624937740225,-18.57410318409812,-11.558774061880609,-2.473547480245012,8.521381751765674
8.43867884089893,-2.563446210905587,-11.626464604801734,-18.59177005456172,-24.65803952336975,-29.761447560274064,-33.912280058187434,-37.223206419489415,-39.65929655547989,-41.24985309466726,-42.13054325482032,-42.48941129922797,-42.42717192948794,-41.94328335911894,-41.02491544559222,-39.65399296824949,-37.82635022710001,-35.55556971373585,-32.88213031489276,-29.88789010594988,-26.6942105758892,-23.4439333010682,-20.275431404291226,-17.29769229070384,-14.57072314746886,-12.091688377883726,-9.787405160954544,-7.555832028177567,-5.345817087021372,-3.1748692294884173,-1.113347373469742,0.7328302669857806,2.245307907477227,3.317941821944707,3.8733132914406494,3.873310936275156,3.3179350353472445,2.2452977104622684,0.7328183948846683,-1.113359771184818,-3.174879364655705,-5.345823225491024,-7.555837851374532,-9.787405894709083,-12.091687997344147,-14.570722197241574,-17.297688714581323,-20.27542706661697,-23.443929732426067,-26.694204631212507,-29.88788279034832,-32.88212209404083,-35.55556024648276,-37.82634209780019,-39.65398249076792,-41.024899405581806,-41.94328406559078,-42.42715855351562,-42.48939822111316,-42.13053187694067,-41.24985145196398,-39.65930936579274,-37.22322113704564,-33.91227748073435,-29.76146910729124,-24.658054405072104,-18.591785172836897,-11.62648498637592,-2.5634678749317112,8.438653713771274
8.355921748593858,-2.650803110743802,-11.68999596071813,-18.607008649456077,-24.6468510401381,-29.735871816095163,-33.88125225423431,-37.19543075603578,-39.636167338332704,-41.23106458611263,-42.119120554578814,-42.49301519260579,-42.45545366908996,-42.00278361800953,-41.116082565710826,-39.77092215599461,-37.957738512672165,-35.687260940283934,-33.00016304445505,-29.981571456808894,-26.758139503495475,-23.47847334251025,-20.28592177411897,-17.29247088454967,-14.558580235327703,-12.078749029768352,-9.77423916943281,-7.536677709198718,-5.310612794595497,-3.112856423865253,-1.016190245832551,0.8688415639175164,2.417934791657949,3.5189545461585907,4.089865857982222,4.089863705276479,3.518948340483367,2.417925606114731,0.8688312123346228,-1.0162015133800644,-3.112864847569829,-5.3106158189254415,-7.53668222769867,-9.774238473461716,-12.07874731822112,-14.558577861732664,-17.292464787642842,-20.28591573717833,-23.47846841108703,-26.75813165564926,-29.981562432881773,-33.000153149868225,-35.68724962711334,-37.95772947919214,-39.77090986677414,-41.11606226231534,-42.0027881189264,-42.45543919569105,-42.49299952181863,-42.11910643342395,-41.23106302299228,-39.63618418223414,-37.19544852295507,-33.88124773062219,-29.735896365990417,-24.646868097229437,-18.60702562514613,-11.690018530367722,-2.650826757026191,8.355894509462228
8.27329264075007,-2.735594607279361,-11.749557272157151,-18.619944532285785,-24.6341570491818,-29.70916470087652,-33.8493235915523,-37.16656211640697,-39.611718840659314,-41.21091358303893,-42.1063504067756,-42.4949949425715,-42.481522921455536,-42.05940687406079,-41.20372825563226,-39.88378695349458,-38.08468828858749,-35.81441157281532,-33.113944468007894,-30.071727461130536,-26.81962951558371,-23.51181427016112,-20.29636263846117,-17.288038527612585,-14.54763344130839,-12.067067099554228,-9.762309485954464,-7.519046763092061,-5.2777073057174375,-3.054424864951339,-0.9242361465974536,0.997925532990352,2.582085435916156,3.71033365544723,4.2961723016269895,4.296170513364756,3.7103284780731456,2.5820778312801607,0.9979172726017153,-0.9242453317580896,-3.0544309473740814,-5.277707643798942,-7.519049044241572,-9.762307493928995,-12.067064208848707,-14.54762981075223,-17.288030807415417,-20.29635527942804,-23.511808245567902,-26.81962042509207,-30.07171757750633,-33.11393403449636,-35.81439987768508,-38.08467973103349,-39.88377416521973,-41.20370679716966,-42.05941580193694,-42.48150788234547,-42.49497789041793,-42.10633508372537,-41.21091313545613,-39.611739080829736,-37.16658005242137,-33.84931767473284,-29.709190902322664,-24.634174841777227,-18.61996193585808,-11.749580114735911,-2.735618510959421,8.273265135843378
8.190898456676944,-2.8178900360249908,-11.805383410692311,-18.63074552906768,-24.620096625524937,-29.68146673041329,-33.81663185736071,-37.13675039235778,-39.586115772347945,-41.1895639792209,-42.09238105351195,-42.49549620596167,-42.505531687527714,-42.1133015496225,-41.28799263718351,-39.99272126215928,-38.20733035622552,-35.93716181168472,-33.223612471574626,-30.158479725456846,-26.878771643288157,-23.54399369479235,-20.30673713357057,-17.284324137574373,-14.537794847644774,-12.05654253450673,-9.751519831133937,-7.50281914567047,-5.2469487479481485,-2.999360220392397,-0.8371971512863275,1.120437932129262,2.73816419834066,3.892511234239696,4.492685207826909,4.4926836701871045,3.89250678930728,2.738157704361268,1.1204310168966138,-0.8372049659661028,-2.999364712285732,-5.246947883106288,-7.502820053495109,-9.751516831982068,-12.056538733100275,-14.537790397685928,-17.28431558496784,-20.30672887973346,-23.54398701997253,-26.878761889453628,-30.1584692340116,-33.22360143238403,-35.93714956187927,-38.20732175056556,-39.99270709810277,-41.287970519446986,-42.11331383571115,-42.50551427264783,-42.4954774457709,-42.092365486442,-41.18956611202751,-39.58613945547115,-37.13676508793088,-33.81662734836837,-29.681493925537563,-24.620115219501603,-18.6307635528906,-11.80540656863585,-2.8179141295113466,8.190870932441896
8.108810969174112,-2.8977742040951635,-11.857710091786792,-18.6395737375398,-24.604804812210933,-29.65291181132654,-33.78330875816869,-37.106134785194,-39.55951687499167,-41.16717588139601,-42.07735825007301,-42.49466168109032,-42.52762748359751,-42.16461303940548,-41.36901187926397,-40.09785050548096,-38.32579207341304,-36.055638820482784,-33.32929966310087,-30.241948706203917,-26.93564421831768,-23.57504285529849,-20.317016721797096,-17.281257253660726,-14.528968723269708,-12.047073659578569,-9.741769338132206,-7.48787863056419,-5.21818390500512,-2.947452080839836,-0.7547958427352534,1.236717799684525,2.8865566141410994,4.065908490763325,4.679835070641093,4.67983379859313,4.065904747103344,2.886551084212042,1.2367118812697793,-0.75480265518388,-2.9474555086955467,-5.218182791526858,-7.487878945463039,-9.741765855670474,-12.047069422578655,-14.52896409467669,-17.28124872287009,-20.3170082567765,-23.575036199461163,-26.93563462362196,-30.24193830960519,-33.329288545766005,-36.05562636716504,-38.32578334049041,-40.09783513468828,-41.3689899328121,-42.164626235065526,-42.5276087443521,-42.494641842964405,-42.07734296832162,-41.16717982815423,-39.5595426229975,-37.10614750051494,-33.783305555231024,-29.65293955940248,-24.60482408641841,-18.639592306299093,-11.857733409990123,-2.897798382242612,8.108783553538542
8.027090686174107,-2.975337988253844,-11.906767707672936,-18.64658839602186,-24.58841508813813,-29.6236313956554,-33.749480491641464,-37.07485351971916,-39.53207417196673,-41.14390160471503,-42.06142201573438,-42.49262938155845,-42.54795454531366,-42.21348138106321,-41.44692124117911,-40.19930122522613,-38.44020080550653,-36.1699698452944,-33.4311352204202,-30.322249544503837,-26.99032168754433,-23.604988678933815,-20.327172471594608,-17.2787685969165,-14.521060655331576,-12.038561643473974,-9.732960432493632,-7.474114197326884,-5.19126524698993,-2.8984949097890493,-0.6767639598533944,1.3470962091668806,3.0276439608967465,4.230942975754474,4.858050837786685,4.858049869810158,4.230940074258371,3.027639652359554,1.3470914920838284,-0.676769692705145,-2.8984975672416664,-5.191264468269112,-7.47411450453667,-9.732956987549874,-12.038557507536494,-14.521056734410722,-17.27876080868382,-20.327164513315605,-23.604982924642936,-26.99031328179141,-30.322240246307857,-33.431125034208414,-36.16995820288767,-38.44019271094126,-40.1992853594509,-41.44690029974986,-42.21349551587174,-42.54793483610444,-42.49260891688005,-42.0614074246264,-41.14390743220356,-39.53210151702456,-37.07486403555136,-33.749479284326526,-29.623659321497403,-24.58843497047331,-18.646607448402168,-11.90679113941052,-2.9753623264503086,8.027063276687828
7.945741658526196,-3.0507396067297328,-11.952815389856504,-18.65197927621369,-24.571092033391253,-29.593788230531857,-33.71530512114043,-37.043071411244014,-39.50396109718012,-41.11990794012368,-42.04472158474597,-42.48954248768516,-42.56665833583302,-42.26004813623896,-41.52185253787557,-40.29719458986061,-38.550670126946805,-36.28026372014187,-33.52922024954909,-30.399463795767343,-27.042847261090916,-23.633824778179825,-20.33714647568031,-17.276759463598072,-14.51394665232892,-12.0308798487056,-9.724968939011053,-7.461392412715145,-5.166025375280692,-2.8522709004875866,-0.6028286748317931,1.451903798653848,3.161801466965396,4.388025229071364,5.027760685078332,5.027759780103723,4.388022593539118,3.161797621116431,1.4518994240296383,-0.6028340662859702,-2.852273724051125,-5.166025624714978,-7.461392465565759,-9.724965895995636,-12.030876159136232,-14.513944332022474,-17.276752447138783,-20.337139065892327,-23.63382015011485,-27.042840165243263,-30.39945580751873,-33.529211362489455,-36.28025339187867,-38.55066323326418,-40.297179183125245,-41.52183361999568,-42.26006304505464,-42.566638906347656,-42.48952217941828,-42.04470796452105,-41.1199152260834,-39.50398940454735,-37.043080654810645,-33.71530569310241,-29.59381619293794,-24.57111239250316,-18.65199868003413,-11.952838820236442,-3.050764098732943,7.945714120739633
7.864864659184125,-3.1239976331884263,-11.996026761051144,-18.65586267962735,-24.55292927244741,-29.56347351462964,-33.68086496108139,-37.01088462085108,-39.47528865698695,-41.095310060029554,-42.02736617904653,-42.48551332473888,-42.58386290891101,-42.30444100488936,-41.59394117662319,-40.39166724656922,-38.65734342442017,-36.386672558733856,-33.62370501014344,-30.473724256274046,-27.093320705521894,-23.661602716494208,-20.34694410835275,-17.27519515719347,-14.507572509279106,-12.023969353320751,-9.717735596752387,-7.4496392428663665,-5.142354831508159,-2.808611373926404,-0.5327503867512599,1.551448614348008,3.2893958459524395,4.537554242068759,5.189379149610128,5.189378114641781,4.537551185791354,3.2893912877538485,1.5514432999823793,-0.5327564078836827,-2.808615323440911,-5.142356713179211,-7.449639348790958,-9.717733870077485,-12.023966901444616,-14.507572411789653,-17.27518947373714,-20.34693778294533,-23.66159966181808,-27.09331539678508,-30.473718357548403,-33.62369865353002,-36.38666522267864,-38.657339736966094,-40.39165424682568,-41.59392612937639,-42.30446040496747,-42.58384365481904,-42.485493743274354,-42.02735428916095,-41.09532015627178,-39.47531857919471,-37.01089100014136,-33.68086894719225,-29.563501594484556,-24.552950426725666,-18.65588262683608,-11.996050813087098,-3.1240231195719304,7.864835799515752
7.784523723918715,-3.195169263819343,-12.036583986556971,-18.65836130381028,-24.5340272801242,-29.53278312865412,-33.64624921894459,-36.97839243310501,-39.44616723935409,-41.0702196910938,-42.00946034677583,-42.48064872256128,-42.59968500733514,-42.34678247900671,-41.66331172651406,-40.48284753758421,-38.76035359230888,-36.48933356124402,-33.71472325118532,-30.545147235999693,-27.141824482603305,-23.68835959880543,-20.35655680645663,-17.274030672792836,-14.501874553364225,-12.017762311075108,-9.711193277380891,-7.438774412400896,-5.120141453130627,-2.7673517377557184,-0.466300722646561,1.6460211479745974,3.410771922429638,4.679909054428738,5.3433007115288405,5.343299347513126,4.679905087390624,3.410766073510307,1.64601434449721,-0.4663079180480739,-2.767357365599594,-5.120145176061616,-7.438775115948189,-9.711193468008242,-12.017761752607072,-14.501877130527223,-17.27402712232951,-20.35655228216387,-23.68835866119138,-27.14182170047519,-30.545144458134377,-33.714720894087534,-36.489331202818605,-38.760355561756,-40.48283913184728,-41.6633025371653,-42.34681092118648,-42.59966594878225,-42.48063018364186,-42.00945084145967,-41.07023434251912,-39.44620004777916,-36.978393052958495,-33.646258777950656,-29.532810751434344,-24.534049096144148,-18.658381646636297,-12.036608597523,-3.195195863557769,7.784493143634857
7.704716310886445,-3.2643884896810937,-12.07470431828863,-18.659632145859582,-24.514521361978662,-29.501848362331472,-33.61158347018172,-36.94572591524659,-39.4167338304601,-41.04476894460623,-41.991123435209055,-42.47506539532336,-42.61424555379634,-42.38719612933567,-41.73008287317147,-40.57085104437135,-38.859812099254185,-36.588355281928266,-33.80237425406504,-30.61381181306806,-27.18840279696675,-23.714094856950837,-20.36593927345264,-17.27318676631568,-14.496754431289428,-12.012157825066446,-9.705243313985653,-7.428690478888642,-5.099249675702289,-2.7283140515049875,-0.4032479580702143,1.735907758128422,3.5262626095378447,4.815458609744133,5.489911918834425,5.489910207244352,4.815453790647146,3.526255691939859,1.7358998195688342,-0.4032560009525786,-2.7283210021652,-5.099254763111367,-7.428692027599467,-9.70524549535502,-12.01215935847583,-14.496759662291892,-17.27318583723674,-20.36593694939692,-23.71409621266719,-27.188402960422064,-30.613812825488008,-33.802376825223185,-36.58835915664149,-38.85982129968436,-40.57084892811281,-41.730080913114506,-42.387235200347256,-42.61422859944346,-42.47504810567968,-41.9911164722252,-41.04478828723335,-39.41677046181032,-36.94571956918258,-33.61159911270992,-29.50187440597809,-24.51454301662348,-18.65965210764614,-12.074728484530713,-3.2644153503079902,7.704684793570208
7.625529160413836,-3.3316582917291275,-12.110524280154298,-18.65975577483593,-24.49447250018013,-29.470724237130103,-33.57691650425002,-36.912941427601375,-39.38706166315495,-41.01903671658863,-41.97243234284246,-42.46884647420385,-42.627642052763335,-42.42579239704425,-41.79437384943694,-40.65580724714908,-38.9558581584286,-36.683886481604105,-33.88680536820891,-30.679849631408167,-27.23315474817204,-23.7388646486728,-20.375106915207844,-17.272647900161186,-14.492178988303802,-12.007119802108956,-9.699848734198488,-7.419337826245699,-5.079596208916058,-2.691365146057536,-0.343396043976806,1.82136517509569,3.63617856240396,4.944546460885754,5.629566902721753,5.629565227957578,4.944541749953559,3.6361718877858986,1.8213575777506348,-0.3434035650482328,-2.691372133664016,-5.079601596426316,-7.419340157020191,-9.69985246012442,-12.007123169853212,-14.492186397264875,-17.27264969323698,-20.375106952986812,-23.73886826644253,-27.233157969955247,-30.67985461344883,-33.886813157745145,-36.68389698953398,-38.95587502333898,-40.655812050122776,-41.79437951597045,-42.42584239930232,-42.62762880071339,-42.46883118716083,-41.972428129857335,-41.019060119506285,-39.38710125940203,-36.91292880020727,-33.57693679234953,-29.47074713370892,-24.49449246170854,-18.659773896077297,-12.11054572979034,-3.331683155563919,7.625499205392171
7.54690923838862,-3.3971745335963046,-12.144273084435522,-18.658916594594075,-24.474043754613863,-29.43957204419529,-33.5424030863685,-36.88019821547662,-39.35730578994657,-40.99316448621191,-41.95351180725442,-42.46210974365424,-42.63999402542612,-42.46268651565179,-41.85629897468509,-40.73782171183427,-39.04858687331447,-36.77601231285065,-33.968083869266195,-30.7433012180904,-27.276090207416843,-23.76263716731857,-20.383988251645228,-17.27230976442286,-14.48802507174408,-12.00252519602693,-9.694889692603647,-7.410592323518324,-5.061033211723745,-2.656321278414818,-0.28651735333391,1.9026734648051893,3.7408382670588254,5.067526686177896,5.762650359686897,5.762648627278542,5.067521828253515,3.740831473676646,1.9026658611479903,-0.2865246616364802,-2.6563280949463315,-5.06103845723571,-7.410595676252889,-9.694894213786313,-12.00252969784094,-14.48803397836865,-17.272313643042015,-20.383990081185196,-23.76264224060831,-27.27609551130271,-30.743309033976004,-33.96809560779925,-36.77602818269706,-39.0486104841754,-40.737832183533214,-41.856310752828776,-42.46274996391342,-42.639982101476136,-42.4620948729434,-41.95350970741259,-40.993193150895365,-39.35734982121247,-36.880177936558006,-33.54242667302888,-29.4395926014908,-24.474061896982622,-18.658932754006383,-12.144291717828894,-3.397197151073188,7.546881175292971
7.468897861407336,-3.4609828785187444,-12.176093299977214,-18.65720583794971,-24.453308024717387,-29.40845849762802,-33.508103493942,-36.84756427520667,-39.327543247597895,-40.96723099778539,-41.93443682416617,-42.45493434210562,-42.65139168906015,-42.4979796016537,-41.915962933358415,-40.81700809103886,-39.13811715133801,-36.86485631342367,-34.04632916358346,-30.804269318054992,-27.31727983753096,-23.78544444272439,-20.39257823874115,-17.27213941410165,-14.48424540282605,-11.99832413929569,-9.690316888306755,-7.402394766013747,-5.043475223592145,-2.623053730519434,-0.2324299530953535,1.980067148596304,3.840524791457952,5.184715117319661,5.889489291834659,5.889487029832379,5.184708812180101,3.840516038477628,1.9800575106827,-0.2324390002607728,-2.623061546930812,-5.043480983821163,-7.402399844824127,-9.690321827850225,-11.998329246797653,-14.48425528759828,-17.272144579924777,-20.39258112805854,-23.78545010921993,-27.31728595232048,-30.80427831067168,-34.04634284737576,-36.864875280342055,-39.13814518612022,-40.81702156719654,-41.91597864301011,-42.49805492219266,-42.65137794628486,-42.45491794547559,-41.93443597279348,-40.96726545309917,-39.327592805027805,-36.847535589042565,-33.50813063778906,-29.408479643289045,-24.45332626875329,-18.65722196717589,-12.176112126014498,-3.4610059113336358,7.468868918753756
7.391600629232004,-3.5230411009940568,-12.206066050369332,-18.65465641260672,-24.43228087720377,-29.377394740985284,-33.47401448626694,-36.8150453573156,-39.29780345883876,-40.94127534443028,-41.91524713468868,-42.44736746152436,-42.66189866507345,-42.5317579467519,-41.97347688030872,-40.89348715379728,-39.22458845693514,-36.95057234321848,-34.12169451692084,-30.862892766323395,-27.356835357763806,-23.80736175162211,-20.400918424445106,-17.272152069798974,-14.480842184178377,-11.994514383418233,-9.686126275107757,-7.394728259434857,-5.026875660441976,-2.591472149286771,-0.1809835633197793,2.053752169052486,3.935493348638327,5.296395131311994,6.010377195139509,6.010374506591475,5.296387670800082,3.935483065797976,2.053740977901065,-0.1809939702300331,-2.59148057266618,-5.02688160919744,-7.394734447975324,-9.686130987675844,-11.994519334975276,-14.480852015980322,-17.272157515330633,-20.40092145511872,-23.80736710756342,-27.35684116954168,-30.862901483458817,-34.12170812087109,-36.95059159138474,-39.224617549149855,-40.89350110722294,-41.97349337393274,-42.531837552904825,-42.66188395270154,-42.447349866608455,-41.91524678090232,-40.94131230550224,-39.29785513454664,-36.81501261545488,-33.47404437752221,-29.37741703811381,-24.432299965980924,-18.65467318475213,-12.206086130925772,-3.52306537293565,7.391570202126627
7.314976758956526,-3.583494896332112,-12.234376047016196,-18.65140750436076,-24.41108417215092,-29.346496028428795,-33.44024940636809,-36.78275982404836,-39.268196893800855,-40.91539971557635,-41.89603673278829,-42.43950264206941,-42.6716130566974,-42.56411775255493,-42.02893027117202,-40.96735616007195,-39.308089264451056,-37.0332434122387,-34.19425109142331,-30.91922156658457,-27.394774647001714,-23.82837038647405,-20.40895374906917,-17.272268676480188,-14.477724655096337,-11.991003307594776,-9.682228043673224,-7.38749692693978,-5.011122604376981,-2.561428961130776,-0.1319892988512293,2.1239569525337485,4.026014270277012,5.402872678701679,6.125634088221453,6.125630671330103,5.402863256716145,4.026001346420736,2.1239429871776343,-0.1320022922786653,-2.561438787762393,-5.011129380885449,-7.387505336228048,-9.682232753259418,-11.991008306156331,-14.477734831105618,-17.2722747880881,-20.40895730725172,-23.828375675211166,-27.39478036016864,-30.91923016635095,-34.19426482144695,-37.03326347428852,-39.30811978371245,-40.96737047435022,-42.02894969853755,-42.56420206464829,-42.67159617451324,-42.43948328697728,-41.89603736331056,-40.91544072623681,-39.268252078501554,-36.78272170574865,-33.44028179983044,-29.34652062619845,-24.411104593650872,-18.65142543877846,-12.234398100138336,-3.583521149410164,7.314944001606964
7.23905855942936,-3.642388842363793,-12.261136395146067,-18.64753153189746,-24.38977175422092,-29.31581398973029,-33.40685121297972,-36.75075379623191,-39.23877915519317,-40.889659381799895,-41.87685742892,-42.431396195588135,-42.68060378137408,-42.59514419496819,-42.08241895364019,-41.03871585135611,-39.38873288352275,-37.11298551181167,-34.26410890079834,-30.973348157499156,-27.431163629465424,-23.84850407603918,-20.41668733450832,-17.27246755292254,-14.474858329353058,-11.987755269381127,-9.678586638982145,-7.380657973827222,-4.996149296500309,-2.5328215776950502,-0.0853008969875051,2.190879690835092,4.11232558298128,5.504415098055262,6.235546775295171,6.2355429846220245,5.504404699142032,4.112311346731082,2.1908643483608685,-0.0853152945651156,-2.532831865771884,-4.996156364792651,-7.380668229047603,-9.678591091732052,-11.987760042601838,-14.474868445215256,-17.27247410770638,-20.41669126547251,-23.848509145514925,-27.431169151791583,-30.973356455699445,-34.264122271489626,-37.1130054330274,-39.38876330152984,-41.03872945887166,-42.08244061173131,-42.595229260131546,-42.68058538940348,-42.43137545192124,-41.87685884521493,-40.889702901374,-39.238835685104014,-36.75071294545471,-33.40688497250021,-29.31584017199864,-24.38979302220034,-18.647550159792058,-12.261159594387935,-3.642416234365053,7.239024551755221
7.163806617383178,-3.699857008997096,-12.28650635338462,-18.64315397796646,-24.3684529855856,-29.28545270856613,-33.37391686814109,-36.71912846932901,-39.20964863787213,-40.86414419413125,-41.857788841294685,-42.42312467333823,-42.68895131303525,-42.62491985620631,-42.13403025886611,-41.107654180714746,-39.46660411303393,-37.1898777720375,-34.33133555578953,-31.025318948560408,-27.46602086924116,-23.867750200198333,-20.42407478499552,-17.272681158609856,-14.47216491595572,-11.984692087384753,-9.675126597951834,-7.37413119367806,-4.981858332536358,-2.505522916081908,-0.0407560556197844,2.2547281792749425,4.194672404622641,5.601299259104785,6.340415263060981,6.340411378618426,5.601288650195584,4.19465789957967,2.254712511707384,-0.0407709617514887,-2.5055330232737,-4.981865403457962,-7.374142830820281,-9.67513068420558,-11.984696530030464,-14.472174755948169,-17.272687996278734,-20.424079022445245,-23.867755089005517,-27.466026269476533,-31.02532689730159,-34.33134829618195,-37.189897080626544,-39.46663368692849,-41.1076664320185,-42.13405338541946,-42.62500418006634,-42.68893123622688,-42.423102759392094,-41.85779105264162,-40.86418974902783,-39.20970570050072,-36.719085442865456,-33.37395157010888,-29.285479990026047,-24.368474736749583,-18.64317303242637,-12.286530059448117,-3.6998848077143376,7.163772300014531
7.089255846495192,-3.755926226261726,-12.310579694596564,-18.638330109468544,-24.347168882913817,-29.255446201043107,-33.34147342599313,-36.687917208266846,-39.18084569202916,-40.83889686413213,-41.83887360205975,-42.4147362282206,-42.69671571044072,-42.653516788201735,-42.18384937173926,-41.17426896964522,-39.54180816382871,-37.26403037818616,-34.39603681632226,-31.07522345295772,-27.499409519301977,-23.88614179924331,-20.43112139303943,-17.272894425505,-14.46961860391118,-11.98178644540562,-9.671820290775576,-7.367881823409973,-4.968193374934555,-2.479443718279524,0.0017765800557127,2.3156764378242114,4.273266207583106,5.693763457658266,6.440489532735824,6.440485774667388,5.693753220547495,4.27325222828459,2.315661317604723,0.0017619876121947,-2.479453309230342,-4.968200391975524,-7.367893911660264,-9.671824243704426,-11.981790791961211,-14.469628228116807,-17.272901481839337,-20.431125951128465,-23.886146691961923,-27.499414992540338,-31.075231275464944,-34.39604911932839,-37.264049172891774,-39.54183686853521,-41.17427991978669,-42.183873785355495,-42.65360055806946,-42.69669363088997,-42.414713433588815,-41.8388767812103,-40.83894446700856,-39.18090266456709,-36.68787229368164,-33.341508874602,-29.255473934898607,-24.3471906586474,-18.63834914653767,-12.310603171949884,-3.755953716336067,7.089222028607521
7.015368049947586,-3.810715499459596,-12.333493555108532,-18.63316756422852,-24.32601349690944,-29.225882177131385,-33.309602705598486,-36.65720378569472,-39.15245155349247,-40.813991214912605,-41.8201769235436,-42.40629416534672,-42.70396411220776,-42.681006996347286,-42.23195198861907,-41.23863924371557,-39.61442345658479,-37.33551619537288,-34.45827604782999,-31.123105951642305,-27.53134972710567,-23.90367025437305,-20.437791636004118,-17.273051059762032,-14.46715381394324,-11.978973037528814,-9.668605405700038,-7.361844313245588,-4.955074981011292,-2.454478399001296,0.0424379589107559,2.373906760754048,4.348325205693702,5.782056803050326,6.536042789015592,6.536039304935083,5.782047257289255,4.348312056476873,2.373892450982834,0.0424240192339302,-2.454487312925613,-4.955081887085044,-7.36185651526096,-9.66860934451407,-11.97897740741564,-14.467163290057186,-17.27305833889554,-20.437796541359017,-23.90367525062436,-27.531355377744088,-31.123113795103308,-34.458288070093104,-37.33553459718353,-39.61445135559008,-41.23864900932528,-42.23197757912144,-42.68109036328017,-42.70394008116112,-42.40627042331942,-41.820180895585786,-40.81404073333117,-39.15250848676227,-36.65715692159041,-33.309638805720795,-29.225910041959448,-24.32603501900158,-18.63318631226308,-12.333516427869627,-3.8107423417649513,7.015335103133117
6.942177820984308,-3.8642428100913513,-12.355322708948917,-18.62770687264823,-24.30501257802408,-29.19678024141883,-33.27831705516153,-36.62700723474402,-39.12449076432539,-40.78945443118776,-41.801727377792055,-42.39783356701883,-42.710744508956175,-42.70745134763565,-42.278414566443566,-41.30085409101094,-39.68455091215489,-37.40444244338588,-34.51815532681878,-31.169053711038345,-27.561904978622103,-23.92037162154988,-20.44409691618656,-17.273145105202932,-14.464755284683854,-11.97623485260627,-9.665464137390057,-7.355993675600103,-4.9424592163167125,-2.4305539704469403,0.0813406456976773,2.429568573046822,4.420035609323707,5.866389157839095,6.62729283485167,6.627289709065194,5.866380602513416,4.420023847137557,2.4295556720815417,0.081327870852028,-2.43056191417354,-4.942465809541024,-7.3560056818372255,-9.665468075221378,-11.976239301393862,-14.4647646721213,-17.273152634531375,-20.44410221277187,-23.920376836121772,-27.561910963552556,-31.169061785717663,-34.51816734871837,-37.40446080924183,-39.684578450332616,-41.30086282786572,-42.27844113870273,-42.70753643764413,-42.71071769334168,-42.39780839500078,-41.801731956058106,-40.78950660941941,-39.124548548888434,-36.62695694211155,-33.27835418887106,-29.19680778481435,-24.30503350110529,-18.62772498367198,-12.3553444087602,-3.8642684585536218,6.942146306197164
6.869652941341662,-3.9166078755424034,-12.376184585037496,-18.62203854184759,-24.28424479611404,-29.168212832607853,-33.247683435647495,-36.59739503732394,-39.097030119263714,-40.76534728914343,-41.78357854678419,-42.389407173187976,-42.7171141727929,-42.73291470648866,-42.323305914507166,-41.36098649129657,-39.75226487300633,-37.47087914443605,-34.57573634815478,-31.213111254333747,-27.591097323103128,-23.93624186415493,-20.45000900836105,-17.273130327648783,-14.462368846056634,-11.9735181823066,-9.662345427887765,-7.3502760305561,-4.930279107905649,-2.4075791114030154,0.1186075332485231,2.482823172849007,4.488592174649147,5.946983960159006,6.714484799361823,6.714482027710498,5.946976413937758,4.488581853314369,2.482811790049788,0.11859605254866,-2.407586084271451,-4.930285377571295,-7.350287586930575,-9.66234936204166,-11.973522728089812,-14.462378141983882,-17.273138041015674,-20.450014635240976,-23.936247312575237,-27.591103639728946,-31.21311957020636,-34.57574841111877,-37.47089756083438,-39.75229219552904,-41.36099436002311,-42.32333332399399,-42.733001543033424,-42.71708512023782,-42.38938049109999,-41.78358360758418,-40.76540182791706,-39.09708917625138,-36.597341255702126,-33.247721499483134,-29.168239958421093,-24.28426508606444,-18.622055976680517,-12.376205096873385,-3.916632295828379,6.869622886155908
6.797794779262519,-3.967862329830011,-12.396162555175575,-18.616217973523614,-24.263753771397635,-29.14021750343705,-33.21773391745732,-36.56840232099393,-39.07010728941348,-40.741705708739865,-41.76576438393524,-42.38105243695474,-42.72312002011346,-42.75745495790062,-42.366694352329546,-41.41911394021245,-39.81764958022045,-37.53491127217242,-34.631097531988765,-31.255341761056496,-27.61896821571932,-23.951297707972262,-20.455522219754343,-17.27298512185278,-14.459965722705151,-11.970793729700569,-9.659220891651351,-7.344658099585707,-4.918486887775734,-2.385481071864131,0.1543442975956225,2.533811929604922,4.55416923016008,6.024040273468221,6.797832257502929,6.797829863769945,6.024033722982458,4.554160261765152,2.533801983545437,0.1543341315417605,-2.385487097021025,-4.918492800564229,-7.344669036841359,-9.659224820111335,-11.970798358374076,-14.459974888286244,-17.272992927424518,-20.455528078839087,-23.95130329955073,-27.618974741521257,-31.255350251960834,-34.631109601597764,-37.53492962522348,-39.81767656603124,-41.41912093822683,-42.36672243382632,-42.75754323677067,-42.7230890567848,-42.38102414900731,-41.76576970658466,-40.7417622418197,-39.07016757884592,-36.56834548172925,-33.21777272270359,-29.1402441818372,-24.26377347492184,-18.61623474608831,-12.396181950459756,-3.967885583861302,6.797766093143643
6.726613165197497,-4.018044308994498,-12.415329834024362,-18.610291668053165,-24.243574489781963,-29.112822617202134,-33.18849094294482,-36.54005515510691,-39.04375154883488,-40.7185589141876,-41.748313519226905,-42.37280219394849,-42.72880470931021,-42.78112621060466,-42.40864556176481,-41.475312473747,-39.88078914024009,-37.59662517583025,-34.684319391173844,-31.29581126556244,-27.645562652720464,-23.96556040780516,-20.46063645849942,-17.27269424490038,-14.457523701002025,-11.968038342893136,-9.656067729902633,-7.339111743008768,-4.907039968741783,-2.3641929169112927,0.1886498886037426,2.5826673659244768,4.616930776651788,6.097744728771557,6.877533917070936,6.877531885580999,6.0977391347018575,4.616923076640619,2.582658731533022,0.1886409601074704,-2.3641980611917464,-4.907045508530582,-7.339121991157596,-9.656071636573486,-11.96804303017875,-14.457532705861514,-17.272702072984703,-20.4606424789186,-23.96556608199796,-27.645569289858145,-31.29581983698852,-34.68433138298129,-37.596643390938056,-39.88081571324699,-41.475318575212,-42.40867415315567,-42.781215674745525,-42.72877208477431,-42.37277229913055,-41.74831893167397,-40.71861714170027,-39.04381298544428,-36.53999562475629,-33.18853034961767,-29.112848867890595,-24.243593686979107,-18.610307829724423,-12.41534822844478,-4.018066492934215,6.726585735825687
6.6560954616495644,-4.067215949622479,-12.43376822498558,-18.604317749791303,-24.22375465380479,-29.086069621204217,-33.15999064958231,-36.51239182443688,-39.018001310548506,-40.69594215780758,-41.73125821266007,-42.3646907916311,-42.73421016635084,-42.80397963954009,-42.44921971392832,-41.52964999430778,-39.94175659567033,-37.65609330564155,-34.73546741163069,-31.33457084675411,-27.670912023382712,-23.9790389369625,-20.46534047319386,-17.272232202792175,-14.455011129496985,-11.965220281774364,-9.652855557067832,-7.333602982692376,-4.895892444996999,-2.343647426172702,0.22162032566749,2.629517853335999,4.677036258810904,6.168280560856901,6.953787962691158,6.953786254176185,6.168275841222825,4.677029692472314,2.629510387072411,0.2216125107681311,-2.343651806948132,-4.895897652081685,-7.33361256305693,-9.652859443864012,-11.965225017830358,-14.455019968751571,-17.272240018093004,-20.465346613134447,-23.979044686652134,-27.67091874074128,-31.33457942097712,-34.735479228484685,-37.65611132603015,-39.94178274935319,-41.52965522749233,-42.44924867041578,-42.80407000808962,-42.734176156770666,-42.36465944769578,-41.73126368891209,-40.69600179597716,-39.01806380168607,-36.51232991989583,-33.16003055094936,-29.086095509203336,-24.223773450516603,-18.604333420616488,-12.433785825760223,-4.067237251270462,6.656069103051624
6.58625966698881,-4.115397795906673,-12.451531387368451,-18.598323444960563,-24.20431040087629,-29.05996817502016,-33.132237091544674,-36.48542009195918,-38.99286826795165,-40.67386902334916,-41.71461372950327,-42.35673947266037,-42.73936878064785,-42.82606088673965,-42.48847620037352,-41.5821982005836,-40.00063337986425,-37.71340158279554,-34.78462307497875,-31.371689279315344,-27.6950655254779,-23.99176129098768,-20.469643570848508,-17.271595462657984,-14.452418244874536,-11.962328883477074,-9.64957341576526,-7.328115673664101,-4.885014293983207,-2.323792249040122,0.2533371492794365,2.6744748917319323,4.734625245579047,6.2358076821852215,7.026762867730294,7.02676143131237,6.235803736482814,4.734619782066094,2.67446858477984,0.2533304287375885,-2.3237958919786537,-4.8850191141748045,-7.328124503408515,-9.649577209755632,-11.962333586030242,-14.452426834952488,-17.271603155321326,-20.4696497080918,-23.991766998996816,-27.695072177610665,-31.371697724763163,-34.78463457862323,-37.71341922120765,-40.00065892747924,-41.58220244016776,-42.48850519792409,-42.82615207537289,-42.73933350160382,-42.35670650974338,-41.714618957174345,-40.67392973174156,-38.99293186804002,-36.48535604357205,-33.13227741790848,-29.05999364427777,-24.204328851469977,-18.59833858490846,-12.45154821668938,-4.115418260417953,6.586234315802117
6.517092761572635,-4.162646937376159,-12.468690295284894,-18.592359514726937,-24.185284074012124,-29.034554048268443,-33.105261536702024,-36.45917277994457,-38.96838494872885,-40.65236899566704,-41.69840678115435,-42.348977138809225,-42.74431659849458,-42.847415797614325,-42.52646959838821,-41.63301975676676,-40.05748694486508,-37.76861624483454,-34.83184624222128,-31.407213234221093,-27.718052146522734,-24.003736155992364,-20.473536197937865,-17.270761667417197,-14.449717438995446,-11.959336644016792,-9.646195224446988,-7.322620720637819,-4.874366078676633,-2.304568732065023,0.2838846550267587,2.717653289050989,4.789841569917025,6.30049208190496,7.096639587744632,7.0966384419156645,6.300488856136726,4.789837033930389,2.717647954635704,0.2838789159818929,-2.304571729388779,-4.874370543508435,-7.322628868269887,-9.646198931733023,-11.959341294130772,-14.449725769583166,-17.270769211346646,-20.47354229187881,-24.00374178413546,-27.71805869045788,-31.40722150039941,-34.83185734792382,-37.76863338511424,-40.05751180130023,-41.63302310251205,-42.52649856521366,-42.84750713645722,-42.74428069390336,-42.348942663965545,-41.69841171827466,-40.65243022450419,-38.96844972008573,-36.459106993182665,-33.1053021361804,-29.034579154213013,-24.18530227350564,-18.592374228040825,-12.468706507129522,-4.162666699702568,6.5170682651077145
6.448573736016424,-4.209026357915851,-12.48531456843991,-18.58647813828048,-24.166721131939077,-29.009864240153,-33.07909717983883,-36.43368257085442,-38.94458531209251,-40.6314692789495,-41.682660861156776,-42.341428136183104,-42.749085479435344,-42.86808451190497,-42.56324645393975,-41.682170206280695,-40.11237667946367,-37.82179366231486,-34.877187627159664,-31.44118153561186,-27.73989570190042,-24.01496882153995,-20.477006499786302,-17.269706847789706,-14.446880472496732,-11.956215884567603,-9.642695510512857,-7.317089782775357,-4.8639120409644,-2.2859238032865625,0.3133384813156959,2.7591585881140275,4.842819526970962,6.362488875092976,7.163590392844991,7.16358929320161,6.362485778055485,4.842815189333986,2.759153411234325,0.3133327360770206,-2.2859265774350845,-4.863916376487771,-7.317098947041795,-9.642699038376332,-11.956220496177863,-14.446888855406977,-17.269714645551478,-20.4770129964304,-24.01497455401441,-27.7399023549676,-31.44118980413847,-34.877198560606075,-37.82181066268862,-40.11240096382142,-41.682173224124334,-42.56327740404051,-42.86817375522593,-42.74904848835168,-42.34139427392596,-41.68266694717221,-40.6315315246726,-38.94464760618307,-36.43361759371398,-33.079137210175986,-29.009889642253874,-24.166739104063037,-18.58649253988064,-12.4853304604585,-4.209045780455,6.448549649212369
6.38071515563394,-4.25455493499942,-12.501448801502528,-18.58070166946274,-24.14863246212054,-28.98590566375428,-33.05374524878581,-36.40895585285588,-38.92147569659486,-40.61118014263848,-41.667388655223085,-42.33411116875043,-42.753703222440926,-42.8881064136198,-42.59886166255377,-41.72971411871065,-40.16537601680213,-37.87301269430105,-34.92072023284085,-31.473654835386405,-27.760637625679458,-24.025482053223733,-20.48006166680966,-17.26842837888054,-14.443898950837587,-11.952957717503676,-9.63906436601964,-7.311508818677581,-4.853624769220408,-2.2678118582053304,0.3417706110078157,2.7990864871586987,4.893679321341803,6.42193744686541,7.227758484981833,7.227757346714307,6.421934257341616,4.893674905220195,2.799081177320898,0.3417645185349029,-2.2678143238981425,-4.853628953247179,-7.311519805343418,-9.639067411914167,-11.952962103003111,-14.443907507585138,-17.268436564670864,-20.48006871811173,-24.02548787748473,-27.76064442614065,-31.4736632073891,-34.92073118002587,-37.87302982925742,-40.165400095201605,-41.72971714275279,-42.5988945046161,-42.888194373161646,-42.75366537506432,-42.33407786473878,-41.6673958112994,-40.611243502354725,-38.92153598273225,-36.40889140526529,-33.053784958512644,-28.98593136212654,-24.14865034819217,-18.580715914918255,-12.501464571892823,-4.254574198957457,6.3806912782321605
6.313500148455012,-4.299285101086369,-12.517152626786038,-18.575074026677445,-24.131053934031662,-28.962707961531063,-33.02923097630933,-36.38501952596338,-38.89908063126861,-40.59152367377204,-41.65261008836827,-42.32704829470923,-42.758197835703584,-42.90751816217784,-42.63336077449262,-41.7757046856501,-40.21654284651474,-37.92233052855841,-34.962494828908554,-31.50467224114393,-27.7803017064416,-24.035282629901552,-20.482693645812304,-17.266908038087784,-14.440750496434903,-11.949540030864402,-9.635280836999724,-7.3058550834259295,-4.843472639509555,-2.2501857954811118,0.3692501253423703,2.837532078906429,4.942542727106359,6.478979985111656,7.2892989562952515,7.289297742575655,6.47897659756939,4.942538087113305,2.83752649945761,0.369243551867917,-2.250187900514218,-4.843476763045287,-7.305868101182687,-9.635283359558352,-11.949544121287394,-14.440759317042827,-17.266916681241796,-20.48270130205125,-24.03528855194662,-27.78030872009732,-31.504680806344886,-34.96250588517999,-37.92234787952428,-40.21656690655385,-41.77570785434976,-42.633395138865886,-42.9076056508151,-42.75815947167855,-42.32701461146972,-41.65261785021415,-40.591588083569945,-38.899140859238656,-36.3849541199052,-33.029270827432946,-28.96273397546927,-24.131071756377025,-18.575088120925773,-12.517168339096187,-4.299304297998529,6.313476371882557
6.246961618544708,-4.343207730177506,-12.532445168790051,-18.569589694117383,-24.11397158823169,-28.940250561055805,-33.00552946240052,-36.36185056836205,-38.877384938261,-40.572489026573045,-41.63831938181114,-42.320242037344016,-42.76258543885351,-42.926352924423,-42.6667928052579,-41.82020600413493,-40.26595285050298,-37.96982961816409,-35.00259270469465,-31.5343055626419,-27.79894323326759,-24.044409121914107,-20.484926973226436,-17.26516079844407,-14.43744520846876,-11.945971320020082,-9.631352126096491,-7.300131317230682,-4.833445446182918,-2.233016154908092,0.3958289641920091,2.8745711415815176,4.989505503888806,6.533728031895846,7.348326726142275,7.348325547084378,6.533724736056981,4.989500978659755,2.8745656683652445,0.3958224225204815,-2.233017806576079,-4.833449534271866,-7.300144905065092,-9.631354330554272,-11.945975183026594,-14.4374540287788,-17.265169505185153,-20.48493485003334,-24.044414973056,-27.7989501895484,-31.53431400457529,-35.002603518594896,-37.96984671868532,-40.26597635130208,-41.82020889295687,-42.66682773309745,-42.92643916992108,-42.76254714602964,-42.32020776973796,-41.6383271795618,-40.57255358827002,-38.87744485014056,-36.36178520282704,-33.00556914079151,-28.940276599021026,-24.113989358338127,-18.56960356600324,-12.532460763190745,-4.343226792958717,6.246938050817244
6.181066493832078,-4.3863907028980345,-12.54739025024435,-18.564302874196706,-24.09743354855241,-28.918575160265213,-32.982679136366144,-36.33948806673944,-38.85642333967375,-40.554104504782,-41.62454029378959,-42.3137157244543,-42.76689340991911,-42.94464290432207,-42.69919578158499,-41.86326155301074,-40.31365110681466,-38.01555101090784,-35.041047452764694,-31.56257725571525,-27.816571881609004,-24.05285625675881,-20.486742990769105,-17.263159027901303,-14.43395235238463,-11.942222116967775,-9.627251010778243,-7.294309041536392,-4.823509692302843,-2.2162573868654847,0.4215709234488221,2.9102914576989494,5.034681708501397,6.586315226164783,7.404990845679242,7.404989664651781,6.586311952163887,5.034677269409844,2.910286053780019,0.4215643641913739,-2.216258685510543,-4.823513845107977,-7.2943231545346014,-9.627253006193156,-11.94222581791442,-14.433961225520669,-17.263167833220756,-20.486751109766704,-24.05286209841685,-27.8165788389949,-31.56258565182477,-35.041058089436014,-38.01556790073207,-40.31367409614738,-41.86326421529158,-42.699231254528975,-42.94472798035488,-42.76685508501599,-42.3136809266345,-41.62454818196448,-40.554169307141606,-38.85648303920447,-36.33942257949023,-32.98271870218141,-28.918601275948948,-24.09745130400708,-18.564316631683973,-12.547405789310488,-4.386409651454036,6.18104312498036
6.1158424555583855,-4.428827566431283,-12.562003597396462,-18.55920748227643,-24.081424177114087,-28.897659754766032,-32.96065342209564,-36.31790796765909,-38.8361777287768,-40.53635703210117,-41.61126511021085,-42.3074699429335,-42.77113504195674,-42.96241715136162,-42.73061456542239,-41.90493054971196,-40.35970876711383,-38.05957296040489,-35.07793527675579,-31.589553757743964,-27.83323852726178,-24.060659849718405,-20.48816518498262,-17.26091773473356,-14.430282600762895,-11.938301571033987,-9.622985127942009,-7.288390880232535,-4.813656362471736,-2.199883026294885,0.4465237997241523,2.9447614857459943,5.078157207179856,6.636841149535758,7.459393905396199,7.45939278049841,6.636838042479541,5.078153026778442,2.9447563486290957,0.4465174910637966,-2.199883915714123,-4.813660530098402,-7.288404888152554,-9.62298694738347,-11.938305109845764,-14.430291369365438,-17.260926438994915,-20.4881733517958,-24.060665587622747,-27.83324533280378,-31.58956194519137,-35.07794556981991,-38.05958943488648,-40.359731047207454,-41.90493285007881,-42.73065013855481,-42.96250072526444,-42.77109686949223,-42.30743482747465,-41.61127296997158,-40.53642166636167,-38.83623676872233,-36.31784303534796,-32.96069268808642,-28.897685822873463,-24.08144196269122,-18.55922113901909,-12.562019060194636,-4.42884635981612,6.115819350003092
6.051273438659106,-4.4705622160582825,-12.5763303461485,-18.55433739768357,-24.065971533650128,-28.8775263251327,-32.939471439807235,-36.29713031696564,-38.81666635647101,-40.51926170661571,-41.598507166317646,-42.30151989168885,-42.7753313143609,-42.97970449354469,-42.76108617580184,-41.94525755284457,-40.40417414276288,-38.101942320549554,-35.1132974656428,-31.61526643296345,-27.84896196612136,-24.06782493190023,-20.489186578934063,-17.258422079889886,-14.426418134802413,-11.93419253274246,-9.618538618125225,-7.282359335585887,-4.803861802518012,-2.1838571310811563,0.4707404946519474,2.978055850596448,5.120029177850218,6.685420332871938,7.511661719030957,7.511660654450808,6.685417399703534,5.120025279400183,2.978051018775043,0.4707344962307938,-2.1838576411288075,-4.803865980050933,-7.282373069201277,-9.618540283845237,-11.934195918194812,-14.426426760565612,-17.25843063496593,-20.489194735814028,-24.067830550991584,-27.84896857698763,-31.61527436944767,-35.1133073931314,-38.10195834094503,-40.40419562949389,-41.94525945644991,-42.76112170994276,-42.97978641206934,-42.77529334984287,-42.30148459558595,-41.59851499667414,-40.51932602190589,-38.81672452996066,-36.29706618905457,-32.93951033851796,-28.87755232853849,-24.065989382530667,-18.55435098308776,-12.57634574769227,-4.470580861373523,6.0512506045744745
5.987369871452409,-4.5116053076710365,-12.590392560930184,-18.549697709316955,-24.05107312424615,-28.85816611433844,-32.91912055790245,-36.27714396090305,-38.79788084006517,-40.50281223094028,-41.58626306948732,-42.29586808598166,-42.77949455908471,-42.99652997928878,-42.79064846327136,-41.98429201627188,-40.44710556407477,-38.14272151981557,-35.14719378385165,-31.639766160541445,-27.863779888741615,-24.074375907732925,-20.48982042334339,-17.25567777643286,-14.422361217320454,-11.929896555872125,-9.613912603473269,-7.276212149064732,-4.794115052630302,-2.168154498546714,0.4942639066267658,3.010236837081909,5.160377529918015,6.732146698655986,7.5618940234042755,7.561893052242793,6.732144039746424,5.160374060175976,3.0102324667019245,0.4942584357032675,-2.168154564804167,-4.794119154415564,-7.276225157368443,-9.613914101883651,-11.929899758507313,-14.42236953195964,-17.25568599477509,-20.489828373381123,-24.07438129897309,-27.863786168325312,-31.639773674875503,-35.147203120570325,-38.14273681966863,-40.4471260511525,-41.984293432538,-42.7906835780628,-42.99660978060299,-42.77945703777561,-42.29583266833626,-41.58627071572529,-40.50287581532083,-38.79793781360917,-36.27708131976483,-32.9191588928491,-28.858191922392,-24.051091035861827,-18.54971117605185,-12.590407861987014,-4.511623781191439,5.987347334254845
5.924108950961192,-4.552004537112011,-12.604234492190784,-18.545324985724392,-24.036758770771545,-28.83960344732405,-32.89962259120974,-36.25797135121327,-38.7798412531445,-40.48702485228691,-41.57454668969604,-42.29052927773332,-42.783644071015104,-43.01291900740567,-42.81933372731056,-42.02207249941972,-40.488544970768665,-38.18195075992127,-35.179657960502766,-31.663076782881756,-27.8777048430656,-24.080313351905904,-20.490056896770348,-17.25266833092478,-14.418092973712293,-11.925395704571526,-9.609090582688795,-7.26993186219586,-4.784393397973822,-2.152741733398833,0.5171428558472151,3.041372975317785,5.199292448633813,6.777126521915673,7.610209014161397,7.610208139112692,6.777124147768526,5.1992894354779,3.041369090702552,0.5171379519371094,-2.1527414040251,-4.784397392450859,-7.269943984988673,-9.609091968802325,-11.925398759358208,-14.41810095210064,-17.252676192273174,-20.490064600391733,-24.080318516959263,-27.877710769176467,-31.66308388270672,-35.1796667608582,-38.18196537734951,-40.488564433035606,-42.02207343104354,-42.81936833345682,-43.01299669098948,-42.78360705020497,-42.29049386069868,-41.574554153299566,-40.48708764046184,-38.77989688618303,-36.257910374448265,-32.89966032874574,-28.839629040638084,-24.036776786951275,-18.545338430705574,-12.604249730740438,-4.552022844038199,5.924086722180081
5.861491249369938,-4.5917789789492085,-12.617881432717352,-18.54123171693346,-24.02303543832605,-28.821839002087213,-32.88097512821365,-36.23961113741695,-38.76254693106439,-40.47189909295594,-41.56335873040785,-42.28550832141848,-42.78779248833627,-43.02889462992073,-42.84717559709529,-42.05864240186297,-40.5285418239588,-38.21968111628534,-35.21073784121128,-31.68523774367485,-27.89076490199975,-24.08565360344837,-20.48990185752771,-17.249393218267603,-14.413610083553602,-11.920686602835882,-9.604069344856764,-7.263512743804207,-4.7746843264577645,-2.137594205713357,0.5394167979098276,3.07152255641768,5.236850273530093,6.820449912181888,7.656704341274951,7.656703579761319,6.820447853995157,5.236847713663775,3.0715191242684154,0.5394124633497999,-2.1375935146276834,-4.774688191820866,-7.263523942381798,-9.604070620410418,-11.92068950901582,-14.41361770332206,-17.249400707523566,-20.489909283953438,-24.08565854746422,-27.890770463564923,-31.685244382580105,-35.21074605694842,-38.219695043028246,-40.52856027812547,-42.0586428421416,-42.84720954075976,-43.02897003714651,-42.78775616252525,-42.28547301266182,-41.56336593493507,-40.47196083220511,-38.76260116499847,-36.23955198316222,-32.88101222032489,-28.82186435969465,-24.02305356651898,-18.54124513715224,-12.61789660657796,-4.591797127825332,5.86146932106926
5.7994952404655375,-4.630971354660819,-12.631371914978288,-18.537450699935384,-24.00992902145293,-28.804893384808945,-32.863196798515006,-36.22208271065932,-38.74601503652648,-40.45744832943119,-41.552710294473904,-42.28081705697382,-42.79195571358767,-43.04447824928874,-42.87420206682391,-42.09403599891877,-40.56713374170737,-38.25594909869573,-35.24046354086656,-31.706269478983096,-27.90297063786385,-24.09039724776513,-20.489346532568742,-17.24583823131236,-14.408896406315083,-11.9157541574449,-9.59883509838366,-7.256940255244024,-4.764968707455159,-2.1226837510736303,0.5611273253061602,3.10074526511388,5.273130731865199,6.8622100080255946,7.701485245752263,7.701484595181716,6.862208234019519,5.273128565198845,3.100742239929918,0.5611235364702075,-2.1226827251218583,-4.764972420350847,-7.25695067935018,-9.598836249753056,-11.915756889160193,-14.40890367597896,-17.245845367894272,-20.48935367133772,-24.09040195632057,-27.90297584181979,-31.706275685461467,-35.24047116482459,-38.255962252984325,-40.56715111610392,-42.09403594069528,-42.87423535365211,-43.04455154278764,-42.79191969769948,-42.28078170136368,-41.55271721898016,-40.45750920256168,-38.746068027866585,-36.22202513354536,-32.86323333303864,-28.804918532549497,-24.0099472139779,-18.53746405419248,-12.63138702671905,-4.630989381144243,5.799473558715158
5.738143505988151,-4.669572611818634,-12.644709125381782,-18.53396802193924,-23.997419101233533,-28.788739053819096,-32.84625705342946,-36.205357487022766,-38.7302224362029,-40.44365417445567,-41.54258768631113,-42.27644908198212,-42.79613806920953,-43.0596897562448,-42.900447792237856,-42.128301862993325,-40.60437749202975,-38.29081844327752,-35.268898476423225,-31.72622665939502,-27.91436507951787,-24.094576973620505,-20.48841345209093,-17.242020118209492,-14.403965685722213,-11.910610664468802,-9.593398461499715,-7.250220932483937,-4.755244012699669,-2.107995212596119,0.5823039930464214,3.1290878377413467,5.308192694199541,6.90247398548736,7.744622808663931,7.744622296502349,6.90247261812073,5.308191096102619,3.129085429159192,0.5823010112899378,-2.107993828266615,-4.75524747214769,-7.250229887051188,-9.593399519685772,-11.910613254848151,-14.403972397268086,-17.24202669474846,-20.48842009741677,-24.094581337562687,-27.914369758933237,-31.726232258857344,-35.268905377177475,-38.2908306704173,-40.60439363615036,-42.128301283519725,-42.90047981510662,-43.05976029709964,-42.79610356098154,-42.27641391926961,-41.54259401684981,-40.443713088572295,-38.73027384218396,-36.2053027075089,-32.84629269934614,-28.788763695168743,-23.997437456875776,-18.533981346785428,-12.644724139548496,-4.669590441377213,5.738122174834005
5.677412695545339,-4.707624742054266,-12.657930793699078,-18.530815903690296,-23.985534563897144,-28.77339644440812,-32.83017566658665,-36.18945771235614,-38.7151878705223,-40.43052976279791,-41.53300088918991,-42.27241425516063,-42.8003530699446,-43.07454706040488,-42.92593702075386,-42.16147161002829,-40.640301575551895,-38.32431748629069,-35.29606696954782,-31.74512571466313,-27.924955787733847,-24.09819018425956,-20.487093540785057,-17.23792433779265,-14.398801489060071,-11.905241156220049,-9.587746157359572,-7.24334167153861,-4.745493929254467,-2.09350587373644,0.6029850472354251,3.156602630092284,5.342107834850998,6.941332501029576,7.786215528045386,7.786215132976233,6.941331445901727,5.34210665299861,3.156600666889596,0.6029826861584732,-2.0935042629654927,-4.745497172961951,-7.243349533762935,-9.587747154904449,-11.905243638803396,-14.398807769309284,-17.23793049535915,-20.487099800755605,-24.098194292705784,-27.924960062483123,-31.74513083993568,-35.29607327997239,-38.32432891281543,-40.640316621957545,-42.16147060217747,-42.925967959956,-43.074615127537164,-42.8003196524469,-42.27237938883908,-41.53300675224088,-40.430587069807416,-38.71523772166871,-36.1894053754304,-32.830210558523135,-28.773420677440477,-23.985553074588584,-18.53082926024015,-12.657945762178633,-4.707642435543879,5.677391646969318
5.617325500735574,-4.745115668692489,-12.671037390967877,-18.527975313892146,-23.97425044498544,-28.758835870141866,-32.814919042288274,-36.1743510101388,-38.700882514342126,-40.41805198477766,-41.52393393750084,-42.26870578488161,-42.804606434149605,-43.08906974271001,-42.950702940995846,-42.193588808598086,-40.6749614860274,-38.35650687095431,-35.32202964066194,-31.7630231497366,-27.934786806670925,-24.10126710557077,-20.485410623316028,-17.233568722561213,-14.39341844849334,-11.899658737893446,-9.58189007916748,-7.236310895126881,-4.735718816115034,-2.079203080354178,0.6232013527823359,3.18332887515433,5.374922904951511,6.978849562336659,7.826321162942925,7.8263208584691935,6.978848731680812,5.374921990278311,3.1833271520306847,0.6231993686294358,-2.079201378490829,-4.73572192552803,-7.236318117594756,-9.58189108293186,-11.89966118150847,-14.393424480648616,-17.2335746496704,-20.485416662809463,-24.101271092621012,-27.934790836457378,-31.763027973588777,-35.32203553284994,-38.35651769003956,-40.674975592966746,-42.193587386276015,-42.95073329049085,-43.089135665243525,-42.80457327892021,-42.26867117750216,-41.52393956614639,-40.41810838638132,-38.70093105354502,-36.17430011218045,-32.8149534025574,-28.75885999546005,-23.97426902107788,-18.527988683595986,-12.671052319267304,-4.745133271585481,5.617304671750227
5.557883425826335,-4.782056850363862,-12.684042514992347,-18.525449190860083,-23.963563053570155,-28.74505121836209,-32.800477557370336,-36.160026645325736,-38.68729649879965,-40.40621298449958,-41.515381991377886,-42.26532402764639,-42.80890632968021,-43.10327546383087,-42.97477236480034,-42.22468658982748,-40.70840211935699,-38.38743146556578,-35.34682767725324,-31.779954645130587,-27.9438841272212,-24.10382388699989,-20.48337282348268,-17.22895698211721,-14.387818392812411,-11.893864978431742,-9.575831596568118,-7.229127684777207,-4.725912107264241,-2.065070547337662,0.6429810545976642,3.209308706279088,5.406692527983568,7.01509031051888,7.865010366721982,7.865010077406954,7.015089566859374,5.406691779564663,3.209307173136101,0.6429793305010904,-2.0650688822174263,-4.725915190981324,-7.229134535476658,-9.575832630741791,-11.893867408630529,-14.387824276892244,-17.22896277977789,-20.48337873013002,-24.1038278343565,-27.94388801829973,-31.779959244375547,-35.346833194806585,-38.38744172674276,-40.70841534214446,-42.22468478383253,-42.97480246381255,-43.103339253993816,-42.80887291330936,-42.26528954417727,-41.51538759573934,-40.40626892148492,-38.6873440497692,-36.15997648848465,-32.80051151398243,-28.74507544620768,-23.9635816019103,-18.525462537297805,-12.684057424631996,-4.7820744275629385,5.557862730094557
5.499080316184877,-4.818467641832215,-12.696963871642756,-18.52324816894115,-23.953477004162878,-28.73204240270248,-32.78684872509847,-36.14648225262168,-38.6744278491615,-40.39501073136866,-41.50734393497408,-42.26227092648153,-42.81326065493218,-43.11718024948589,-42.99816990348894,-42.254797234129626,-40.74066235880485,-38.41713052511303,-35.37049614548535,-31.79594778539194,-27.952266876015027,-24.1058718257093,-20.4809835926336,-17.22408815691371,-14.381998723444186,-11.887857347206904,-9.569568234894636,-7.22178768348138,-4.7160646176519725,-2.051090821015321,0.6623518560885123,3.234585298292538,5.437473899048217,7.050119206393404,7.902357071955179,7.902356835859438,7.050118577898626,5.437473237103148,3.2345837723041693,0.6623502132016786,-2.0510892487749737,-4.716067706795977,-7.22179436371616,-9.569569385705284,-11.887859849619126,-14.382004578826878,-17.22409394193434,-20.480989477947293,-24.10587582051002,-27.95227071970285,-31.795952274699008,-35.37050147340351,-38.41714044753851,-40.74067484340052,-42.25479506102845,-42.99819995325894,-43.11724207027265,-42.81322690351324,-42.26223666313434,-41.50734958575803,-40.39506630480885,-38.67447453631157,-36.14643236269555,-32.78688237780685,-28.732066866685997,-23.9534955329386,-18.523261537576683,-12.696978764959184,-4.818485182108446,5.499059767981262
5.440906200826669,-4.854370309606051,-12.709820408002509,-18.52138494046631,-23.943999644773523,-28.719811585254945,-32.77403306438169,-36.13371848380886,-38.66227683704399,-40.38444425200707,-41.49981858666251,-42.25954762836471,-42.81767542099029,-43.13079740129726,-43.02091641461956,-42.283948868016815,-40.77177459942296,-38.44563733491293,-35.39306495985864,-31.81102577106208,-27.95995074852512,-24.107419553326697,-20.47824496952168,-17.218960331630967,-14.37595643098289,-11.881633328507052,-9.563098152849976,-7.214288109675998,-4.706169562202906,-2.0372498879875267,0.6813376586975155,3.2591971765400247,5.467320755329531,7.084000325554824,7.938434462221449,7.938434220036372,7.083999704440818,5.467320129374617,3.259195695326794,0.6813361127480178,-2.0372485277255463,-4.70617278848506,-7.214294541804538,-9.563099484647612,-11.881635963632506,-14.375962259383016,-17.21896611064873,-20.478250839769327,-24.1074236326774,-27.959954591168387,-31.81103016721684,-35.39307005492419,-38.44564685273832,-40.771786338015566,-42.2839464005706,-43.02094638176987,-43.130857119145,-42.81764134198281,-42.259513473999085,-41.4998243582138,-40.38449945893321,-38.662322838052766,-36.13366885262053,-32.774066419961265,-28.71983626265677,-23.944018131809194,-18.52139829862051,-12.709835291800896,-4.854387849122336,5.440885748856679
5.383351724105486,-4.889786569103161,-12.722631422079928,-18.519873778889977,-23.935140803704265,-28.708363583122285,-32.762034118179216,-36.12173951826677,-38.65084712275514,-40.3745158372649,-41.4928081216287,-42.25715819824966,-42.822159374472974,-43.14414206466049,-43.04303393315266,-42.3121702182841,-40.80177088779472,-38.472983580120896,-35.4145616429152,-31.825209355311767,-27.96694905121272,-24.10847303499304,-20.4751564796675,-17.21356915570397,-14.369685845147714,-11.875187735301967,-9.556416734642086,-7.206623242519297,-4.696217628847081,-2.023531379978237,0.6999646434219557,3.2831838157802427,5.496286795143008,7.116797191553208,7.97331409123589,7.973313857822915,7.116796579799821,5.4962861023533645,3.283182199565345,0.6999630155469755,-2.0235303328650103,-4.696221057068015,-7.206629597265,-9.55641835641025,-11.875190611649897,-14.369691768970384,-17.213575047243346,-20.47516244870044,-24.108477291444807,-27.966952987384936,-31.82521377780328,-35.414566695152566,-38.47299288888442,-40.801781996358606,-42.31216750389118,-43.04306392579486,-43.144199786190455,-42.82212501877252,-42.25712426664339,-41.49281402539122,-40.374570674048655,-38.65089244197107,-36.12168997770012,-32.762067229648125,-28.70838851634366,-23.93515926607689,-18.519887166748603,-12.722646284300678,-4.889804078158897,5.383331392617696
5.326431212333201,-4.9247073744699215,-12.73539214967107,-18.518695519342284,-23.92687525972008,-28.697667000698324,-32.750817730765405,-36.11051269686982,-38.64011000312963,-40.36520166807307,-41.48629434568466,-42.25509198108298,-42.82671206517061,-43.1572267897124,-43.06454816193496,-42.33949853846746,-40.83069664604184,-38.49922140539166,-35.43503869127774,-31.83854468180314,-27.97329843907322,-24.109060499596843,-20.47173999664135,-17.207931793221768,-14.363201782307591,-11.868533981177668,-9.549535954634438,-7.198801819868697,-4.686210742954517,-2.009927355325784,0.7182519238825591,3.3065742859636758,5.524406493829112,7.148550129018983,8.00703675437955,8.007036537840818,7.1485495593439685,5.524405809789704,3.3065726471819588,0.7182503529279015,-2.0099266080907565,-4.686214356547388,-7.1988077399409,-9.549537904695354,-11.868537133304343,-14.363207682274322,-17.207937691991113,-20.47174596151335,-24.109064877071848,-27.9733024011716,-31.838549054555187,-35.43504359394439,-38.49923037504068,-40.83070706327354,-42.33949555176009,-43.0645778543498,-43.15728254239323,-42.82667767158386,-42.255058125795344,-41.48630020294672,-40.36525587558777,-38.64015480341088,-36.11046344333887,-32.75085057272371,-28.697692059504064,-23.926893711941727,-18.51870892197261,-12.735407001511811,-4.924724865745082,5.326410987692175
5.270126753816866,-4.959163010642099,-12.748126175739449,-18.517872207832404,-23.9192209646393,-28.687735567614347,-32.74039705198811,-36.10005157513364,-38.63007649002528,-40.35650935032993,-41.48028292960253,-42.25335480074834,-42.83134197231774,-43.17006364061716,-43.085475763869326,-42.36595515670669,-40.85857524094886,-38.52437195311944,-35.45451223534732,-31.85104209170156,-27.979003684788523,-24.10918078078757,-20.46798912996977,-17.20203905286651,-14.356494524964148,-11.861663572381827,-9.54244871598185,-7.190816822170174,-4.676139956093785,-1.996423699153662,0.7362221950034583,3.329403941420345,5.551731658143413,7.179322314057012,8.039675441805032,8.039675238288767,7.179321761332658,5.551730939532826,3.3294022239763748,0.7362206186812221,-1.9964233598811865,-4.676143831548369,-7.1908222837324365,-9.542451104378738,-11.861667105385877,-14.356500442040996,-17.20204500752379,-20.4679951323801,-24.109185342473552,-27.9790077364158,-31.85104646885056,-35.45451704362238,-38.52438063310622,-40.85858503445685,-42.36595188608887,-43.08550511919284,-43.17011777996555,-42.83130726308082,-42.25332088739033,-41.48028871689405,-40.35656311122397,-38.630121097886686,-36.10000213348403,-32.74042979882864,-28.68776077138433,-23.9192394004309,-18.517885620256884,-12.748141010782092,-4.959180492218254,5.270106619022732
5.214447672774499,-4.993147952333433,-12.760830505292242,-18.517388694396097,-23.91215786075071,-28.678543209018915,-32.73074344716371,-36.09032835235329,-38.62072210681608,-40.348418211096416,-41.47475804715791,-42.25193742645361,-42.83604912911307,-43.18266437132741,-43.10583999627924,-42.39157374273772,-40.88544774498733,-38.548481291151134,-35.473028412472985,-31.86274223525475,-27.98409699955821,-24.10885830875567,-20.46392219999303,-17.195905057409902,-14.349576089321834,-11.854587456180498,-9.535164750699185,-7.182674873506276,-4.666006219242913,-1.983012587107153,0.7538933691752681,3.351700211626945,5.57829545581521,7.209152842598371,8.071270202508911,8.071269989720635,7.209152284912823,5.578294712338701,3.351698458907004,0.7538918142277414,-1.9830126567404316,-4.666010328559368,-7.182679891209728,-9.535167543216009,-11.854591340378386,-14.349582002941434,-17.195911049195352,-20.463928216714407,-24.10886303298402,-27.98410112473797,-31.862746591659544,-35.47303308492993,-38.54848963785279,-40.885456914304825,-42.39157016439013,-43.10586892541188,-43.18271702139937,-42.83601399869293,-42.25190339352511,-41.474763724887495,-40.3484715667348,-38.62076658611535,-36.09027865250506,-32.73077615150989,-28.67856853039238,-23.91217627514365,-18.517402113867146,-12.760845357123952,-4.9931654656622735,5.214427578204402
5.15937657870544,-5.026691544465467,-12.773526884253998,-18.5172654948618,-23.905702230206423,-28.67010211256267,-32.721868773563074,-36.08135516922839,-38.61205685149925,-40.340934839518695,-41.46972416243288,-42.25084432551965,-42.840840244246,-43.195039417308806,-43.12565491314668,-42.41637288760207,-40.9113348925432,-38.57156780321841,-35.49060059941232,-31.873653198549786,-27.988581823356217,-24.108091552456624,-20.45953297702242,-17.189521229115304,-14.342437821778168,-11.8472980783762,-9.527677830192642,-7.1743700665344905,-4.655801847777276,-1.96968214270056,0.7712848053346224,3.373494011850655,5.604144663240221,7.238099010369366,8.101887701907796,8.101887401701084,7.2380982017441555,5.604143521044186,3.373491760498153,0.7712827525205427,-1.9696831049699568,-4.655806628519226,-7.174375223940069,-9.527681407937871,-11.847302679797924,-14.342444142564595,-17.18952765550648,-20.45953939461686,-24.10809682023483,-27.988586415203915,-31.873657921340104,-35.49060553250419,-38.57157622424938,-40.9113437025316,-42.41636921105994,-43.1256841482305,-43.195090245010014,-42.84080444347518,-42.250810391237145,-41.469730160443305,-40.34098822940592,-38.61210117095342,-36.08130470579615,-32.72190155827291,-28.67012780820398,-23.905720542817047,-18.51727891868365,-12.77354172196448,-5.026709104549388,5.159356490647538
5.104917251522517,-5.059794356674715,-12.786216085534951,-18.517494112638165,-23.899841426943837,-28.6623947014583,-32.7137535399809,-36.0731127887285,-38.60406353505604,-40.33404458166145,-41.46517016241284,-42.25006935823854,-42.84571655327462,-43.20719912792009,-43.1449412809025,-42.4403812683937,-40.93627106657002,-38.59366911723087,-35.50726572444134,-31.883807046361568,-27.99248297268701,-24.10689846115208,-20.454834387065112,-17.182897452250423,-14.335086543379148,-11.839802894891552,-9.519994425702343,-7.1659081203513,-4.645526119777998,-1.9564249739251656,0.7884121846860548,3.394810661585212,5.629311520547866,7.266200221396537,8.131569567109846,8.131569156409421,7.266199087303431,5.629309824063017,3.394807714003924,0.7884094088599062,-1.9564269737994568,-4.645531702249294,-7.165913751907313,-9.51999888937388,-11.839808304354545,-14.335093438091766,-17.182904468257917,-20.454841351571694,-24.106904394448105,-27.992488175454923,-31.88381227067784,-35.50727103195195,-38.59367771648724,-40.9362796558571,-42.44037757179554,-43.14497073574949,-43.20724846046407,-42.84567994048462,-42.25003554183209,-41.4651764380498,-40.33409811260817,-38.60410765543914,-36.07306164899023,-32.7137865065432,-28.66242068100976,-23.89985964971097,-18.51750752912753,-12.78623093001952,-5.059812014329328,5.104897100848195
5.051062108905744,-5.092472148960332,-12.798908805652086,-18.51808080551035,-23.894577577843474,-28.655419006398365,-32.70639459540629,-36.065598831712336,-38.59673895970723,-40.3277437181675,-41.4610928684967,-42.24961160240399,-42.85068144486224,-43.2191524570457,-43.163714984587685,-42.4636205005528,-40.96028167094102,-38.6148108364411,-35.52304643561627,-31.893221835075355,-27.99581329467824,-24.105286457774447,-20.449829461660386,-17.176034035717542,-14.327522811998014,-11.832101893484523,-9.512115486525651,-7.1572877502911,-4.635177537449475,-1.9432334885404383,0.8052912950975646,3.415675495664265,5.653833152186237,7.293502835540485,8.160368282315881,8.160367781086237,7.293501437554458,5.653831030626709,3.415672034486995,0.8052879733782143,-1.9432363063443585,-4.6351837137689,-7.157293779367351,-9.512120604697442,-11.83210789109083,-14.327530135560394,-17.17604149413609,-20.449836825197668,-24.10529287484209,-27.99581893938821,-31.89322740620267,-35.5230519678827,-38.61481944954393,-40.96029000742063,-42.463616618959314,-43.16374413449831,-43.21920137179422,-42.85064355514934,-42.24957750630635,-41.46109910450739,-40.32779758223639,-38.59678333458999,-36.06554662306517,-32.70642801779115,-28.655445075754333,-23.89459578800038,-18.518094248460145,-12.798923711701066,-5.092489934483208,5.051041851492213
4.9978180467187805,-5.124717575875628,-12.81159870291611,-18.51900825168672,-23.889889014825627,-28.64914770280792,-32.69976251886158,-36.05878413332443,-38.59005759543992,-40.32201056979332,-41.45747532096323,-42.24946056164931,-42.855733217042406,-43.23090970509733,-43.18199644777879,-42.48612044587886,-40.98340375671023,-38.635034818343016,-35.5379851265333,-31.90193522047788,-27.998602811365213,-24.103278774825743,-20.44453604811144,-17.168945054403125,-14.31975892895486,-11.824206192463077,-9.504050801433795,-7.148516125516082,-4.624757782599651,-1.9301018121835696,0.8219366198252184,3.436110512386949,5.677734705954485,7.3200357367212066,8.188312671285484,8.188312107642078,7.320034154406559,5.677732253111408,3.436106646980987,0.8219328713709112,-1.9301052699627592,-4.624764379800329,-7.148522482473118,-9.504056418088696,-11.824212626200408,-14.319766571632712,-17.168952841224442,-20.444543700807102,-24.103285543923946,-27.99860877551769,-31.901941025260577,-35.53799078502045,-38.63504334897018,-40.98341176331292,-42.48611633647634,-43.18202519141816,-43.23095800885103,-42.85569435276635,-42.24942621151398,-41.45748143921534,-40.32206453369273,-38.59010199074353,-36.0587312693816,-32.699796267817426,-28.649173795473537,-23.889907241753217,-18.51902171850532,-12.811613670557406,-5.124735475589669,4.997797699503491
4.945177489877562,-5.156545279299953,-12.824294976682,-18.52028138320035,-23.88577672661386,-28.64357777082464,-32.6938535100859,-36.05266525661894,-38.58401589167341,-40.31684122846901,-41.454314237648425,-42.24961521927431,-42.86087518163606,-43.242480020837135,-43.19980091574672,-42.50790164571215,-41.00566147179041,-38.65436518997241,-35.55210298990379,-31.90996391279582,-28.00086324096517,-24.100882134178395,-20.438956777835948,-17.16163083096741,-14.311794404781574,-11.816115694503315,-9.49580054948635,-7.139592921616443,-4.61426378928843,-1.9170222995651425,0.8383626144622234,3.456139144153367,5.70105006205438,7.345840644716457,8.215449924868256,8.215449304942418,7.345838887124252,5.701047292324499,3.456134890346406,0.838358449425398,-1.917026348158064,-4.614270768283539,-7.139599616145631,-9.495806616043913,-11.81612251476706,-14.31180234201759,-17.161638918256298,-20.438964694938218,-24.10088921917879,-28.000869492879676,-31.909969921175197,-35.5521087478998,-38.6543736174726,-41.005669139639615,-42.50789732838443,-43.19982926028295,-43.24252741957913,-42.8608356375887,-42.24958072771043,-41.45432024517807,-40.31689509219605,-38.58406007063805,-36.05261211971135,-32.693887455128525,-28.64360385912014,-23.885794981179828,-18.520294883210266,-12.824310008041298,-5.156563287729033,4.945157052306821
4.893132625477181,-5.187972761541916,-12.837007302579272,-18.52190614791341,-23.882242370361645,-28.63870723701587,-32.6886650844005,-36.04724029942135,-38.57861125525128,-40.312232155796906,-41.45160615466017,-42.25007379045898,-42.866109180874105,-43.25387023096899,-43.217141000075024,-42.52898195311984,-41.02707622890655,-38.67282285877464,-35.56541768236729,-31.91732165871597,-28.002604387459268,-24.098102042487756,-20.433093644979664,-17.15409152319566,-14.303628991237874,-11.807830774120756,-9.487365688586085,-7.130518926273965,-4.6036943340091945,-1.9039899550268475,0.8545803843604136,3.475781567056509,5.723811429119299,7.37095887562701,8.241827749275737,8.241827032056833,7.37095684674292,5.723808206712934,3.4757767676771536,0.8545756184925414,-1.9039947599331268,-4.60370186296894,-7.130526134894596,-9.487372341723471,-11.80783810566992,-14.30363735477914,-17.1541000390025,-20.433101953209988,-24.09810956353254,-28.002611057188854,-31.91732799465959,-35.56542365851254,-38.67283129495373,-41.02708364440814,-42.52897750020151,-43.21716908746944,-43.25391657588397,-42.866069062758605,-42.25003920917808,-41.45161211787861,-40.312285910161606,-38.57865518641443,-36.04718698019612,-32.68869922613026,-28.63873333018602,-23.8822606367834,-18.521919682341224,-12.83702239890734,-5.187990901285005,4.893112061289228
4.841683649089792,-5.218999270019489,-12.849732465232902,-18.523871208244856,-23.879270500869563,-28.63451581796063,-32.684175311177114,-36.042488042060825,-38.57382451809609,-40.30816694477646,-41.44933835436572,-42.25082859261695,-42.87143465096774,-43.265088653946165,-43.23403408417051,-42.54938647770752,-41.04767860606805,-38.69044184541703,-35.57796273674438,-31.924037466646,-28.00384886080346,-24.09495537727493,-20.426959306127927,-17.14633679345554,-14.2952707943932,-11.79935884347089,-9.478752811167167,-7.12129877911983,-4.593049993611197,-1.8909991777491604,0.8706030696011018,3.4950573660009665,5.746042010154642,7.395416816301594,8.267473481482595,8.26747265602618,7.395414475738723,5.746038281639323,3.495051965240357,0.8705976350128894,-1.891004795267429,-4.59305813957624,-7.121306567671318,-9.47876009501695,-11.79936672272504,-14.295279628951002,-17.146345781000864,-20.426968049249517,-24.0949633732116,-28.00385598913125,-31.924044162771143,-35.57796896141821,-38.69045032752378,-41.04768580106991,-42.5493819195848,-43.234061932599694,-43.26513385330845,-42.87139407707031,-42.25079395966061,-41.449344284540174,-40.30822052384608,-38.57386816396418,-36.04243467225017,-32.68420963207819,-28.634541906776743,-23.879288779206156,-18.52388477923084,-12.849747636316792,-5.219017561096678,4.84166292618171
4.790823011418708,-5.249642443580604,-12.862479651036054,-18.52618184030002,-23.876862318595894,-28.63100133250457,-32.680381691884435,-36.03840655697525,-38.56965331808253,-40.304642600934926,-41.4475081103429,-42.25187863567905,-42.8768541215912,-43.27614266129949,-43.25049299111704,-42.56913289114454,-41.06748927018834,-38.70724210657433,-35.58975476985388,-31.930123939295854,-28.004605284096616,-24.09144666826574,-20.42055509473406,-17.138366281813937,-14.286719110877778,-11.790699718090524,-9.469962249694914,-7.111932567283636,-4.582329054133009,-1.8780447121911696,0.8864415976386966,3.5139857833867385,5.767771860882009,7.419253225837166,8.292431579070053,8.292430598929284,7.419250452166897,5.767767460362184,3.513979586256112,0.8864352689278625,-1.8780513644544925,-4.582338037873922,-7.111941138724153,-9.46997034982922,-11.790708312804885,-14.286728583364969,-17.138375905348198,-20.42056443363816,-24.091455295427387,-28.00461303483339,-31.93013115375509,-35.589761387976715,-38.70725077014952,-41.06749636508569,-42.56912831639016,-43.25052070946719,-43.276186722737975,-42.87681312107584,-42.25184396097144,-41.44751405959312,-40.30469605301528,-38.56969679310929,-36.038353079307015,-32.68041626731869,-28.631027426019276,-23.87688060074392,-18.526195457994145,-12.862494911529383,-5.249660923099709,4.790802075019126
4.740553388008427,-5.27989421811201,-12.875240470786672,-18.52881995222486,-23.87499622134745,-28.628136639470483,-32.67725481680564,-36.0349662210481,-38.566071371954486,-40.30163687544139,-41.446098049926256,-42.253212778920044,-42.88236470897212,-43.28704020970975,-43.2665355654113,-42.58824707112132,-41.08654044948046,-38.723260746804655,-35.60083231225544,-31.93561592559801,-28.00490165353937,-24.08759787444958,-20.413898460007427,-17.130193998943856,-14.277985966710366,-11.781864257237798,-9.461003633145276,-7.102427428319363,-4.571534317850479,-1.8651226029196477,0.9021075144969554,3.532584017673903,5.789018972539907,7.4424875639807215,8.31672096470449,8.316719890761217,7.442484507553769,5.78901410804346,3.5325772703689657,0.902100564127938,-1.865129983484186,-4.571543847661613,-7.102436524184538,-9.461012298236534,-11.781873327276346,-14.27799585062097,-17.130204033227365,-20.41390817746464,-24.08760690503303,-28.004909797805865,-31.93562344411706,-35.60083912401856,-38.72326939547519,-41.08654726888157,-42.58824247035628,-43.26656298017856,-43.28708261268909,-42.88232390140906,-42.25317822310936,-41.44610394168287,-40.30168968630284,-38.566114276397926,-36.03491343228866,-32.67728931281798,-28.62816267953944,-23.875014542059,-18.528833610446046,-12.875255803948775,-5.279912835340901,4.74053229440239
4.690865688557735,-5.309775859061458,-12.88802464104228,-18.53179200026258,-23.87367408533535,-28.625920720198227,-32.67479377166448,-36.03216741503357,-38.56307805441706,-40.29914813487596,-41.44510639567757,-42.25483036223307,-42.88796856039604,-43.297786920424606,-43.28217241909588,-42.60674454043505,-41.10485025034943,-38.73851435430518,-35.6112076801751,-31.94052170630109,-28.00474324052645,-24.08341095706275,-20.40698878818277,-17.121818286459593,-14.26906975241566,-11.772851573010197,-9.451876698071665,-7.0927831517043485,-4.560664185870298,-1.852228708971244,0.9176095831531054,3.5508684327452804,5.809811186985575,7.465156105036895,8.340383790306307,8.340382590814329,7.465152679460451,5.809805734990181,3.5508609842659733,0.9176018425896048,-1.8522369798300424,-4.560674424947304,-7.092792921855994,-9.451886070352408,-11.772861240106058,-14.269080170755077,-17.121828853965297,-20.406999003359523,-24.083420508642664,-28.004751898222043,-31.94052964482805,-35.6112148012826,-38.73852310158801,-41.104856883409454,-42.60673998540001,-43.28219957695784,-43.29782768672117,-42.88792802116775,-42.25479594526301,-41.44511224153741,-40.29920028369931,-38.56312051578093,-36.03211528700791,-32.67482824630564,-28.625946710807927,-23.873692443809976,-18.531805704015653,-12.888040047983202,-5.309794636956766,4.690844403306696
4.641758723789325,-5.339287537763242,-12.90082824209932,-18.535086479331632,-23.872880872427228,-28.62433387077748,-32.67297743639599,-36.029989075924,-38.56065438396482,-40.29715986669071,-41.44452001577054,-42.2567229148789,-42.89366371024396,-43.30838937171799,-43.29741830362704,-42.62464682085636,-41.12244523485185,-38.753032508259146,-35.620910528365584,-31.944867501616404,-28.004150756197728,-24.07890166723656,-20.3998380825364,-17.11324848443717,-14.259978473693852,-11.763669080793766,-9.442588277769168,-7.083004973725101,-4.549720807013179,-1.839360014841925,0.9329571143493708,3.568854060773248,5.8301668152810375,7.48728009595833,8.363442566296872,8.363441265247477,7.487276381946867,5.830160911835916,3.5688460770490424,0.9329487577193556,-1.8393689898825485,-4.549731580181198,-7.083015257286198,-9.442598199892917,-11.763679192755545,-14.259989284940492,-17.11325944505061,-20.399848659892907,-24.07891159735456,-28.004159783008497,-31.94487572502388,-35.62091783232198,-38.75304122756189,-41.122451563030815,-42.62464230608919,-43.29744509127803,-43.30842821576176,-42.89362380472853,-42.25668871585192,-41.44452575743846,-40.29721104660753,-38.56069623076424,-36.02993806588524,-32.673011700376506,-28.62435978700461,-23.87289928519704,-18.535100229192302,-12.900843725502313,-5.3393064639958965,4.641737259511848
4.593225932054241,-5.368445817900227,-12.913658068248637,-18.53870517697599,-23.872614186335667,-28.623370388034363,-32.67179974113057,-36.02842587133907,-38.558795046202015,-40.29566696748964,-41.44433472319199,-42.25888837872585,-42.899451837060525,-43.31885408861126,-43.31228528164909,-42.6419708872338,-41.139345229500606,-38.76683459345124,-35.62995719054898,-31.94866574089168,-28.003132793561264,-24.074074892053016,-20.392448481867184,-17.104485312989162,-14.250712531729494,-11.754317497098496,-9.433139329852542,-7.073093438474029,-4.538702984730245,-1.8265122192808123,0.9481591471428644,3.5865566280826315,5.850110032497893,7.5088907536115475,8.385932764153077,8.385931372433255,7.508886760981893,5.850103672592606,3.5865481017765517,0.948150173941114,-1.826521883586832,-4.53871428201709,-7.073104230297423,-9.433149798145,-11.754328037115643,-14.250723725334415,-17.10449665767197,-20.392459411382436,-24.074085188790768,-28.00314217869801,-31.948674240530387,-35.62996466558987,-38.7668432804248,-41.139351260557774,-42.641966458193885,-43.31231163178938,-43.318890924802936,-42.89941278862781,-42.25885446025737,-41.44434033037779,-40.29571699607068,-38.55883631485139,-36.028376119928026,-32.67183374637698,-28.62339622193328,-23.87263267008055,-18.538718972601256,-12.913673617152826,-5.368464875678628,4.593204297848939
4.545262380849547,-5.397263480525475,-12.926517053376116,-18.542645388180382,-23.87286702900569,-28.62302002170936,-32.671250214704834,-36.0274680317926,-38.55749093122336,-40.29466098206401,-41.44454353249854,-42.26132237532544,-42.9053327370316,-43.32918648615032,-43.32678486700667,-42.65873380675303,-41.15557075434598,-38.77994138217959,-35.63836592415819,-31.95193098641984,-28.00170009992117,-24.068937758056645,-20.38482446256917,-17.09553183748582,-14.241274608616246,-11.744799701779623,-9.423532851850098,-7.0630509499231895,-4.527611263336521,-1.813682651858211,0.9632228711914328,3.603989195332805,5.869660675823276,7.530013689336458,8.407883115624843,8.40788161611285,7.530009379077166,5.869653812827021,3.603980068264924,0.9632132091018472,-1.8136930704916243,-4.527623149264438,-7.063062314163789,-9.423543929089767,-11.744810721729984,-14.241286239966492,-17.095543621611686,-20.38483579841799,-24.0689484726607,-28.00170989758457,-31.95193982236772,-35.6383736398609,-38.77995009714905,-41.15557653444505,-42.6587295376282,-43.326810777054,-43.329221280316574,-42.905294759218734,-42.2612887831225,-41.444548975532136,-40.29470973468013,-38.5575317050348,-36.0274196600149,-32.67128394137976,-28.62304576675269,-23.872885595934072,-18.542659248334274,-12.926532674132444,-5.397282683164695,4.545240559503157
4.497862737702333,-5.425755377454693,-12.939409551964916,-18.54690531664428,-23.8736331526163,-28.62327327888501,-32.6713190203526,-36.02710629227252,-38.55673340198714,-40.29413406017734,-41.44514006774643,-42.26402117590313,-42.91130685766352,-43.33939252483805,-43.34092894369291,-42.67495269723409,-41.17114208966958,-38.79237315961907,-35.64615431530088,-31.95467700747036,-27.999862599977064,-24.06349666420684,-20.376969941262814,-17.08639067787862,-14.231666995073809,-11.735118182787229,-9.413771404084192,-7.052879448709441,-4.516445723970942,-1.8008682144821897,0.9781557987033012,3.6211652034163184,5.88883900403801,7.550675714836373,8.429323691529504,8.42932206171765,7.550671023849055,5.888831546833335,3.621155368598196,0.9781453326573214,-1.8008795004571134,-4.51645831581211,-7.0528914942003125,-9.413783187832914,-11.73512976093219,-14.231679148150183,-17.086402986187643,-20.37698176351491,-24.063507878710755,-27.9998728976924,-31.95468625465739,-35.6461623203135,-38.792381951899216,-41.17114768473041,-42.6749486836491,-43.34095440204671,-43.3394252302618,-42.91127012057183,-42.26398792567668,-41.44514533844867,-40.29418143285817,-38.556773834623314,-36.02705939523467,-32.67135247443805,-28.623298930350742,-23.87365180399353,-18.546919248050205,-12.93942527963644,-5.425774781288223,4.497840658357656
4.451027860294468,-5.45389979477247,-12.95231946747016,-18.551460671950164,-23.874887111218136,-28.62409792436805,-32.67197047377343,-36.02730474989004,-38.55649001787472,-40.2940588187336,-41.44610311833012,-42.26697069021432,-42.9173691739962,-43.34947789990521,-43.3547332540491,-42.6906510342999,-41.18608889364816,-38.80416666985264,-35.65336359275858,-31.95694260810423,-27.997651982844687,-24.05777739650086,-20.36890579340533,-17.07707853411767,-14.221903676808552,-11.725284977918133,-9.403865268604148,-7.042586361377791,-4.505209434341982,-1.7880652298108854,0.9929692017111594,3.638098442738871,5.907653792301328,7.570877631357463,8.450252146212026,8.45025046926941,7.570872791755256,5.907646096787789,3.638088341160977,0.9929584099415164,-1.7880768946487189,-4.505222266320073,-7.042598658937743,-9.40387734424356,-11.725296728121965,-14.221915981638332,-17.077091002990077,-20.368917748453928,-24.057788749274064,-27.997662414713123,-31.9569519210578,-35.65337156902702,-38.804175243028254,-41.18609406313727,-42.690647149190205,-43.35475799239894,-43.34950840207093,-42.91733388111683,-42.26693784089338,-41.446108096869565,-40.29410454585665,-38.55652992556204,-36.02725964277254,-32.672003440294056,-28.62412349028657,-23.874905884900137,-18.55147468520828,-12.952335295793414,-5.453919338141416,4.451005606449862
4.404747943409219,-5.481730033038806,-12.965261261492406,-18.55632146173953,-23.87663316637449,-28.6254971821876,-32.673209376218246,-36.02806931496501,-38.55676564582296,-40.29443846339018,-41.44743472014653,-42.27017289627575,-42.92352279537927,-43.35944789915494,-43.36820628670521,-42.70584074166293,-41.20042418743108,-38.81533098091528,-35.65999640927446,-31.95872610764611,-27.995064815043573,-24.05177464799392,-20.360625778135645,-17.067589599589933,-14.211979872575736,-11.715296698566313,-9.393812180482351,-7.032170215557528,-4.493900741856215,-1.775271313362554,1.007667573059628,3.654800147406488,5.9261282536686775,7.590655145185577,8.470710271131184,8.47070855386073,7.590650186243897,5.926120365366315,3.654789818454157,1.0076564992199164,-1.775283297909864,-4.493913757619135,-7.032182716278117,-9.393824501619816,-11.715308568037017,-14.21199228507641,-17.067602187239846,-20.360637823028497,-24.05178609560119,-27.99507533218485,-31.958735440500387,-35.66000432348284,-38.81533931003505,-41.20042890851808,-42.70583698208619,-43.36823021884265,-43.3594762084854,-42.92348908493162,-42.27014046912442,-41.44743933898625,-40.29448241020765,-38.55680513487927,-36.028026028131634,-32.673241833458164,-28.625522672298285,-23.87665207442736,-18.556335568015854,-12.965277202227911,-5.4817497212441095,4.4047255025506
4.35901851885786,-5.509255186102073,-12.978235815131544,-18.56148235836142,-23.878862121713645,-28.627458244160533,-32.67502209908227,-36.029386682566205,-38.557547991592656,-40.29526192457509,-41.44912587676116,-42.27362187771834,-42.929766393429006,-43.36930702076578,-43.38135868284931,-42.72053771085983,-41.21416731540045,-38.82588642303701,-35.66607171380086,-31.960043391745767,-27.992113211112063,-24.04549711886065,-20.35213607929377,-17.057928566376802,-14.20189971773737,-11.70515739968128,-9.383616072516547,-7.02163414203494,-4.482520916911422,-1.762484559390558,1.0222570065340495,3.6712811381418593,5.94427774414539,7.610027183903457,8.490719045737583,8.490717307513798,7.610022149743641,5.944269726073898,3.671270669154028,1.0222457433031051,-1.7624967649347896,-4.482534026863689,-7.021646762613851,-9.3836285533055,-11.70516931058758,-14.201912165930242,-17.057941202732238,-20.352148146148643,-24.04550859153128,-27.99212374729103,-31.96005268554962,-35.666079519367145,-38.82589447021612,-41.21417156957621,-42.72053407882598,-43.38138174120422,-43.369333180648766,-42.929734332069344,-42.27358990849138,-41.44913009712276,-40.295304034173576,-38.55758707139819,-36.02934527737857,-32.675054009825466,-28.627483666516664,-23.878881185229908,-18.56149657979685,-12.978251871176294,-5.509275006461444,4.358995909521026
4.313833301225565,-5.536490958207908,-12.991247532435214,-18.566942113719644,-23.88156837835805,-28.629973109191525,-32.67740080614835,-36.03124963745405,-38.558830203721975,-40.2965228239131,-41.45117136274345,-42.27731457577225,-42.93610040836557,-43.37906048410138,-43.39420093424235,-42.73475713299721,-41.227336097382064,-38.8358500859261,-35.67160336512825,-31.96090459495784,-27.98880405558845,-24.038948803088623,-20.343438813687456,-17.04809681040147,-14.191664590373632,-11.6948688368771,-9.37327887319875,-7.010979642525755,-4.471069946013065,-1.749702410719132,1.036743535222184,3.6875525716617568,5.962119606222302,7.6290173726732995,8.510304914579384,8.510303141839389,7.629012244587429,5.962111440091889,3.687541947279758,1.036732063864391,-1.7497148573139416,-4.471083177671309,-7.010992409417122,-9.373291530893994,-11.6948807988182,-14.191677091777802,-17.04810951594746,-20.34345092140452,-24.038960323746416,-27.988814638629677,-31.96091387048938,-35.671611072610844,-38.83585787330563,-41.22733994530643,-42.73475368598193,-43.3942230938723,-43.37908455513151,-42.93607005306836,-42.27728310013288,-41.45117517632672,-40.29656308008925,-38.5588689826578,-36.03121010871271,-32.67743219575499,-28.62999846870231,-23.881587612895437,-18.566956470839585,-12.991263725323575,-5.536510937594686,4.313810494503181
4.269188841299305,-5.563432917867239,-13.004290903593752,-18.57268925383148,-23.884738409608048,-28.63302336220925,-32.68032505229007,-36.03363778956166,-38.56059363448263,-40.298205172225416,-41.45355858365614,-42.28124265302496,-42.94252219569591,-43.388712448919854,-43.40674379357537,-42.74851500365754,-41.23995029035598,-38.84524514189132,-35.676616001100484,-31.96133202925057,-27.985155026795027,-24.032143457886576,-20.334544474313123,-17.03810236093789,-14.181281080490646,-11.68443674021878,-9.362805554926489,-7.000210317484077,-4.459548975261693,-1.7369221424020893,1.0511347478037132,3.70362467497176,5.979663557307492,7.647632008784943,8.529473499578742,8.529471723617585,7.647626859344744,5.979655354711575,3.703614029544743,1.0511232211978814,-1.7369346699636483,-4.459562175942169,-7.000223089776545,-9.36281825631379,-11.684448622609366,-14.1812935128384,-17.038115017077285,-20.33455650435185,-24.03215490371053,-27.985165533121627,-31.96134117551165,-35.67662350623823,-38.84525256450591,-41.23995364923224,-42.74851168084536,-43.40676494687666,-43.38873450585877,-42.94249354212907,-42.28121166394801,-41.45356191463997,-40.29824352437105,-38.56063215255248,-36.03360012782049,-32.68035589578717,-28.633048673938195,-23.884757824185375,-18.572703739353944,-13.004307223346302,-5.56345303657414,4.269165854865767
4.225078077967742,-5.590098079968145,-13.017370876030306,-18.57872294927459,-23.88836694328161,-28.63660149276752,-32.683787533846576,-36.03654421551377,-38.56283170729293,-40.300302613732704,-41.45628222377212,-42.285402791598464,-42.949031797841634,-43.39826748733726,-43.41899687890159,-42.76182534726342,-41.25202633901944,-38.8540870741486,-35.6811218818538,-31.96133454209305,-27.981172098336213,-24.02508452223028,-20.32545498402956,-17.02794659767744,-14.170750714958478,-11.673863083891831,-9.352198383779015,-6.9893281299592855,-4.447958769334169,-1.72414222492694,1.06543538824493,3.719507328958704,5.996925955906216,7.665894416515927,8.548251440635115,8.548249694058185,7.665889328359576,5.996917814338156,3.7194967584413607,1.0654239177933,-1.7241546920836135,-4.447971806853044,-6.989340792412879,-9.35221101616414,-11.673874785875814,-14.170762980016448,-17.02795910921633,-20.325466845139232,-24.025095803206284,-27.981182435041877,-31.96134346892056,-35.68112911917263,-38.85409410761886,-41.25202919865555,-42.76182210011116,-43.41901695903015,-43.39828763548056,-42.949004806021,-42.2853723517718,-41.45628504406104,-40.30033908462797,-38.56286987810886,-36.03650843380272,-32.683817807849266,-28.636626770746272,-23.88838656072086,-18.578737589432187,-13.017387321356146,-5.590118310523688,4.2250549495565215
4.181497228222257,-5.616489552364354,-13.030485790219984,-18.585036359012317,-23.892444236048256,-28.64069426975789,-32.68777407017604,-36.0399549982238,-38.565531542006575,-40.30280376979286,-41.45933312641927,-42.28978892571684,-42.95562750040517,-43.40772926362928,-43.43096933146521,-42.77470185898753,-41.26358102799833,-38.86239420529857,-35.68513890060816,-31.96092754975478,-27.97686716030936,-24.017780718933736,-20.316176616573497,-17.017634254987875,-14.160077513499678,-11.663151623982774,-9.34146083675014,-6.97833573977183,-4.436300255837181,-1.711360815098354,1.0796508308848074,3.735208985774935,6.013917234657992,7.683815113471194,8.566649687838964,8.566647971720322,7.683810112780378,6.013909239284636,3.7351986268641273,1.079639552211153,-1.7113731069520004,-4.436313027471831,-6.978348184543743,-9.34147327861627,-11.663163041843813,-14.160089514464586,-17.017646527788724,-20.316188217882903,-24.01779174445448,-27.976877239783505,-31.960936170519016,-35.68514578417475,-38.86240076643109,-41.26358335492143,-42.774698661902576,-43.43098829821194,-43.40774760817181,-42.95560202057453,-42.28975906755503,-41.459335447036814,-40.302838464758885,-38.5655692838852,-36.0399211070102,-32.687803764757355,-28.640719529590623,-23.89246406588644,-18.585051174995534,-13.030502384032728,-5.616509906080863,4.181473946311544
4.138436507879482,-5.642622299366744,-13.043639173398171,-18.591627447929824,-23.89696407190957,-28.645293283796743,-32.69227625488008,-36.04386214711931,-38.56868536830775,-40.30570143435104,-41.46270510966674,-42.2943968330781,-42.96230816159324,-43.41710113565742,-43.44266943685857,-42.78715734108664,-41.274629538346325,-38.87018113291074,-35.68867888493498,-31.96011973342574,-27.972246444780456,-24.01023624354852,-20.306712253250826,-17.007167781004238,-14.149264000183402,-11.652305226845394,-9.330595881918672,-6.967235785462381,-4.424574699336478,-1.6985769755260387,1.0937851822250189,3.75073838152192,6.030651774725679,7.701414758560007,8.584691647555521,8.584689985232444,7.701409884284767,6.030643927171914,3.750728207890043,1.0937740896663324,-1.6985890697614632,-4.424587180542043,-6.967248005096135,-9.33060814160215,-11.652316346828108,-14.149275730817662,-17.007179812618194,-20.306723587474533,-24.010247005786205,-27.972256259203352,-31.960128047699676,-35.68868543045327,-38.870187244046186,-41.27463134587431,-42.78715416830693,-43.44268727200989,-43.4171177862338,-42.96228419825474,-42.29436752614606,-41.462706882154656,-40.30573434252603,-38.56872278707471,-36.04383004632711,-32.6923054150301,-28.64531853002339,-23.89698411932589,-18.59164243056806,-13.043655900929972,-5.642642766257518,4.138413084827232
4.095890938551368,-5.66850197050746,-13.056830915833109,-18.598490997348165,-23.90191818777221,-28.65038729731464,-32.69728219329807,-36.04825385622329,-38.57228222998857,-40.308985843067525,-41.46639040797449,-42.29922158235401,-42.96907297346267,-43.426387430948246,-43.45410678806719,-42.79920563572375,-41.28518853110678,-38.87746529054504,-35.691758093865225,-31.958924689228247,-27.96732012273217,-24.00245822871535,-20.297066904626327,-16.99655092768506,-14.138313456893036,-11.641327043312472,-9.319606493360396,-6.95603045563549,-4.412782695056099,-1.68578855150486,1.1078440127532043,3.7661046523664816,6.0471415770275385,7.718706994924704,8.60239217322106,8.602390566508841,7.71870226299171,6.04713393173598,3.766094743572998,1.107833186756728,-1.6858003718382448,-4.412794814116403,-6.95604238143602,-9.319618504775264,-11.641337794682531,-14.138324854472236,-16.996562659740345,-20.29707791213337,-24.00246866584002,-27.96732961517281,-31.958932655724603,-35.691764257126046,-38.87747089220574,-41.28518979199208,-42.799202465688126,-43.45412348071888,-43.42640244959593,-42.96905044421239,-42.29919284655378,-41.46639162832595,-40.309017017305216,-38.572319293286085,-36.04822350812593,-32.69731084216817,-28.6504125358882,-23.90193845748789,-18.598506156078653,-13.056847787622804,-5.668522559057295,4.095867369204459
4.053851263750228,-5.694138624064625,-13.070062174521444,-18.60562321763806,-23.90729937039505,-28.65596674100879,-32.70278208459913,-36.05312054236085,-38.57631315300251,-40.31264869089007,-41.47038211997089,-42.3042584607468,-42.9759206097182,-43.4355911723193,-43.46528918292304,-42.8108587177991,-41.29527236214516,-38.8842611100808,-35.69438914177576,-31.957352426743984,-27.96209569579456,-23.99445208354106,-20.287244545280185,-16.985786950846947,-14.12722896430305,-11.630220226040556,-9.308495815308426,-6.944722380401023,-4.400925605469225,-1.6729947112409156,1.1218311929474731,3.781315432052166,6.063398507261998,7.735707737835051,8.61976924199284,8.619767701227948,7.735703172654698,6.063391113606004,3.781305838490446,1.1218206803311783,-1.6730061939752794,-4.40093729999405,-6.944733956340476,-9.308507519185156,-11.630230565742728,-14.127239980860034,-16.985798335855616,-20.28725518093825,-23.99446214964951,-27.962104814556323,-31.957359997372198,-35.6943948993161,-38.88426618408592,-41.29527305054447,-42.81085548457384,-43.46530473594619,-43.43560468696484,-42.97589933429708,-42.304230321211065,-41.4703827804332,-40.31267827176345,-38.576349722992695,-36.053091953576434,-32.70281024103547,-28.65599197172226,-23.907319865788786,-18.60563855271017,-13.070079190634448,-5.694159335131379,4.053827548071132
4.012310973462563,-5.719535691140726,-13.083331454513877,-18.613017963526893,-23.91309880184792,-28.662019853559947,-32.7087633768141,-36.05844985433018,-38.58076652259807,-40.31667968292406,-41.47467172312039,-42.30950153168848,-42.98284878554702,-43.44471485194517,-43.47622400925578,-42.82212816378126,-41.30489537815025,-38.89058428690429,-35.69658732834739,-31.955416083468005,-27.956583434134185,-23.98622553252198,-20.277250895000552,-16.974880358020197,-14.116014471872608,-11.6189885433891,-9.2972673608897,-6.933314440689088,-4.389004803966222,-1.6601945029180185,1.1357508005220238,3.796377739419064,6.07943176946004,7.752427122185301,8.636833585038751,8.636832107096929,7.752422730518143,6.07942464451589,3.796368488428884,1.1357406345055483,-1.6602056155922196,-4.389016047038258,-6.933325639658783,-9.297278728826283,-11.61899843322435,-14.11602507843182,-16.97489137293422,-20.277261133848917,-23.986235205809518,-27.95659216230704,-31.95542323776908,-35.69659264950921,-38.89058882222417,-41.30489552365435,-42.8221248592056,-43.47623841917888,-43.44472693807242,-42.9828286615668,-42.309474019510034,-41.474671844735575,-40.31670774815966,-38.58080255936641,-36.0584229593541,-32.70879108377228,-28.662045079531843,-23.913119528584566,-18.613033501938144,-13.083348638739505,-5.719556539529852,4.012287095880311
3.971259884931544,-5.744702146759319,-13.09663962366721,-18.62067143043039,-23.91930958322183,-28.668537630179664,-32.71521690780063,-36.0642328153089,-38.58563393922571,-40.32107130074134,-41.479253126012985,-42.314946919776624,-42.98985687949036,-43.45376220735865,-43.48691960932369,-42.83302633859573,-41.31407232803591,-38.89644961217811,-35.69836559142553,-31.953125880476247,-27.950790833857557,-23.977783798319543,-20.26708964355433,-16.963834059737444,-14.104672673504291,-11.607634701524155,-9.28592372750457,-6.921808663936703,-4.37702094663094,-1.6473863026777251,1.149607527459564,3.811300125888498,6.095254029078699,7.7688817899370415,8.653603934764291,8.653602533919193,7.768877588762614,6.095247176187112,3.8112912122765463,1.1495977143017309,-1.6473970279200922,-4.377031720046427,-6.921819475724813,-9.285934754564712,-11.607644118183982,-14.104682856655696,-16.96384469666974,-20.267099472823723,-23.977793066879205,-27.95079916110194,-31.953132608042687,-35.698370475243095,-38.89645362222799,-41.31407194338036,-42.833022938613134,-43.48693289903355,-43.45377291347516,-42.98983783933427,-42.31492004422406,-41.479252732734594,-40.32109792605817,-38.585669399838665,-36.06420757134488,-32.715244215825656,-28.66856284267724,-23.91933054963748,-18.620687180968403,-13.096656978128332,-5.744723135917693,3.971235843119292
3.930691092240064,-5.769643495975853,-13.109985246117953,-18.62857728042852,-23.925921997146183,-28.675507784786497,-32.722129887885394,-36.07045663752832,-38.590903388636775,-40.32581256450081,-41.48411727990985,-42.32058825013443,-42.996942466885656,-43.462735773614405,-43.49738387156477,-42.84356547470599,-41.32281825872604,-38.901872823804375,-35.69973854875736,-31.950494363862703,-27.944727914686112,-23.96913453860007,-20.256766820663177,-16.95265313328822,-14.093208305886762,-11.596163343127426,-9.274469431254682,-6.910208847618758,-4.36497650495688,-1.6345701680412237,1.1634043465060857,3.826089039634668,6.11087504639119,7.78508402568706,8.670094148279771,8.670092821930675,7.785080023862059,6.110868507452071,3.826080533924807,1.1633949580299634,-1.6345804456808324,-4.3649867574998105,-6.910219213370722,-9.274480043958627,-11.596172232108112,-14.093218008104504,-16.95266333619321,-20.256776188232777,-23.969143349676543,-27.94473579031375,-31.950500618143177,-35.69974294340254,-38.901876256088464,-41.32281732470102,-42.84356194278045,-43.49739605712752,-43.46274515605709,-42.99692430251629,-42.32056207195092,-41.4841164248127,-40.32583789850788,-38.59093806083366,-36.070433061652864,-32.722156815388495,-28.675532975961232,-23.925943209516724,-18.62859323700961,-13.110002750563591,-5.769664604922284,3.930666908326508
3.890594184473789,-5.794365588145649,-13.123367649025028,-18.63673047947809,-23.93292830465547,-28.682920369927587,-32.72949231105537,-36.07711131909393,-38.596565436059485,-40.33089521680947,-41.48925733409887,-42.32642073001124,-43.00410369975766,-43.47163764919888,-43.50762351608138,-42.85375625338921,-41.33114639243845,-38.90686788637045,-35.70071913380537,-31.947532185478558,-27.93840279685785,-23.960283644373348,-20.246286644064728,-16.94134089593372,-14.081624311180663,-11.58457732022918,-9.262907109815972,-6.898517137715264,-4.352872380714441,-1.621745101719367,1.1771448275535858,3.840750991770484,6.126304130222808,7.801045788378523,8.686317330498145,8.686316079503877,7.801041991752666,6.126297905678964,3.840742891830184,1.1771358589988283,-1.6217549250723908,-4.352882096445734,-6.898527052418479,-9.262917315251682,-11.584585652820474,-14.08163352130939,-16.941350662087814,-20.24629553804582,-23.960291989112964,-27.938410210961692,-31.947537952258777,-35.700723033473835,-38.90687075238669,-41.331144922651085,-42.85375254539232,-43.507634584155454,-43.4716457661557,-43.00408636107852,-42.32639525062623,-41.48925600204552,-40.330919281549214,-38.59659929309372,-36.07708940539682,-32.7295188449823,-28.68294554583156,-23.932949766300165,-18.636746651011524,-13.12338531068658,-5.794386825371167,3.890569846890793
3.85094991237006,-5.818881719497599,-13.13678557980797,-18.645123803552764,-23.94031668061181,-28.69076278282689,-32.73729175753504,-36.08418551568335,-38.60260913032231,-40.33630879259483,-41.49466420576746,-42.33243770603675,-43.01133769405247,-43.48047036801955,-43.517646999739526,-42.86361320579635,-41.33907514773053,-38.9114526122699,-35.70132181930834,-31.94425081442995,-27.931824821118152,-23.95123826666192,-20.2356552301522,-16.92990325268391,-14.069926582924522,-11.57288258719066,-9.251242542226276,-6.886738277310184,-4.340712059041448,-1.6089118197331371,1.1908313602534006,3.855293860341583,6.141556200791415,7.816791928519517,8.702302528358546,8.70230132678126,7.81678829744824,6.1415502679100005,3.855286150405021,1.19082277473159,-1.6089212416107517,-4.340721275622084,-6.886747783785378,-9.251252391825563,-11.57289039507101,-14.06993534000433,-16.929912625589186,-20.23566368825395,-23.95124618021861,-27.931831812637025,-31.9442561520193,-35.70132527309319,-38.91145492561012,-41.33907325175585,-42.86360925487004,-43.517656713605824,-43.480478071251525,-43.011320875257134,-42.332412718217896,-41.49466211938952,-40.33633169267621,-38.60264247524734,-36.08416563703408,-32.73731721617458,-28.69078819222918,-23.94033838357971,-18.64514016291709,-13.136803367294135,-5.818903072983231,3.850925428633549
3.811790873994647,-5.843168454101845,-13.150239644972617,-18.653759659484923,-23.94809265645085,-28.699033079491223,-32.74552092838336,-36.09167103693141,-38.60902753291676,-40.34204818224937,-41.50033505211482,-42.33863882529041,-43.01864669908116,-43.48923800427455,-43.52745619026954,-42.87313421902776,-41.34659983241823,-38.915627186708925,-35.701554155178705,-31.940659657515184,-27.925000176362936,-23.9420023664732,-20.22487345834424,-16.918337901669517,-14.058111195840045,-11.561074511448204,-9.23947115691773,-6.874868247240905,-4.3284910533230425,-1.5960656664231825,1.2044706622662764,3.8697191152966823,6.156621907827486,7.832286759165559,8.718005757564944,8.718004661218904,7.832283406593854,6.156616383366107,3.869711924376393,1.2044626373242229,-1.5960744878079234,-4.328499616851138,-6.874877187087464,-9.239480462488835,-11.561081679588318,-14.058119351163391,-16.918346732448317,-20.224881350118107,-23.9420097189067,-27.925006615312764,-31.940664429725587,-35.70155703173826,-38.91562884772402,-41.34659736747617,-42.87313000527476,-43.5274648932358,-43.4892446531565,-43.01863023612919,-42.33861457220374,-41.50033262529433,-40.342070193992896,-38.60905975159306,-36.09165276887302,-32.745546053542576,-28.69905849978461,-23.948114597484015,-18.65377627205729,-13.150257632458692,-5.843189965142594,3.811766212664127
3.773065350748263,-5.867258334298596,-13.163726168819789,-18.66262406659753,-23.956234105333333,-28.707712234774984,-32.75416563176477,-36.09955458445097,-38.6158076688751,-40.34810090604308,-41.50625824331336,-42.345014321861285,-43.0260245769709,-43.497940952352586,-43.537062551528265,-42.88234232536975,-41.35375087491432,-38.91941885283146,-35.70143455741819,-31.936771139768787,-27.917939599574613,-23.93258487915392,-20.213950148707344,-16.9066548761678,-14.046189059691187,-11.549164457919112,-9.227603823994723,-6.862916561210132,-4.316216526414665,-1.5832103011200869,1.218062250595476,3.884037334607049,6.171527828050057,7.847587370912096,8.73349471918178,8.733493713240854,7.847584277253992,6.171522704037565,3.884030647563633,1.218054759527802,-1.5832185426029683,-4.316224435656191,-6.862924935100386,-9.227612606127687,-11.549170965980483,-14.04619661093799,-16.906663168319604,-20.213957467593517,-23.93259166404616,-27.917945477677296,-31.936775336765265,-35.701436857218894,-38.91941987573291,-41.35374780870426,-42.88233779374624,-43.537070313869805,-43.49794625990347,-43.0260085638858,-42.34499088702744,-41.50625552627917,-40.348121964867616,-38.615838564089785,-36.09953788215719,-32.75419059148405,-28.707737580745214,-23.956256297761637,-18.662640908600263,-13.163744320458886,-5.867279980047679,3.7730405350045984
3.734780661143321,-5.891146445496399,-13.17724616834874,-18.67171687011348,-23.964740498408464,-28.716795792173023,-32.76321939685872,-36.10782923692933,-38.62294320508557,-40.35446179599347,-41.512430237842345,-42.35156265781018,-43.03347228576422,-43.50658246196448,-43.546470719201714,-42.89124206484858,-41.36053266944662,-38.92283377950792,-35.700971060227126,-31.93259288198129,-27.910648395584477,-23.922989131904696,-20.202886826744496,-16.894854263626925,-14.034159506823285,-11.53715149809845,-9.215639650738648,-6.850882076140814,-4.303886980495827,-1.5703430274646009,1.231610973401496,3.8982529185903054,6.186276140814688,7.862687104801295,8.748760272299744,8.748759353581184,7.862684271364234,6.186271433778956,3.898246771850263,1.2316040462041842,-1.570350669549085,-4.303894214015796,-6.850889862793337,-9.21564788866834,-11.537157315099456,-14.03416642969817,-16.894861999281513,-20.20289355083628,-23.92299532956752,-27.910653696912117,-31.93259647854166,-35.70097274476496,-38.92283413276187,-41.360528990563104,-42.8912372002978,-43.54647755198309,-43.50658644145946,-43.03345659623889,-42.351540031616736,-41.512427275439215,-40.35448197005059,-38.62297271129247,-36.10781407267412,-32.76324421582135,-28.716821060061104,-23.964762929178,-18.67173393080208,-13.177264496690126,-5.891168257343996,3.734755653891386
3.6969140772826496,-5.914845321861498,-13.190796772426172,-18.681028697346395,-23.973597788128032,-28.726269175112677,-32.77266838931848,-36.11648191744494,-38.63042175412024,-40.36111936224616,-41.51884095751725,-42.35827608798986,-43.04098566932898,-43.51516400061908,-43.55568868281547,-42.89984815575817,-41.3669644335369,-38.92589098637383,-35.70017957873295,-31.92813774492507,-27.903137106668183,-23.91322336620709,-20.191690414910585,-16.882942525807803,-14.022028900001995,-11.52504195808464,-9.203584573317263,-6.838769919575739,-4.291505923266479,-1.5574649618286849,1.2451183156483394,3.912372626820396,6.200880059163507,7.877609868485834,8.763830578543292,8.763829725520406,7.877607267577677,6.200875772243758,3.912367031300264,1.245111948250574,-1.557472017522632,-4.291512474224749,-6.838777122921871,-9.20359230297097,-11.525047031097444,-14.02203518627247,-16.882949716538455,-20.19169653351604,-23.913228971705685,-27.90314182815744,-31.928140739457216,-35.70018064983578,-38.925890665091,-41.36696012642452,-42.899842982136434,-43.555694672788825,-43.51516634201512,-43.04097041657817,-42.358254365092805,-41.51883784274735,-40.361138593401925,-38.630449706918746,-36.11646826287401,-32.77269322427094,-28.726294278543232,-23.973620471557304,-18.68104598347525,-13.190815264417076,-5.914867290336691,3.6968888894188847
3.659457316464929,-5.938358846200994,-13.204377129065197,-18.69055521620839,-23.982799357819207,-28.73612376383163,-32.78250368503628,-36.12550377859918,-38.63823495887589,-40.36806624219285,-41.52548456357073,-42.36515079541204,-43.04856377303503,-43.52368804321922,-43.564722838160286,-42.908169972964565,-41.37305742908488,-38.9286022929186,-35.69907109022113,-31.92341493767678,-27.8954126706562,-23.90329243810788,-20.18036439651719,-16.870922299277765,-14.009799431846876,-11.512837911086248,-9.191440540289085,-6.826581509320306,-4.279073930991717,-1.5445749436137883,1.258587683162898,3.926402107945492,6.215347233051901,7.892363854860735,8.778714797449831,8.778714038864488,7.892361531330878,6.21534337087904,3.9263970509495056,1.258581888272721,-1.5445813809029696,-4.27907975771605,-6.826588120944609,-9.191447789090358,-11.512842208359856,-14.009805066359126,-16.87092894444895,-20.18036989376808,-23.903297434586868,-27.895416803486007,-31.92341734356261,-35.69907156209009,-38.92860129529639,-41.37305247920386,-42.90816448409706,-43.56472802304882,-43.523688731538826,-43.04854894070824,-42.36512997028195,-41.52548129884511,-40.36808453595478,-38.6382613235326,-36.12549156615112,-32.78252860781386,-28.736148674425397,-23.98282228205993,-18.690572736735994,-13.20439580124661,-5.938380988488683,3.6594319294067854
3.622404366217321,-5.961689315894448,-13.217986092712591,-18.700291920129967,-23.99233842641164,-28.746350661759195,-32.79271570962077,-36.13488552056553,-38.646374006691474,-40.3752945563056,-41.532354445922586,-42.37218194864931,-43.05620428646281,-43.53215532049191,-43.5735773751961,-42.91621451911352,-41.378820575982544,-38.93097757555579,-35.697655480719675,-31.91843324503294,-27.887482219404077,-23.893201795030556,-20.16891286938934,-16.85879692085736,-13.997474073074477,-11.50054231469482,-9.179210252007204,-6.814319209047476,-4.266592472907056,-1.5316730566581886,1.272020776709939,3.940344698229056,6.229682236740572,7.906954160784787,8.793417991213639,8.7934173337925,7.906952127685783,6.229678805988333,3.940340186506183,1.2720155554866464,-1.5316788912579578,-4.266597524847752,-6.814325243236653,-9.179217161432865,-11.500545703004995,-13.997479062403348,-16.858803086235884,-20.168917738554452,-23.8932061907242,-27.887485777878627,-31.91843507733036,-35.69765538137925,-38.93097594588321,-41.37881502384453,-42.91620870471148,-43.57358174599676,-43.53215457706715,-43.0561897265623,-42.372161947176565,-41.53235103095148,-40.37531198429177,-38.64639892269948,-36.13487448264943,-32.79274083899241,-28.74637535265552,-23.99236158334838,-18.700309659512136,-13.21800491654851,-5.961711614524795,3.622378794731046
3.585737511412896,-5.984844511496307,-13.231621190809395,-18.71023144578573,-24.002204761340977,-28.756938668433968,-32.8032938547522,-36.1446171244611,-38.654829374807406,-40.38279588008949,-41.53944372226204,-42.3793647804988,-43.06390549018163,-43.54056779762787,-43.5822595528943,-42.92399378373605,-41.3842689387787,-38.93303207692495,-35.69594612627486,-31.913203463402613,-27.8793541071042,-23.88295766645128,-20.157340685816724,-16.846570519115932,-13.985056627153414,-11.488158839509124,-9.166896907221728,-6.801985587699614,-4.254062810702545,-1.518758615728713,1.2854205763420778,3.954206890902664,6.243895507086296,7.921397332085433,8.807959310499824,8.807958753637863,7.921395573706053,6.24389248642789,3.954202922085448,1.2854159134729102,-1.5187638992715249,-4.254067008046981,-6.801991076397069,-9.166903739355536,-11.488161070695265,-13.985060980842428,-16.846576327973953,-20.1573449127654,-23.88296147530081,-27.87935711878193,-31.9132047391415,-35.695945473364155,-38.93302985280496,-41.3842628789015,-42.92398758484751,-43.582262994041685,-43.54056642038762,-43.06389074253303,-42.3793452927998,-41.53944007587228,-40.38281270582927,-38.65485334919431,-36.14460682307887,-32.803319171637334,-28.756963215683797,-24.00222813009261,-18.7102494045752,-13.23164017775553,-5.984866986356016,3.5857117338249664
3.5494647167204385,-6.0078232470725865,-13.245285382478531,-18.720375376263966,-24.01239866632219,-28.76788456455386,-32.81423306609603,-36.15469250832598,-38.66359544878538,-40.39056527995112,-41.54674853766147,-42.386696951377246,-43.07166691294162,-43.548927387779145,-43.590771980981046,-42.93151011291011,-41.38940422364685,-38.93476870309365,-35.69394725319255,-31.907729661492784,-27.87103099309408,-23.872561819519536,-20.145648555366616,-16.834242855416306,-13.972546690103387,-11.47568708855945,-9.154500459101255,-6.789580854706087,-4.241484894596528,-1.5058311675505414,1.2987891752596463,3.967990324741322,6.257987463811286,7.935685920175861,8.822329577271963,8.822329110633907,7.93568442350147,6.257984837305565,3.9679868804156615,1.2987850559839873,-1.505835921709909,-4.241488148182168,-6.789585816299924,-9.154507400816165,-11.475687962781045,-13.972550382729729,-16.834248398989786,-20.145652113618866,-23.872565032182308,-27.87103345748766,-31.90773038916712,-35.69394606155558,-38.93476589271776,-41.389397706757165,-42.93150351606873,-43.59077445381244,-43.54892582471108,-43.07165180500236,-42.386677766128216,-41.54674461974362,-40.390581615897815,-38.663618754966606,-36.1546828571093,-32.81425837771639,-28.76790908683145,-24.01242223469162,-18.72039355518339,-13.245304533493018,-6.007845905588392,3.549438721153137
3.51356184220457,-6.0306361828964175,-13.258975684830473,-18.73071507557787,-24.02290829621321,-28.77917621473656,-32.82552204249986,-36.16510096708362,-38.67266238353759,-40.3985937222532,-41.55426123902977,-42.39417290784837,-43.07948621310504,-43.55723679412755,-43.59912299526634,-42.938777679418976,-41.39424437167461,-38.936205178590384,-35.69167380859855,-31.902023527587883,-27.86252182467901,-23.86202093762209,-20.13384184337808,-16.82181868436277,-13.959948745067903,-11.463131352508825,-9.142024791089286,-6.777108066483281,-4.228860343480885,-1.492890017946003,1.3121299293869164,3.981702963999848,6.27197146329749,7.949841934573832,8.836554720278372,8.836554333319773,7.949840674431807,6.271969229136126,3.98170005230442,1.3121263302552195,-1.4928942786864474,-4.228862544926951,-6.777112530558989,-9.142032049893963,-11.463130643874443,-13.95995174418692,-16.821824065521632,-20.13384470068948,-23.862023543451738,-27.862523748681685,-31.902023701249025,-35.69167205938356,-38.93620179654071,-41.394237428587125,-42.93877068271681,-43.5991245599946,-43.55723503472927,-43.07947079644552,-42.39415396445492,-41.55425705265597,-40.39860956874768,-38.67268502690285,-36.16509204776963,-32.82554725118397,-28.779200756357284,-24.022932056213936,-18.730733472313798,-13.258995026833125,-6.030659062068341,3.5135355860210797
3.4780257943185693,-6.053285818944338,-13.272692957824486,-18.74124888736808,-24.03373025108631,-28.79080809857352,-32.83715444608467,-36.17583597100468,-38.682024204432544,-40.406875991243126,-41.56197765333543,-42.40178993902943,-43.087362743038895,-43.56549790138623,-43.60731652569861,-42.94580186886641,-41.39879550019598,-38.93734827640228,-35.689132568067684,-31.896090807398476,-27.85383078269111,-23.85133797345587,-20.121922441500075,-16.80929922554653,-13.94726375558493,-11.45049242193948,-9.12947087797471,-6.76456797589485,-4.2161893315001295,-1.4799344679939437,1.325445151112831,3.995348113033045,6.2858515199436304,7.963867633984045,8.850636842702606,8.850636530465747,7.9638666036574035,6.285849667259543,3.9953457270054704,1.3254420634977833,-1.4799382312786291,-4.216190424875696,-6.764571966084837,-9.12947848060766,-11.450490084711204,-13.947266013393255,-16.80930448035278,-20.12192458510778,-23.85133995748109,-27.853832159938587,-31.896090423189243,-35.689130283546774,-38.937344350462425,-41.39878814889832,-42.94579449795301,-43.60731726886844,-43.56549582335094,-43.08734715098328,-42.40177129900211,-41.56197324486276,-40.406891297386814,-38.682046037290505,-36.17582794667253,-32.8371794421198,-28.790832691702363,-24.033754214882197,-18.74126749776424,-13.272712452901478,-6.053308873911425,3.4779993187570786
3.4428723912083856,-6.075766933895821,-13.286438598716218,-18.751977893107448,-24.04486416830462,-28.802776917960287,-32.84912539944517,-36.1868921918269,-38.69167580367536,-40.41540745422378,-41.56989381234563,-42.40954499927463,-43.0952946344498,-43.57370983084678,-43.61535170136051,-42.95258089316236,-41.40305511006223,-38.93819678823426,-35.68632435635755,-31.889933480474035,-27.84495986228532,-23.840514509811065,-20.109891200155992,-16.79668487263466,-13.934492029554256,-11.43777082425738,-9.116839720201956,-6.751961901348284,-4.203473424609558,-1.4669663482293025,1.3387330139750675,4.0089222064567,6.29962095114855,7.977748877226999,8.86455815727449,8.864557919173278,7.977748064140029,6.299619459314443,4.008920331485668,1.3387304361587615,-1.4669696014673246,-4.203473407226764,-6.751965441708442,-9.11684760328118,-11.437766903354117,-13.934493505360097,-16.796689998839465,-20.109892634468483,-23.84051586229647,-27.844960685046946,-31.889932534954337,-35.68632154687744,-38.93819232659924,-41.40304734922091,-42.95257318142018,-43.61535172138128,-43.57370729762405,-43.09527898877483,-42.409526698313286,-41.56988923147957,-40.41542217422992,-38.69169672808529,-36.18688521232304,-32.84915009834462,-28.80280159570937,-24.04488834051717,-18.75199671750749,-13.286458261355008,-6.07579019148349,3.4428456645935075
3.408066677027706,-6.098094701064061,-13.300209821291435,-18.76289263324759,-24.05629723272905,-28.81507017653969,-32.861423699968896,-36.19825930324887,-38.701607538017086,-40.42417944326274,-41.578002590165845,-42.41743321290735,-43.1032804645812,-43.58187627587738,-43.6232390493243,-42.95913210016858,-41.40704497622554,-38.93877170205649,-35.68326621433293,-31.88356431211848,-27.835918525984376,-23.82955738036632,-20.09775358167376,-16.783980489004996,-13.92163804436154,-11.42497071471029,-9.104134705975524,-6.739292100086064,-4.190713067383523,-1.4539832169462694,1.3519991139740148,4.02243671628712,6.31329829546205,7.991516409260351,8.878355005571994,8.878354834948057,7.991515796041667,6.313297132127538,4.022435314091511,1.3519970074665135,-1.4539859844146168,-4.190711905753783,-6.739295227832022,-9.104142937420924,-11.424965155271464,-13.921638712586317,-16.783985539517317,-20.097754310636613,-23.82955810052,-27.83591880896368,-31.883562824087758,-35.683262888905865,-38.938766745976885,-41.40703687466676,-42.95912412710708,-43.623238437351546,-43.58187321996116,-43.1032648612492,-42.41741530262509,-41.57799789204447,-40.424193554236176,-38.70162750556072,-36.19825345247792,-32.861448065884346,-28.81509497145225,-24.056321631621056,-18.76291171390491,-13.300229716430136,-6.098118222425261,3.408039634341843
3.373631044807364,-6.120261949719867,-13.314009875035184,-18.77399756716929,-24.068033039678586,-28.827688353011727,-32.87404796862908,-36.209935277420925,-38.71181750829049,-40.43319046272425,-41.586302959712135,-42.42545411176765,-43.111320299769886,-43.5899971840802,-43.63097689297038,-42.96545106107106,-41.41075852069324,-38.93906758441888,-35.679955229362854,-31.876982114612584,-27.82670601868022,-23.81846583055016,-20.085508294986884,-16.77118437143236,-13.908700049932785,-11.412090521013727,-9.09135503840229,-6.726558320454448,-4.17790860571939,-1.440986245638218,1.3652418950117609,4.035887424325422,6.326875224502879,8.005151839061138,8.892004423676855,8.89200428417318,8.005151362472771,6.326874334583279,4.035886441553419,1.365240209271526,-1.440988531061572,-4.177906373173385,-6.726561063099462,-9.091363440206347,-11.4120835293828,-13.908699896360428,-16.771189304849905,-20.085508364314947,-23.81846593209143,-27.826705772927635,-31.8769800967637,-35.679951416190306,-38.93906220292498,-41.41075014357723,-42.96544290856577,-43.63097577409346,-43.5899936080831,-43.11130484678869,-42.42543661625266,-41.58629818128429,-40.43320396762436,-38.71183650504101,-36.20993063889362,-32.874071979220425,-28.827713306061856,-24.068057692668383,-18.774016918766357,-13.314030047211444,-6.120285801702377,3.373603604786092
3.339535842813217,-6.142281205850646,-13.327835892318026,-18.78528366247533,-24.08005951815986,-28.84061951478936,-32.88698733218337,-36.2219099980212,-38.72229630475601,-40.442431903298136,-41.59478766262435,-42.43360244625891,-43.11941201970886,-43.59807514107677,-43.63857400226131,-42.9715527351389,-41.414214840028656,-38.93910285600079,-35.676406565673915,-31.87019851858185,-27.817331209291456,-23.807246404796707,-20.073160646091324,-16.758301440162853,-13.895682570978703,-11.399134456573377,-9.07850441724735,-6.713763146912763,-4.165060974730146,-1.4279739326626923,1.3784653251937822,4.049282992540848,6.340365632356363,8.018679402756923,8.905534923439484,8.905534915891403,8.01867930879128,6.340365321436251,4.049282724895364,1.3784643102807332,-1.427975513702955,-4.165057641721817,-6.713765434564057,-9.078512608052272,-11.399126213533354,-13.895681457543972,-16.75830602235584,-20.0731599669983,-23.807245768008016,-27.81733031639618,-31.870195840105684,-35.676402054453405,-38.93909668653772,-41.41420570399475,-42.97154391599116,-43.638571957109946,-43.59807055512527,-43.11939650281857,-42.43358522863816,-41.594782729085175,-40.4424447025984,-38.72231418876248,-36.22190657658977,-32.88701086317739,-28.84064452910111,-24.080084303130928,-18.785303190797286,-13.327856126777418,-6.142305128480526,3.339508316504872
3.3057740723264506,-6.164157020204003,-13.341688013276109,-18.7967479747386,-24.092371385433143,-28.853857086624053,-32.9002350634425,-36.23417671979099,-38.733037576044566,-40.45189814296003,-41.60345196251392,-42.44187487975101,-43.12755426109055,-43.60611170405922,-43.646034782267805,-42.97744388287652,-41.41742202302665,-38.93888565160953,-35.672627481122326,-31.863219560841745,-27.80779877873308,-23.79590254313081,-20.06071324922056,-16.745333828575294,-13.882587573361446,-11.386104516623623,-9.06558468569276,-6.7009082072940345,-4.152171248351699,-1.414946442674841,1.39167039999333,4.062625864507098,6.3537735460119045,8.032104600488085,8.918952998098025,8.9189533649354,8.032105527273602,6.353774656940945,4.0626271394767,1.3916707298618038,-1.4149467880567204,-4.152166558281866,-6.700909801470879,-9.065592182608412,-11.386094920746457,-13.882585179630173,-16.745337608004167,-20.060711502311136,-23.795900845933343,-27.807796921456323,-31.86321581114367,-35.67262163881978,-38.93887775410182,-41.417410868022976,-42.97743301617507,-43.64603048172099,-43.6061048124496,-43.127538204398526,-42.441857486336296,-41.6034465424146,-40.45190982481084,-38.733054113965466,-36.234174376144594,-32.90025777255907,-28.85388185118496,-24.092395915587627,-18.796767326001596,-13.341707655703884,-6.164180258180499,3.3057473357344005
3.272337565135381,-6.18589381847043,-13.355565756780663,-18.808387106254894,-24.104963148217735,-28.867394473719617,-32.9137844433731,-36.24672887841186,-38.744035142356005,-40.461583535880834,-41.61229115994763,-42.450268010887925,-43.13574556211219,-43.614107668384015,-43.65336282635482,-42.983130562650246,-41.420387666138886,-38.9384238392416,-35.668625116907684,-31.856051072864183,-27.798113085398217,-23.784437357103464,-20.04816834815885,-16.732283216436382,-13.869416621085662,-11.373002299490878,-9.05259711802526,-6.6879946058688,-4.139239850668095,-1.401903027893989,1.4048593299552492,4.075919944924892,6.3671045535652455,8.045434642620396,8.932266673280226,8.932267413226656,8.045436604102205,6.367107090060768,4.075922758268437,1.4048609980155895,-1.401902134498965,-4.1392337972501405,-6.687995481329877,-9.052603952429044,-11.372991298572632,-13.869412946947378,-16.73228618195184,-20.04816552460392,-23.784434583260467,-27.798110241214573,-31.856046229943825,-35.66861793388769,-38.938414209052034,-41.42037444753232,-42.9831176465318,-43.65335628240438,-43.614098330566605,-43.13572904044163,-42.450250462906766,-41.612285268102326,-40.46159401971275,-38.74405023272401,-36.246727712090745,-32.91380621943062,-28.867418947949997,-24.1049873861974,-18.80840624497428,-13.355584784454448,-6.185916358778693,3.272311617765047
3.239206972643012,-6.207500666831389,-13.369467661963643,-18.82019478656721,-24.117825700455107,-28.88122196307297,-32.927626133843575,-36.25955735908683,-38.75528026497041,-40.47147996918368,-41.62129831011462,-42.4587766259808,-43.14398335308956,-43.62206439853463,-43.660564379468646,-42.98862362548478,-41.42312551038157,-38.93773096175235,-35.66441084818882,-31.84870197960013,-27.78828091552857,-23.77285590015172,-20.035530074423907,-16.7191533338445,-13.856173248068984,-11.359831223567364,-9.039544896901605,-6.6750248539222,-4.126268113193359,-1.3888431526102127,1.418034820750178,4.089171239454409,6.380368344862226,8.05868443612775,8.945493712475532,8.945494822504282,8.05868741004727,6.380372279898768,4.0891755763755055,1.4180378169904442,-1.3888410286602242,-4.126260730221792,-6.675025020389236,-9.039551078242944,-11.35981883249633,-13.856168305737038,-16.71915547483288,-20.03552618549796,-23.772852054334724,-27.78827709434413,-31.848696058540924,-35.664402332218415,-38.93771959726357,-41.423110213184245,-42.988608669683245,-43.660555576603045,-43.62205247780117,-43.14396646685879,-42.458758957459565,-41.621291934980846,-40.47148915355554,-38.75529379110007,-36.25955748044953,-32.92764686305614,-28.881246089925057,-24.11784960535123,-18.82021365233141,-13.36948599241231,-6.207522428787033,3.23918189706812
3.2063882792202945,-6.2289775444890045,-13.38339589994259,-18.83217211539345,-24.13095806940864,-28.89533629386456,-32.94175563838527,-36.27265714061611,-38.766767849927504,-40.481582744902326,-41.63046944264615,-42.467397796126,-43.152266124438775,-43.62998189221045,-43.667640411772325,-42.99392411283522,-41.42563615157831,-38.93680821854386,-35.659986400929,-31.84117422814104,-27.77830395877742,-23.761159492790945,-20.02279932323697,-16.705944823475207,-13.84285807117264,-11.346591957687266,-9.026429279764091,-6.662000280230592,-4.113257299609054,-1.3757679505342038,1.4311964794913066,4.102379124776751,6.393563766503343,8.07184815150388,8.958626801527027,8.958628244482602,8.071852051393078,6.393569013312789,4.102384893530028,1.431200749987902,-1.3757645944514592,-4.113248762953805,-6.661999726297333,-9.026434484341404,-11.346578554972808,-13.84285188760898,-16.705946012723928,-20.02279443870108,-23.76115460159908,-27.778299173413654,-31.84116726542551,-35.65997660334071,-38.93679519575657,-41.425618890032624,-42.9939072827475,-43.66762948080027,-43.62996742984831,-43.15224900375228,-42.46738007754664,-41.630462608976245,-40.48159058535014,-38.76677979224412,-36.272658609141104,-32.9417752719927,-28.895360073979216,-24.13098163766941,-18.832190742386487,-13.38341362266673,-6.228998624271738,3.2063639647868256
3.1738697327974377,-6.250328673591668,-13.397348813702298,-18.844314539962056,-24.144354425309583,-28.90973136981361,-32.95616738145009,-36.286022823371646,-38.778493681287806,-40.49188828813888,-41.63980153644435,-42.47612938236245,-43.160592967724696,-43.63786145359976,-43.67459434980526,-42.99903776138376,-41.42792726179464,-38.93566312367199,-35.65535867036828,-31.83347341581228,-27.768186397044897,-23.74935095926973,-20.009977925239625,-16.692659205853243,-13.829472236904444,-11.3332854382423,-9.013250926388594,-6.648921044956053,-4.100206655181559,-1.362675594124654,1.4443470593652463,4.115547920014292,6.406696122138588,8.084935376519848,8.971676175385342,8.971677660043778,8.084939429288278,6.406701649850693,4.115554092522968,1.4443517988372694,-1.3626715464306445,-4.100197567164526,-6.648919980611632,-9.013255054436186,-11.33327181386775,-13.829465210473954,-16.692659658495362,-20.009972515539587,-23.74934541459263,-27.76818099914913,-31.83346586854908,-35.65534831808629,-38.93564957365725,-41.42790950789824,-42.99902079453589,-43.67458287309148,-43.63784522762923,-43.16057689851791,-42.47611232115478,-41.6397946278973,-40.49189471551085,-38.77850393985497,-36.28602652036962,-32.95618589957712,-28.90975511982245,-24.14437808313533,-18.84433327383372,-13.397366646192458,-6.250349930526694,3.17384515873361
3.1416828081363417,-6.2715430065471045,-13.411331044018622,-18.85663011365213,-24.158022722983123,-28.924411523648875,-32.970862605345275,-36.29965531790607,-38.79045719915744,-40.502396568831045,-41.64929541872736,-42.48497272868367,-43.16896556590813,-43.64570227327289,-43.68142193186373,-43.00395476348911,-41.429984106573215,-38.93428325190882,-35.65051907824039,-31.8255936918966,-27.75792390661109,-23.73742766543455,-19.997063595808637,-16.679293367765265,-13.816013255103728,-11.31991000552413,-9.000008121498698,-6.635787115190204,-4.087117889237309,-1.349569413516813,1.457482887124761,4.128669813721582,6.419753694411027,8.097918580403595,8.984608732892111,8.984609993528577,8.097922055744204,6.419758545391487,4.12867545360084,1.4574873251004956,-1.349565280391944,-4.087108341510035,-6.635785724337218,-9.00001209074792,-11.31989564511596,-13.816005660858984,-16.679293614079818,-19.997057833963925,-23.737421685658035,-27.757918111554783,-31.825585829759365,-35.6505086498165,-38.93426994768463,-41.42996694598257,-43.003938769508665,-43.68141091586809,-43.64568601229659,-43.168950531320085,-42.48495648540894,-41.64928860663738,-40.50240215560069,-38.7904665577505,-36.29966053137966,-32.970880668185536,-28.92443559835724,-24.158046921237464,-18.856649394245327,-13.41134978335046,-6.271565333709814,3.1416569567023416
3.1097796294174067,-6.292641912308449,-13.425338443504842,-18.869105210914267,-24.171944874513706,-28.939360055267723,-32.98582707808925,-36.31354143191783,-38.80264601422078,-40.513095766066215,-41.65894064832566,-42.49391983082132,-43.17737997005548,-43.65350752189764,-43.68813643309779,-43.00869908278309,-41.43183797891782,-38.93269759530124,-35.6454903932942,-31.817552146600843,-27.74752935165935,-23.72539876999315,-19.984063925361305,-16.665854856430407,-13.802487989713546,-11.306471818290886,-8.986706604434403,-6.622602130005044,-4.073991920576953,-1.336446568510011,1.470609939468578,4.141758227494778,6.432757390361763,8.110836774794432,8.997471286526288,8.997472317928613,8.110839680952044,6.432761595316172,4.141763367378048,1.4706141269926865,-1.336442239038495,-4.073981733569121,-6.622600186408902,-8.986710097851505,-11.30645638750523,-13.802479454694552,-16.665854501399757,-19.98405741864975,-23.72539196047331,-27.74752272464476,-31.81754343152441,-35.645479177883914,-38.93268364839221,-41.43182040987154,-43.00868290871961,-43.688124856188665,-43.65349101758173,-43.17736498151508,-42.49390382278943,-41.65893361262269,-40.51310061412929,-38.80265475284713,-36.31354737878359,-32.985844798849534,-28.93938446229754,-24.171969660251836,-18.869125055594868,-13.425358085460893,-6.292665259226715,3.1097525971034754
3.0781646428229346,-6.313623244115109,-13.43937188243004,-18.88174056270042,-24.186121493257204,-28.954576384991057,-33.00105964958576,-36.32768060906552,-38.815059310433774,-40.52398573314301,-41.66873774629183,-42.50297167751419,-43.18583757880612,-43.66127728651096,-43.69473788998667,-43.01326931016549,-41.433486679079024,-38.93090407405486,-35.64027181010229,-31.80934869656032,-27.737002758502424,-23.7132639802445,-19.970978052284583,-16.65234262316517,-13.788895032391151,-11.292969436955309,-8.97334496792624,-6.609364734569842,-4.060827422039215,-1.3233061207269337,1.4837284625910567,4.154812113766015,6.445703855120632,8.123685031427609,9.010256800694298,9.010257640684376,8.123687419138296,6.445707423935608,4.154816771143529,1.4837324586427345,-1.3233015444916014,-4.060816616176108,-6.6093622065784485,-8.973347855991499,-11.292952987581598,-13.788885523522891,-16.652341580962858,-19.970970768839504,-23.71325630219521,-27.73699525782549,-31.809339097536512,-35.64025974282119,-38.93088937320248,-41.43346869833403,-43.01325259866524,-43.69472532685554,-43.661262411832496,-43.18582121856103,-42.50295511779634,-41.66873022017723,-40.52399063700875,-38.815068746800826,-36.3276857946973,-33.00107729014769,-28.95460128802426,-24.186146853704017,-18.88176104106972,-13.439392503839493,-6.313647669281734,3.078136374248175
3.0468483228536574,-6.334484675320702,-13.45343337803348,-18.89453802716561,-24.20055244873808,-28.97005813474159,-33.0165565203379,-36.34206671636792,-38.827693322520766,-40.535062624353976,-41.67868257226269,-42.51212454651698,-43.194335041326056,-43.66901186793493,-43.70122442065841,-43.01766278201528,-41.43492646017316,-38.928900167221606,-35.63486212439624,-31.80098314973086,-27.72634437455438,-23.701023966563504,-19.9578066292053,-16.638756770150053,-13.77523490729929,-11.27940367614852,-8.959924352861254,-6.596076689097346,-4.047626754400675,-1.3101507769565146,1.496836155915722,4.167828123700728,6.458589243917086,8.136453060659175,9.022953359752425,9.02295420295135,8.136455461335906,6.458592888566525,4.167832964942018,1.4968403708118887,-1.3101458962853487,-4.047615499032741,-6.596074081058774,-8.959927503255068,-11.279386824045892,-13.775225293231708,-16.638756002862998,-19.957799444496537,-23.701016355318927,-27.72633706081292,-31.800973941506083,-35.634850795936046,-38.92888660628042,-41.43491005418169,-43.01764766461073,-43.70121297353562,-43.66899865930563,-43.19431932231271,-42.51210860201084,-41.67867529168161,-40.53506747728298,-38.82770290076032,-36.34207261336699,-33.01657412317702,-28.9700833895713,-24.20057809125223,-18.894558781980205,-13.45345445121222,-6.334509777575896,3.0468191716831385
3.015809273893078,-6.355236134043157,-13.467521726109432,-18.907491649177494,-24.215229541942712,-28.98579698731256,-33.03230976440112,-36.35669203819453,-38.84054069045131,-40.54631966458417,-41.68876943709393,-42.521374426967405,-43.202870989388245,-43.67671414377829,-43.7076033708434,-43.02189143156135,-41.43617199808568,-38.92670030070813,-35.629273314569105,-31.792464370861214,-27.715560542074808,-23.68868354224553,-19.944553570755037,-16.625100900036898,-13.761511070657766,-11.265777544502724,-8.946447740377591,-6.58274004761356,-4.034390713811467,-1.2969794861121375,1.5099367531866392,4.180813488821451,6.471424805946494,8.149157047110537,9.03558005052946,9.035580969697628,8.149159649250908,6.471428758407966,4.180818740919961,1.5099414074492334,-1.2969741005730762,-4.034378939632406,-6.582737272960848,-8.946450844811855,-11.26576041395536,-13.761501247174266,-16.6251002470656,-19.944546434877523,-23.688675932466023,-27.715553338213617,-31.792455448954385,-35.62926258720426,-38.92668771839114,-41.43615689219032,-43.02187797623196,-43.70759334726125,-43.67670069604903,-43.20285724240469,-42.52135988834962,-41.68876277390105,-40.54632387351474,-38.84054925724567,-36.35669978622037,-33.032327252779496,-28.985822264640788,-24.215255244903325,-18.907512447377307,-13.46754278055628,-6.355261393270406,3.015779808319226
2.985064926732594,-6.375870843236136,-13.481638214075424,-18.9206043331142,-24.23015477349856,-29.001793122679945,-33.048318530054416,-36.37155615181711,-38.853599942920525,-40.55775606323997,-41.69899838038666,-42.53072185190671,-43.211446423850745,-43.68438290437705,-43.7138730876153,-43.02595081668746,-41.43721667264781,-38.92429841575629,-35.62350130026722,-31.78379021794998,-27.70465031030817,-23.676242127717515,-19.931218194901312,-16.611374199205137,-13.747722692380654,-11.252090713504696,-8.932914772388896,-6.56935512272869,-4.021120224168031,-1.2837938845983885,1.523027640127461,4.1937633808717845,6.484202584047735,8.161783076410108,9.048119308334028,9.048120241240436,8.161785727745215,6.484206677941639,4.193768889366143,1.5230325982719084,-1.283788075279091,-4.021107830452695,-6.56935210999905,-8.932917923773335,-11.252072951898608,-13.747712508852723,-16.611373578779336,-19.93121091911168,-23.67623434368505,-27.7046430241936,-31.78378133589365,-35.623490855582986,-38.92428641277346,-41.437202431857344,-43.02593861110725,-43.71386405794894,-43.68436913816438,-43.21143430332531,-42.530708502557424,-41.69899217711257,-40.55775960838696,-38.8536076143441,-36.37156550029325,-33.04833593300761,-29.001818461358795,-24.230180621479636,-18.920625243319268,-13.481659374033908,-6.375896377028323,2.9850350345893677
2.9545793195708656,-6.39640510803966,-13.495780610618988,-18.93386666567472,-24.245315891684477,-29.018034797166543,-33.06457235227365,-36.38664916128456,-38.866861700062216,-40.56936300333493,-41.70936170400626,-42.54016096056935,-43.22005849973096,-43.69202020008911,-43.72004270353117,-43.02985751569478,-41.43808226136714,-38.92171513378207,-35.61756263667304,-31.774972922514117,-27.693622477545095,-23.66370593233963,-19.917805548126086,-16.597581324992394,-13.733873924900674,-11.238346812424396,-8.919328497440139,-6.555923614854034,-4.007815019342062,-1.2705908959495766,1.536114667281561,4.206688963287663,6.49693913197575,8.174359230244058,9.06060469760398,9.060605642273933,8.174361940792105,6.496943392963486,4.206694745665357,1.5361199263508072,-1.2705846751104053,-4.00780202270125,-6.555920371153624,-8.9193316547165,-11.238328421393051,-13.733863336736135,-16.59758068035787,-19.917798082338088,-23.663697922078736,-27.693615058073316,-31.77496401883446,-35.61755236064912,-38.92170352862284,-41.43806865432278,-43.029846259535226,-43.72003427790184,-43.69200599087031,-43.22004764353453,-42.540148588128254,-41.70935581085072,-40.56936583858103,-38.86686852359048,-36.38665997786312,-33.06458962051229,-29.0180602884417,-24.245342013373847,-18.93388782744749,-13.495802081506485,-6.396431104344338,2.9545488236670185
2.924376047881868,-6.416829114461632,-13.509950578142288,-18.947283102600075,-24.26071686565852,-29.03452403640504,-33.08107182445739,-36.40197119114869,-38.88032624193169,-40.58114110976239,-41.71986023051154,-42.54969261006951,-43.22870774250155,-43.69962521961028,-43.72610827754519,-43.03360344822437,-41.438757455462415,-38.91894018971731,-35.611450026236824,-31.766008025853008,-27.68247440284632,-23.65107330293557,-19.904314049425818,-16.58372061677202,-13.7199632885667,-11.224544714830502,-8.905688387573667,-6.542445823328471,-3.994476490332734,-1.2573735058940727,1.5491934065341215,4.219582398574144,6.509622734861385,8.186864974911316,9.073011189940988,9.073012170089545,8.186867779145938,6.509627166626244,4.219588442895291,1.5491989708104754,-1.2573668592600324,-3.994462884250175,-6.542442333059928,-8.905691488433988,-11.224525686101634,-13.719952249778586,-16.58371989292452,-19.90430634807873,-23.65106501574028,-27.682466784946104,-31.76599902520418,-35.61143982682778,-38.91892884651525,-41.43874429707133,-43.03359292977142,-43.72610022648715,-43.69961063964767,-43.22869791636423,-42.54968105245906,-41.71985453883517,-40.58114325369648,-38.88033235647873,-36.40198333005613,-33.08108895349103,-29.03454972256192,-24.260743284485564,-18.947304538411345,-13.509972416671392,-6.416855630085235,2.9243448903243365
2.8944292456757026,-6.437156053647145,-13.524147923410546,-18.960847730743318,-24.2763487791098,-29.05125163735965,-33.09780809572842,-36.4175134962094,-38.89398470986269,-40.59308192134553,-41.73048657780288,-42.55931115032374,-43.23739123809302,-43.707199248092735,-43.73207684735214,-43.03720141247398,-41.43925852691785,-38.91598949809649,-35.605176228913805,-31.756904780901976,-27.6712126108665,-23.63834897324872,-19.890747649618987,-16.569795663954633,-13.705994210021917,-11.210687647721125,-8.891997333280676,-6.528923840413986,-3.981105345587429,-1.2441401828474177,1.5622682839752564,4.232452320541313,6.522266869682429,8.199319759098842,9.085361938937329,9.085362942436229,8.199322637733262,6.522271476756281,4.232458646593611,1.5622741603804386,-1.244133108849295,-3.98109116665872,-6.5289201023725045,-8.892000283681943,-11.210668043706818,-13.705982696918372,-16.569794804636967,-19.890739697624294,-23.63834039096938,-27.671204776765936,-31.756895643829804,-35.60516603175152,-38.9159783433687,-41.43924574856795,-43.037191475980535,-43.73206897120623,-43.70718448102954,-43.237382196802095,-42.55930027340981,-41.73048103287166,-40.593083478958285,-38.89399030438506,-36.41752665838688,-33.09782514982665,-29.05127752529354,-24.276375510865243,-18.96086945729966,-13.524170097624388,-6.437183037843726,2.894397495716242
2.8647457045719475,-6.457382597501815,-13.538372430910629,-18.974560556681435,-24.292211051201587,-29.06821606583155,-33.11477912149402,-36.43327402488973,-38.907835692727765,-40.605184548407465,-41.74124027827165,-42.56901654279979,-43.24610936199503,-43.71474287605383,-43.73794827116589,-43.04065003103219,-41.43958327111308,-38.91286098667745,-35.59874035365557,-31.747663280942643,-27.65983766161141,-23.62553352462115,-19.877106628427597,-16.55580655277411,-13.69196667156998,-11.196775602817414,-8.878255381126772,-6.5153578266741645,-3.9677019024740248,-1.2308915766468598,1.575338066377961,4.245296311142045,6.534867204787436,8.211717309998132,9.097648977584669,9.09765002161777,8.211720305290488,6.5348720130940965,4.24530291970121,1.5753442686892989,-1.23088404471761,-3.967687165467022,-6.515353826165355,-8.878258098014825,-11.196755482438885,-13.691954666630352,-16.555805504440652,-19.87709841247688,-23.625524625323457,-27.659829580064788,-31.747653981082035,-35.5987301214334,-38.91284993985513,-41.439570773398,-43.04064055603013,-43.73794046028314,-43.71472799855039,-43.246100952941646,-42.56900625773417,-41.74123483555928,-40.6051855704403,-38.90784088369975,-36.4332880474692,-33.11479614460028,-29.068242166597976,-24.29223809167187,-18.974582583009838,-13.538394961489832,-6.457410069309463,2.8647133422321285
2.8353347319853928,-6.477504495804215,-13.55262390507521,-18.98842171597652,-24.308302658089048,-29.08541496288729,-33.13198169033105,-36.44924936052718,-38.9218760915216,-40.61744639843796,-41.75211922014842,-42.57880722380273,-43.25486111167877,-43.72225537765906,-43.74372119903148,-43.043946644965146,-41.43972788619863,-38.9095516198705,-35.59214099512847,-31.738283504155184,-27.648350296060094,-23.61262800098749,-19.863391851413503,-16.541753937759093,-13.677881377191683,-11.182809430589588,-8.864463508798075,-6.5017491067085125,-3.954267937386231,-1.217630095258046,1.588399746758793,4.258109806190505,6.547417550463974,8.224047759259085,9.109860493488243,9.109861591513688,8.22405088509976,6.547422562472146,4.2581167037792,1.5884062840297566,-1.2176221022622309,-3.954252617171199,-6.501744830907918,-8.864466036546661,-11.182788721654925,-13.677868874443824,-16.541752705052016,-19.86338335071781,-23.61261876852721,-27.64834194940156,-31.7382740221069,-35.592130713795285,-38.90954065485936,-41.43971562865493,-43.043937555069206,-43.74371339988959,-43.7222405014459,-43.25485322832006,-42.57879744479052,-41.7521138372075,-40.61744693282311,-38.92188101523478,-36.44926407684851,-33.131998742492975,-29.085441285350115,-24.30833000661162,-18.98844404303876,-13.552646792679788,-6.4775324562115735,2.83530175461103
2.8061529279035926,-6.497543230415885,-13.566901654097856,-19.002421971567088,-24.324611382295267,-29.10283692681825,-33.14940586464495,-36.46543001183914,-38.93609667840033,-40.62985852216373,-41.76311546137621,-42.5886771079284,-43.263643585956615,-43.72973947045652,-43.74940670188364,-43.04711153524656,-41.4397191032167,-38.9060864445544,-35.58539754522988,-31.728778946907443,-27.636759508534976,-23.599638372654343,-19.849608146460625,-16.52764230576703,-13.663742412906268,-11.168792762829556,-8.850624535055672,-6.4880989511265925,-3.940802225753001,-1.204350706994498,1.6014623724669954,4.270908771910073,6.559940597122335,8.236346744857187,9.122038489620202,9.122039617968191,8.236349980008166,6.559945845157575,4.270916011637608,1.601469268702733,-1.2043422498287042,-3.940786342350816,-6.488094395911443,-8.8506268234461,-11.16877149463349,-13.663729404226792,-16.527640859907116,-19.84959935785101,-23.59962880219837,-27.636750891981944,-31.72876926088452,-35.58538716688725,-38.90607550449645,-41.4397070357236,-43.04710278157109,-43.7493988868442,-43.72972453492815,-43.263636184120685,-42.58866780311336,-41.76311014706972,-40.629858588857154,-38.93610133913548,-36.46544542257052,-33.14942293922743,-29.102863472472897,-24.324639038594555,-19.002444585076866,-13.566924896700206,-6.497571692723182,2.806119321155031
2.777227309196306,-6.517485775091764,-13.58120606708198,-19.016565573896024,-24.34114119707867,-29.120484078431257,-33.16705215209843,-36.48181617624636,-38.95049773791936,-40.642421779241744,-41.774230226069584,-42.59862748525387,-43.27245767079668,-43.73719412957127,-43.75499972499023,-43.05013418185636,-41.43954202377569,-38.90245208794306,-35.57850060500457,-31.719143966715045,-27.62506220827228,-23.58656304953733,-19.83575413145678,-16.51347014140761,-13.649548417187637,-11.154724520900388,-8.836738047977818,-6.474407921274795,-3.927306794677509,-1.191057703632792,1.6145196096914636,4.283682342183713,6.57242124251331,8.248589037419709,9.134153024421014,9.134154192870405,8.248592404344299,6.572426738641462,4.283689916054855,1.6145268688624923,-1.1910487647981576,-3.9272903692066032,-6.474403074860698,-8.836740030758767,-11.154702753543743,-13.649534898894624,-16.51346844221473,-19.83574505244044,-23.586553134114958,-27.62505331194196,-31.71913407212721,-35.57849011272318,-38.90244113668591,-41.43953013097504,-43.05012570094635,-43.75499181746542,-43.73717932830653,-43.27245057808832,-42.59861854606552,-41.774224937176136,-40.64242148154011,-38.95050233537964,-36.48183199092056,-33.16706934955655,-29.12051084550644,-24.341169159173717,-19.016588494260304,-13.581229662364205,-6.517514721416939,2.777193094735781
2.748536735886808,-6.537343713542741,-13.595537563282422,-19.03084789695267,-24.35788504807692,-29.1383493257514,-33.18491361200875,-36.49840142399874,-38.96507301942592,-40.6551299766876,-41.78545788183513,-42.60865393626653,-43.28130094636689,-43.7446205985074,-43.76050608889823,-43.05302569227595,-41.43921139167603,-38.89866215702073,-35.57146073773655,-31.70938618687564,-27.6132637116934,-23.57340560409594,-19.821832677092512,-16.499240143160566,-13.635301891195692,-11.140607142654448,-8.822806020159785,-6.460677291333195,-3.913781566431366,-1.177748885360563,1.6275757425821995,4.296438524709142,6.584870545175335,8.260792031598658,9.146224217366274,9.14622541898573,8.260795526754299,6.584876301318496,4.2964464527600414,1.6275833828048427,-1.177739450928193,-3.913764593611422,-6.460672128650118,-8.8228076877188,-11.140584848667729,-13.635287854017632,-16.499238160918296,-19.82182328611324,-23.57339532482734,-27.61325451259326,-31.709376051458804,-35.57145009117671,-38.89865115040968,-41.43919959973974,-43.053017369483705,-43.76049803711996,-43.74460599007987,-43.28129404571303,-42.60864525235491,-41.78545257549749,-40.65512936251704,-38.96507763905944,-36.49841750060994,-33.184930978326605,-29.138376302941605,-24.3579133132516,-19.030871076547356,-13.595561450519948,-6.537373097875708,2.7485019552463243
2.720075372630068,-6.557119319303027,-13.60989565242186,-19.045266885961947,-24.374839944396467,-29.156428751641165,-33.20298741712301,-36.5151814778845,-38.979818658084966,-40.66798033485848,-41.79679664923264,-42.61875533943736,-43.29017324118715,-43.75201880312801,-43.76592789635671,-43.05578844758424,-41.43872977216746,-38.89471970083992,-35.56428115392276,-31.699508346047597,-27.601366145989044,-23.560167764822065,-19.80784507517583,-16.484953295034817,-13.621003627964155,-11.1264412367576,-8.808828930864653,-6.446907351325328,-3.9002265875883535,-1.1644240659863914,1.640631445919086,4.309178145134179,6.597289780962127,8.27295738660475,9.158254077047724,9.15825533543262,8.27296103460578,6.597295788523946,4.309186406668916,1.6406394661561994,-1.1644141296410802,-3.900209068905029,-6.446901853966872,-8.80883027180249,-11.126418410875743,-13.62098907313202,-16.48495101251894,-19.807835362725477,-23.56015711260497,-27.601356627630818,-31.69949795658988,-35.56427034626619,-38.89470862633946,-41.43871807893771,-43.05578022111215,-43.76591966871661,-43.75200461223335,-43.29016632939501,-42.61874680206071,-41.79679130401357,-40.66797952525885,-38.97982350468628,-36.51519747971234,-33.20300507203492,-29.156455945824185,-24.37486851694912,-19.04529036370829,-13.609919892794322,-6.557149197425749,2.7200399733594463
2.691843316132588,-6.576814832076612,-13.624281749201684,-19.059822264948583,-24.39200322108352,-29.174718976576155,-33.22126840659719,-36.53215216271458,-38.99473040753776,-40.68096817252642,-41.80824192691734,-42.62892801589058,-43.29907215759453,-43.7593893086237,-43.771266310403234,-43.05842555201986,-41.43810082934255,-38.89062841556161,-35.55696467644654,-31.68951275598159,-27.58937145742406,-23.546851069814696,-19.79379274525112,-16.470610851058026,-13.60665510272453,-11.112228469958994,-8.794808785537244,-6.433100145704539,-3.886643777526008,-1.1510845252670534,1.6536864437294594,4.321902049748717,6.609680816517409,8.28508519434006,9.170242206017235,9.170243520663282,8.285089002007036,6.609687078999266,4.321910638145525,1.6536948341493511,-1.15107409276681,-3.8866257622781912,-6.433094317814202,-8.794809720386075,-11.11220523037231,-13.606640046910442,-16.47060823373092,-19.793782729485613,-23.546840057045888,-27.589361628314865,-31.68950212077194,-35.55695370791857,-38.89061727260433,-41.4380892313095,-43.058417371514295,-43.77125787974329,-43.75937548537097,-43.29906525059116,-42.6289196171424,-41.80823652518431,-40.68096717033338,-38.9947354486852,-36.532168126435806,-33.221286306481765,-29.174746397157435,-24.392032091929703,-19.059846039507374,-13.624306325470206,-6.576845186844675,2.691807318057328
2.663860154730181,-6.59641845445348,-13.63869356510912,-19.07451495311765,-24.40937614103992,-29.19322020981256,-33.239756265935,-36.549313051698704,-39.00980841386859,-40.69409458025185,-41.819795377992506,-42.63917375216101,-43.30799913733372,-43.76673154831899,-43.776517817312005,-43.06092886400567,-41.437313251710165,-38.88637781396236,-35.54950449151913,-31.679395935842585,-27.577278281674666,-23.53345521587529,-19.77967531788184,-16.456212322293016,-13.592255676553656,-11.097968268226984,-8.780745173088963,-6.419255840480306,-3.873034286836986,-1.1377333067050044,1.6667353072610265,4.334600701023442,6.622029793522256,8.297156418988678,9.182166424499272,9.182167780223578,8.297160363375697,6.622036297453693,4.334609608090268,1.666744065570956,-1.13772238092775,-3.873015798407056,-6.419249661703313,-8.780745668014676,-11.097944630770323,-13.592240123608248,-16.456209338764765,-19.77966498982788,-23.533443836710948,-27.57726812892625,-31.679385041533436,-35.54949334129803,-38.88636658017556,-41.43730172865009,-43.06092064834896,-43.776509155654665,-43.76671834269233,-43.30799203510693,-42.63916533708212,-41.819789859782645,-40.69409351446553,-39.00981386232619,-36.54932868001113,-33.239774501248895,-29.193247867996337,-24.409405310993066,-19.074539037688293,-13.638718486020904,-6.596449288415559,2.663823549569845
2.636085109183813,-6.615952026564086,-13.65313228989863,-19.08933751845648,-24.426948321740248,-29.21192249350137,-33.25844203551889,-36.56665518148387,-39.02504375069484,-40.70735074437116,-41.83144898801593,-42.64948610380784,-43.31695058491445,-43.77404711168873,-43.78169180527412,-43.063316625245285,-41.43639163745129,-38.88199122445097,-35.54191850680657,-31.669170018139425,-27.56509442198575,-23.519985317060463,-19.76549696842908,-16.4417616042717,-13.57780898192187,-11.083663958922584,-8.766640653515422,-6.405375697940271,-3.859397116242468,-1.1243658239988248,1.6797867486896487,4.347289457046473,6.634358439759188,8.309203376129998,9.194064343681994,9.194065732170506,8.309207435616043,6.634365162645609,4.347298670876109,1.679795875766486,-1.124354414464387,-3.859378176807047,-6.405369161931693,-8.766640712272212,-11.08363990597072,-13.577792939003118,-16.441758239935975,-19.765486320037088,-23.51997356894317,-27.56508394329701,-31.669158858880845,-35.541907143813,-38.8819798374122,-41.43638015029216,-43.06330835657327,-43.78168292829151,-43.77403455095835,-43.31694318288279,-42.64947757120375,-41.83144333702747,-40.70734967789684,-39.02504968083859,-36.56667040824826,-33.25846061274998,-29.21195040124642,-24.42697778722309,-19.089361901658965,-13.653157572489969,-6.615983376265286,2.636047851457094
2.608531790445734,-6.635408405347832,-13.667597554291868,-19.10429151780394,-24.44472074599512,-29.230825699852137,-33.27732470179569,-36.58417745899981,-39.04043566194318,-40.72073650632652,-41.84320307958925,-42.65986572367196,-43.325927289581344,-43.78133609528148,-43.78678647623696,-43.065584040579004,-41.435328641997685,-38.87746201929217,-35.53420239577202,-31.65883283282048,-27.55281907101321,-23.506441251977417,-19.75125753168073,-16.427258346619364,-13.56331464594988,-11.069315241547187,-8.752495180947871,-6.3914601002739975,-3.845733329713517,-1.1109842485769996,1.6928374620920186,4.359962526820482,6.64665859730794,8.32121310155375,9.205920685026964,9.205922105296516,8.321217268376147,6.646665507385413,4.359971996439773,1.6928469182588473,-1.1109723714462425,-3.845713929364255,-6.391453179558146,-8.752494805270192,-11.06929074765838,-13.563298109138628,-16.427254582060584,-19.75124654116676,-23.506429118177664,-27.55280824058393,-31.65882138363628,-35.5341908122986,-38.87745048885916,-41.43531720011458,-43.06557563128615,-43.786777330241954,-43.78132438991073,-43.32591944288397,-42.6598569811378,-41.843197244813226,-40.72073552037043,-39.04044220476572,-36.584192026690985,-33.27734366927852,-29.2308538802174,-24.44475053091678,-19.10431623388872,-13.66762321370422,-6.63544026967856,2.608493887688645
2.5811795400182174,-6.654800270989031,-13.68209105720774,-19.119372978988697,-24.462686860511702,-29.24992303567995,-33.296397840679084,-36.60187322239069,-39.05597749184061,-40.73424515278557,-41.855051340689705,-42.67030732611153,-43.3349257712933,-43.78859843239018,-43.79180664705088,-43.06774160896156,-41.43413883347885,-38.87280413392831,-35.52636675987231,-31.64839168846068,-27.54045708496464,-23.492826175031013,-19.73695965252926,-16.412705109036676,-13.548775140464786,-11.054924621295934,-8.738311068023402,-6.377510807199765,-3.832043442998615,-1.0975870209839524,1.7058914289218394,4.372628033615076,6.658941939465362,8.333202084172784,9.217754122159084,9.21775557504642,8.333206349939877,6.658949019761399,4.372637730964391,1.7059011990519828,-1.0975746772164368,-3.832023608938026,-6.377503486180935,-8.738310199406474,-11.0548997299712,-13.548758106971082,-16.412700900585282,-19.736948308942686,-23.49281364374101,-27.540445879952127,-31.648379921625885,-35.52635492384209,-38.87279242445637,-41.434127370822765,-43.06773297418377,-43.79179724556772,-43.78858749938755,-43.3349174542893,-42.67029831542853,-41.85504532343634,-40.73424428094091,-39.05598460404693,-36.601887172331686,-33.29641716063205,-29.249951499981325,-24.46271696936937,-19.119398011430256,-13.68211708780719,-6.65483266355622,2.5811409698586223
2.5540421709840926,-6.674118576528604,-13.696610861362702,-19.13458289791716,-24.480847585486675,-29.26921464891585,-33.31566083957284,-36.61974190152891,-39.07166907687703,-40.74787727351233,-41.8669949846151,-42.68081247644577,-43.34394762648606,-43.79583464222157,-43.796750209548016,-43.06978326106309,-41.43281281573582,-38.86800905004997,-35.518406066937146,-31.6378436466425,-27.528007178129705,-23.479139806822843,-19.722602995382022,-16.398101280019183,-13.534189811373352,-11.040491407363472,-8.724087808167178,-6.363527730233726,-3.818328216735764,-1.084176432166392,1.718944782416621,4.385278549062668,6.671198232288101,8.345155052516885,9.229547281366893,9.229548731275758,8.345159346801141,6.671205414441425,4.385288423232783,1.7189548251510385,-1.08416366425498,-3.818307977877584,-6.363520000232767,-8.724086442492503,-11.04046610291953,-13.534172281466224,-16.398096610504634,-19.72259128240203,-23.479126867902472,-27.52799558106486,-31.63783153707348,-35.51839393908973,-38.86799711651469,-41.43280130575174,-43.069774346221685,-43.79674053564167,-43.79582464001994,-43.34393865543969,-42.68080306877289,-41.86698875066453,-40.747876631179416,-39.07167689067982,-36.619755060772285,-33.31568054563789,-29.269243429414683,-24.48087804438741,-19.134608283440173,-13.69663735317453,-6.674151602024351,2.55400281741666
2.527101992967336,-6.6933743510489485,-13.711158852286331,-19.149918176497074,-24.49919754442539,-29.28869474613124,-33.33510794818007,-36.63777749636359,-39.08750455783765,-40.76162714421925,-41.87902878436113,-42.69137689559977,-43.35299027786776,-43.80304512954462,-43.80162159129211,-43.071717954714565,-41.4313627971773,-38.86308858667449,-35.51032950061936,-31.62719513747053,-27.51547369410589,-23.46538507029636,-19.708189997678016,-16.383449140593566,-13.519560794035534,-11.026017665025629,-8.709827259316834,-6.349512187666887,-3.804587878524806,-1.0707508964668362,1.7320012828197808,4.397921429365632,6.683437927568773,8.357086415262623,9.241316344245485,9.241317782059832,8.357090704301186,6.68344516380863,4.397931439988629,1.7320115752100014,-1.0707377294333569,-3.8045672906003194,-6.349504029272692,-8.709825314412601,-11.025992014663307,-13.519542775079763,-16.383443960735494,-19.70817790973286,-23.465371716264485,-27.51546168704556,-31.627182664162163,-35.51031704654024,-38.8630763776929,-41.43135118942404,-43.071708718072685,-43.80161166562157,-43.80303597443656,-43.3529806157212,-42.691367050741896,-41.87902232159004,-40.76162676052931,-39.0875130136136,-36.63778991449968,-33.335128007938046,-29.288723861800374,-24.499228366661907,-19.14994392290956,-13.71118584630862,-6.693408070125415,2.527061786148801
2.5003565396347365,-6.712568500301881,-13.725734506279094,-19.165377276382745,-24.51773422365488,-29.308360450421045,-33.35473609636903,-36.65597689998277,-39.10348113836911,-40.775492284041874,-41.891150699408826,-42.70199913898109,-43.36205294940023,-43.81022993573173,-43.80642151412913,-43.07354677614992,-41.4297900946887,-38.85804426432772,-35.502138883015256,-31.61644791157971,-27.502858116319043,-23.45156323296756,-19.69372161894488,-16.368749454720454,-13.504888830914547,-11.011504063992652,-8.695530002735472,-6.335464691001094,-3.7908229057411886,-1.0573107850390762,1.7450606844995191,4.410556232382937,6.695660252442309,8.368995308316936,9.253060238793976,9.253061653119504,8.36899954948681,6.69566748255547,4.410566314955728,1.7450711823549592,-1.0572972505122418,-3.790801981158178,-6.335456083529084,-8.695527484743883,-11.01147805008992,-13.50487033323566,-16.368743757033688,-19.693709148316994,-23.45154946658078,-27.502845696884027,-31.61643506376869,-35.50212610827896,-38.85803183683093,-41.42977847191611,-43.07353725082594,-43.80641138388378,-43.81022160519964,-43.36204261323219,-42.70198890860295,-41.89114404771407,-40.77549218897715,-39.10349009962016,-36.65598863338919,-33.35475646482849,-29.30838992975653,-24.51776545027224,-19.165403445786826,-13.725762033269756,-6.71260291335869,2.500315480739697
2.473842318505008,-6.731679341352196,-13.740333625402018,-19.18096291588756,-24.53646040669525,-29.32821318865123,-33.374545592293885,-36.674340536004365,-39.119599853564736,-40.78947456923695,-41.903363130596816,-42.71268160719031,-43.37113750538861,-43.81738832741566,-43.81114394292119,-43.07525629901527,-41.42807478081746,-38.85285738712768,-35.493820749423534,-31.605594409798865,-27.4901571311334,-23.4376731649112,-19.679197189185263,-16.35400148190079,-13.49017318981272,-10.996950218239997,-8.681196526327886,-6.321386913721357,-3.777036786727296,-1.0438628162666646,1.7581125934316102,4.423166071039229,6.707842793878944,8.380848798405232,9.264741633482018,9.264743015842466,8.380852943487096,6.707849947946704,4.423176159519436,1.7581232651751588,-1.0438489187774356,-3.777015624205058,-6.321377834231664,-8.681193217562944,-10.99692403629358,-13.49015420039736,-16.353995153525766,-19.67918433030759,-23.43765896744886,-27.490144261677116,-31.60558114590196,-35.493807605759585,-38.85284466339609,-41.42806304656197,-43.07524636463479,-43.81113357594855,-43.81738097295942,-43.37112620147278,-42.71267088659435,-41.90335626397098,-40.78947495333245,-39.11960931812523,-36.67435146091911,-33.37456632910522,-29.328243046975192,-24.536492062071357,-19.180989530375683,-13.740361760671874,-6.73171454545833,2.4738002970545714
2.447491149318059,-6.750748374370996,-13.754964189333997,-19.19666730187602,-24.555364459922576,-29.34824220929856,-33.39452694085217,-36.69285829844442,-39.135850397899645,-40.80356297169442,-41.915655464087294,-42.723415251795416,-43.38023833113223,-43.82452224901605,-43.8158028497489,-43.07687557475991,-41.42625805179629,-38.8475670921216,-35.48540436536597,-31.59465296525855,-27.47738100239892,-23.423720448584973,-19.66462092847365,-16.339209255331667,-13.475417725983863,-10.982359452103497,-8.666828947329774,-6.307278791423389,-3.763225797107285,-1.0303968831261263,1.7711746080228672,4.435781236192526,6.720026609550099,8.392705378232863,9.276426306230771,9.276427675955391,8.392709511407277,6.720033784657525,4.435791405474686,1.7711855224438786,-1.0303825733714942,-3.7632044397149063,-6.307269186746736,-8.666824707897673,-10.98233325435722,-13.475398276151218,-16.33920221859958,-19.66460769627061,-23.42370583333673,-27.47736768099349,-31.594639285936225,-35.48539085970226,-38.84755409834637,-41.42624616778274,-43.07686520563908,-43.815792341256014,-43.82451541621147,-43.38022623135054,-42.72340425411264,-41.9156484528871,-40.803563803557104,-39.13585974025165,-36.692868967652046,-33.39454787219402,-29.34827241283706,-24.55539651968981,-19.196694313615595,-13.75499283408274,-6.7507842717154,2.447448271506817
2.42132886187469,-6.769759323815904,-13.76962217027599,-19.21249140324196,-24.574447564036937,-29.36844771033763,-33.414679486008886,-36.71152979270997,-39.1522330595172,-40.81775853817664,-41.92802920946744,-42.73420172433799,-43.38935667821233,-43.83163088855801,-43.82039343652515,-43.0783941990042,-41.42432506124816,-38.84215939426545,-35.47688006033145,-31.58361844789859,-27.46452773850745,-23.40970474643627,-19.64999271551109,-16.32437254593642,-13.460622202581556,-10.967731628318305,-8.652427548972735,-6.293141350573184,-3.749392362622085,-1.0169179296735655,1.7842385872719573,4.44838806711748,6.732192843089154,8.404539159787403,9.288085061544097,9.288086520448743,8.40454352995953,6.732200347912496,4.448398613609626,1.784249999313398,-1.0169030270734776,-3.7493707975420647,-6.2931311004867965,-8.652422154840222,-10.967705504211205,-13.46060224801506,-16.32436460041153,-19.649979023086555,-23.40968963333141,-27.46451387491275,-31.5836042465329,-35.476865997519624,-38.84214581022411,-41.424312603336176,-43.07838296574837,-43.82038247565698,-43.83162406603983,-43.38934348576418,-42.73419048399286,-41.92802208105509,-40.81775992701944,-39.1522417332699,-36.7115405146173,-33.4147004416842,-29.368478142564307,-24.57447986691192,-19.21251866007802,-13.769651065476536,-6.769795628029101,2.4212854567010185
2.3954009149221096,-6.788683981392077,-13.784301885442613,-19.22843937943896,-24.593713804907345,-29.38883207820381,-33.43500404269889,-36.73035637075787,-39.16874848195901,-40.83206355180396,-41.94048733076801,-42.745044325925136,-43.398495015649154,-43.83871357313014,-43.82490856074987,-43.07979503163074,-41.42224871319101,-38.83660940939561,-35.46823000234882,-31.57248072565873,-27.451592811451647,-23.395624720453224,-19.63531186959309,-16.309490327821248,-13.445785632698966,-10.953066423865518,-8.637992905397219,-6.278976986707924,-3.735541362910214,-1.003435094627672,1.7972912685926885,4.4609644504811,6.7443135285446765,8.416307492216848,9.299670469195112,9.29967209016452,8.41631230585932,6.744321676254335,4.460975704277929,1.7973034371514625,-1.003419414085163,-3.735519437904489,-6.278965937938563,-8.637986183673693,-10.953040176237586,-13.445764993596848,-16.309481243756714,-19.635297483168824,-23.395608898668364,-27.451578185774103,-31.572465725129685,-35.46821497971918,-38.83659468254264,-41.42223504521227,-43.07978211724803,-43.82489629445195,-43.83870686223126,-43.39848008560904,-42.74503224926626,-41.940479821122345,-40.832065454227525,-39.16875725412998,-36.730366089938265,-33.43502519808465,-29.388862572812155,-24.59374615961049,-19.22846673824269,-13.784330746271,-6.788720336328482,2.3953574019957347
2.369667761369693,-6.807546026135929,-13.79900692486621,-19.24450562843872,-24.613155665478583,-29.409388655765376,-33.4554949327603,-36.74933216385512,-39.18539101708648,-40.84647243952423,-41.9530245939652,-42.75593878130243,-43.40765096566249,-43.84577228417434,-43.82935684953551,-43.08109523708552,-41.42005371992802,-38.83094030804392,-35.459471705714215,-31.5612508207286,-27.438582337604903,-23.381483567264382,-19.62058063242589,-16.294564646754235,-13.4309099073038,-10.938365236001678,-8.623525461616458,-6.26478469586547,-3.721669661879171,-0.9899414266773984,1.8103435823938256,4.473528722554048,6.756412362629238,8.428045526762995,9.311221720416322,9.311223476154284,8.428050739430967,6.756421099172984,4.473540622348667,1.8103564620782224,-0.9899250004338228,-3.721647309902578,-6.264772810591158,-8.62351753719996,-10.938338658858594,-13.430888567731024,-16.29455443597954,-19.62056548176704,-23.38146698719041,-27.43856689604184,-31.561234964974943,-35.459455675951915,-38.83092437704212,-41.42003875212411,-43.08108055258492,-43.82934318817731,-43.84576573022348,-43.407634433344,-42.75592555675482,-41.95301657186951,-40.84647458182498,-39.18540049167593,-36.74934038242648,-33.45551637318869,-29.409419192750708,-24.6131880678575,-19.2445330787114,-13.799035774748294,-6.807582467759332,2.369624089915001
2.3441054114414333,-6.826360405860598,-13.81374036642467,-19.26068686329707,-24.632767738191376,-29.43011194960209,-33.47614681246305,-36.76845143541775,-39.20215531904427,-40.8609795430834,-41.965635752638455,-42.76688067652252,-43.41682171210522,-43.85280701956747,-43.83374269294523,-43.08230463511939,-41.41775453597874,-38.82516615776603,-35.45061610306761,-31.549936013503853,-27.425500775106485,-23.367283993438548,-19.605801097509687,-16.27959751122612,-13.415996960012718,-10.923629739191258,-8.609026617641893,-6.2505650646982405,-3.7077765852479536,-0.9764340683183846,1.823400984830496,4.486090792883851,6.768502844884538,8.439772327309594,9.322759886148104,9.322761739224132,8.439777828426479,6.768512038019858,4.486103231202525,1.8234144906516312,-0.9764169811829972,-3.707753860584889,-6.2505523790667015,-8.609017533136468,-10.923602833176696,-13.415974951735665,-16.27958622080126,-19.605785210893643,-23.367266690063307,-27.42548455658904,-31.549919338295226,-35.4505991040477,-38.82514909946997,-41.41773840220454,-43.08228835693524,-43.8337277823875,-43.85280056097652,-43.41680377607775,-42.766866296742094,-41.96562724195631,-40.8609818449724,-39.20216558843331,-36.76845814515661,-33.4761685359904,-29.430142529367664,-24.632800223087987,-19.26071446078744,-13.813769317585084,-6.826397065896709,2.344061429663832
2.3187116822649614,-6.845127983404186,-13.828501546377874,-19.27698139592749,-24.65254739475957,-29.45099908123542,-33.49695666894464,-36.78771114750586,-39.21903884363453,-40.87558269569528,-41.97831908848001,-42.77786868150866,-43.42600662083929,-43.85981796590344,-43.83806699524706,-43.08342465860069,-41.41535311353776,-38.819288846721605,-35.441665202600404,-31.538538216524977,-27.41234979860424,-23.35302742529895,-19.590974397042523,-16.264589934772026,-13.401047779064855,-10.90886081708764,-8.59449708238167,-6.23631864487607,-3.693862568010539,-0.9629132414756147,1.8364633478688044,4.4986505455824055,6.780584471327396,8.451487849128782,9.334284850802138,9.334286809214628,8.45149363342152,6.780594070812733,4.498663447440019,1.8364774373444224,-0.9628955178457668,-3.693839425650764,-6.236305135563216,-8.594486948654538,-10.908833465493712,-13.40102511421037,-16.264577599061663,-19.59095775024349,-23.35300939002034,-27.41233279299346,-31.538520719177104,-35.44164726283832,-38.819270703435066,-41.41533585005456,-43.083406844594776,-43.83805088391973,-43.85981143219952,-43.42598749790958,-42.77785319742318,-41.97831006358839,-40.87558499603925,-39.21904982451005,-36.78771643280996,-33.496978603629614,-29.45102970039564,-24.652579974708956,-19.27700913237691,-13.82853059097176,-6.84516486523958,2.3186673785097183
2.2935146337010126,-6.863830862122298,-13.843286337054955,-19.293390783911796,-24.67249608188196,-29.472050516166284,-33.517924181878,-36.80711126166517,-39.23604180775056,-40.8902826929682,-41.99107597826852,-42.78890445460208,-43.43520715876339,-43.86680463017037,-43.84232541325717,-43.08444508953242,-41.41283326138741,-38.81329308833871,-35.43260777626057,-31.5270510819071,-27.399126669958164,-23.33871301576191,-19.576100109376725,-16.24954138671996,-13.386061812291391,-10.894058266732966,-8.57993752663822,-6.222047161755838,-3.679930816625478,-0.9493848754851616,1.849521786343723,4.511193483188651,6.792638530262467,8.463164750934826,9.345766309276945,9.345768343317872,8.463170760632993,6.7926484703455285,4.51120679293995,1.8495364257211997,-0.949366513719894,-3.6799073010948753,-6.222032816452008,-8.579926156121749,-10.89403059696534,-13.38603843001293,-16.249527908378713,-19.57608267457653,-23.33869420557653,-27.399108825575293,-31.52703270897297,-35.43258881710093,-38.81327376223484,-41.41281477082735,-43.08442562319982,-43.84230804736365,-43.86679818372957,-43.43518655875079,-42.78888771689648,-41.99106636069036,-40.89028512864407,-39.23605360503535,-36.80711484170809,-33.51794643206963,-29.47208113375885,-24.67252876222186,-19.293418673542856,-13.843315537280604,-6.863868043021964,2.293469920187196
2.268489014358836,-6.882485489974644,-13.85809863765794,-19.309911924608677,-24.69260868683101,-29.493261215525923,-33.539044568375765,-36.82664666894329,-39.25315927216734,-40.90507457694673,-42.00390165827308,-42.79998392171056,-43.44442060056838,-43.87376732249643,-43.84652283477856,-43.085376673360734,-41.410211092273336,-38.80719435905253,-35.42345575954866,-31.51548235134056,-27.385835877342384,-23.32434326240488,-19.56118006863323,-16.23445362277337,-13.371040794265848,-10.879223621334823,-8.565348902461604,-6.2077507362942885,-3.665980137454527,-0.9358453031256057,1.8625827404936457,4.523731122776218,6.804680285197919,8.474824770370473,9.357227979801603,9.35723008272507,8.474830987406943,6.804690553425735,4.523744831188512,1.8625979153527776,-0.9358263238881886,-3.665956253607783,-6.2077355361740185,-8.56533629885727,-10.879195613659228,-13.371016704281123,-16.234439001084972,-19.561161838015,-23.32432367895502,-27.38581718942721,-31.51546308569944,-35.423435782095034,-38.80717389710856,-41.4101914168795,-43.085355589095926,-43.84650424999175,-43.87376082625247,-43.4443986154555,-42.799965986908646,-42.00389148946921,-40.905077120083,-39.2531717757417,-36.82664860736226,-33.539067089630045,-29.49329181036699,-24.692641469540305,-19.30993998988838,-13.858128013970058,-6.882522987084364,2.26844387009539
2.2436415309346414,-6.901085419282197,-13.872934996241291,-19.3265436299796,-24.712883625563656,-29.514629268942613,-33.56031553972013,-36.84631537692504,-39.27038956694121,-40.91995744866109,-42.01679604796422,-42.81110760228819,-43.45364804824498,-43.88070692388463,-43.85065912815062,-43.08621697500991,-41.40748152973406,-38.80098795347501,-35.41420637257154,-31.50383110830532,-27.372477761624666,-23.309919242089503,-19.546215265649373,-16.219327338409254,-13.355985203527142,-10.864357222387309,-8.550731615202825,-6.193429914049751,-3.652011429773211,-0.9222963837502371,1.8756433422732088,4.536257919826242,6.816702449772882,8.48645820031961,9.368659912241563,9.368662092851192,8.486464632187547,6.816713028399841,4.536272012184849,1.875659067578372,-0.9222767549125042,-3.6519871646567656,-6.193413803434968,-8.550717667317764,-10.864328876843084,-13.355960339437468,-16.21931147322262,-19.54619616991948,-23.30989881374634,-27.37245814795204,-31.503810855760147,-35.41418526947053,-38.8009662191778,-41.40746049552872,-43.086194043738686,-43.85063915371237,-43.880700462068205,-43.45362440760137,-42.811088314103,-42.0167851919869,-40.91996016655263,-39.27040284146893,-36.84631541346797,-33.560338394802145,-29.51465978827212,-24.71291647959847,-19.32657184469212,-13.872964517182194,-6.901123199022734,2.2435959915242574
2.2189579445983565,-6.91964050717784,-13.887798154215371,-19.343284105210248,-24.733317532266742,-29.53615134732716,-33.58173392192409,-36.86611392081282,-39.287729273059774,-40.93492792859027,-42.02975594634413,-42.82227282522168,-43.46288773983066,-43.88762362759666,-43.854737267615846,-43.08697251705003,-41.40465430233785,-38.794683349942005,-35.4048668510032,-31.49210199824961,-27.359054977734804,-23.295442331850865,-19.531206689698973,-16.204163508275556,-13.34089602779509,-10.849460026402673,-8.536086393716595,-6.179085014007826,-3.638024243712128,-0.908736168985009,1.8887072367905973,4.548780719548045,6.828714205779404,8.498077434456865,9.380075278245805,9.380077519424798,8.498084073238786,6.828725127038321,4.5487952275517625,1.8887235253706325,-0.9087159003164136,-3.6379995916261145,-6.1790679393081,-8.536071074790641,-10.849431329617437,-13.340870380958062,-16.204146352990247,-19.53118669387553,-23.295421027398916,-27.35903440226876,-31.492080729386927,-35.40484457396483,-38.794660262385854,-41.40463181832888,-43.08694766648256,-43.85471585980454,-43.88761707385069,-43.46286243631379,-42.82225212779629,-42.02974436958195,-40.93493080043133,-39.28774329222732,-36.86611202053508,-33.581757082509576,-29.536181755286457,-24.73335042656522,-19.34331245419314,-13.887827814621714,-6.919678572612039,2.218912008036141
2.194431871672786,-6.938154752326506,-13.902689179758866,-19.360132365014152,-24.75390812334185,-29.55782480718711,-33.60329680288406,-36.88603932822883,-39.30517554944807,-40.949983453727455,-42.042779175838646,-42.83347794631147,-43.47213875387442,-43.89451746932666,-43.8587585438719,-43.0876457918642,-41.40173282116257,-38.788284023465245,-35.39544019837662,-31.480297318380668,-27.345569167961504,-23.28091371375219,-19.51615523148078,-16.188962859198526,-13.325773890410142,-10.834532567902022,-8.521413638009454,-6.164716283416281,-3.6240185900485806,-0.895164294287049,1.9017753481303543,4.561301188799466,6.840717915049279,8.509685608690601,9.391477533578977,9.39147985362956,8.509692479335149,6.84072918201828,4.561316112589265,1.9017922227767483,-0.8951433649908169,-3.623993528839987,-6.1646982171451326,-8.521396956805095,-10.834503485953052,-13.325747444153354,-16.188944386022715,-19.51613430661111,-23.28089151196269,-27.34554761395385,-31.480275022005355,-35.39541671127456,-38.78825951512653,-41.40170883695581,-43.08761900804898,-43.85873568533266,-43.894510788936266,-43.47211175083935,-42.83345576726399,-42.04276685118861,-40.94998649019633,-39.305190336483,-36.88603543859039,-33.603320252807734,-29.557855072911483,-24.753941028397,-19.360160828979254,-13.902718961764956,-6.938193090588528,2.194385550809394
2.170074471109944,-6.956620171569573,-13.917605129922718,-19.377087167762628,-24.77465364368336,-29.57964746134307,-33.62500169869131,-36.90608928372706,-39.3227264271012,-40.96512259725286,-42.05586483185124,-42.84472250772329,-43.48140096841347,-43.90138818251102,-43.86272168163939,-43.08823345012623,-41.3987113785563,-38.78178459643334,-35.38592281618641,-31.46841559038657,-27.33202039403495,-23.26633421095506,-19.50106183282692,-16.1737262516645,-13.310619678833527,-10.819575920223096,-8.506714708557084,-6.1503254963029566,-3.609996770487012,-0.8815840112471621,1.914843269448396,4.573812577748957,6.852704912862064,8.521270667224648,9.402853446829972,9.402855850184814,8.521277775296632,6.852716538532133,4.5738279475602655,1.914860761982096,-0.8815624092097039,-3.6099712733198657,-6.150306381777899,-8.506696635153517,-10.819546417309382,-13.31059239471003,-16.173706404237503,-19.501039935518502,-23.26631107212013,-27.331997813116157,-31.468392206391297,-35.385898043477006,-38.78175860128204,-41.39868582579103,-43.08820459196962,-43.862697245197445,-43.90138142507191,-43.48137213586185,-42.84469873090778,-42.05585166509269,-40.96512581092635,-39.32274204265834,-36.90608321960517,-33.62502545790882,-29.57967754053236,-24.774686523704148,-19.377115703973683,-13.917634974591207,-6.956658724689504,2.170027819433766
2.145877419926707,-6.975041996222309,-13.932547057510291,-19.394146917992213,-24.795551224094087,-29.60161627306072,-33.64684550225956,-36.92626055653846,-39.34037896878674,-40.98034266610112,-42.06901051337034,-42.85600458350326,-43.49067317312185,-43.90823573357706,-43.86662816311409,-43.088738801722464,-41.39559503838173,-38.77519014205796,-35.37631895126894,-31.45645995191889,-27.3184108040605,-23.251705245442864,-19.48592756546073,-16.158454612947402,-13.295434218674252,-10.804590814893466,-8.491990106030437,-6.135912934853367,-3.595958731318338,-0.8679946130027717,1.927912407505999,4.586317714531525,6.864679056450151,8.532838268143818,9.414209182984225,9.414211667933072,8.532845613414752,6.864691049709434,4.586333530763884,1.9279305060735008,-0.8679723624072911,-3.5959327585854064,-6.135892758500029,-8.491970738593494,-10.804560825968473,-13.295406110900188,-16.158433417083533,-19.48590469145339,-23.251681174079184,-27.3183871990914,-31.456435491082683,-35.37629292770651,-38.77516269158425,-41.39556792371257,-43.08870788487388,-43.866602190168656,-43.90822892452104,-43.49064251371871,-42.8559791719323,-42.06899649374425,-40.98034605720907,-39.340395416985885,-36.92625229960506,-33.646869530781,-29.60164615356788,-24.79558406209237,-19.394175511732424,-13.932576958146802,-6.97508076996616,2.145830425738525
2.121794839758693,-6.993450054059316,-13.9475223876559,-19.411309749811835,-24.816596102445622,-29.62372718423616,-33.6688243906327,-36.94654844917062,-39.35812769248573,-40.99563794909472,-42.082210963191365,-42.86731995066139,-43.499953265332834,-43.91506205655632,-43.87048668525335,-43.08917904437652,-41.39240838764779,-38.7685251738773,-35.36664770116618,-31.444442076476005,-27.304746286963745,-23.237029617405828,-19.47075421403961,-16.14314942706973,-13.280218579422694,-10.789577626018303,-8.477239147918075,-6.121476272387171,-3.5818997140415534,-0.8543874297818607,1.940996459705963,4.598838250787146,6.876669352842045,8.54442717209826,9.425587516219428,9.42559008244923,8.544434756216754,6.876681702403356,4.598854505654568,1.941015165379411,-0.8543645575954963,-3.5818732490592917,-6.121455042016825,-8.477218584611938,-10.789547073471674,-13.280189673810687,-16.143126922134677,-19.4707303654882,-23.23700463558337,-27.30472167827384,-31.444416549301923,-35.366620446707465,-38.76849632122028,-41.39237977301224,-43.08914609566752,-43.870459212269,-43.91505515408296,-43.499920851830815,-42.86729289488191,-42.08219607426566,-40.99564147448533,-39.35814495839588,-36.94653804794942,-33.66884860257169,-29.62375686789544,-24.816628865396734,-19.411338394039976,-13.947552340624792,-6.993489048451344,2.121747502857415
2.0978557796562187,-7.011825707266089,-13.962527021178806,-19.42857572952871,-24.83778846992532,-29.64597936944318,-33.69093701112784,-36.96695201534788,-39.37597251889566,-41.01100889802563,-42.09546678614009,-42.87866917550449,-43.50924114425635,-43.92186535100806,-43.87429170228179,-43.089543504533374,-41.38913610989543,-38.76177462261808,-35.356897662408755,-31.43235563834914,-27.291024331911142,-23.222306629259624,-19.455541565074675,-16.12781061025542,-13.264972987178032,-10.774537138588409,-8.462463461430284,-6.107018297697353,-3.567824146497262,-0.840769495810558,1.9540851150417533,4.6113586353468285,6.888655387545548,8.556009336300086,9.43695705341281,9.43695968015737,8.556017130634975,6.888668097571283,4.611375350164489,1.9541044250538,-0.8407460233539967,-3.567797182929898,-6.106996043889012,-8.462441764833816,-10.774505987015216,-13.264943307262792,-16.1277868625045,-19.45551675830867,-23.222280765979928,-27.290998759855277,-31.432329091720167,-35.35686922129914,-38.76174441850187,-41.38910606707186,-43.08950866157894,-43.8742628504815,-43.921858301875176,-43.50920708782089,-42.87864050874651,-42.09545104549417,-41.011012524122506,-39.37599054235421,-36.96693960765496,-33.69096132825854,-29.64600885820228,-24.837821143765453,-19.42860439448843,-13.962556998032834,-7.011864907890171,2.097808097940592
2.0740578269308063,-7.030169440337124,-13.977560279231056,-19.4459441575622,-24.85912681725696,-29.668371259859143,-33.7131816071108,-36.987469660860064,-39.39391185352177,-41.02645439906433,-42.1087774775697,-42.89005228212045,-43.51853758825877,-43.92864682712241,-43.87804484521107,-43.08983351664048,-41.38577860658528,-38.75493891369859,-35.34706953754507,-31.42020141613077,-27.277245686600864,-23.207537064076867,-19.440290177083543,-16.11243843704805,-13.249697533386032,-10.759469288819083,-8.447662817313798,-6.092538749594083,-3.55373172053706,-0.8271405392727934,1.9671787753579957,4.623878660376378,6.900636950900024,8.567584318412067,9.448317869709795,9.448320584563248,8.567592353193454,6.900650000373467,4.623895808640891,1.9671986867232607,-0.8271164694212194,-3.553704154210125,-6.092515434364161,-8.447640088620648,-10.759437436318906,-13.249667024416643,-16.112413425119225,-19.44026437609842,-23.207510279971835,-27.277219109891774,-31.420173821740683,-35.34703988751514,-38.754907314831165,-41.3857470833276,-43.08979669744149,-43.878014539770696,-43.9286397892494,-43.51850173717751,-42.890021905746025,-42.10876082140731,-41.0264581670584,-39.39393073120784,-36.98745504795806,-33.71320604326778,-29.66840053550488,-24.859159379536123,-19.44597283269156,-13.977590256201005,-7.030208815117056,2.074009841515152
2.050399968552209,-7.04848061263939,-13.99262040110474,-19.4634124913086,-24.88060770433969,-29.690899264345585,-33.735554492246,-37.00809768160377,-39.41194235435427,-41.04197144288005,-42.122140432160286,-42.9014671538434,-43.52784102466962,-43.9354055960687,-43.881745753885305,-43.09004908820619,-41.38233616095406,-38.748018613248256,-35.33716436144221,-31.40798081137156,-27.263411919047968,-23.192722474258915,-19.4250015049268,-16.097034279701074,-13.234393544811343,-10.744375437382224,-8.43283853689949,-6.078038997153454,-3.539623860398716,-0.8135020970341488,1.980275580299549,4.6363959870633735,6.912611116389503,8.579148924197245,9.459666585263786,9.459669374639306,8.579157154057466,6.9126244419412535,4.63641350466965,1.980296026291937,-0.8134775089098495,-3.539595610721054,-6.078014632430792,-8.432814963335929,-10.744342762535842,-13.234362198418712,-16.097008048867135,-19.424974723958996,-23.192694782218407,-27.263384340593824,-31.40795217435794,-35.337133514510775,-38.74798567180103,-41.38230322289071,-43.09001032216831,-43.88171405192815,-43.93539874968205,-43.52780329615496,-42.90143502896724,-42.12212283646794,-41.04197543940338,-39.41196215879423,-37.00808078950104,-33.7355790445854,-29.690928337908986,-24.8806401517292,-19.463441181008307,-13.992650422718462,-7.048520226996144,2.0503515945809125
2.026898990235748,-7.066748672722886,-14.00770569389275,-19.48098045808183,-24.902230741087003,-29.713562485225548,-33.75805456133137,-37.02883523825017,-39.43006381712132,-41.05756004244015,-42.13555596342279,-42.912914136037294,-43.5371519351342,-43.94214126794521,-43.88539232649983,-43.09018538271373,-41.378800937013146,-38.74100599307986,-35.327176132089186,-31.39569050260636,-27.24952176969393,-23.177862539280955,-19.4096754924322,-16.081598054351915,-13.219061111714804,-10.729256057444434,-8.417991602908845,-6.063520661714914,-3.5255030306089474,-0.7998578810174184,1.9933703363619533,4.648902884121303,6.924568145165989,8.590688933297908,9.470987282302344,9.470990038801965,8.590697087954863,6.924581420713868,4.6489204670230855,1.9933910403953583,-0.7998330077412894,-3.5254741261921407,-6.0634954009998205,-8.417967449177025,-10.72922256101204,-13.21902904053452,-16.081570792893107,-19.409647879956143,-23.17783407357202,-27.249493334421025,-31.39566101578996,-35.32714436609561,-38.74097208989196,-41.3787670750165,-43.090145150554825,-43.88535971045406,-43.94213519919637,-43.53711203354374,-42.91288036078682,-42.13553745293432,-41.05756452216012,-39.43008441094818,-37.02881609414988,-33.75807929743695,-29.71359150141929,-24.90226330952718,-19.48100938331366,-14.00773617484482,-7.066789015905241,2.026849664052891
2.003520051021804,-7.08499740276408,-14.022822711994396,-19.4986477361479,-24.923992832479847,-29.736358126979653,-33.780678974546014,-37.04967876906696,-39.44827199023016,-41.07321587876641,-42.14901998761911,-42.92438999225588,-43.54646847047407,-43.94885519777281,-43.88899106741768,-43.090255532337295,-41.37519233655808,-38.73392030777157,-35.31712005527545,-31.383339986069277,-27.23558014659812,-23.162959559221424,-19.394313525893548,-16.066130978346216,-13.203701095789878,-10.714111290902974,-8.403121497003523,-6.048981745588531,-3.511365375351395,-0.7862011341750454,2.0064734654473653,4.661416212320032,6.936530167809183,8.60223426593084,9.482312454950977,9.482315193253129,8.602242378347622,6.936543422872618,4.66143388010893,2.006494460558806,-0.7861759012011992,-3.51133580530146,-6.04895558650879,-8.4030965895278,-10.714076943404809,-13.203668236744283,-16.066102623821767,-19.39428499034423,-23.16293024595165,-27.235550778591296,-31.38330954294957,-35.31708725543085,-38.73388533555106,-41.37515740595331,-43.09021361020588,-43.88895741669469,-43.94884990234452,-43.54642618934864,-42.92435450496782,-42.14900054910687,-41.07322091805217,-39.44829331332219,-37.04965730054855,-33.7807038183219,-29.73638709335133,-24.92402547387835,-19.498676888978583,-14.022853586555868,-7.08503837019109,2.0034699020219966
1.980274955520619,-7.103217418797933,-14.037968071492696,-19.516412215492604,-24.945891737970083,-29.759283550362355,-33.80342491435199,-37.07062551470357,-39.46656500995742,-41.08893761035087,-42.16253147883617,-42.93589403219714,-43.55578997271344,-43.9555467711651,-43.89253969467253,-43.09025483888562,-41.37150308505302,-38.72675451056456,-35.30699103586054,-31.3709268364129,-27.22158666331757,-23.148014194915326,-19.37891648958432,-16.05063389554212,-13.188314458066982,-10.698942475065603,-8.388229637872538,-6.034424451190851,-3.497213874217253,-0.7725360106956091,2.019579211652306,4.67392715905332,6.948486066024947,8.613770085576604,9.493626257682749,9.49362898792627,8.61377818129645,6.948499338583109,4.673944971694112,2.019600513789207,-0.77251045629113,-3.4971834765150254,-6.034397375282871,-8.388204216987969,-10.698907073102497,-13.188280766653332,-16.050604467146435,-19.37888701769444,-23.147984011771555,-27.22155633209727,-31.37089541114694,-35.3069571683786,-38.72671840253665,-41.37146698134249,-43.090211197998414,-43.89250504877729,-43.955541912582746,-43.555745436353,-42.93585688985553,-42.16251116301149,-41.08894314050166,-39.466586805056174,-37.07060205487706,-33.8034497179194,-29.75931246895049,-24.945924427096323,-19.516441552133458,-14.037999307834053,-7.103259003311842,1.980223976810628
1.9571502878053588,-7.121417679454027,-14.053144468929585,-19.534274492303396,-24.967926759792725,-29.78233840924889,-33.826292150875474,-37.0916746938329,-39.4849421710297,-41.10472452752913,-42.17608987857155,-42.947426065833945,-43.56511691745644,-43.96221799802958,-43.89604167048921,-43.09018860162492,-41.36773979527212,-38.719515025502005,-35.296793936987605,-31.35845381415629,-27.207542381239584,-23.1330265315817,-19.36348406861265,-16.035106220756518,-13.172900346450014,-10.683748538002394,-8.37331456521881,-6.019846918806806,-3.483046047921752,-0.75885904381795,2.032692289794577,4.686442336093507,6.9604444741470415,8.625307286204915,9.504940746853636,9.50494347245056,8.625315402796769,6.9604578378403446,4.686460390642046,2.0327139320199588,-0.7588332118028988,-3.483014602674817,-6.0198189698128335,-8.373288985564404,-10.683711862927195,-13.172865797836364,-16.03507579304742,-19.36345369694196,-23.132995505690168,-27.20751112209645,-31.35842145989153,-35.29675904819253,-38.719477813861054,-41.36770251640876,-43.090143393466136,-43.896006225729536,-43.96221290776158,-43.56507063352916,-42.94738750823159,-42.176068812249326,-41.10473029614361,-39.48496392150252,-37.09164993728679,-33.82631668135476,-29.782367262902657,-24.9679594682078,-19.534303974495742,-14.053176022642283,-7.12145984995245,1.9570985169789823
1.9341612048319528,-7.139587574721261,-14.068348742402494,-19.55223198236757,-24.990095138030277,-29.805519370323044,-33.84927707465412,-37.11282309532261,-39.50340109352025,-41.12057479017949,-42.189693565642685,-42.95898462413773,-43.574447789915496,-43.96886713982512,-43.89949386299366,-43.09005153830604,-41.36389524723747,-38.712194883847175,-35.28652381844599,-31.34591882390137,-27.19344733392011,-23.11799757615062,-19.34801757857521,-16.019549342291608,-13.157460293006327,-10.668531254759117,-8.358378736249076,-6.005252083200244,-3.4688656324746865,-0.7451754352366078,2.0458056542328324,4.6989520282482085,6.972393043739585,8.636829830309987,9.516238213505677,9.516240985131672,8.636838074277318,6.97240660267749,4.698970428649697,2.045827708129424,-0.7451492784758704,-3.468833053732271,-6.00522334293854,-8.358353089918804,-10.66849330901458,-13.15742491114812,-16.0195180170828,-19.34798637578177,-23.117965775872957,-27.193415224152805,-31.34588562937903,-35.28648804470034,-38.712156764518,-41.3638569588121,-43.09000506752535,-43.89945787213269,-43.96886105347,-43.57440053584386,-42.95894505395419,-42.189671936161886,-41.12058042808579,-39.50342219668173,-37.11279786622371,-33.849301105527616,-29.80554811424972,-24.99012784710573,-19.55226156925019,-14.06838050725304,-7.139630212164214,1.934108761157041
1.9113213352503493,-7.157716189127528,-14.083576832202787,-19.57028232966314,-25.01239498804897,-29.828824451486884,-33.87237767787595,-37.13406931706022,-39.52194110121131,-41.13648846403214,-42.20334315509997,-42.970570677123945,-43.58378371880503,-43.97549481285378,-43.902895267815424,-43.0898398266072,-41.35996253068965,-38.70478700659011,-35.27617536362499,-31.33331904166863,-27.179300670579515,-23.102927633790745,-19.33251758071058,-16.003963705996167,-13.14199477205712,-10.653291248671511,-8.343423111023396,-5.990641339374493,-3.454674667164072,-0.7314885171509955,2.0589143768258804,4.711448002780343,6.984320892589868,8.648323669769416,9.52750392388142,9.527506752630408,8.648332084199062,6.984334757635859,4.711466878409955,2.058936918222125,-0.7314619954256388,-3.4546409242761755,-5.990611916958969,-8.34339746511145,-10.653252088424674,-13.141958593247807,-16.00393159655994,-19.332485635940355,-23.10289514127068,-27.179267820062613,-31.333285145321604,-35.276138854965204,-38.70474812960511,-41.35992336574876,-43.08979244537674,-43.90285902536846,-43.97548710417205,-43.583736189912585,-42.97053044537511,-42.20332111687534,-41.13649366103837,-39.521961060516496,-37.13404438307508,-33.8724010663783,-29.828853023917254,-25.01242767741624,-19.570311976318315,-14.083608753807914,-7.15775926171284,1.9112682421873453
1.8886094448932955,-7.175819286427098,-14.098834188727462,-19.58842613012884,-25.03482453962196,-29.852251967442903,-33.895592086388106,-37.15541102745504,-39.5405589926653,-41.15246212978976,-42.21703542138418,-42.98218142941788,-43.59312297530182,-43.98210096700737,-43.90624956393914,-43.08956160402036,-41.35595392543964,-38.6973037835538,-35.26575832376742,-31.32066056267284,-27.1651055132894,-23.087818050980346,-19.316984858356705,-15.988350008706115,-13.126504321960148,-10.638028713265642,-8.32844755887702,-5.976013728969433,-3.4404710432272507,-0.71779422307091,2.072025045449015,4.723941391824997,6.996242973580396,8.659808239012019,9.53875852457086,9.538761428867842,8.65981688365926,6.996257219350621,4.723960802202063,2.072048093826167,-0.7177673007132586,-3.4404361875958176,-5.97598371692167,-8.328421834777076,-10.637988505249943,-13.126467409544588,-15.988317205188828,-19.316952247337383,-23.08778493888138,-27.165072001948467,-31.32062606222174,-35.265721227133355,-38.69726430967033,-41.35591399726442,-43.08951357951555,-43.9062132289519,-43.982091309690745,-43.59307565170992,-42.98214079998966,-42.21701306320031,-41.15246667050621,-39.5405775412948,-37.1553868731781,-33.89561477775721,-29.85228033595776,-25.034857198054112,-19.588455805683683,-14.09886624823526,-7.175862803325595,1.888555682211983
1.865991372377377,-7.193919873880819,-14.11412635963529,-19.60666423965457,-25.05738144258813,-29.87579975672368,-33.91891781879272,-37.17684491973781,-39.55925032636609,-41.168491155372905,-42.23076615646679,-42.99381356725272,-43.60246386721514,-43.98868636804522,-43.909562378327614,-43.08922836025307,-41.35188625776763,-38.68976231845598,-35.25528660575861,-31.30795219948464,-27.150866463187302,-23.072671115673646,-19.301420733612524,-15.97270928100325,-13.110989578396667,-10.622743584401242,-8.313451143533413,-5.9613670258282365,-3.426250797826027,-0.7040858317638671,2.085148008708967,4.736448187237046,7.008180180661078,8.67131129647138,9.550032181938665,9.550035186033424,8.671320213899316,7.008194807017518,4.736468106124003,2.085171548858188,-0.7040584641749114,-3.426214902425878,-5.961336479830232,-8.313425241167572,-10.622702460750329,-13.11095196601512,-15.972675812030888,-19.301387483573127,-23.07263741971297,-27.150832338683333,-31.307917147859968,-35.255248980372336,-38.68972232108968,-41.35184563752003,-43.089179856740216,-43.90952598808332,-43.98867470027394,-43.60241688194655,-42.99377269534001,-42.23074355832634,-41.16849497602134,-39.55926741561533,-37.17682165349754,-33.91893980465314,-29.875827928675346,-25.05741407707145,-19.60669396160772,-14.114158559220773,-7.193963828493878,1.865936950547564
1.8434910203731427,-7.211999931385505,-14.129447372321929,-19.624993877786693,-25.080063994217006,-29.899465815927417,-33.94235283605029,-37.19836979702568,-39.57801509696783,-41.18457645051015,-42.24453678931417,-43.00546865294461,-43.61180765025648,-43.99525100362492,-43.91283046952247,-43.08883201950904,-41.34774659533536,-38.68214939822122,-35.24475008886807,-31.295188200748232,-27.136581240168574,-23.057486501254896,-19.285825399777003,-15.95704169132435,-13.095450861146231,-10.60743660097468,-8.298435123225639,-5.946703492003908,-3.412017594750877,-0.6903693869442034,2.098274121408952,4.748953778730947,7.020113236764802,8.6828081762333,9.56129861758006,9.561301701574344,8.682817351724712,7.020128276221899,4.748974258702188,2.098298164851569,-0.6903415676605494,-3.411980666344147,-5.94667244058946,-8.298409045222904,-10.607394580931151,-13.095412560873852,-15.957007589809438,-19.285791535384263,-23.057452246319095,-27.13654653146643,-31.295152622536317,-35.24471196123587,-38.68210892993583,-41.34770533131201,-43.08878313769421,-43.91279399824701,-43.99523726861319,-43.6117611642321,-43.00542766023675,-42.24451395927997,-41.18457946446433,-39.57803067239217,-37.198347553251935,-33.942374119969905,-29.89949377776225,-25.08009659945208,-19.625023657774747,-14.129479731937886,-7.212044343685648,1.8434359186526748
1.8211171660520715,-7.2300537226461215,-14.144796997182372,-19.643413572349598,-25.10287063609468,-29.923248483820597,-33.96589554214284,-37.21998437887929,-39.59685230475967,-41.20071711559668,-42.25834642496311,-43.01714583189666,-43.62115345934281,-44.00179381786437,-43.916052248224965,-43.08837011541527,-41.343531406226695,-38.67446152566304,-35.23414580975169,-31.28236693907704,-27.12224931891327,-23.042264135197478,-19.27019905794497,-15.94134757612984,-13.079888681764237,-10.592108581322544,-8.283400738267579,-5.932024772067316,-3.3977735227770847,-0.6766477876299991,2.111399499985512,4.761452879060191,7.032035833404216,8.694289834792388,9.572547869746105,9.572551061148026,8.69429930797186,7.032051305596177,4.761473924883859,2.11142406135264,-0.6766194655363303,-3.3977356132570096,-5.931993259224,-8.283374407016622,-10.59206575181879,-13.079849707096962,-15.941312874393017,-19.270164605978135,-23.0422293466453,-27.12221405962682,-31.282330878456097,-35.23410723596636,-38.67442064044592,-41.34348955286741,-43.088321000597695,-43.91601572296664,-44.00177795231898,-43.62110758935623,-43.0171048604396,-42.2583234239806,-41.20071923347454,-39.596866284455366,-37.2199632811394,-33.96591613786524,-29.92327622091821,-25.10290321750369,-19.64344338498053,-14.144829459136176,-7.230098537358838,1.8210614368348992
1.7988705105476224,-7.248080223058179,-14.160174096611678,-19.661922494016103,-25.125799987427555,-29.947146518011788,-33.98954471704546,-37.24168760072892,-39.615761144606495,-41.21691276495514,-42.27219509202404,-43.02884546776128,-43.630501983097496,-44.00831568877045,-43.91922867923745,-43.08784332959641,-41.33924106273268,-38.6666988144345,-35.22347409407441,-31.269488823615514,-27.10787109788134,-23.02700440039111,-19.25454194274018,-15.925627071495276,-13.06430311905038,-10.576759502570283,-8.268347972416736,-5.917330805981183,-3.3835185971308586,-0.6629211436327929,2.124523792968283,4.773944830416166,7.043946691369492,8.705755439898597,9.583779108494252,9.583782391488606,8.70576519268564,7.0439626092652405,4.773966481920102,2.124548886842358,-0.6628923030620878,-3.3834797237502885,-5.9172988408860565,-8.2683213612294,-10.576715882032426,-13.06426346915082,-15.925591779432148,-19.25450690981742,-23.02696908203422,-27.107835295710785,-31.269452287620872,-35.22343509190535,-38.66665752803132,-41.33919862361838,-43.08779402083749,-43.91919205281585,-44.008297692998994,-43.63045679766124,-43.02880459611908,-42.27217189160205,-41.21691390393158,-39.61577350608584,-37.24166769303453,-33.98956464368925,-29.94717401979228,-25.12583253931192,-19.661952332189067,-14.16020663397311,-7.248125408813493,1.7988141824323034
1.7766917575358512,-7.2661216451590525,-14.17559086068436,-19.68052587048142,-25.14885144925469,-29.97115916279867,-34.01329866798312,-37.26347578558465,-39.6347359083526,-41.23315695445668,-42.286076579723854,-43.04056241089018,-43.6398502733969,-44.01481776595944,-43.92236876356069,-43.087270803032766,-41.33490429601317,-38.65889045198068,-35.212758509182315,-31.256568564081835,-27.09345387278903,-23.01171028147039,-19.23885526362012,-15.909880981425353,-13.048694324453452,-10.561388141475204,-8.253274351603261,-5.9026166137529055,-3.3692447292620806,-0.649176459173862,2.1376664924469493,4.7864598821132045,7.055885049226218,8.717255870887321,9.595046519280515,9.59504990769632,8.717265910522672,7.055901384350379,4.786482083525431,2.1376920962572608,-0.6491470761620514,-3.369204993537484,-5.902584163869662,-8.253247329037691,-10.561343827024388,-13.048654029000115,-15.909845066486062,-19.23881963320081,-23.011674435904236,-27.09341752000182,-31.256531529042345,-35.21271906195471,-38.6588487681254,-41.33486128631957,-43.08722131591247,-43.92233195339758,-44.01479781223458,-43.63980565091643,-43.04052162347074,-42.28605320535621,-41.23315715827782,-39.63474684697091,-37.26345687913293,-34.01331796657764,-29.97118646086008,-25.14888398073389,-19.680555757114817,-14.175623496360371,-7.266167223277097,1.7766348101160083
1.7545852391834524,-7.284174582788091,-14.191045487079329,-19.699223068219887,-25.172023546018576,-29.99528476296252,-34.037155560116624,-37.285347323373216,-39.65377502511998,-41.24944888118131,-42.29999035178051,-43.052296375331,-43.64919796071768,-44.021299445398775,-43.92547143380508,-43.08665064489939,-41.33051891978104,-38.651033914903245,-35.20199758235982,-31.24360576321129,-27.078997984992085,-22.996382260380887,-19.223139075258548,-15.89410961388684,-13.03306301722169,-10.545995163470032,-8.23818025051202,-5.887882848687808,-3.354953282543097,-0.6354154836639081,2.150824878470135,4.798994543219975,7.067845782289767,8.728785470690688,9.606343285956749,9.606346749077884,8.728795736298125,7.067862473013105,4.799017216506702,2.150851008286609,-0.6353854666658408,-3.354913100095624,-5.887849738889533,-8.238152169780841,-10.545950665533129,-13.033022111177328,-15.894072914615624,-19.223102775018692,-22.99634586465639,-27.07896104967532,-31.24356818085443,-35.201957635948666,-38.650991759835925,-41.33047528889726,-43.08660095385258,-43.925434284301296,-44.02127785063322,-43.64915385146847,-43.05225541073908,-42.29996669847596,-41.24944800375079,-39.65378522787638,-37.28532895140062,-34.03717425313039,-29.99531195674992,-25.172056084002445,-19.69925305791425,-14.191078341208453,-7.284220686822019,1.7545275327368304
1.7325972929827247,-7.302203679163536,-14.206528409037434,-19.71800579409335,-25.19531196304868,-30.019518907508694,-34.06111161663659,-37.30729987566206,-39.67287883789175,-41.265789251095306,-42.313937470885776,-43.06404818938179,-43.658545395719656,-44.02775956701493,-43.92852989026524,-43.0859680899003,-41.32606065983865,-38.6431053820566,-35.19117187205689,-31.23058886052622,-27.064498613002588,-22.98101961030054,-19.20739494165319,-15.878314247000011,-13.017410474312756,-10.530584630436383,-8.223068509345064,-5.87313635804268,-3.340653686402231,-0.6216510089518474,2.163980833913307,4.811519924061785,7.079793766020673,8.740296728778187,9.617620730635617,9.617624304216788,8.740307281590013,7.0798108657185725,4.8115431390029535,2.164007512725594,-0.6216203876308318,-3.3406128227899083,-5.873102669138729,-8.223039817518337,-10.530539623483197,-13.017368949914022,-15.878276896029377,-19.207358033050717,-22.980982695509944,-27.064461142589348,-31.230550796624225,-35.19113149504294,-38.64306283936883,-41.32601650432611,-43.08591832967705,-43.928492482614594,-44.02773602595186,-43.658502058182016,-43.064007344724295,-42.31391359657474,-41.26578722903419,-39.672887866318405,-37.30728242640599,-34.06112970327469,-30.019545926726572,-25.195344490968008,-19.718035845637974,-14.206561376845736,-7.30225018887526,1.7325389485076366
1.7107187081683697,-7.32021577782803,-14.222041831024224,-19.736875507612456,-25.21871685766088,-30.04386211828665,-34.085167396677654,-37.3293337940902,-39.692047233977625,-41.28217788913015,-42.32791786824061,-43.07581799652908,-43.667892999145934,-44.03419880511274,-43.931546031712216,-43.0852265292768,-41.3215344902731,-38.63510957528685,-35.180285044269006,-31.21751980605465,-27.049956177979933,-22.965621931111365,-19.19162205252006,-15.862494035429972,-13.001735694179573,-10.515154025850745,-8.207939355921653,-5.858375123178004,-3.326343020425255,-0.6078805502711908,2.177137830352234,4.824041185884056,7.09173483932014,8.751797572504566,9.62888691455786,9.62889059062646,8.751808407341052,7.091752383806999,4.824064995765006,2.1771650479518216,-0.6078493721104523,-3.326301296484925,-5.85834093493204,-8.207910385717065,-10.515108260305194,-13.001693551453892,-15.862456116435164,-19.191584574933167,-22.96558451288998,-27.04991819659102,-31.21748129454931,-35.180244271525936,-38.635066656698825,-41.32148979672625,-43.08517674273797,-43.93150839773633,-44.034173248793394,-43.667850424886886,-43.07577742567496,-42.32789379641917,-41.28217477278485,-39.69205483298292,-37.32931745870167,-34.08518492020255,-30.043888922239837,-25.218749358074724,-19.736905591830496,-14.222074894202017,-7.320262694325232,1.7106597178192524
1.688935247609422,-7.338221192889695,-14.237588942282086,-19.7558325679054,-25.24223620752287,-30.06831194990015,-34.10931991830061,-37.3514456822465,-39.71127638425005,-41.29861112276031,-42.34192815511369,-43.087602935457184,-43.67723885501613,-44.040616774553214,-43.93452209140483,-43.08443118001581,-41.31694846724962,-38.62705473070197,-35.169344096406334,-31.204403671526972,-27.03537408679247,-22.950191453214927,-19.17582204003994,-15.846650620233572,-12.986040280363415,-10.499704515533216,-8.192793643833417,-5.843599200710383,-3.312020448158436,-0.5941018136428619,2.1902998977990147,4.836565595101543,7.1036786405305925,8.76330055650605,9.640154867248413,9.64015865751195,8.763311694945303,7.1036966338204905,4.836589980713094,2.190327636170853,-0.5940700702502627,-3.3119778724049653,-5.843564555121747,-8.192764387199055,-10.499658009330272,-12.985997529233211,-15.846612156251872,-19.17578400913604,-22.950153542512943,-27.03533561299521,-31.204364733909525,-35.16930295478966,-38.62701145027791,-41.31690325365383,-43.084381406896256,-43.93448422748416,-44.04058926124796,-43.677197013816496,-43.08756270123295,-42.34190390284716,-41.298606949361854,-39.71128252421215,-37.35143046802239,-34.10933691938681,-30.068338527847526,-25.242268677592808,-19.75586268788253,-14.237622100196631,-7.338268515900235,1.6888756131587586
1.667303101963748,-7.356177426992769,-14.25315595186937,-19.77486863294804,-25.265866230934744,-30.09286506785392,-34.13356693141601,-37.37363569624639,-39.730568929019086,-41.315093130465904,-42.35597304061107,-43.09940759803132,-43.68658630122145,-44.04701359990672,-43.93745114511167,-43.08356524999309,-41.31227620481631,-38.61891325463431,-35.15832666570058,-31.191226425213845,-27.020745468467894,-22.934725732994423,-19.159994082269783,-15.830783523823197,-12.97032442155137,-10.48423751277216,-8.177633978653933,-5.828813724991611,-3.297694448632608,-0.5803285471814086,2.203446334356087,4.849060777190459,7.115582772032733,8.77475277571751,9.651369242040508,9.651373122561749,8.774764188307506,7.1156012030723925,4.849085728040054,2.2034745619754204,-0.5802962654547122,-3.297651008645465,-5.828778649063145,-8.17760446608129,-10.48419023689462,-12.970281046796424,-15.830744531178476,-19.1599555057486,-22.93468732438967,-27.02070649410997,-31.191187040063,-35.158285135760515,-38.61886961671485,-41.31223046590874,-43.083515472375176,-43.93741300372588,-44.04698401423165,-43.68654520536745,-43.099367811157904,-42.35594865176552,-41.31508788297644,-39.73057350537264,-37.37362162348527,-34.13358346033726,-30.09289140181516,-25.26589867050142,-19.77489880777123,-14.25318923226462,-7.356225182572071,1.667242801690926
1.645729388936225,-7.374154097734643,-14.268765618466253,-19.793996789792427,-25.289610794349837,-30.117524855113984,-34.15791001183527,-37.39590162967445,-39.74991905187843,-41.33161625472028,-42.37004457529848,-43.11122492422729,-43.69593093364608,-44.05339076574244,-43.940346452489024,-43.08265786258251,-41.30756209406307,-38.61073096660879,-35.14726995573473,-31.17801151591813,-27.00608187321792,-22.91922885192881,-19.14413928247044,-15.814893135872856,-12.95458738222492,-10.468750359866185,-8.162455282334047,-5.814009814414777,-3.283350957369347,-0.5665381140912651,2.2166106957158465,4.86157908061996,7.127515327309759,8.786239977536933,9.66261979687717,9.662623778608062,8.78625167325406,7.127534179403739,4.861604582013265,2.216639434456299,-0.5665052505749116,-3.2833066997789464,-5.813974297300563,-8.162425389848517,-10.468702363708772,-12.95454337155418,-15.814853581655976,-19.14410013371345,-22.91918992590693,-27.006042383840743,-31.177971659369994,-35.14722800274964,-38.610686928563176,-41.30751581535405,-43.08260806050324,-43.94030795460922,-44.05335914464221,-43.69589054430553,-43.111185597216895,-42.37002002586964,-41.33160989787661,-39.74992209183227,-37.395888624466096,-34.15792609776287,-30.11755094402201,-25.289643210204023,-19.79402699385137,-14.268798971090275,-7.37420223924139,1.6456684624436797
1.6242263878187937,-7.392140425326571,-14.284413246182078,-19.81321343471064,-25.31346667836757,-30.1422880318726,-34.18234593278443,-37.41824080595781,-39.76932484052186,-41.34817922013055,-42.38414191622277,-43.12305436244589,-43.705272264402815,-44.059747431190246,-43.94320567536768,-43.08170437127151,-41.30279901899464,-38.60250063729711,-35.13616854027844,-31.164756042380787,-26.991382454654385,-22.903701256521103,-19.128258466000407,-15.798980292781986,-12.938830142079144,-10.453244360564652,-8.147259082372507,-5.799189711409266,-3.268993106033097,-0.5527351406199498,2.2297863868131387,4.874110209545911,7.139462913048778,8.797745716568155,9.673889410998322,9.67389347199544,8.797757666009097,7.139482186218708,4.874136245202679,2.229815603006731,-0.552701716951429,-3.268948051301565,-5.799153727817487,-8.147228785309382,-10.453195647811674,-12.938785497005538,-15.798940161756844,-19.128218729733128,-22.903661797978867,-26.991342427173706,-31.164715694251758,-35.136126157642614,-38.60245616652605,-41.30275214585201,-43.08165452910119,-43.94316680943019,-44.05971377672252,-43.70523256656569,-43.12301549233519,-42.384117225087074,-41.34817176743813,-39.76932640381783,-37.41822881681421,-34.182361614828096,-30.142313867144352,-25.313499075168707,-19.81324370868878,-14.28444673593705,-7.3921890166208755,1.6241647764235545
1.6028387502803607,-7.410102427211146,-14.300087992123752,-19.83251103981682,-25.33742968712321,-30.16715070499087,-34.20687163771496,-37.44065221777013,-39.78878716176707,-41.364784085493774,-42.39826761526311,-43.13489840362572,-43.71461205395998,-44.066083095357705,-43.94602341337588,-43.08069218867685,-41.29796722450967,-38.594201576445485,-35.12500551507058,-31.151449484276466,-26.976642332062926,-22.888141601720992,-19.11235169690581,-15.783045454190573,-12.923053777687796,-10.437721583816549,-8.132048599933077,-5.784358498454202,-3.254628508737934,-0.53893135940571,2.24295639704574,4.886628175070777,7.151392015959567,8.809228145569222,9.685134519683867,9.68513865173166,8.80924030787998,7.151411639508209,4.886654704850584,2.2429860888003783,-0.5388973522986609,-3.2545826145967927,-5.784322000348184,-8.132017842687802,-10.43767204318727,-12.923008395649878,-15.783004652847447,-19.112311279492197,-22.888101511052767,-26.97660166507719,-31.151408522478143,-35.12496254404819,-38.59415647833649,-41.29791955572432,-43.080642103400685,-43.94598399034487,-44.0660473028775,-43.714572889643634,-43.13485993540105,-42.39824271421622,-41.36477550427264,-39.78878724577413,-37.440641043760266,-34.20688701036483,-30.16717624291436,-25.33746207398404,-19.83254137464004,-14.3001216045864,-7.410151457843133,1.6027764650524785
1.5815167736139013,-7.428078237154917,-14.31580361706744,-19.85189757201117,-25.361502564520386,-30.192115230616903,-34.231488362846285,-37.463135100843886,-39.808303043802894,-41.3814268013606,-42.41241734260856,-43.146753088656766,-43.72394754340324,-44.07239765594965,-43.94880578626034,-43.0796358448283,-41.293089431085626,-38.58585757480389,-35.11380023912806,-31.13810415727314,-26.961867599205167,-22.87255181458563,-19.096419250814115,-15.767088569758217,-12.907257618551723,-10.42218026004864,-8.116821023820169,-5.769511221542639,-3.240249366369949,-0.5251144284417635,2.256138792699264,4.899161137946306,7.163339194046228,8.820732357822573,9.696401745341058,9.69640594804081,8.820744723101734,7.163359130849028,4.899188091036983,2.2561689330531025,-0.5250797977815612,-3.2402027275419223,-5.769474176142283,-8.116789567017209,-10.422130023705444,-12.907211472979345,-15.767047018274974,-19.0963781075539,-22.872511048746755,-26.96182624380956,-31.13806252867807,-35.11375661590017,-38.58581177744925,-41.2930409290736,-43.07958539744576,-43.94876563705852,-44.072360052761645,-43.72390863635908,-43.14671487116984,-42.41239215248047,-41.38141718201524,-39.80830196413544,-37.46312433494471,-34.23150353525035,-30.192140470961636,-25.36153495118571,-19.85192799578991,-14.315837378058236,-7.428127718527259,1.5814538047019089
1.5603007092792054,-7.446035603498257,-14.331548249827067,-19.871364827669872,-25.38568017180583,-30.2171768052378,-34.256191996146875,-37.48568762288159,-39.82787202593565,-41.39810836009131,-42.42659294811785,-43.15862050596773,-43.73328050374251,-44.07869069529122,-43.95154812534086,-43.07852378586089,-41.28814691525373,-38.57744895972382,-35.102536784625904,-31.124710100810976,-26.947053570161323,-22.85693081986765,-19.080461420699724,-15.75111012347967,-12.89144269505261,-10.406622495540857,-8.101579158289494,-5.754652713721623,-3.225863023392535,-0.5112956337104905,2.2693172549231573,4.911683562457968,7.175271421118772,8.832217927885742,9.70764967819747,9.707653978564174,8.832230559262724,7.175291755897766,4.911711015904666,2.2693478670444893,-0.5112604277612753,-3.2258156121945154,-5.75461520291291,-8.101547334895875,-10.40657152466801,-12.891395929541442,-15.75106800517734,-19.08041969860711,-22.85688952907846,-26.947011691438764,-31.12466798315106,-35.10249272033233,-38.57740273970009,-41.28809795746838,-43.07847314471751,-43.95150732906377,-44.078652293841394,-43.73324140581183,-43.158582347868375,-42.42656744035372,-41.39809810434201,-39.82787058775296,-37.48567631840413,-34.25620744869265,-30.21720174089795,-25.38571251481549,-19.871395332112925,-14.331582175458635,-7.446085579147572,1.5602370035130977
1.539168130592932,-7.463991795926064,-14.347327821520032,-19.890915469205854,-25.40996212132365,-30.242334577952967,-34.28098132833151,-37.50830688178176,-39.84749116027447,-41.41482526826966,-42.44079075272099,-43.17049725479558,-43.74260811496736,-44.08496135880996,-43.9542525206748,-43.07736241521901,-41.28315044262244,-38.5689873422049,-35.09122496260451,-31.111274129419357,-26.93220431130224,-22.84128066453551,-19.064479513983454,-15.73511128448503,-12.87560975514388,-10.391048623028324,-8.086322823987224,-5.73978186181672,-3.211466929064494,-0.4974702773390508,2.2824990436929125,4.924207633785688,7.1872048280321055,8.843704971266153,9.718898945597468,9.718903417353369,8.843718056482237,7.187225823572091,4.9242358483628585,2.2825302912352923,-0.4974344748305015,-3.211418831818134,-5.739744108760667,-8.086290940802868,-10.390997215870696,-12.875562703491388,-15.735068968949586,-19.0644375752128,-22.84123921566819,-26.932162322834618,-31.111232019506986,-35.09118105806932,-38.56894137974314,-41.283101802288975,-43.07731228339241,-43.95421166813967,-44.08492319725806,-43.74256896676892,-43.17045917483895,-42.44076501386373,-41.41481461303086,-39.847489772129,-37.508295101612525,-34.28099704495857,-30.24235935446809,-25.40999433379682,-19.89094594183404,-14.347361765718496,-7.464042166324935,1.5391037614159646
1.5181167782199914,-7.481947711605831,-14.363142978006112,-19.91055025408465,-25.434348736827275,-30.26758918773741,-34.305857218173216,-37.53099333857511,-39.86716162111566,-41.43157875996695,-42.45501209313114,-43.18238486565866,-43.75193211295487,-44.0912120981185,-43.95692087081811,-43.07615308497195,-41.27810053599797,-38.5604727308509,-35.07986448979618,-31.09779564301368,-26.917318974483404,-22.825600496593136,-19.048472590965204,-15.71909093396909,-12.85975758127204,-10.375457309367672,-8.071050749048595,-5.724897340778679,-3.1970597413379083,-0.4836371332735927,2.295685461874536,4.936734172009721,7.199140072063848,8.855194157594468,9.730150621554982,9.730155252136957,8.855207705180597,7.199161766178428,4.936763168470749,2.2957173435007663,-0.4836007330466599,-3.197010981903952,-5.724859366520306,-8.07101879759399,-10.37540552140996,-12.859710271551869,-15.719048459967238,-19.048430471739845,-22.825558922803147,-26.917276913665397,-31.09775357980267,-35.07982079263578,-38.56042709431075,-41.27805230890979,-43.07610356242122,-43.956880034515045,-44.09117404662651,-43.75189313706583,-43.18234698416683,-42.45498619268323,-41.43156762676134,-39.86716002427581,-37.53098162938762,-34.30587286253179,-30.26761390421133,-25.434380814992245,-19.910580705913105,-14.363176929524364,-7.48199844752208,1.5180517742635624
1.4971581589425458,-7.499893569205687,-14.37898985131356,-19.93026555416729,-25.4588365071318,-30.29293707867996,-34.3308161004201,-37.55374433512464,-39.88688106308737,-41.44836705534962,-42.46925561487277,-43.19428222815059,-43.76125164287466,-44.09744184232179,-43.95955151844215,-43.07489272036084,-41.27299251567635,-38.55190027915552,-35.06845159755487,-31.084272654495454,-26.902397194245165,-22.809891043407795,-19.032441801363703,-15.703050386251212,-12.843887764535264,-10.35985048177744,-8.055765168789012,-5.710001913215487,-3.182644944060461,-0.469800782843553,2.30887047248942,4.949254500595541,7.211066208324413,8.86667230896868,9.741391143639222,9.741395943117626,8.866686308246575,7.211088552475309,4.94928423528503,2.3089029674832164,-0.4697637833178528,-3.182595474528797,-5.709963684783727,-8.05573314730061,-10.359798223586862,-12.843840130969893,-15.703007701024903,-19.03239944418189,-22.80984927968254,-26.902354988223117,-31.084230551500237,-35.06840800417216,-38.5518548432516,-41.27294455695747,-43.07484363764973,-43.95951057273368,-44.097403800270975,-43.761212796812906,-43.19424450137021,-42.46922951010066,-41.44835540232649,-39.88687916896271,-37.55373278306692,-34.33083156937524,-30.29296175722108,-25.45886846508428,-19.93029596943148,-14.379023783782667,-7.499944641424562,1.4970925544970033
1.4762573361657634,-7.517857689468458,-14.39487878411166,-19.950067714290903,-25.48342771540693,-30.318380323552397,-34.35585901586851,-37.57655917564672,-39.9066475953124,-41.465187351748575,-42.4835180526127,-43.206186109548206,-43.77056400814004,-44.1036499303684,-43.9621477940786,-43.07359102634486,-41.26784266199306,-38.54328747307631,-35.05700110805602,-31.070715160110737,-26.887444439710688,-22.79415441903632,-19.016387857727103,-15.6869901043236,-12.828000348234688,-10.344227233686482,-8.040464311782499,-5.695092029335331,-3.1682168769990007,-0.4559519753544073,2.322067484925144,4.961790043001217,7.223010669067957,8.878173019114897,9.752654251498194,9.75265921120193,8.878187440630642,7.223033613563645,4.9618204652073885,2.322100585908736,-0.4559143414427224,-3.168166752427803,-5.69505350964466,-8.040432024118587,-10.344174551319815,-12.827952338973928,-15.686947129139272,-19.016345194519385,-22.794112403516603,-26.88740202689423,-31.070672936098727,-35.056957511853774,-38.54324211923839,-41.267794848012,-43.07354228816674,-43.96210669030345,-44.103611583208014,-43.77052544744823,-43.2061485589114,-42.483491727049376,-41.465175034773445,-39.906645190300566,-37.57654807540518,-34.35587413121881,-30.318404974683396,-25.48345957381596,-19.950098129447024,-14.394912747576535,-7.517909131131732,1.4761911083748644
1.4554560358633204,-7.535805648766858,-14.410797816650993,-19.969948063391456,-25.50811700289463,-30.34391383063273,-34.38098198218702,-37.59943628212833,-39.926460991208096,-41.48204073384118,-42.49780132478543,-43.21809872856752,-43.77987121233091,-44.1098362416223,-43.96470542004519,-43.07223648885798,-41.26263182565117,-38.53461391260229,-35.04549580975146,-31.05711174631776,-26.87245474156779,-22.77838865608608,-19.000310367731704,-15.670910029731749,-12.81209583022627,-10.32858931413103,-8.025151047499502,-5.680172888292149,-3.1537834692376467,-0.442103242848699,2.3352587400280926,4.974312869550316,7.234938098313109,8.889653146536007,9.76389670106401,9.76390179523412,8.889667958752325,7.234961640515245,4.974343988169695,2.335292428530436,-0.442065001509476,-3.1537326209085914,-5.680134048165379,-8.025118579269002,-10.328536094184626,-12.812047405337896,-15.670866743661929,-19.00026736846592,-22.778346349027476,-26.872412071940182,-31.05706935342579,-35.04545216448802,-38.53456857344028,-41.26258406393863,-43.07218794068441,-43.96466405940968,-44.10979775468474,-43.77983271911287,-43.21806125903014,-42.49777474561276,-41.4820278566193,-39.92645821363612,-37.59942538273232,-34.38099683023101,-30.343938440600297,-25.508148759889743,-19.9699784544653,-14.41083176131914,-7.53585740585308,1.455389240768466
1.4347321736251206,-7.553754667789465,-14.426752594209727,-19.98991001956204,-25.53290502603446,-30.369538081301133,-34.40618478533917,-37.62237439447068,-39.9463195475992,-41.498925232464686,-42.5121034669716,-43.2300184043973,-43.7891722041224,-44.11600125717256,-43.96722738634358,-43.07083582044832,-41.257370398805726,-38.52589057109108,-35.033945104096674,-31.043468891585302,-26.85743186056055,-22.762595537075143,-18.984210220086315,-15.654810846577549,-12.796174577367642,-10.312936432175375,-8.009824490963267,-5.66524234653746,-3.139341085071021,-0.4282485445715751,2.348453017546236,4.986836678789423,7.246865679844838,8.901133772110668,9.775139734563352,9.775144964366554,8.901148957463015,7.246889777299667,4.986868442642001,2.3484872768615426,-0.4282096951085503,-3.139289535323707,-5.665203187889414,-8.009791793382716,-10.312882677437395,-12.7961257131792,-15.654767225616451,-18.98416686110772,-22.762552913207116,-26.8573889060064,-31.043426289811627,-35.03390135214065,-38.52584515991872,-41.25732261093624,-43.07078739231851,-43.96718573966432,-44.11596263978834,-43.78913368096519,-43.22998094963174,-42.51207662683917,-41.49891185130741,-39.94631645081822,-37.622363656139925,-34.40619937512347,-30.36956265418231,-25.532936689883016,-19.9899404028615,-14.426786584660766,-7.553806820465989,1.4346647274895554
1.4140663452807265,-7.571720036437561,-14.442748720149092,-20.00995697457204,-25.55779281723365,-30.395254110527727,-34.43146786864285,-37.645373009602366,-39.96622223285561,-41.515839439421775,-42.52642288186745,-43.2419435523575,-43.79846569536014,-44.1221447273451,-43.96971529403921,-43.069393678000814,-41.25206601980851,-38.51712574966787,-35.022356159142795,-31.029791415137726,-26.842378367499467,-22.746776006060696,-18.968087572666164,-15.638692501990723,-12.780236273012823,-10.297267795883208,-7.994483384942809,-5.650298331404142,-3.1248866390715664,-0.4143831043530964,2.3616571943262112,4.999372021638566,7.258806886607554,8.912631310921354,9.786399990237728,9.786405371316429,8.912646886833988,7.258831510718164,4.999404371809314,2.3616919919297064,-0.4143436275169755,-3.1248344307132974,-5.65025883584152,-7.994450347804677,-10.29721355999756,-12.780186958097032,-15.638648512281344,-18.968043826633263,-22.746733040446028,-26.84233510102651,-31.029748561986768,-35.02231224518742,-38.517080219914845,-41.25201817048511,-43.06934531753749,-43.96967330824416,-44.122105861013935,-43.79842719644748,-43.24190613196132,-42.52639577534137,-41.51582550220952,-39.966218755235765,-37.64536250925772,-34.43148215964079,-30.39527865224103,-25.557824409365576,-20.009987352056093,-14.442782777225483,-7.57177261641459,1.413998211654449
1.393495088722301,-7.589672933303584,-14.458776409679947,-20.030081844039337,-25.582775573188364,-30.42105739850208,-34.456827577047726,-37.66843015493232,-39.98616831011965,-41.532783567119786,-42.54076029999115,-43.25387506099189,-43.80775218957428,-44.12826556670868,-43.97216485750411,-43.0679008694529,-41.24670426805204,-38.50830402927591,-35.01071604738868,-31.01607078317573,-26.82728999483151,-22.730928862498025,-18.951942372295456,-15.62255555049233,-12.764282086082456,-10.281585597320962,-7.9791309425444545,-5.635345858712432,-3.110427411368404,-0.4005178289844721,2.3748561015182115,5.011896250912148,7.270732967429954,8.924111117887517,9.797641913460568,9.797647412630274,8.924127032697678,7.270758108888492,5.011929210747253,2.374891455296782,-0.4004777309903494,-3.110374528571688,-5.635306010990567,-7.979097578383383,-10.281530822869003,-12.764232288688875,-15.622511170250364,-18.9518982151248,-22.730885528467702,-26.82724639199789,-31.01602765614683,-35.01067193573158,-38.50825831386241,-41.24665628162696,-43.067852496502745,-43.972122519366906,-44.12822653705608,-43.80771359913391,-43.253837581222726,-42.54073289481516,-41.53276913645409,-39.986164538433954,-37.66841976709022,-34.45684161038698,-30.42108189788824,-25.582807085743514,-20.03011221033544,-14.458810510267725,-7.589725909489365,1.3934263049720317
1.3730000075898172,-7.607626665511028,-14.47483949839824,-20.050286284024036,-25.60785251207143,-30.44694739862249,-34.48226247033454,-37.69154348727604,-40.00615514537967,-41.549755012688856,-42.555113327499,-43.26581089864922,-43.81703033652224,-44.13436365601401,-43.974577874802826,-43.06636238058722,-41.241292466024376,-38.49943335807051,-34.99903191806852,-31.002312146049988,-26.8121699913098,-22.71505606714644,-18.93577590918103,-15.606401043531893,-12.748312754873089,-10.265890155131991,-7.963767009738561,-5.620383945573448,-3.095961255910921,-0.386648851801923,2.388055739991625,5.024418582193274,7.28265584000411,8.935587768962886,9.808880638207572,9.808886246688576,8.935604005932657,7.282681489141901,5.024452149328734,2.388091647420515,-0.3866081300262883,-3.09590771419363,-5.620343722658151,-7.96373326012279,-10.265834843065011,-12.748262457789444,-15.606356248863198,-18.935731317607186,-22.71501234263601,-26.81212602636768,-31.002268707997672,-34.99898757402901,-38.49938743801045,-41.2412443325427,-43.06631392697152,-43.974535133070894,-44.134324532366186,-43.81699155060503,-43.26577334607041,-42.55508561734102,-41.54974013577378,-40.00615110509067,-37.69153308840568,-34.48227627135874,-30.446971849464013,-25.607883946714846,-20.050316653667096,-14.474873638949653,-7.607680013936566,1.3729306031221642
1.3525663862571955,-7.6255929718303,-14.490942411057391,-20.070573539887484,-25.63302509583633,-30.472925950836736,-34.50777392003654,-37.71471372083609,-40.02618324962672,-41.56675416988544,-42.56948232095392,-43.277751516703326,-43.82630076922563,-44.14044027744743,-43.97695664883795,-43.06478210115676,-41.23583640090408,-38.4905196866277,-34.98730861001394,-30.988518818097447,-26.79701989163172,-22.699157533457026,-18.91958794142769,-15.590228163684571,-12.732327228215985,-10.250179941556674,-7.948389628355382,-5.605409862581718,-3.081484631855882,-0.3727710752756649,2.401262262183284,5.036948217520299,7.294586831100798,8.9470746653112,9.82012981076688,9.820135531106155,8.947091228911841,7.294612974009349,5.036982367117272,2.401298720027144,-0.3727297144568097,-3.0814304481416,-5.605369248266207,-7.948355441642081,-10.250124102183152,-12.732276417237046,-15.590182930642252,-18.91954289613485,-22.69911339914576,-26.796975545654533,-30.98847504567669,-34.987264001750155,-38.49047352812075,-41.23578808542071,-43.06473351993173,-43.97691348818867,-44.14040098900831,-43.826261818876624,-43.2777138712627,-42.56945430059002,-41.56673881452686,-40.02617890217666,-37.71470332920357,-34.507787475206925,-30.472950346255697,-25.633056462423543,-20.070603899872378,-14.490976584710832,-7.62564669566706,1.3524963580016462
1.332195093238795,-7.643571567483399,-14.507085186752787,-20.09094260451551,-25.65829192996357,-30.498991615650983,-34.533360775718336,-37.737939842609215,-40.0462514841354,-41.58377967385938,-42.583865773461326,-43.28969532378181,-43.83556192265008,-44.14649396554705,-43.979300152627424,-43.06315906246612,-41.23033597454162,-38.48156339892964,-34.97554639883536,-30.97469127633997,-26.78184021957256,-22.683233608235028,-18.90337907530319,-15.574037523777324,-12.7163262804597,-10.234455843801236,-7.932999809977743,-5.590424650780733,-3.0669985823701365,-0.3588854723517893,2.414474445491583,5.04948383392231,7.306524478664464,8.958569590674383,9.831387025314958,9.83139285359962,8.958586466837115,7.306551094929598,5.049518543087747,2.41451144098387,-0.3588434739642369,-3.0669437894693967,-5.590383633016457,-7.9329651359785585,-10.234399507921871,-12.716274956698197,-15.57399183886627,-18.903333567709733,-22.683189054311416,-26.781795481605226,-30.974647156554827,-34.97550150756119,-38.48151697969156,-41.23028745281202,-43.06311033870151,-43.97925660457634,-44.14645444511428,-43.83552285173272,-43.28965757371673,-42.58383745646245,-41.58376383783858,-40.04624682889478,-37.73792951613721,-34.53337406486321,-30.49901595132751,-25.658323230193496,-20.09097296337752,-14.50711941459216,-7.643625693801716,1.332124409340553
1.3119326987598463,-7.661522563933008,-14.523253410437285,-20.111383413278272,-25.6836453660374,-30.525136858264823,-34.55901623644128,-37.761217224638735,-40.0663570269189,-41.60083046868962,-42.598263869474174,-43.301643236364285,-43.84481496348501,-44.152524575334176,-43.98160455660513,-43.06148291932059,-41.224772883142,-38.4725441737744,-34.963728112063094,-30.96081819160165,-26.76662530941167,-22.667283071884555,-18.88714974767077,-15.557830288524933,-12.700311700186624,-10.218721172511763,-7.917602150894122,-5.575435542483781,-3.0525133443142107,-0.3450074076964207,2.427671265930359,5.061994059954872,7.318429875780096,8.970026486947203,9.842606227934066,9.8426121773798,8.97004369010772,7.318456973768696,5.062029330661215,2.427708786531275,-0.3449648057145382,-3.0524578440940906,-5.575394127328456,-7.917567207131598,-10.218664185238762,-12.70025985649846,-15.557784181795675,-18.887103792121295,-22.66723810402433,-26.76658018421257,-30.9607737229837,-34.963682922181555,-38.47249747393591,-41.22472415829221,-43.06143399620333,-43.98156056599095,-44.1524851171836,-43.84477557115431,-43.30160528433431,-42.598235219799626,-41.60081429618971,-40.06635231110249,-37.76120666357805,-34.55902938600789,-30.52516112580667,-25.68367657473176,-20.111413744520146,-14.523287674125571,-7.661577085272369,1.3118613652769942
1.291709809862935,-7.679503400502168,-14.53946730084921,-20.13190981762797,-25.709094142447924,-30.55136971358984,-34.58474740254017,-37.784550250768845,-40.08650207714206,-41.61790674098403,-42.6126755818628,-43.31359379345962,-43.85405884265742,-44.15853366490565,-43.98387715537402,-43.05976937884769,-41.21917368058245,-38.4634912471506,-34.951878623251105,-30.9469162177526,-26.751383667167342,-22.651308218666028,-18.87089965527176,-15.541604936129712,-12.684280906154395,-10.202971148934946,-7.902189877793325,-5.560432103004417,-3.038014274567339,-0.3311151616285228,2.440882548363361,5.0745228272382,7.33035732729989,8.981510088347544,9.85385242425917,9.85385849548338,8.981527614808455,7.330384891240903,5.074558643650158,2.4409205969164973,-0.3310719428086197,-3.037958083308061,-5.5603902725823176,-7.90215459102965,-10.20291353019945,-12.684228527735293,-15.541558380340929,-18.87085323070196,-22.651262818305053,-26.75133813487329,-30.94687138072835,-34.95183311129649,-38.463444240069535,-41.21912472698521,-43.05972026331801,-43.98383276164001,-44.15849406264398,-43.85401931062226,-43.31355569582798,-42.61264662678488,-41.617890125581056,-40.0864971906251,-37.78453961850213,-34.58476033256025,-30.551393908815022,-25.70912525983319,-20.13194013289736,-14.539501600047757,-7.679558302617221,1.2916378495193674
1.2715363265921793,-7.697506718812061,-14.55572439100018,-20.152519344327956,-25.734635796693947,-30.57768778180091,-34.610552011082945,-37.80793708178813,-40.1066852604113,-41.6350073682273,-42.62709990473407,-43.32554604042857,-43.86329252716353,-44.16451995733258,-43.98611602338812,-43.058015806774335,-41.213534846763416,-38.454401180572646,-34.9399953281717,-30.932983887396027,-26.73611498561386,-22.63530961596259,-18.85462951895604,-15.525362551381123,-12.668235244732507,-10.187207395447816,-7.886764965178623,-5.5454166695445055,-3.023504153811332,-0.3172123028306522,2.454103968868002,5.0870640089475465,7.3422991056312705,8.993010887391415,9.865115595249444,9.865121764387151,8.993028693596056,7.342327108033295,5.087100354743487,2.454142541515939,-0.3171684615374181,-3.023447325974577,-5.545374399519399,-7.886729203927717,-10.187149201446491,-12.66818232381371,-15.525315517370409,-18.85458260573692,-22.635263767042115,-26.736069025706225,-30.932938650221324,-34.93994947477604,-38.45435387301248,-41.21348566099748,-43.05796651770461,-43.98607128787353,-44.1644800272898,-43.86325305862693,-43.32550787842265,-42.62707070362931,-41.63499023444298,-40.1066800710457,-37.807926552804766,-34.610564647733604,-30.577711894195883,-25.73466681935941,-20.152549638866866,-14.555758704655828,-7.697561970391508,1.271463775594306
1.2514531906938215,-7.7154978272542,-14.572012597443823,-20.173202601148773,-25.760262734017036,-30.60408369333229,-34.6364231935245,-37.83137260498543,-40.12690283259138,-41.65212977081018,-42.64153517890485,-43.337498743418976,-43.87251500608992,-44.17048120836196,-43.98831622602511,-43.056212682246446,-41.207840862508846,-38.445257225759335,-34.92806400791765,-30.919011941802623,-26.720814940565024,-22.6192866749944,-18.838340367864667,-15.50910495521913,-12.652177199257473,-10.171433879168754,-7.871332642205939,-5.530396812226752,-3.008993083676748,-0.3033133260875426,2.467316093983376,5.09958929274015,7.354220720956053,9.004487656959407,9.876354572581771,9.876360813794369,9.004505677541356,7.35424907548762,5.099626082725324,2.4673551331999413,-0.3032688823717985,-3.008935575086358,-5.530354074836616,-7.87129643570847,-10.171375028417378,-12.652123702406,-15.509057431362576,-18.83829295618314,-22.61924036119993,-26.720768528733245,-30.91896627445573,-34.9280177753621,-38.445209592584575,-41.20779148847479,-43.05616330411296,-43.98827131271123,-44.17044140572709,-43.87247551276044,-43.33746064833058,-42.64150582343623,-41.6521123884502,-40.12689742046283,-37.83136207501399,-34.636435647561164,-30.604107717186555,-25.76029357358676,-20.173232758529387,-14.572046760788565,-7.715553266684854,1.2513802033677188
1.231459068759114,-7.733476675875151,-14.588331328293508,-20.193959686970537,-25.78597440819755,-30.630557234279525,-34.662360828034046,-37.854856750692086,-40.14715479718908,-41.66927435958779,-42.65598208937961,-43.34945293149849,-43.8817275075913,-44.17641896987829,-43.99047928172599,-43.05436113045783,-41.20209227346332,-38.43605944260048,-34.9160846609898,-30.90500024946735,-26.705483171775168,-22.60323892861074,-18.82203161355392,-15.492831388345026,-12.636105886013436,-10.155649655186007,-7.85589193649767,-5.515371644903715,-2.9944803893936376,-0.2894178143155933,2.480519013353425,5.112098631777962,7.366121930053603,9.015940806987787,9.887569892548004,9.887576222639574,9.015959059496245,7.366150635122347,5.112135857688323,2.4805585043402667,-0.2893727964861062,-2.9944221565932825,-5.515328453410666,-7.855855391805084,-10.155590086202883,-12.636051818626738,-15.492783396645263,-18.82198371646545,-22.60319215855096,-26.70543631321953,-30.904954148571523,-34.91603803913508,-38.43601148537019,-41.20204272355898,-43.05431161490235,-43.99043416694136,-44.17637947291367,-43.88168786509154,-43.3494148403283,-42.65595258599036,-41.66925684647602,-40.14714933232703,-37.85484603436061,-34.66237317054099,-30.63058116272708,-25.786005050345143,-20.19398969912806,-14.588365361268345,-7.733532336926975,1.2313856090051714
1.211517042926725,-7.751473646427757,-14.60469113241886,-20.2147977310184,-25.811775095222703,-30.65711250151246,-34.68836824447104,-37.87839144654296,-40.167442208457054,-41.68644157191965,-42.67044074692871,-43.3614087539442,-43.89093054786885,-44.18233519172543,-43.992609794242114,-43.05246984640802,-41.19630252877129,-38.42682245207354,-34.90406997253137,-30.89095739051193,-26.690124186771797,-22.5871678895368,-18.80570326523804,-15.47654112182406,-12.620019901854558,-10.13985210607004,-7.840439020568364,-5.500335374301376,-2.979957959225577,-0.2755138707731606,2.493729101164468,5.124615467835598,7.37803126305487,9.027404226880844,9.898795661804687,9.898802087862506,9.027422727690391,7.378060346506287,5.124653169963147,2.493769088463402,-0.2754682541893638,-2.979898974551307,-5.500291719656752,-7.840402138363326,-10.139791778660818,-12.61996523886958,-15.476492641143285,-18.8056548590226,-22.58712063973963,-26.69007686065949,-30.890910841354163,-34.90402294064826,-38.426774119949634,-41.1962527184325,-43.05242011082771,-43.99256441989488,-44.18229587495386,-43.89089078060035,-43.3613705923722,-42.67041103830544,-41.686423821030566,-40.16743667144608,-37.878380525357535,-34.688380444772136,-30.657136316289314,-25.811805534994352,-20.2148275832531,-14.604724989693665,-7.751529465366531,1.2114431815013975
1.1916304967496043,-7.769487007101583,-14.62109124059709,-20.235715262892736,-25.83766285521588,-30.683747668675444,-34.71444369880362,-37.90197503177735,-40.187763614287874,-41.70362982451388,-42.684909483879686,-43.37336442533199,-43.90012229330467,-44.188227999977904,-43.99470591896284,-43.050537363769664,-41.19047076530157,-38.4175459368696,-34.89202000432095,-30.876883787402136,-26.674738753462584,-22.57107443772704,-18.78935624588109,-15.46023526815473,-12.603920563884497,-10.124042620493045,-7.824975477456761,-5.48528961604046,-2.965427528633406,-0.2616033080845259,2.5069443696107663,5.137137545294158,7.389945924746982,9.03887429353913,9.910027743863004,9.910034265212838,9.038893038142936,7.389975364256333,5.137175682194436,2.506984819919052,-0.2615570983529324,-2.96536781150954,-5.485245497364924,-7.824938209995573,-10.123981569337667,-12.603865306504002,-15.460186291292205,-18.78930732766575,-22.57102670651567,-26.67469095399855,-30.87683677933761,-34.8919725555045,-38.41749723285316,-41.19042070815053,-43.050487440988455,-43.99466036160665,-44.18818878186616,-43.90008249967505,-43.373326282147936,-42.68487964044232,-41.70361185733032,-40.187757913292224,-37.90196402514709,-34.71445571130896,-30.683771364704665,-25.837693074711467,-20.235744951484733,-14.62112491011768,-7.769542963735488,1.1915562583129105
1.1717971175972688,-7.787517917571091,-14.6375317645976,-20.25671174349656,-25.86363643171598,-30.710461582114736,-34.74058590342784,-37.92560622354576,-40.20811778817231,-41.72083806200012,-42.69938746935198,-43.385319361171696,-43.909302436022976,-44.19409733883728,-43.99676786869054,-43.04856406638243,-41.1845973378992,-38.40823035757844,-34.879935267544816,-30.862779949139103,-26.65932736815392,-22.55495904931021,-18.772990936189476,-15.44391412499962,-12.587808071266078,-10.108221369077496,-7.809501477260324,-5.470234514251242,-2.9508891657955183,-0.2476862655374473,2.5201647120206667,5.149664544362741,7.401865689081028,9.050350691031696,9.921266045606515,9.92127261657412,9.050369613389286,7.401895462844713,5.14970313054136,2.520205641165981,-0.2476394649138868,-2.9508287856913054,-5.47018993953191,-7.809463722558334,-10.10815965009451,-12.587752220090278,-15.443864641869595,-18.77294150382976,-22.55491083631697,-26.6592790971309,-30.8627324869841,-34.87988739570953,-38.40818125566527,-41.18454701030896,-43.0485139928936,-43.99672221216356,-44.19405820010882,-43.90926262731049,-43.38528124533336,-42.69935753011853,-41.72081993004432,-40.20811186741925,-37.92559521136282,-34.74059770653372,-30.710485149500123,-25.86366641863044,-20.256741251800666,-14.637565230833264,-7.787574004338436,1.1717225080688518
1.152037497247876,-7.805548695180007,-14.654006802999175,-20.27778313020368,-25.889692198105287,-30.737250673727274,-34.766791586409546,-37.94928270489455,-40.22850314055422,-41.738065497175285,-42.713874401464885,-43.39727356815566,-43.91847110805808,-44.19994296778696,-43.998794117066886,-43.04654588888134,-41.17867508990755,-38.39886757017143,-34.86780869299783,-30.848641184471425,-26.64388762685857,-22.538821043473945,-18.756607534864877,-15.427578265041603,-12.571683352133114,-10.092390049066047,-7.794019285225658,-5.455173562548324,-2.9363477039841044,-0.233769705028877,2.533380632524152,5.162182826412238,7.413773896996282,9.061813827627631,9.93249089989167,9.932497557728825,9.061832982984573,7.413804022309712,5.162221857763504,2.5334220397907683,-0.2337223047245797,-2.936286601017252,-5.455128523638661,-7.793981122201063,-10.092327600214116,-12.571626898417778,-15.427528273410664,-18.756557580329503,-22.53877233743389,-26.64383887259409,-30.84859325693018,-34.86776038007596,-38.3988180427298,-41.17862445045404,-43.0464955954336,-43.99874829195886,-44.199903955683006,-43.91843124325117,-43.39723542648579,-42.71384432400653,-41.7380471852596,-40.22849707858983,-37.94927158767993,-34.766803204459244,-30.737274099144702,-25.889721929590763,-20.277812423061448,-14.65404002418401,-7.805604869779971,1.151962559994634
1.1323432411254095,-7.823587300127377,-14.670519675880875,-20.29893166230773,-25.91583155000831,-30.76411668823507,-34.79306242479978,-37.9730058507076,-40.24892080689703,-41.75531308077681,-42.7283710336708,-43.40922769721511,-43.9276288650074,-44.20576562924385,-44.00078581349074,-43.04448489488416,-41.17270720954161,-38.38946101591852,-34.855643106490255,-30.834469162019115,-26.62842012894728,-22.522660220912268,-18.740205451119667,-15.411226943617656,-12.555545533437709,-10.076547481861212,-7.778527490477321,-5.440104832923856,-2.9218006432984405,-0.2198501516808598,2.546596700553589,5.174698661565841,7.425677857869315,9.073272045266014,9.943710522424972,9.943717290074597,9.07329148191752,7.425708395006253,5.174738182389841,2.546638607359379,-0.2198021362259275,-2.9217387841134674,-5.440059324059608,-7.778488932782199,-10.076484282284268,-12.55548847131883,-15.411176434987649,-18.740154959900483,-22.52261100809091,-26.628370876135477,-30.83442074516718,-34.85559433681914,-38.38941106476415,-41.17265622260268,-43.04443426731648,-44.00073967461414,-44.205726602632645,-43.92758895940985,-43.4091894729417,-42.72834076395424,-41.75529445559846,-40.248914618459416,-37.97299452690998,-34.79307383453757,-30.76413994846902,-25.91586103085565,-20.29896074938346,-14.67055264707198,-7.823643543736424,1.132268007184285
1.112708257223158,-7.841637611109845,-14.687070468366125,-20.320156320748016,-25.942052304768158,-30.79105736280005,-34.819395918283284,-37.99677294892046,-40.269368174679904,-41.77257818727244,-42.74287498857195,-43.421179649534935,-43.936774107869546,-44.21156428518391,-44.00274279288639,-43.04238189819616,-41.16669549870918,-38.38001306558808,-34.843441071485444,-30.820266230697413,-26.61292686452317,-22.5064782356118,-18.723786086998288,-15.394861405142391,-12.539395758774242,-10.06069464641724,-7.763026939739677,-5.425028935525621,-2.907248358774293,-0.2059276279613955,2.559813331684703,5.1872131524616965,7.437579200289312,9.08472760543363,9.954927209620864,9.954934068709653,9.08474729488641,7.437610127619088,5.187253151436851,2.55985573213322,-0.2058790087164535,-2.907185754054071,-5.424982963264493,-7.762987972981191,-10.060630679638658,-12.539338083082502,-15.39481037941845,-18.723735059390208,-22.50642851700211,-26.612877112107864,-30.82021731153429,-34.84339181390175,-38.379962674945375,-41.16664418486543,-43.04233097520129,-44.00269639403253,-44.21152528171763,-43.9367341779899,-43.42114141137414,-42.74284458978391,-41.772559326130285,-40.26936181848235,-37.99676146504646,-34.81940711164882,-30.791080445831252,-25.942081497276728,-20.32018516407331,-14.687103140817037,-7.841693876189794,1.1126327762345964
1.0931449002302145,-7.859688981147304,-14.70365642410621,-20.34145535977035,-25.968352873734755,-30.81807123786017,-34.84579082056193,-38.020583394703166,-40.28984492811504,-41.78986095908311,-42.75738669864685,-43.4331300387338,-43.94590749975347,-44.217339266579486,-44.004664566407584,-43.04023474677236,-41.1606357372744,-38.37051872057105,-34.83119785865399,-30.80602891153789,-26.597405704519687,-22.490273983305457,-18.707348904706414,-15.37848140572124,-12.523233983039509,-10.044832005069113,-7.747518569416356,-5.409947560394199,-2.892693275715989,-0.1920059569048821,2.573025240875267,5.1997182940735645,7.449468366107302,9.096169008979448,9.966129659462984,9.966136597374064,9.096188952752938,7.449499713196286,5.199758812738762,2.573068155395436,-0.1919567327689361,-2.892629932636218,-5.409901136283525,-7.747479185718032,-10.044767271491937,-12.523175696748837,-15.378429863483673,-18.70729733942249,-22.490223757760603,-26.597355452254448,-30.805979487531427,-34.83114809814372,-38.37046785894338,-41.1605840703395,-43.04018346460566,-44.00461784217281,-44.21730038371829,-43.94586741003245,-43.433091709677846,-42.75735612481122,-41.789841905757584,-40.2898385249455,-38.02057158429342,-34.8458018336712,-30.818094129455083,-25.96838176105816,-20.341483950165,-14.703688788316477,-7.85974525197204,1.093069191894522
1.073626819234939,-7.877764576975345,-14.720284812640443,-20.36283309196089,-25.994735516531247,-30.845160693506894,-34.8722489511595,-38.04443794749373,-40.31035149006266,-41.807161412812086,-42.77190590595578,-43.44507858926314,-43.95502889924213,-44.22309143780581,-44.00655364202336,-43.03804903213612,-41.15453726009023,-38.36098850663608,-34.81892314016172,-30.791764177577654,-26.58186079131456,-22.474049428664237,-18.690894648227765,-15.362087034249871,-12.507059820993938,-10.028958123567683,-7.731999921072886,-5.394856664327697,-2.878129687418574,-0.1780763949494116,2.586244421039115,5.212231542340067,7.4613658686578574,9.107620449340986,9.977341643208394,9.97734867502236,9.107640656583344,7.461397629157757,5.212272559074971,2.5862878337631843,-0.1780265668613772,-2.8780655991338286,-5.3948097965101525,-7.731960132182571,-10.028892613121712,-12.507000927695875,-15.362034975777505,-18.69084254372446,-22.47399869386852,-26.58181003396926,-30.79171424277183,-34.818872875247244,-38.36093716773201,-41.15448521138963,-43.03799741984943,-44.00650663618034,-44.223052490316455,-43.95498882486942,-43.445040222296,-42.77187521912123,-41.80714210612683,-40.3103449493003,-38.04442595673147,-34.87225972024207,-30.84518337877047,-25.99476408004156,-20.36286140247105,-14.720316831598833,-7.877820821417825,1.0735509128133602
1.0541517989355371,-7.895866381796933,-14.736956464735346,-20.38428931794301,-26.021199669317493,-30.8723255258089,-34.89877010857615,-38.06833631226512,-40.33088746914687,-41.82447900623848,-42.7864321487408,-43.4570248544384,-43.9641380660127,-44.2288205936636,-44.00841016184712,-43.035825297318425,-41.14840078987935,-38.35142332022688,-34.806617528282274,-30.777472331664168,-26.566292300494727,-22.45780465876091,-18.674423337122697,-15.345678326101089,-12.490873283337503,-10.01307299139205,-7.71647106959296,-5.379756198184804,-2.8635572974828927,-0.1641384918625711,2.5994716758944225,5.224753686194171,7.47327275498606,9.11908259276924,9.988564067694044,9.988571174640803,9.119103042641877,7.473304913839617,5.224795195332046,2.599515585043272,-0.1640880541501846,-2.8634925378511675,-5.379708900621863,-7.716430762509058,-10.013006789194442,-12.490813791502534,-15.345625744949333,-18.674370696169625,-22.45775342059816,-26.56624104880386,-30.777421888558774,-34.80656674955902,-38.35137149845163,-41.14834836740587,-43.03577337082407,-44.00836291252035,-44.22878151291478,-43.96409797456376,-43.45698650532876,-42.78640137158071,-41.82445949059808,-40.33088061811669,-38.06832426456159,-34.89878058504301,-30.87234799992229,-26.02122790605827,-20.38431735400968,-14.73698815915173,-7.895922617510284,1.054075679388482
1.0347325285997735,-7.913980619011229,-14.753666526381888,-20.405821404746,-26.04774230072919,-30.89956239213864,-34.925350981661786,-38.092275958527495,-40.351450917421936,-41.84181275968737,-42.80096508843469,-43.46896909454752,-43.97323565595554,-44.23452751238735,-44.01023405755294,-43.0335609792792,-41.14222076413319,-38.34181626963624,-34.79427509839462,-30.76314951743184,-26.550698036955687,-22.44153878109852,-18.657934749852537,-15.329255136758594,-12.474674300684276,-9.997177168365294,-7.700932863444618,-5.364648210474557,-2.8489794882067696,-0.1501978169288515,2.6126989261682203,5.237272990399807,7.485175021560422,9.13054015842291,9.999781820699354,9.999789007732089,9.130560855929035,7.485207603544159,5.237315032655418,2.612743353470968,-0.1501467770996797,-2.848913965510885,-5.364600471901578,-7.700892166710736,-9.997110125719008,-12.474614193069849,-15.329202032505076,-18.657881559398472,-22.441487022630263,-26.550646269335093,-30.76309854425929,-34.79422377604738,-38.34176392626666,-41.14216792063164,-43.033508703527886,-44.01018654595754,-44.23448834014193,-43.97319562641394,-43.4689307713089,-42.800934233958216,-41.84179300827347,-40.3514438651554,-38.09226379010839,-34.92536118147776,-30.899584635515872,-26.047770150004865,-20.40584909497132,-14.753697783703297,-7.914036722772432,1.0346563281187808
1.0153777222233953,-7.932103269329344,-14.77041397720198,-20.42742698592416,-26.074361145359,-30.92686938752577,-34.951989958994645,-38.11625547177805,-40.372040406893085,-41.85916087053936,-42.81550258530778,-43.480908780559176,-43.98231876005508,-44.24020888471529,-44.01202197713052,-43.03125348320511,-41.13599558138701,-38.332166751018725,-34.78189537520575,-30.74879558041532,-26.535078595333584,-22.42525276474081,-18.641430108134887,-15.31281918267351,-12.458465024328696,-9.981273037590764,-7.68538819554031,-5.349535696998292,-2.8343993595445287,-0.1362576062812633,2.625922998949506,5.249785638280713,7.497068285978443,9.14198661018868,10.010987934137752,10.010995211272393,9.142007579027316,7.497101304501249,5.24982821363176,2.625967960395667,-0.1362059300792832,-2.8343330911465614,-5.349487532666739,-7.685347060009838,-9.981205192773144,-12.458404295512391,-15.312765542776456,-18.641376359681548,-22.425200477121034,-26.53502630679119,-30.748744082971207,-34.78184351576464,-38.33211385296944,-41.135942242962685,-43.03120078862398,-44.01197417276412,-44.24016962531106,-43.98227872043419,-43.48087040204677,-42.81547156648096,-41.85914085669524,-40.37203316217141,-38.11624314566812,-34.95199987890934,-30.92689138496448,-26.07438859714595,-20.427454307791244,-14.77044478847423,-7.932159239412831,1.0153014373408422
0.9960956326433752,-7.950225620011055,-14.787196073160258,-20.449105140896403,-26.10105485962845,-30.954245111230367,-34.97868569551746,-38.14027405030882,-40.39265559511323,-41.876523676963,-42.83004545689964,-43.49284518838746,-43.99138895837719,-44.24586635258784,-44.01377491852264,-43.02890194223152,-41.12972221220181,-38.322470544622966,-34.769474584396534,-30.734407867223634,-26.51943217155149,-22.40894550528795,-18.6249086997909,-15.296369723148594,-12.442244732107296,-9.96536019698326,-7.669836809994584,-5.3344191041207365,-2.8198182494587534,-0.1223205127418167,2.6391395834849347,5.26228526403944,7.508944656477285,9.153413828311738,10.02217426062931,10.022181648599837,9.153435095665929,7.508978132223842,5.262328387580171,2.639185067383188,-0.1222682262135899,-2.8197511615428303,-5.334370541122636,-7.6697953815956925,-9.965291451841653,-12.442183387316904,-15.296315570767735,-18.62485440215547,-22.40889269357533,-26.519379366453794,-30.734355847074788,-34.76942216952077,-38.32241705990696,-41.12966835815098,-43.02884880607933,-44.01372677311817,-44.24582705947613,-43.99134892038441,-43.4928066933631,-42.83001428891432,-41.87650341390746,-40.39264836056704,-38.14026143282175,-34.97869536687018,-30.954266842513984,-26.101081872439703,-20.44913205736382,-14.787226400504148,-7.95028142148626,0.996019295571367
0.9768403776878144,-7.968387162316167,-14.80402581654668,-20.47086299984498,-26.127828182424004,-30.98169467956585,-35.005442309988595,-38.164333989778136,-40.41329794237503,-41.89390183859285,-42.844594122158696,-43.50477874960085,-44.00044721894686,-44.25150232303598,-44.01549810328939,-43.02651652393715,-41.12341601816646,-38.31274475959498,-34.7570278623005,-30.71999684445262,-26.503764756039864,-22.39261963460906,-18.608371162234924,-15.279906316663572,-12.42601201178363,-9.949435479105276,-7.654274067910065,-5.319291035479251,-2.805225550390552,-0.1083709769663541,2.6523699750467906,5.274801547809193,7.520839419656491,9.164862245415458,10.03338166093715,10.033389126149512,9.164883768139372,7.520873335096568,5.274845228460503,2.652415994861391,-0.1083180664520674,-2.8051577169746564,-5.319242063883102,-7.654232191815371,-9.949365927615052,-12.425950044759729,-15.279851631944968,-18.608316305876937,-22.39256629245081,-26.5037114292143,-30.71994430208319,-34.75697490345481,-38.31269071096938,-41.123361657372406,-43.02646295921666,-44.0154496506177,-44.25146286017924,-44.00040722344234,-43.50474021232415,-42.84456279520801,-41.89388126088169,-40.413290473132186,-38.16432120011512,-35.005451662590104,-30.981716128884838,-26.127854761449893,-20.470889511364263,-14.804055625735124,-7.968442745420081,0.9767640463620116
0.9576429964978992,-7.986561887412833,-14.820894371888295,-20.49269407288595,-26.154675394769555,-31.00921231855918,-35.03225464988633,-38.1884313575006,-40.43396408221397,-41.91129244849231,-42.85914586640217,-43.51670679694578,-44.00949069468494,-44.2571132191672,-44.01718658744933,-43.024089949778535,-41.11706695632726,-38.30297888637136,-34.74454616772228,-30.70555660966218,-26.48807361186097,-22.376274700281684,-18.591818384451297,-15.263430700910163,-12.409769353642572,-9.93350261338441,-7.6387048260513,-5.304158191864377,-2.7906299937346253,-0.0944209850754829,2.665598808463496,5.287313347593143,7.532727741966583,9.17630269527752,10.044580697030051,10.044588280297534,9.1763245181481,7.532762067980656,5.287357494648344,2.6656452944444595,-0.0943674741933815,-2.7905614703743407,-5.304108856505394,-7.638662505191006,-9.933432338449302,-12.409706814864988,-15.263375525296912,-18.59176300913212,-22.37622086736304,-26.488019798232624,-30.70550356257392,-34.74449269078889,-38.3029243409631,-41.11701217394028,-43.02403601034217,-44.01713782500616,-44.25707362920353,-44.0094506867536,-43.516668240070295,-42.85911444010147,-41.91127165212162,-40.43395642600324,-38.18841836626725,-35.03226369532555,-31.00923348677292,-26.154701556697123,-20.492720209568706,-14.820923768201624,-7.986617389957194,0.957566519386504
0.9384684948092727,-8.004779299036713,-14.837812306703563,-20.514605343845684,-26.181601553477,-31.03680334284296,-35.05912722497405,-38.21256927316998,-40.454656626460974,-41.92869768220796,-42.873702792885,-43.52863147915984,-44.01852180932199,-44.26270227717059,-44.01884510947647,-43.02162974754609,-41.11068542421142,-38.293183832833776,-34.732038936881565,-30.69109328718257,-26.47236153708841,-22.35991109730539,-18.575249318453995,-15.246940882459253,-12.393513964922096,-9.917557537960803,-7.623123771143342,-5.289013412584435,-2.7760223579472774,-0.0804579958214804,2.6788421609944315,5.299842512030342,7.544634981536681,9.1877646292904,10.055800958914178,10.055808627522064,9.18778669986663,7.544669688703714,5.299887117677795,2.678889120653647,-0.0804038770154748,-2.775953201865559,-5.288963713117542,-7.623080931235491,-9.917486590729563,-12.39345085423437,-15.246885205020186,-18.575193423627024,-22.35985677330958,-26.47230724456345,-30.69103975738714,-34.73198495649342,-38.293128773329215,-41.110630183230334,-43.021575474448014,-44.018796156396064,-44.26266247208367,-44.01848179517414,-43.52859295952517,-42.87367127540738,-41.928676700862766,-40.45464853168345,-38.21255630470228,-35.05913590012221,-31.036824231861495,-26.18162729944964,-20.51463109333584,-14.837841277432176,-8.00483471606044,0.9383918788743126
0.9193418830735076,-8.023017389578031,-14.854771753893502,-20.536591388373804,-26.20860153416105,-31.06446240570561,-35.086055095239594,-38.23674390352351,-40.47537241488078,-41.94611522251673,-42.88826293279398,-43.54055112850727,-44.02753893971902,-44.2682676920901,-44.02047075840704,-43.0191307844462,-41.10426351214553,-38.28335081080329,-34.71949872958698,-30.676602185593804,-26.456626401590587,-22.343528558877537,-18.55866482128321,-15.230438304959725,-12.377247842451505,-9.901603241594628,-7.607534657821575,-5.273861993058513,-2.761409723471698,-0.0664917853449223,2.6920871571783938,5.3123715597010746,7.556540431791296,9.199224590429884,10.067018618451211,10.067026376532487,9.19924691503929,7.5565755362164575,5.312416634987941,2.692134569935426,-0.0664370856125581,-2.761339867334721,-5.273811924987268,-7.60749141440252,-9.901531515676217,-12.37718416524952,-15.230382140241892,-18.55860840765253,-22.34347374258262,-26.45657162112165,-30.67654815867405,-34.71944424442769,-38.283295250602734,-41.10420781867347,-43.01907619494194,-44.02042161159383,-44.26822758445466,-44.02749908095279,-43.54051270918445,-42.88823138741719,-41.94609397964306,-40.47536389379027,-38.23673098407801,-35.08606337073161,-31.06448299891804,-26.20862683306923,-20.53661672489987,-14.854800242970558,-8.023072644870936,0.9192652099344096
0.9002889162037987,-8.041253862754905,-14.871766317598716,-20.558648029128065,-26.235671882250585,-31.09218578935828,-35.11303498719826,-38.26095316370164,-40.49610989590687,-41.96354405697161,-42.9028256456394,-43.55246520336208,-44.03654142641011,-44.2738079033107,-44.022060628325455,-43.01658807644839,-41.09779297905391,-38.273470739598,-34.706917244480195,-30.662077418157608,-26.44086494598599,-22.327125703751385,-18.542064633018335,-15.213923393775358,-12.360971889226931,-9.885641602410656,-7.591940508439331,-5.258708473956234,-2.746798240367917,-0.052531555924474,2.7053217506757115,5.324883257749609,7.568424287895683,9.210659319537744,10.078210705306168,10.07821857690076,9.210681935642276,7.568459794219909,5.324928792126693,2.705369632596242,-0.0524762537809653,-2.746727701487407,-5.258658069176701,-7.591896870643228,-9.885569125252236,-12.360907654127152,-15.21386675153578,-18.54200771113699,-22.327070404707527,-26.440809695071803,-30.662022919517977,-34.7068622585782,-38.2734146567807,-41.09773681064109,-43.01653309506205,-44.02201118765215,-44.27376770448883,-44.03650150647464,-43.55242670100503,-42.902793939034005,-41.96352258348261,-40.49610119483466,-38.26094003102835,-35.113042949548586,-31.09220608032162,-26.235696739417023,-20.55867294708564,-14.871794356963523,-8.041309016683522,0.9002121152724268
0.8812774745792029,-8.059515686751517,-14.888804602482796,-20.58078042711086,-26.26281602154161,-31.11997739591712,-35.14007012073605,-38.28519893402024,-40.51687047889121,-41.9809852565577,-42.917391929440186,-43.564374815585126,-44.04553076799106,-44.279325479473805,-44.02361897193743,-43.01400881978663,-41.091284004113504,-38.26355442463524,-34.69430410273884,-30.64752559782005,-26.425080616963964,-22.31070369636814,-18.52544856138252,-15.19739509849072,-12.34468440827986,-9.86966978649184,-7.576337271738277,-5.24354699300592,-2.7321800925681017,-0.038566036597879,2.718560281948809,5.33739779556349,7.58030984881051,9.222096070003486,10.089404450840531,10.089412407274956,9.22211894560701,7.580345772270471,5.337443833715437,2.718608644824045,-0.0385101518645023,-2.7321088532946938,-5.24349624411691,-7.57629325472,-9.86959651251162,-12.344619612105204,-15.19733798457004,-18.525391128315672,-22.310647912636792,-26.425024887446973,-30.64747060708853,-34.69424860920215,-38.263497842298925,-41.09122738897327,-43.013953433645085,-44.02356919979574,-44.279285166665744,-44.04549079220242,-43.56433625870725,-42.91736006806427,-41.98096351738991,-40.516861556195714,-38.2851855440186,-35.140077754414754,-31.11999736954451,-26.26284042762953,-20.580804911932635,-14.888832137254294,-8.059570661259011,0.8812006339407709
0.8623099177657259,-8.077802603121011,-14.905886879308786,-20.602987421598066,-26.290032422046004,-31.14783561661283,-35.16715878207867,-38.30947955382678,-40.53765256148608,-41.99843723843153,-42.93196025075845,-43.576278472681,-44.054505477050746,-44.28481903209765,-44.02514465779407,-43.01139268821117,-41.084736828643,-38.25360269526563,-34.68166004706636,-30.63294749092185,-26.40927450119845,-22.294263741132596,-18.50881776316221,-15.180854743156242,-12.328386827342284,-9.85368922092822,-7.560726596128561,-5.228379043761598,-2.717556556846467,-0.0245962225935878,2.7318019130009867,5.34991454105956,7.592196790040309,9.233533359425936,10.10059858293068,10.10060664294244,9.23355650291531,7.592233097575616,5.349961038436178,2.731850749798993,-0.0245397251894176,-2.717484704045151,-5.228327965829142,-7.560682090971224,-9.853615292028286,-12.328321482959849,-15.180797148870582,-18.508759825839444,-22.29420747818087,-26.409218308060645,-30.63289205464052,-34.68160409819293,-38.253545613775664,-41.0846797068031,-43.01133686230116,-44.02509459766711,-44.28477861823464,-44.05446537050707,-43.57623971908684,-42.93192811951968,-41.99841522597978,-40.537643437524046,-38.30946591299537,-35.16716608938149,-31.147855268390227,-26.29005640554748,-20.60301150373034,-14.90591399985898,-8.077857513311603,0.8622329108768082
0.8433622158813747,-8.096133760487229,-14.923020305660492,-20.625274270682777,-26.317324773619735,-31.175764380234543,-35.19430431364001,-38.33379745500056,-40.55845831230634,-42.01590202677825,-42.9465326705319,-43.58817844859309,-44.06346826627768,-44.29029198366726,-44.02664194933274,-43.00874479515954,-41.078157783208376,-38.2436216438448,-34.66899031197103,-30.618346395357637,-26.393447607469277,-22.277805283578093,-18.49217075495892,-15.164300068875349,-12.31207628358882,-9.837696342237065,-7.54510382909393,-5.213198957298855,-2.7029208457978693,-0.0106132612432698,2.745057153095904,5.362447557756379,7.604101082575935,9.244990265891282,10.11181223725858,10.11182039270546,9.24501365572958,7.60413775417228,5.362494477387979,2.7451064003493206,-0.0105562135930476,-2.7028483564730226,-5.2131475794855815,-7.545058953636893,-9.837621681406414,-12.31201042505656,-15.16424203906485,-18.49211234324814,-22.277748570428965,-26.393390974204507,-30.61829051372365,-34.66893390046084,-38.24356409535405,-41.078100253420914,-43.00868867078521,-44.026591683742645,-44.29025132615799,-44.06342817193448,-43.58813970167382,-42.946500450986456,-42.01587977581839,-40.558448840722896,-38.3337837344402,-35.19431124197999,-31.17578372338277,-26.317348329106206,-20.62529795411688,-14.923047026779992,-8.09618862973216,0.8432850207047118
0.8244635347314694,-8.11448373014878,-14.940196077743712,-20.64763496313611,-26.344687524947204,-31.203757844489537,-35.22150141481988,-38.35814863117831,-40.57928448844302,-42.03337703993838,-42.96110693830409,-43.60007262457328,-44.07241690572338,-44.295741585996936,-44.02810693291679,-43.00605894539694,-41.07153795467352,-38.233601586455656,-34.656286502603514,-30.60371694158114,-26.37759751106062,-22.26132797452589,-18.47550844476414,-15.1477327983497,-12.295755229240374,-9.821694787241414,-7.529473596024455,-5.198013072808922,-2.688281265204068,0.0033715004779337,2.7583110949373344,5.374976685567742,7.61599935071991,9.25644007319067,10.123018350345346,10.123026604332605,9.256463707558469,7.616036398681454,5.375024069099058,2.7583607761057127,0.0034290735966249,-2.688207985337279,-5.197961411003985,-7.529428576602783,-9.82161914924312,-12.295688837009566,-15.1476743519833,-18.4754495490209,-22.261270797744825,-26.377540423390613,-30.603660599950253,-34.65622960221995,-38.233543533278336,-41.07147997539154,-43.00600251148013,-44.02805645674812,-44.295700691203486,-44.07237692381576,-43.60003390655858,-42.96107465195028,-42.03335451710649,-40.57927468213483,-38.35813483120941,-35.22150795659229,-31.20377685879616,-26.34471060100624,-20.647658177397837,-14.940222271593417,-8.11453841144491,0.8243863062555662
0.8055818320259702,-8.13288164755214,-14.95742450356324,-20.67007426110346,-26.372123927062905,-31.23182002586129,-35.24875338207219,-38.382535005736415,-40.600131863838975,-42.05086218335786,-42.97568265791664,-43.611960581873134,-44.08135142641184,-44.30116876894534,-44.02954275110881,-43.00334134613444,-41.06488752931945,-38.223554358462245,-34.643558736954155,-30.589065908549998,-26.36172810704306,-22.244833603377376,-18.45883115780438,-15.131152562069408,-12.279422541126612,-9.805682206637188,-7.513832875268743,-5.1828164018161305,-2.673630322329351,0.0173690196147418,2.771578882153035,5.387522454230066,7.62791618870677,9.267909316935484,10.134244311651248,10.134252622475875,9.267933160374168,7.62795359968215,5.387570276578312,2.7716289700665646,0.0174271197657331,-2.6735563798532658,-5.182764458408368,-7.513787507952475,-9.805605800637156,-12.279355632865569,-15.131093695885584,-18.45877179087066,-22.24477597893636,-26.36167057937103,-30.589009119849347,-34.64350138695611,-38.2234958787109,-41.06482916626618,-43.00328460919485,-44.02949202475085,-44.30112759212639,-44.08131143554935,-43.61192189824858,-42.97565027116436,-42.050839364709375,-40.60012156020176,-38.38252113431466,-35.24875951269911,-31.231838704824145,-26.37214657592941,-20.67009706312236,-14.957450255532311,-8.132936231633792,0.8055044716967287
0.7867442911249348,-8.151304254181401,-14.974698630257295,-20.69258847869436,-26.399630767290773,-31.25994749734498,-35.27605740410152,-38.406954932041245,-40.62099950790355,-42.06835697672983,-42.99025945975546,-43.62384186065255,-44.09027095290151,-44.30657183959388,-44.03094599720322,-43.00058589073722,-41.05819761481354,-38.21347002940153,-34.630798106985665,-30.574387035581463,-26.34583574680575,-22.22832039398418,-18.442138296928743,-15.114559512000602,-12.263079104873796,-9.789660556532526,-7.498184514167938,-5.167613421543999,-2.658974480989462,0.0313698671907273,2.784847755593179,5.4000671152277775,7.639830598060238,9.279374006991905,10.145465560899812,10.145473952472832,9.279398077224064,7.6398683382790225,5.400115322139027,2.784898219287333,0.0314284963941775,-2.658899920940668,-5.167561243811574,-7.498138793805483,-9.789583435437669,-12.263011710483134,-15.11450024997778,-18.44207848492675,-22.228262346889064,-26.345777808896298,-30.574329832750163,-34.63074034166914,-38.21341114545292,-41.0581388794973,-43.00052888398186,-44.03089506517125,-44.30653040124493,-44.09023094164746,-43.62380317902371,-42.99022696448229,-42.06833390071375,-40.62098876347169,-38.4069410152418,-35.27606313407816,-31.25996585468821,-26.39965300883572,-20.692610890770236,-14.97472401281361,-8.151358842788495,0.7866666886998265
0.7679430049235768,-8.16975787014864,-14.992020462442218,-20.71517816380571,-26.427207682128262,-31.28814013542623,-35.30341309265591,-38.43140775035079,-40.64188659511949,-42.08586060655541,-43.00483667111125,-43.63571603329192,-44.099175467715824,-44.311951394020696,-44.032318111069365,-42.99779464055469,-41.05147105803628,-38.2033515572571,-34.61800722604451,-30.55968227533802,-26.329921706917407,-22.21178914383965,-18.425430358675275,-15.097953903062592,-12.246724979635149,-9.773629653731236,-7.482528074789331,-5.152403316842564,-2.644312432982075,0.0453760991739847,2.798120644777411,5.412614783860954,7.651747537919667,9.29084009809776,10.156688205642547,10.15669666859324,9.290864379093998,7.651785623527061,5.412663417408626,2.7981715281045973,0.0454352879749987,-2.644237261223897,-5.152350894923654,-7.482481933946968,-9.773551815951333,-12.246657083370756,-15.09789422071715,-18.425370080527784,-22.21173065348297,-26.329863343379863,-30.55962466458449,-34.61794905902803,-38.20329225501296,-41.0514119020264,-42.99773732237155,-44.032266963126986,-44.31190967688762,-44.099135411897656,-43.63567729596996,-43.0048039963801,-42.08583720517511,-40.64187535985558,-38.43139375256976,-35.30341840454776,-31.28815815133173,-26.42722951180721,-20.71520018704025,-14.992045424514538,-8.16981237407211,0.7678652622690679
0.7492125032383734,-8.188210779762867,-15.009379099850277,-20.737837085026936,-26.454848839718657,-31.316391270861885,-35.33081438768504,-38.45588912402302,-40.6627900186587,-42.10337088668263,-43.019412604907856,-43.64758164939308,-44.10806349766255,-44.317305237766725,-44.033655180924654,-42.99496054874799,-41.044696867801406,-38.19318661502378,-34.60517559370389,-30.544944913566063,-26.313982626524844,-22.195238786764207,-18.40870784300995,-15.081337078492584,-12.230362266203464,-9.75759292484578,-7.466868164184616,-5.137192788454802,-2.629653413378134,0.0593744582959257,2.8113797284018176,5.425141243109743,7.663638744742092,9.302276700017709,10.16788062575736,10.16788917162473,9.302301224591682,7.663677197635093,5.425190310583251,2.8114310217129828,0.0594342080530942,-2.6295775619050024,-5.137140167284893,-7.466821705766222,-9.757514260208383,-12.230293883946407,-15.08127699731692,-18.408647103217294,-22.19517985551456,-26.313923838551347,-30.544886883421235,-34.6051170075574,-38.19312688978315,-41.04463729283458,-42.994902863221874,-44.03360373321787,-44.31726339242265,-44.10802330495983,-43.64754280128683,-43.01937970736531,-42.103347192782245,-40.662778439388255,-38.45587487983375,-35.33081933539453,-31.3164089421901,-26.454870237799703,-20.737858685467963,-15.009403598998196,-8.188265162010302,0.7491346516050217
0.7305042961300804,-8.206705962365248,-15.026790314583588,-20.760574183379884,-26.482560980060278,-31.34470860045936,-35.358267828987024,-38.48040348813544,-40.6837129160032,-42.12089009465457,-43.033989267643975,-43.65944085179343,-44.116937740963934,-44.32263755223024,-44.0349639138786,-42.99209395323767,-41.03789015107779,-38.18299158145225,-34.59231711632922,-30.53018391869352,-26.2980229615304,-22.178670633740005,-18.39196988967689,-15.064706840871906,-12.213987600338667,-9.741545136399882,-7.451197861532662,-5.121972141709408,-2.6149845148988677,0.0733829343734647,2.824648813611637,5.437678497322122,7.675541453981102,9.313725239425358,10.179085193258238,10.179093827543342,9.313749990955625,7.675580248414305,5.437727962656139,2.8247004829771605,0.0734432281677858,-2.61490803299383,-5.121919385360578,-7.451151065443737,-9.741465683597136,-12.213918777273438,-15.064646392488864,-18.39190871744268,-22.17861128933413,-26.29796378038624,-30.53012550579837,-34.59225813901891,-38.18293145852607,-41.03783020670213,-42.99203599087088,-44.03491223993341,-44.32259550266088,-44.116897450514365,-43.65940193051086,-43.03395621425426,-42.12086614340073,-40.68370096854535,-38.480389078917,-35.35827239103985,-31.344725931984367,-26.48258196574329,-20.760595404753392,-15.026814443692937,-8.206760333855208,0.7304262249500748
0.7118204344771538,-8.225244037631608,-15.044254840149357,-20.78338929163161,-26.510343586420035,-31.37309206749297,-35.385773424128274,-38.5049507938001,-40.70465502203695,-42.1384177250043,-43.04856595241162,-43.67129275109438,-44.12579716205037,-44.32794719151067,-44.0362432957465,-42.989194112803226,-41.03105079948951,-38.172766790446246,-34.57943202792131,-30.515399347297027,-26.282042829822306,-22.16208490708465,-18.3752167533576,-15.048063565456635,-12.1976014727014,-9.72548682111866,-7.435517891522964,-5.1067421073789365,-2.600306432611702,0.0874009240819647,2.837927717277128,5.450226419735375,7.687455439049734,9.325184560493652,10.190300639201716,10.190309365559065,9.325209550198403,7.687494563454821,5.450276252723596,2.837979739662781,0.0874617810997604,-2.600229393101944,-5.106689254075245,-7.435470623957402,-9.725406676678585,-12.197532240529826,-15.04800274652638,-18.37515515644776,-22.162025156565097,-26.281983269174887,-30.515340564714243,-34.57937267214279,-38.17270629865127,-41.03099052578008,-42.98913588409636,-44.03619137621323,-44.32790484908278,-44.125756787305214,-43.67125376927325,-43.04853273869039,-42.13839347955371,-40.70464262744177,-38.50493627676215,-35.38577757628192,-31.37310906308452,-26.51036418860296,-20.783410168192628,-15.04427866114222,-8.2252984676336,0.7117420769035296
0.6931786257719349,-8.243807356753756,-15.061766522552745,-20.806278608744027,-26.53819276468935,-31.40153716072889,-35.41332689172315,-38.52952776028287,-40.72561385421993,-42.15595193932761,-43.063141221648834,-43.683136193346265,-44.13464077629995,-44.333233028905774,-44.03749140761919,-42.98625752377371,-41.024172926446575,-38.16250545806362,-34.56651458118283,-30.50058765186335,-26.26604059318575,-22.14548123218624,-18.35844894232618,-15.03140820908758,-12.181205236690657,-9.709420087143538,-7.419831005190532,-5.091506561113116,-2.5856244456323867,0.101420835845131,2.8512061940159588,5.462771016114004,7.699364479498599,9.33663727478493,10.201509195444189,10.201518010972435,9.336662498823932,7.699403946947568,5.4628212272358585,2.8512585669293067,0.1014822942763511,-2.585546866279618,-5.091453681738154,-7.419783169694469,-9.70933924010182,-12.181135634338304,-15.031347016330152,-18.358386916831456,-22.14542106978361,-26.265980648798383,-30.500528484332627,-34.56645484352335,-38.16244461731619,-41.02411232472162,-42.98619899953845,-44.03743920040096,-44.33319036857843,-44.134600287409214,-43.68309715134647,-43.06310784243902,-42.155927361717495,-40.72560098450165,-38.52951308691347,-35.41333063424016,-31.401553816775376,-26.53821299271392,-20.806299140363905,-15.06179002739039,-8.243861836610723,0.6930999908933367
0.67452182401664,-8.26244480101959,-15.079343719811876,-20.82925345796514,-26.56611738570625,-31.430053685766755,-35.440936551001755,-38.55414017028921,-40.74659375794426,-42.17349640218127,-43.07771871812868,-43.694975127558266,-44.14347321949967,-44.33850127840348,-44.03871707459339,-42.98329668332395,-41.01727335442792,-38.15222497852478,-34.55357945124126,-30.48575806356333,-26.25002018663391,-22.12885999459437,-18.341664468265048,-15.014737130988497,-12.164793797924965,-9.693337897935432,-7.4041279347022995,-5.0762531975633935,-2.5709228350737288,0.1154640433209894,2.8645116963862027,5.475348944853705,7.711310743766102,9.348131015800227,10.212759486091324,10.212768353167052,9.348156409757268,7.711350539652192,5.475399557425849,2.864564410518922,0.1155261356280754,-2.5708446836766288,-5.076200483767472,-7.40407948248682,-9.693256194279332,-12.164723908480928,-15.01467558076556,-18.34160202057673,-22.128799418094214,-26.24995986967862,-30.48569852921118,-34.55351933712072,-38.15216376400007,-41.01721239776813,-42.98323792923772,-44.03866470498307,-44.33845816055364,-44.14343275808728,-43.69493609554964,-43.0776852229964,-42.17347148837976,-40.74658028998305,-38.5541255664938,-35.44093983360193,-31.430070006106305,-26.56613722819532,-20.82927362623399,-15.079366889088009,-8.262499316165595,0.6744429219057286
0.6559369354907815,-8.281079896829093,-15.096959175919457,-20.852297249639776,-26.594103388445287,-31.45862599481688,-35.46858876937073,-38.57877846339839,-40.76758759906907,-42.191045319033535,-43.09229300947019,-43.70680388224466,-44.15228795753293,-44.343742991611485,-44.03990713423924,-42.98029216830653,-41.010324864523774,-38.14189649145467,-34.540602033100214,-30.470894770238605,-26.23397418368171,-22.11221932392824,-18.32486526860262,-14.998054796983254,-12.148373772680264,-9.677250134778795,-7.388422114196667,-5.061000265039767,-2.5562256905159884,0.1294969140737616,2.8778003306606608,5.48790105477898,7.723226039681523,9.359589603434094,10.223973582746993,10.223982490306676,9.35961514241495,7.723266106534692,5.487951999392432,2.8778533032155447,0.1295597156800896,-2.5561469785723507,-5.060948004493429,-7.3883728216003295,-9.677167512793076,-12.148303743799536,-14.9979929107725,-18.324802425764727,-22.112158347642517,-26.233913527399142,-30.470834914833965,-34.5405416042059,-38.14183499357612,-41.0102636707801,-42.98023326195087,-44.039854622649614,-44.34369964682471,-44.1522473848556,-43.70676478098598,-43.09225933907,-42.19102011339778,-40.767573632937854,-38.57876374614695,-35.46859165281278,-31.458641984363855,-26.594122891273194,-20.852317107764517,-15.096982077727873,-8.281134523223342,0.6558576855551013
0.6373854536713425,-8.299749335760108,-15.114626044609212,-20.87541622707705,-26.622155166450877,-31.48725974630276,-35.49628823581304,-38.60344541272068,-40.788596738091066,-42.20859917766885,-43.10686427126755,-43.71862269399489,-44.16108572017228,-44.34896024369823,-44.04106629071699,-42.977252555852665,-41.00334089943308,-38.13153518916859,-34.52759535131373,-30.456006382819226,-26.21790744475177,-22.095561619769096,-18.308051940295588,-14.981360750473986,-12.131943832366549,-9.661153853037847,-7.37270913244707,-5.045741223516896,-2.5415232740699376,0.1435339409989385,2.891092482645991,5.500455087003473,7.73514269508053,9.37104766414922,10.235187088856154,10.235195988991846,9.37107315702882,7.735182749901824,5.5005060706001885,2.8911455209860657,0.1435973775139812,-2.541444217937304,-5.045689461292003,-7.372658909986738,-9.66107052002282,-12.13187376706624,-14.98129861818064,-18.30798880610301,-22.095500341725312,-26.21784655309804,-30.455946348917525,-34.52753483101242,-38.13147372446832,-41.00327982378101,-42.97719379382372,-44.041013858573706,-44.34891684641342,-44.16104491237643,-43.71858339404679,-43.10683027043264,-42.20857360011454,-40.78858222874607,-38.60343052908569,-35.49629077883364,-31.487275474209284,-26.62217456564543,-20.875436017160677,-15.114649081888128,-8.299804573304556,0.6373052965732602
0.6188566447998829,-8.318460771426324,-15.13234818730805,-20.89861338445909,-26.65027491975347,-31.5159570822452,-35.52403669817728,-38.6281424622581,-40.80962252282457,-42.22615942015428,-43.121434113776246,-43.73043338184458,-44.16986854219131,-44.35415532714335,-44.04219705387733,-42.97418046962267,-40.99632387836597,-38.12114288401733,-34.51456069217928,-30.44109341988828,-26.201819611191294,-22.07888591115193,-18.291223210709973,-14.964653383010518,-12.115502171341896,-9.645046811983066,-7.356986193072808,-5.030473320718851,-2.52681218948232,0.1575792368515347,2.9043926030470244,5.513016567821494,7.747066817977871,9.382512770789146,10.246407687950496,10.246416562191676,9.382538194094794,7.74710681062384,5.513067521409758,2.9044456807233674,0.1576431739224006,-2.5267328945481533,-5.030421632838787,-7.356935330904115,-9.644962976630934,-12.11543191849279,-14.96459103749172,-18.29115980687334,-22.078824368608966,-26.20175850732613,-30.441033251989435,-34.514500161944135,-38.121081546025295,-40.99626301123104,-42.97412190952811,-44.04214473447528,-44.35411193643436,-44.16982735991406,-43.7303938035196,-43.12139972885307,-42.22613348256229,-40.80960746784212,-38.62812735057622,-35.52403894398908,-31.515972585666184,-26.650294325147,-20.89863322193604,-15.132371533801502,-8.318516822168672,0.6187753653864306
0.6003361402823916,-8.337226304671452,-15.150130785431411,-20.921892214251685,-26.678464875205016,-31.544720253822803,-35.55183586545777,-38.65287070860002,-40.83066596763306,-42.243727172367485,-43.136003742607215,-43.74223731812842,-44.17863798421974,-44.359330383669885,-44.043301952758966,-42.97107891331895,-40.989277513130254,-38.11072305008282,-34.501501149421706,-30.426157891095585,-26.18571134578673,-22.062191991963623,-18.27437820460564,-14.947931286228076,-12.0990469563432,-9.628926861111465,-7.3412503729325,-5.015192698957764,-2.51208844687162,0.1716380641168658,2.917706614043181,5.525593735683403,7.759007523861444,9.39399589094478,10.25764639292775,10.257655225236078,9.394021254618202,7.759047524334423,5.525644777510216,2.9177598010978203,0.1717024657610515,-2.5120087325389133,-5.015141023994157,-7.34119915237526,-9.628842218915452,-12.09897646528745,-14.9478687395844,-18.27431448681996,-22.06213014682863,-26.18564998729423,-30.4260975336118,-34.501440550872026,-38.110661774399226,-40.98921677391534,-42.97102046802162,-44.043249666101055,-44.35928682103592,-44.17859658642,-43.74219751380855,-43.13596898843534,-42.24370076932978,-40.83065031032371,-38.65285544855294,-35.55183778061123,-31.544735529503328,-26.67848426118807,-20.921912063868163,-15.150154328698532,-8.33728301582299,0.6002539105113381
0.5818486255984631,-8.356025568545611,-15.16796668527208,-20.94524733667442,-26.7067203948309,-31.573544600246628,-35.5796817036835,-38.677627137331406,-40.85172428538089,-42.26129960179174,-43.15057028454256,-43.754031506940464,-44.1873908328351,-44.36448150849007,-44.04437641226254,-42.967942435692535,-40.98219491785754,-38.100268970432936,-34.48841069494111,-30.411195750886037,-26.169581043290613,-22.04547988135821,-18.25751809813229,-14.931196543835716,-12.082580921369097,-9.61279747765462,-7.325506806239222,-4.99990568240388,-2.497359343444624,0.1857004102458629,2.931022851374613,5.538170510314728,7.770946718538585,9.40547557356738,10.26888150603047,10.268890339681262,9.405500939740692,7.77098677572037,5.538221668651181,2.9310762416474536,0.1857653384974785,-2.497279429143989,-4.999853899559697,-7.325454970274603,-9.612712400192166,-12.082510125377013,-14.931133740995834,-18.257454059127276,-22.04541773142445,-26.169519432397053,-30.41113520986769,-34.488349989728064,-38.10020764573585,-40.98213417572933,-42.96788403489816,-44.04432410816884,-44.364437812124166,-44.187349019239086,-43.75399136313338,-43.15053516012714,-42.26127284900328,-40.85170814003399,-38.67761167755798,-35.579683348054786,-31.57355966478839,-26.706739769675632,-20.94526719296104,-15.167990476353731,-8.356083026174936,0.581765350701323
0.5633748774606455,-8.37487389913712,-15.185862133066362,-20.96868275420159,-26.735043927596102,-31.60243243091241,-35.607575775430774,-38.70241268219724,-40.87279840423725,-42.278877861999966,-43.16513511786893,-43.76581767841956,-44.19612933385561,-44.369611841835486,-44.0454243497454,-42.96477565113489,-40.97508153331663,-38.089785809731424,-34.47529396355367,-30.39621021635748,-26.15343017944953,-22.02874988103323,-18.24064230107492,-14.914447844799026,-12.066102172904731,-9.596656205063274,-7.3097518859999235,-4.984607642429107,-2.4826195964023814,0.1997734631209789,2.944349718536156,5.550758425971564,7.7828974423047,9.416967478562588,10.2801289908523,10.280137816218476,9.416992855584423,7.782937613182817,5.550809753334218,2.9444033128042224,0.1998389082907908,-2.48253945043344,-4.984555802791138,-7.309699449064023,-9.596570605985915,-12.06603111709024,-14.914384794313827,-18.240577935211185,-22.028687423290737,-26.153368315669024,-30.39614947164372,-34.47523312622725,-38.08972443329501,-40.97502081591069,-42.96471728100442,-44.04537197241405,-44.36956787692122,-44.19608715712983,-43.76577725174167,-43.16509971692008,-42.27885075925124,-40.87278175732479,-38.70239702956759,-35.607577130346534,-31.602447288789257,-26.73506330328755,-20.968702646019374,-15.18588618386304,-8.37493209445252,0.5632905795853176
0.5449087604384745,-8.393778371548706,-15.203820763456893,-20.99220058082749,-26.763437064261183,-31.631385859778447,-35.63552001894712,-38.72722876373438,-40.89388925458764,-42.29646248546927,-43.17969854167201,-43.77759587754888,-44.20485332053179,-44.37472113569922,-44.04644575599343,-42.961579182443145,-40.96793880413345,-38.07927525390608,-34.462152102494905,-30.38120158599783,-26.137258477246288,-22.012001424589503,-18.223750011310266,-14.89768430973534,-12.049609757306024,-9.580501963510535,-7.293984390615883,-4.969297106504786,-2.4678674051870293,0.2138596167807889,2.9576906186872782,5.56336175624505,7.794864363008836,9.428475778714626,10.291393067043748,10.29140193012603,9.428501258864047,7.79490468895105,5.563413247498933,2.957744424561982,0.2139256347924882,-2.467786946848753,-4.969245273803305,-7.293931330054516,-9.580415737635668,-12.049538467417053,-14.897620996415045,-18.223685288972785,-22.011938628615976,-26.137196328676144,-30.38114060412721,-34.46209110778682,-38.07921381426021,-40.96787806114739,-42.96152075765942,-44.04639322520136,-44.374676804908695,-44.20481085627561,-43.77755520235849,-43.17966282503243,-42.29643496327295,-40.89387204919685,-38.72721298155203,-35.63552106697785,-31.6314005207353,-26.76345643930118,-20.99222050665629,-15.203845046005776,-8.39383726560889,0.5448234919240131
0.5264447967984622,-8.412743893819606,-15.221844457060945,-21.015800958294538,-26.791899329641662,-31.66040466273583,-35.663513934259484,-38.75207456445879,-40.91499560244389,-42.31405203057106,-43.19425915197216,-43.78936486680072,-44.213561853359465,-44.37980878915336,-44.04744074024501,-42.95835405919261,-40.96076851653178,-38.06873952789008,-34.44898692303118,-30.366171070348624,-26.121066835520796,-21.99523522898236,-18.206841784672573,-14.880906415141029,-12.033104037560092,-9.564334808324334,-7.278204573880137,-4.953974136317747,-2.453102133703225,0.2279597936690239,2.971047581917819,5.575983048348472,7.806850754708424,9.440003541589675,10.30267713893326,10.302686037126351,9.44002911931508,7.806891240251775,5.576034710552205,2.971101655243215,0.2280264094440061,-2.453021587590594,-4.953922232604974,-7.278150650397038,-9.564248275843186,-12.033032486162522,-14.880842803441258,-18.20677672067127,-21.99517211135401,-26.12100442701089,-30.366109865899933,-34.44892575344469,-38.06867797329871,-40.96070772103752,-42.958295584189045,-44.04738807486454,-44.37976407697163,-44.213518993736265,-43.78932390083439,-43.19422314823231,-42.3140241888251,-40.91497788337743,-38.75205867633532,-35.66351469938568,-31.660419141438897,-26.7919187342514,-21.015820947899343,-15.221869077488792,-8.412803634255983,0.5263584009538484
0.5079963580030723,-8.431757171730672,-15.239929116931007,-21.039482304264407,-26.820428871083102,-31.6894862158851,-35.691555045384746,-38.77694851863686,-40.93611694797478,-42.33164671526985,-43.20881745852001,-43.80112526286121,-44.22225544675249,-44.38487492978419,-44.04840825998603,-42.95509735636608,-40.95356572309241,-38.0581725851869,-34.43579354868752,-30.351115683753843,-26.104853515436336,-21.97845030877033,-18.18991721905535,-14.864114074599389,-12.016585230698956,-9.548155809877946,-7.262413391078302,-4.938640350713851,-2.4383271171900653,0.2420693691549836,2.984412878323298,5.588612406451472,7.818844529056069,9.451538881296246,10.31396837783768,10.313977298597312,9.451564548290104,7.818885215742999,5.588664316118504,2.984467218897649,0.2421366176797195,-2.4382462446706814,-4.938588632182279,-7.262358733736749,-9.54806850197608,-12.016513544869982,-14.864050194864916,-18.18985177880937,-21.978386831758737,-26.10479081610733,-30.351054233783223,-34.43573218450548,-38.05811089608002,-40.95350482334584,-42.95503879977745,-44.04835541420875,-44.38482975845475,-44.22221221890187,-43.801084021672985,-43.2087811741379,-42.33161849796007,-40.936098650280826,-38.776932571494335,-35.691555496838,-31.68950052233245,-26.820448296047832,-21.039502346318727,-15.239953997700912,-8.431817642078132,0.5079089611140107
0.4896161126437821,-8.450771282534946,-15.25805687463761,-21.063232722720844,-26.84901571903929,-31.718619733011156,-35.719634029891246,-38.8018440475547,-40.95724811762104,-42.34924191619088,-43.22336888456946,-43.81287219925495,-44.23092863579557,-44.38991280745255,-44.04933948219267,-42.951797407887774,-40.94631457769199,-38.04755826668617,-34.422558388774604,-30.33602690986052,-26.08861508332208,-21.96164637734959,-18.17297847213516,-14.847311052875735,-12.000058543221934,-9.531971700044192,-7.246620342466439,-4.923308435339597,-2.423557789632301,0.2561667036746217,2.9977591185287515,5.601213222218588,7.830804152144405,9.463035794195775,10.32521971552175,10.325228674831676,9.463061589124878,7.830845083433156,5.601265399289187,2.9978137950051256,0.2562346233307285,-2.4234768211196505,-4.923256620322348,-7.246564678100591,-9.531884050159723,-11.999986591749884,-14.847246823553656,-18.17291263849631,-21.961582526575175,-26.08855207440808,-30.335965191799307,-34.422496826494395,-38.04749645333498,-40.9462535746552,-42.95173868259597,-44.04928635943898,-44.38986728810126,-44.23088489451612,-43.81283062346881,-43.2233322591241,-42.34921334835709,-40.95722930937871,-38.80182782102288,-35.71963422852615,-31.71863385762981,-26.84903517447967,-21.063252849223783,-15.258081996693049,-8.450832432745592,0.4895277839795948
0.4711977990120411,-8.469880820257348,-15.276264923899763,-21.087075242830917,-26.87767790144452,-31.74782533455518,-35.74776774658445,-38.826772507735136,-40.97839732606204,-42.36684454143288,-43.23792039715236,-43.82461340008569,-44.23959074382535,-44.39493475009039,-44.05025174435101,-42.94847808315659,-40.93904750840533,-38.03692993866384,-34.40930923028145,-30.320922053084548,-26.07235880378157,-21.94482450375684,-18.15602176789409,-14.830490401592108,-11.983514098198478,-9.515769199313963,-7.230807396903832,-4.907954260608009,-2.40876394356333,0.270293693863951,3.0111405217441125,5.61385745734696,7.8428118142455165,9.474584494028514,10.33652405673147,10.336533056240532,9.474610438727664,7.84285302326968,5.613909927177152,3.0111954969529475,0.2703623444137731,-2.4086826347386188,-4.907902747409946,-7.230750818169223,-9.5156806909621,-11.98344207685321,-14.83042586860194,-18.15595552059607,-21.94476025619904,-26.072295478368325,-30.32086006214525,-34.40924744664869,-38.03686796865963,-40.93898636013705,-42.94841915814594,-44.0501983609926,-44.39488877049404,-44.23954649620036,-43.82457155442635,-43.2378834605651,-42.36681565707429,-40.978377841016616,-38.82675618532492,-35.747767635768064,-31.74783928903037,-26.87769737830741,-21.087095451502098,-15.276290293531805,-8.469942656533334,0.4711085362550009
0.4528205006752775,-8.48901491848381,-15.294527019780816,-21.11099376212629,-26.906402398648943,-31.77708836514619,-35.77594377236771,-38.851725710339,-40.99955883682663,-42.38444994460412,-43.25246733135838,-43.83634364072457,-44.24823527772229,-44.39993192543526,-44.05113224373348,-42.94512134448368,-40.93173953735919,-38.02626144930196,-34.396024046978106,-30.305787017999197,-26.056078192234363,-21.927982873624146,-18.139049000472905,-14.81365641093381,-11.966958400232826,-9.499557373975335,-7.214987245601401,-4.892595273498703,-2.393967710228115,0.284419023408696,3.024516061959611,5.626490415117491,7.854804859742752,9.486116456796712,10.347810705919729,10.347819765624031,9.486142575495148,7.854846356969823,5.626543196843985,3.02457141537831,0.284488461056531,-2.3938862077939245,-4.892543890111611,-7.214929580649469,-9.49946825284652,-11.966886212945344,-14.813591515600114,-18.138982318743132,-21.927918205780514,-26.056014526335463,-30.30572474053449,-34.395962027797005,-38.02619926165603,-40.931678140356325,-42.94506212012735,-44.05107854140628,-44.39988552229655,-44.24819042268162,-43.83630141152982,-43.252429969604016,-42.384420691842735,-40.99953869997827,-38.8517092122932,-35.77594341081507,-31.77710215287817,-26.90642190995705,-21.1110140242718,-15.294552626785018,-8.489077465996,0.4527302649419068
0.4344506361780461,-8.508204942503022,-15.312855484876032,-21.134995003229427,-26.935193869524937,-31.80641434228374,-35.80416646823228,-38.87670617167736,-41.0207338598991,-42.40205876123108,-43.26701027898318,-43.84806380593728,-44.25686376619643,-44.404907138450696,-44.05198590660855,-42.94173487483906,-40.92440176481543,-38.01556467736165,-34.38271282655845,-30.29062827516736,-26.039776550393835,-21.91112286587696,-18.122060000358804,-14.796807897119248,-11.95038936235308,-9.483332875159734,-7.199155194427978,-4.877224941132866,-2.379160205971912,0.2985554042243224,3.0379031606572973,5.6391353498816175,7.8668101160883905,9.497660383291572,10.359109433150088,10.359118537114911,9.49768665203437,7.8668519158610355,5.639188479649403,3.037958963871866,0.2986256408979277,-2.379078638323516,-4.877173472567232,-7.199096321119231,-9.483243367468194,-11.950316910169333,-14.796742574471873,-18.121992863490146,-21.91105775798219,-26.03971252705981,-30.29056570017324,-34.38265055414562,-38.01550224669739,-40.92434009298223,-42.94167531991518,-44.05193189932162,-44.40486032832864,-44.25681827440569,-43.84802112679649,-43.26697246322291,-42.40202915989677,-41.02071310778559,-38.876689434595306,-35.80416586619595,-31.80642795254605,-26.935213407988503,-21.13501533048478,-15.312881287177094,-8.508268122070639,0.4343595177456694
0.4160720592662725,-8.527463952088512,-15.331256415165091,-21.15908341681886,-26.964055687780483,-31.83580697141901,-35.832438942697266,-38.90171615085323,-41.041924361069086,-42.41967284696385,-43.28155118843345,-43.85977594244815,-44.26547849312488,-44.40986281327352,-44.05281541767379,-42.938321529453866,-40.91703769836906,-38.00484273835075,-34.36937799395794,-30.275447011212396,-26.02345362248129,-21.89424328998309,-18.10505286397491,-14.779942544474029,-11.933804148305418,-9.467092646881916,-7.183307375970157,-4.861838511395803,-2.3643364570839096,0.3127092298858039,3.0513089302719534,5.65180142698414,7.87883755005133,9.50922770058402,10.37043177635461,10.370440962914822,9.509254184199364,7.878879683703012,5.6518548862129006,3.0513651328680784,0.3127803023051739,-2.364254708354502,-4.861787139004495,-7.183247294968713,-9.467002517547751,-11.933731552772253,-14.77987681172885,-18.104985257956013,-21.89417772630554,-26.02338922901457,-30.275384123398062,-34.369315467021714,-38.00478009610642,-40.9169757830384,-42.938261633475776,-44.05276105879892,-44.40981558064355,-44.26543231879429,-43.859732908617424,-43.281512973668576,-42.41964293693769,-41.04190287910317,-38.90169919342129,-35.83243807860611,-31.835820407449635,-26.96407525098529,-21.159103826801744,-15.331282409407246,-8.52752774518782,0.4159800873138504
0.3977133436133243,-8.546766345983439,-15.349720342403106,-21.18325246584222,-26.99298197730008,-31.865259757027133,-35.86075537554104,-38.92675145838174,-41.06312712655026,-42.437289599649134,-43.2960875487904,-43.87147756536992,-44.27407670680684,-44.41479581457799,-44.05361654507686,-42.93487545016608,-40.90963927982226,-37.99408717020999,-34.356012516696346,-30.26023905100491,-26.007108047650892,-21.8773444717619,-18.088029292329537,-14.763062886421956,-11.91720618883221,-9.45084089815708,-7.167449251300153,-4.846443143063227,-2.349504952432093,0.3268688681437504,3.0647187586836315,5.6644695162638286,7.890865562141684,9.520794828529503,10.381753570088526,10.38176285801666,9.520821546130946,7.890908014707353,5.664523268202865,3.0647753743166186,0.326940757538084,-2.3494231294097068,-4.846391719618743,-7.1673879444320425,-9.450750318753997,-11.91713339618647,-14.762996735412424,-18.087961228794025,-21.877278462559502,-26.00704328709884,-30.26017583758981,-34.35594973143777,-37.994024322752495,-40.90957713902733,-42.93481524085842,-44.05356184046951,-44.41474813055744,-44.274029885093846,-43.87143415768948,-43.296048987505465,-42.43725936927671,-41.063105006731526,-38.92673424706349,-35.860754291779905,-31.86527302193758,-26.99300158873747,-21.183272965570787,-15.349746599194138,-8.546830869044056,0.3976203894506693
0.3794099714223717,-8.566082650091898,-15.368235474062434,-21.207494273246752,-27.02196568065592,-31.89476590573666,-35.88911007284983,-38.95180786325184,-41.08433873762647,-42.45490586559232,-43.31061603868706,-43.88316493514224,-44.28265392227157,-44.41970064952171,-44.054382231184384,-42.93138780593261,-40.90219635178349,-37.98328791810547,-34.34260821849578,-30.2449994346181,-25.990737932105382,-21.86042651911553,-18.07099091180596,-14.746171660617197,-11.900599443392885,-9.434582718231765,-7.151587317679776,-4.831047211187161,-2.334676355914401,0.3410201132618072,3.078114407285822,5.6771163623697,7.902867004002125,9.532331472738164,10.39304331498154,10.393052713862188,9.532358453860168,7.902909769748231,5.677170386074958,3.0781714826751605,0.3410927992037416,-2.334594567211503,-4.830995435934131,-7.151524776949285,-9.434491926376444,-11.9005263131419,-14.74610504370847,-18.070922378257453,-21.86036005236688,-25.990672785484133,-30.244935873635463,-34.3425451640311,-37.98322487622723,-40.90213399522857,-42.93132725667468,-44.05432714720084,-44.419652447495416,-44.28260661026633,-43.8831211170272,-43.31057709415201,-42.454875192286416,-41.0843160922732,-38.95179030939308,-35.88910878711671,-31.894778990577688,-27.021985339552085,-21.20751488364218,-15.368261972735416,-8.566147852923908,0.3793161013860109
0.3610629173723018,-8.585502014659241,-15.386839446893054,-21.23183331203747,-27.05102703133805,-31.924347414325577,-35.917521792744004,-38.97689873007009,-41.10556890011618,-42.47252973096428,-43.32514466034314,-43.894846636919,-44.29122017302131,-44.42458979475615,-44.05512946442119,-42.92788173988605,-40.89473843711387,-37.97247532802592,-34.32918889391568,-30.22974184415484,-25.974347947128575,-21.84348832515758,-18.05393214445144,-14.729260363099108,-11.883972300383457,-9.41830330283285,-7.135703004807246,-4.815627036843265,-2.319820638382813,0.3552034358449102,3.091548754138339,5.689809458039338,7.91491998844632,9.543921715719268,10.404388440632266,10.40439791107054,9.543948891921731,7.9149630466940835,5.689863759240916,3.0916062982698027,0.3552768661755169,-2.3197389490100586,-4.815574862061876,-7.135639243337555,-9.41821235340196,-11.883898834976687,-14.729193271213695,-18.05386315400678,-21.84342141109258,-25.974282426390964,-30.229677949341912,-34.329125567728646,-37.97241204225727,-40.89467580192586,-42.92782086547668,-44.05507404988057,-44.42454109369783,-44.29117234836574,-43.89480237590736,-43.325105327638106,-42.47249866028204,-41.105545768452416,-38.97688092654343,-35.91752032720748,-31.924360345264823,-27.051046756694383,-21.23185402237611,-15.386866269639928,-8.585568050022902,0.3609679515175302
0.3427280222286058,-8.604971987609773,-15.405510936412083,-21.2562553751619,-27.08015343813037,-31.953990185715167,-35.945977953409724,-39.00201481219816,-41.12681088020096,-42.490155768607885,-43.33966837206525,-43.90651760918209,-44.29976990627068,-44.42945641840076,-44.05584864250318,-42.92434359966524,-40.887247631588856,-37.96163077585327,-34.315739916415986,-30.214458111770707,-25.95793542615824,-21.826530439245733,-18.03685612619569,-14.712333917183312,-11.867331210044911,-9.40201121494086,-7.11980691750816,-4.80019618646786,-2.30495543466817,0.369395128663497,3.104989671585229,5.702507735088754,7.926976964495759,9.555515307400672,10.415736429961209,10.415745949592472,9.555542649264163,7.927020327147896,5.702562337181684,3.105047681003001,0.3694692781113099,-2.3048738030446456,-4.800143631529822,-7.119741965003461,-9.40192000613369,-11.867257441874967,-14.71226635086638,-18.036786669923234,-21.82646307012261,-25.957869527715328,-30.21439388051641,-34.315676310090545,-37.96156724519923,-40.887184746211695,-42.92428244752379,-44.05579292531257,-44.42940720025176,-44.29972158009564,-43.90647294303054,-43.33962872707294,-42.49012431735597,-41.126787294805695,-39.001996688238975,-35.94597632255798,-31.954002962791197,-27.08017322632116,-21.2562762040872,-15.405538056581223,-8.605038799547915,0.3426320277531455
0.3244229388755826,-8.624476107941959,-15.42424362739238,-21.28075558860719,-27.109340415968678,-31.983689532753544,-35.97447431062646,-39.02715287283728,-41.148061999357125,-42.50778176254981,-43.35418503425619,-43.91817566936207,-44.30830070512345,-44.43429796906698,-44.05653666637094,-42.92076947221472,-40.879718785484464,-37.95074909157808,-34.30225694897847,-30.1991457609822,-25.941499760950087,-21.809553282573063,-18.019764187050797,-14.69539410484262,-11.850678706056028,-9.385709360998606,-7.103902868338207,-4.784759730138073,-2.290086550311329,0.3835871962159057,3.1184271713047136,5.715198180295928,7.939023377624917,9.56709633065981,10.427071073654108,10.427080642897533,9.56712385012674,7.939067024755802,5.715253066338077,3.1184857182525545,0.3836620007980171,-2.290005097404936,-4.784706378451877,-7.10383678119822,-9.385618186998707,-11.850604427089875,-14.695326004765883,-18.019694251165955,-21.80948544406605,-25.941433462380225,-30.19908116893533,-34.302193031320094,-37.95068529267893,-40.87965563036303,-42.920707991222045,-44.05648056814134,-44.43424818891114,-44.30825205685186,-43.91813052514652,-43.35414494759294,-42.50774972332372,-41.14803812745253,-39.02713430940717,-35.97447257031275,-31.983702152631416,-27.10936026152296,-21.280776513417937,-15.424270984814662,-8.624543631239113,0.3243259818141564
0.3060982420694219,-8.644060691392358,-15.443057553870505,-21.30534772925488,-27.138599617987865,-32.013457853507,-36.00302161485288,-39.05232094331038,-41.169328244771485,-42.525412458295065,-43.36869910083543,-43.929825314947394,-44.31681758313367,-44.43912030432024,-44.05720150362316,-42.91717077125888,-40.872166181100845,-37.93984522388037,-34.2887517371759,-30.183810921538104,-25.925042278931645,-21.792555553546443,-18.002652616210487,-14.678435930566073,-11.834008004696017,-9.369389758305184,-7.087980853223084,-4.769305008887955,-2.2751984620997803,0.3978006049931071,3.1318888199633044,5.727915728962926,7.951099095715735,9.578706906400456,10.438436052683835,10.43844567587224,9.578734569576747,7.951142952830241,5.727970815790639,3.1319478261456086,0.3978760016443508,-2.2751171379776247,-4.769251013198161,-7.087913711908659,-9.369298473195553,-11.8339333263821,-14.678367344588375,-18.002582226894567,-21.792487269628975,-25.924975601569084,-30.18374598621663,-34.288687535453334,-37.93978120189823,-40.87210279800071,-42.91710902191949,-44.057145125945176,-44.43907010184228,-44.3167686218862,-43.92977975035219,-43.36865864720736,-42.52537996595882,-41.16930418727642,-39.05230190678108,-36.00301983384929,-32.0134703354367,-27.138619526923925,-21.30536875713,-15.443085229421293,-8.644129049937868,0.3060001837505188
0.2878174210619368,-8.66367138660623,-15.46193047011377,-21.330016545724416,-27.167917623329885,-32.043281219781164,-36.03160789577696,-39.07751028216594,-41.19060291469304,-42.54304183371036,-43.38320451014815,-43.941460012931984,-44.3253131933608,-44.44391441121553,-44.05783168658741,-42.913532846668986,-40.86457211140013,-37.92890148849451,-34.2752101763834,-30.16844555377384,-25.90856063244164,-21.7755385464096,-17.985525596296732,-14.661465196948283,-11.81732729904447,-9.353062362938962,-7.0720533626228255,-4.753847770285789,-2.2603104764310094,0.4120096056731426,3.14534190790364,5.740618866675697,7.963156234654832,9.590294518683574,10.449776885778167,10.449786542028017,9.590322246824512,7.963200238313113,5.7406741157277175,3.145401392594279,0.4120854964314039,-2.2602293696728992,-4.753792818290965,-7.071985261097909,-9.35297115594211,-11.817252061653187,-14.661396093448175,-17.985454755839353,-21.77546981807621,-25.90849357419821,-30.16838026570306,-34.27514566873007,-37.92883722477061,-40.86450853530718,-42.91347086394654,-44.0577750925857,-44.4438640507939,-44.3252637701394,-43.94141406183713,-43.38316371402928,-42.5430090270924,-41.19057874510723,-39.07749061475598,-36.03160616045307,-32.04329359151287,-27.167937576344517,-21.330037648249903,-15.46195839811698,-8.663740506913788,0.2877183306406145
0.2694830824885569,-8.683391599890626,-15.48089844358872,-21.354786452394745,-27.19731496226785,-32.07318037604604,-36.0602504002559,-39.10273357641695,-41.211895586616464,-42.56067863417945,-43.39771007660807,-43.95308940230287,-44.33379850146676,-44.44869418876122,-44.05844511042398,-42.9098785817238,-40.85696333685307,-37.91794428370612,-34.2616535590953,-30.153061563146657,-25.8920579121546,-21.75850018302676,-17.968376741097178,-14.644472432188374,-11.800623893863186,-9.336711417562466,-7.056101024782298,-4.738363964911376,-2.245392822097984,0.4262527137302797,3.158835695589594,5.753369902415302,7.975266252532372,9.601937835684408,10.461175267443735,10.461184996669555,9.601965802592632,7.975310694304132,5.753425611591221,3.158895888999245,0.4263292021239135,-2.245311810453346,-4.738307955777438,-7.056031957127885,-9.336620246755023,-11.800548033514684,-14.644402716683352,-17.968305359639253,-21.75843092094123,-25.891990399319045,-30.152995861854237,-34.26158866276735,-37.91787963455965,-40.85689931976747,-42.90981595072613,-44.05838778538701,-44.44864312969994,-44.33374828939184,-43.953042614719,-43.39766859829325,-42.56064518398047,-41.21187136602851,-39.102712975112745,-36.06024863860818,-32.07319254260468,-27.19733500485169,-21.354807751458974,-15.48092670973773,-8.683461510603259,0.2693829837233828
0.2511899990633673,-8.703138673253704,-15.499927027192868,-21.379633859281743,-27.22677134200176,-32.10313453830891,-36.08893140514974,-39.12797793590473,-41.233196190174525,-42.57831418019439,-43.412207045632734,-43.96470406700032,-44.34226258008352,-44.45344603604139,-44.05902421204585,-42.90618505354088,-40.84931265478098,-37.90694625904345,-34.24805983392718,-30.13764649928293,-25.87553040606984,-21.741441830394344,-17.951211808489496,-14.627466252649697,-11.783909732836324,-9.320352005451058,-7.040142543987558,-4.722876758378735,-2.230474785211398,0.4404917115018535,3.172320415162734,5.766105965819304,7.987356734107912,9.613558122662065,10.472548992365663,10.472558776303677,9.613586253612096,7.98740150789559,5.766162016851309,3.1723812470748878,0.4405686794957249,-2.2303939213655744,-4.722819638625532,-7.040072607685123,-9.3202609300539,-11.783833239899934,-14.627395949603049,-17.951139926145935,-21.74137207259653,-25.875462470142786,-30.13758041171757,-34.24799457000606,-37.90688124706606,-40.84924827586215,-42.90612190559984,-44.05896621274707,-44.45339453291621,-44.3422118696773,-43.96465633294689,-43.41216490133296,-42.57827997816088,-41.233172584848,-39.12795601203885,-36.08892980985091,-32.1031465211978,-27.22679146811241,-21.379655339612743,-15.49995563335117,-8.703209406478557,0.2510888361317384
0.232897454834251,-8.722948885421788,-15.519032943553322,-21.404570609951342,-27.25629667124073,-32.13315375372107,-36.11765937237931,-39.15324992649575,-41.25450985260648,-42.59595290857379,-43.42669998500803,-43.97630873760173,-44.35071085060432,-44.4581759008958,-44.05957663564232,-42.90246185849566,-40.841631147246574,-37.895918247323976,-34.23443755601414,-30.122204755223237,-25.858978662837306,-21.724361873548357,-17.93402727926459,-14.610441823917622,-11.767178636636457,-9.303976517521306,-7.024168805355065,-4.707375057272103,-2.2155429926726025,0.4547436662722287,3.1858178793247074,5.778854352034809,7.999458783941785,9.625189132750284,10.48393310260109,10.48394293771318,9.625217416472983,7.999503802287571,5.778910656687205,3.1858792653765446,0.4548210139775888,-2.2154622857587234,-4.707316855832329,-7.024098093232842,-9.30388556532717,-11.767101551707476,-14.6103709698333,-17.933954933887083,-21.72429165513292,-25.85891033326957,-30.122138310775213,-34.23437195064493,-37.89585290305859,-40.84156649860412,-42.90239819192463,-44.05951791137889,-44.45812450192166,-44.35065946585531,-43.97625991477155,-43.42665707715406,-42.5959181071987,-41.25448751359501,-39.1532261667505,-36.117658156459456,-32.133165580462304,-27.2563168864611,-21.40459229650573,-15.519062010675666,-8.723020607239038,0.2327950502646401
0.214581887911972,-8.74284055835082,-15.538224599620987,-21.42960198046716,-27.285895059732084,-32.16324209239022,-36.146437316260126,-39.17855170552219,-41.2758380221504,-42.61359621598867,-43.44119056173798,-43.98790547305786,-44.35914596578882,-44.46288705819261,-44.06010692572405,-42.898714590601394,-40.83392507781737,-37.88486607312624,-34.220791426478705,-30.106739065948208,-25.84240346372024,-21.707259929078973,-17.91682183584704,-14.593397153104709,-11.75042792604924,-9.2875816772844,-7.00817565101229,-4.6918534963040575,-2.2005909394125744,0.469016999367822,3.199338774412583,5.791628458673694,8.011587838330417,9.636848372977433,10.49534575276033,10.49535563056617,9.636876807095495,8.011633124004927,5.79168511099559,3.199400808407734,0.4690948179714421,-2.200510202631056,-4.691794320073504,-7.00810408066575,-9.28749054645674,-11.750350247875092,-14.5933256731764,-17.91674893792908,-21.707189164922188,-25.84233466030737,-30.106672190471976,-34.22072539243272,-37.884800292274086,-40.83386007922743,-42.89865016331969,-44.06004725469453,-44.46283640293716,-44.35909342932201,-43.98785519964028,-43.44114660569414,-42.61356087820301,-41.27581751553608,-39.17852529673589,-36.146436716433634,-32.16325374598461,-27.285915320682488,-21.429623811016103,-15.538253930169386,-8.742913020041728,0.2144785082441522
0.1963077150905854,-8.762758769592198,-15.557478712650914,-21.45471119529468,-27.31555193671535,-32.19338493026351,-36.1752528117324,-39.20387388989825,-41.29717326384854,-42.63123729355733,-43.45567185780299,-43.99948689057384,-44.3675596214205,-44.46756966685107,-44.06060278631688,-42.89492794026496,-40.82617664646896,-37.87377247114961,-34.207107400335474,-30.09124179191914,-25.82580324558549,-21.690137707092568,-17.899600114321036,-14.57633868550914,-11.733666401324806,-9.271178212791726,-6.99217638229614,-4.676328348234656,-2.185639129466275,0.4832854729066199,3.2128494104843472,5.8043858289181856,8.023695552172068,9.648482749673702,10.506731833479858,10.506741789665822,9.648511387614976,8.023741167514501,5.80444283817621,3.212912080111157,0.4833637985944803,-2.1855582349087483,-4.676268216034755,-6.992103933442559,-9.27108680086021,-11.73358814054767,-14.57626656065651,-17.899526630869865,-21.690066364877207,-25.825733929458018,-30.091174435931663,-34.20704089129308,-37.873706249221854,-40.82611138971453,-42.89486264813811,-44.06054203439695,-44.467520443910296,-44.36750559904785,-43.999434904937,-43.45562675642246,-42.631201686978486,-41.297155335577976,-39.20384414241206,-36.17525303453959,-32.193396413038606,-27.31557226228424,-21.4547331867044,-15.557508399628937,-8.762832119258137,0.1962031960639103
0.177958420928103,-8.78280422421977,-15.576840018412463,-21.479930118726443,-27.345294027101183,-32.22360902893985,-36.20412812255477,-39.22923292625333,-41.3185283388014,-42.64888741728684,-43.470155369994,-44.01106529220467,-44.375965887564725,-44.47224060799789,-44.06108571277509,-42.891128854239966,-40.81841731260938,-37.862667896277934,-34.19341002207645,-30.07572609523496,-25.80918033516908,-21.67299157800234,-17.882353284511254,-14.559254101522807,-11.71687767934427,-9.254746323795702,-6.976146670996688,-4.660769770254839,-2.170650705573366,0.4975961310961708,3.226410162809253,5.81720225741906,8.035868189494426,9.660186654572652,10.51818920599141,10.518199246917186,9.66021555283766,8.035914265852147,5.817259794375929,3.22647356554652,0.4976752203110571,-2.170569275108414,-4.6607090622329,-6.976073127382126,-9.254654028911563,-11.716798950083293,-14.559181253058815,-17.882279082367212,-21.67291952928831,-25.809110396648883,-30.07565814429429,-34.193342906218064,-37.86260111676872,-40.81835175323763,-42.891062446338935,-44.06102374188518,-44.47219353972314,-44.37590986207989,-44.01101131685766,-43.47010887654234,-42.64885186334424,-41.318513473077815,-39.229199230979845,-36.20412934507029,-32.223620312289675,-27.345314394465923,-21.479952266886738,-15.57687005713103,-8.782878433414218,0.1778528120731864
0.159606819570974,-8.802914524081629,-15.596281649339348,-21.505239358649757,-27.37510460258778,-32.253897674782195,-36.23304913544239,-39.25461798057936,-41.33989500110557,-42.666538902868574,-43.48463314486043,-44.02263215255486,-44.38435512178728,-44.476888678298224,-44.06154154986961,-42.88729986477348,-40.81062691737521,-37.85153281932366,-34.179683428640246,-30.06018334743116,-25.792533021849582,-21.655823614123197,-17.865086796777966,-14.54215112712893,-11.700072104951303,-9.238298743446997,-6.960102154230484,-4.645196788249597,-2.155649234275622,0.5119190485902585,3.239982712375704,5.830029653953364,8.048050931328671,9.67189973491937,10.529655153945374,10.5296653488208,9.671929031087934,8.048097610000593,5.830087878196392,3.240046983264208,0.5119991873746896,-2.1555669183733874,-4.6451357403599545,-6.960027253956213,-9.238205072193484,-11.699992952468904,-14.542077457698598,-17.86501172789031,-21.655750714497746,-25.792462323481477,-30.06011466352007,-34.179615572917854,-37.8514653673864,-40.81056099427086,-42.8872321549788,-44.06147831827046,-44.476844143900685,-44.38429675724558,-44.022576021755945,-43.48458518238455,-42.66650366754216,-41.3398833209642,-39.25458003229823,-36.23305138168683,-32.25390871863329,-27.375125015703656,-21.505261659105145,-15.596312055002178,-8.802989612446687,0.1595001189860724
0.1413060622567296,-8.823044413915197,-15.61578560164949,-21.5306256330587,-27.40497286688174,-32.2842401909808,-36.26200732699631,-39.28002246417863,-41.361269140277045,-42.68418788479869,-43.49910078129221,-44.034182434226814,-44.39272121168053,-44.481507226942,-44.0619614196335,-42.88342939626272,-40.80279162605927,-37.8403535989376,-34.16591567426182,-30.044606668469587,-25.77585955120402,-21.63863437473996,-17.847803581736816,-14.525034258199788,-11.68325613109079,-9.221843047409186,-6.94405271843562,-4.629622216244207,-2.140650379738786,0.5262339331532622,3.253540388496237,5.842834233248027,8.060205931229047,9.68358036910148,10.54108667504458,10.541097014796916,9.683610074979834,8.060253219320137,5.842893177958421,3.253605608842704,0.5263150946639169,-2.1405673248293837,-4.629560391723629,-6.943976469735427,-9.22174838622556,-11.683176317782962,-14.524959702170593,-17.84772764420062,-21.63856062148572,-25.775788077352868,-30.04453724692268,-34.16584709260285,-37.840285472222966,-40.80272529831926,-42.883360445011725,-44.06189711269366,-44.481464784497525,-44.39266086936717,-44.03412422910872,-43.49905140851226,-42.68415285277609,-41.36126017577278,-39.27998090530538,-36.26201026185257,-32.28425105790216,-27.404993320886597,-21.53064809817517,-15.615816368433912,-8.823120359387824,0.1411983035650435
0.1230116047139122,-8.84323085491565,-15.635368478643954,-21.55610112611532,-27.43490827777291,-32.314646220957094,-36.29101065811948,-39.305452324583015,-41.38265500371584,-42.701838427209125,-43.51356290581024,-44.04572160845679,-44.401070530315415,-44.48610359531914,-44.06235245358514,-42.87952726854879,-40.79492246772011,-37.82914035216006,-34.152115553291225,-30.02900073966236,-25.75916044610606,-21.62142238436534,-17.830499542162276,-14.507898790199343,-11.666423184994716,-9.20537161839022,-6.92798874664356,-4.614034398038705,-2.1256399078349664,0.5405584304562401,3.2671048478790925,5.855643596038018,8.072363835284554,9.695263189440272,10.55251916243585,10.552529619142758,9.695293277168432,8.072411732037839,5.855703273444136,3.2671710001154963,0.5406405819673322,-2.1255561772535905,-4.613971694351116,-6.927911158117819,-9.205276079048108,-11.666342659861831,-14.50782334256149,-17.830422749715485,-21.621347788542987,-25.759088202970503,-30.02893059117254,-34.1520462462528,-37.82907157207239,-40.79485576033402,-42.87945711534357,-44.06228719266596,-44.48606285146224,-44.40100836723905,-44.04566144413584,-43.51351220633038,-42.70180355817257,-41.38264823545518,-39.30540761731674,-36.29101403181885,-32.31465695160062,-27.43492874831781,-21.556123753048805,-15.63539954259226,-8.843307564771408,0.1229028901353606
0.10460836126882,-8.863574249092547,-15.6550744216459,-21.5816977808842,-27.46493681065939,-32.345141237291536,-36.32007929048572,-39.33092249708948,-41.40406291791264,-42.719499780670375,-43.52802909474743,-44.05726008313629,-44.4094155256611,-44.49069268002084,-44.06273624774466,-42.87561995038228,-40.78705086968879,-37.81792386068574,-34.13830825524265,-30.013379589801744,-25.74243860233983,-21.60418483150281,-17.81316793447292,-14.4907331230471,-11.649557731094232,-9.188865804745172,-6.911887267404664,-4.598404849093017,-2.1105823428137844,0.5549380204400188,3.2807360942828443,5.868532341578407,8.084609487200861,9.707039997711483,10.564048316873931,10.564058976103544,9.707070676423864,8.084658255062225,5.868593067270684,3.280803445029205,0.5550216505058317,-2.110497334218667,-4.5983416376087085,-6.911807884568549,-9.188768545400237,-11.649476575254129,-14.49065657357643,-17.813090024449068,-21.60410913821036,-25.742365355518007,-30.01330848376295,-34.138237993789794,-37.81785421443765,-40.786983610604416,-42.87554833271411,-44.06266991595879,-44.49065414237515,-44.409351144374085,-44.05719773636195,-43.52797690575287,-42.7194653309124,-41.404058683548215,-39.330874147577056,-36.32008321297906,-32.34515172153888,-27.46495727995016,-21.581720549664837,-15.655105754043536,-8.863651655162831,0.1044987960146127
0.0862733021846794,-8.883920875988444,-15.674836911671724,-21.607366747580755,-27.495018312364238,-32.37568534520499,-36.34918056815156,-39.35640888134328,-41.4254756584781,-42.73715651643233,-43.542483215106,-44.06877998821948,-44.417735107253655,-44.49524908293198,-44.06307960207676,-42.871665311774194,-40.77912741963252,-37.80665630918446,-34.12445451049516,-29.997721392392783,-25.72568927551403,-21.586925796226243,-17.795820177541916,-14.47355507072331,-11.632683643302991,-9.17235460477796,-6.895784235351327,-4.582778217850534,-2.095533400781617,0.5693015504046335,3.2943407914883966,5.881383887795868,8.096810206030055,9.71876642065076,10.575523712773633,10.57553455037513,9.718797623788548,8.096859792632396,5.881445615124352,3.2944092995886245,0.5693865469205206,-2.0954473104369047,-4.582714259615661,-6.895703173489738,-9.172255935319155,-11.63260174357354,-14.473477453575654,-17.79574120485264,-21.586849060282148,-25.72561507199733,-29.99764937624552,-34.12438334417772,-37.80658585267353,-40.77905963725239,-42.87159227014832,-44.06301232355749,-44.49521244401926,-44.41766873742608,-44.06871549654787,-43.54242955059806,-42.73712238265755,-41.42547367989726,-39.35635726743552,-36.34918484054992,-32.37569564005835,-27.495038770155503,-21.607389660635693,-15.674868524495237,-8.883999001678582,0.0861628640440576
0.0678627881918433,-8.904393402127246,-15.694711886724797,-21.63314943951301,-27.525187395286505,-32.40631261855521,-36.37834245757459,-39.381932683276816,-41.4469090505493,-42.75482314670001,-43.55694026333386,-44.080297617433686,-44.42604786941513,-44.49979438509911,-44.06340968252363,-42.86769606465024,-40.77118960644153,-37.79537303308875,-34.11058271964962,-29.98204091065921,-25.70891382971292,-21.56963949390057,-17.778444188207146,-14.456347810975808,-11.615779265634568,-9.155812369275877,-6.879648472607322,-4.567116495606861,-2.0804466030282764,0.5837070496758762,3.3079928267673404,5.894290045939906,8.109070133898015,9.730556771163734,10.5870639522104,10.58707498551553,9.730588588594792,8.109120692938177,5.8943529721092585,3.308062641036173,0.5837937396255932,-2.0803590831357286,-4.567052107100438,-6.879565429139677,-9.155711725978245,-11.615696699326897,-14.45626902136659,-17.778364005553865,-21.56956157035209,-25.70883854008688,-29.98196785857064,-34.1105105106494,-37.79530162451672,-40.77112119517066,-42.86762145571081,-44.06334139495245,-44.49975994545322,-44.42597929128907,-44.080230792238766,-43.556885039254034,-42.75478944258404,-41.44690956946308,-39.38187749841613,-36.37834711981936,-32.40632267685389,-27.525207830952127,-21.633172475206,-15.69474378086478,-8.904472255087214,0.0677514850746459
0.0495612007439868,-8.924838116386686,-15.71463062144812,-21.65899504585052,-27.55540069970791,-32.43698091526504,-36.40753045038952,-39.40746732272287,-41.46834349597817,-42.77248092773558,-43.57138045635731,-44.09179136011161,-44.43432924569656,-44.50430083528207,-44.06369146705275,-42.86367134344604,-40.76319099475509,-37.78403047101483,-34.09665756686669,-29.96631948022103,-25.692110412955213,-21.552333209325727,-17.761055108573068,-14.43913288982661,-11.59887222665714,-9.139271533059778,-6.863519495764176,-4.551468200765858,-2.065380951963061,0.5980812364888508,3.3216000186031325,5.907136309777466,8.121259495159551,9.74226705195372,10.598520021533066,10.598531210085726,9.742299330723489,8.12131073687201,5.907200085381915,3.3216708870045863,0.5981691089515283,-2.065292657108741,-4.55140280934209,-6.863434987885867,-9.13916990810612,-11.598788798558909,-14.439053114394682,-17.76097396818578,-21.5522543458994,-25.692034251769385,-29.966245604241333,-34.09658455452643,-37.783958331984905,-40.763122032238826,-42.86359538117075,-44.06362253095708,-44.50426759486103,-44.43425894820943,-44.09172254088859,-43.57132387789963,-42.77244746234057,-41.46834544522535,-39.407409738470285,-36.407535108847966,-32.436990886137195,-27.555421118405068,-21.65901819515024,-15.714662806978517,-8.924917777289009,0.0494489010700874
0.0311832117129005,-8.94541105082682,-15.73466307421376,-21.68495461672921,-27.58570043502728,-32.46773125516255,-36.43677756704313,-39.43303709827072,-41.4897967879898,-42.79014630735765,-43.58582112185556,-44.10328049081663,-44.44260185266877,-44.50879557390427,-44.063959824355365,-42.85963308111933,-40.75517991154565,-37.77267444102077,-34.08271643198152,-29.950577421293325,-25.675282324479625,-21.53500106008955,-17.74363908548927,-14.421890112318886,-11.581936314640975,-9.122700735187294,-6.847358894853652,-4.535786069851197,-2.050278110527461,0.6124972755861702,3.3352558114887,5.920038890984423,8.133510278607469,9.754042600955264,10.610042792786093,10.610054135591,9.754075361205569,8.133562257983474,5.920103569067216,3.335327761361792,0.6125863801249566,-2.0501889638070225,-4.535719722693012,-6.847272848965317,-9.122598028226436,-11.581852056223848,-14.42180932209908,-17.743556965467622,-21.534921238611297,-25.67520527428904,-29.950502706614927,-34.08264259198462,-37.77260158196506,-40.75511041505617,-42.8595558705121,-44.06389036646546,-44.508763197193446,-44.44252999821144,-44.10320985088453,-43.58576332504837,-42.79011309158464,-41.48979973026007,-39.4329774745628,-36.43678202325309,-32.467741115986776,-27.58572081896216,-21.684977897001144,-15.734695487514529,-8.945491400735321,0.0310700594411646
0.0129122458632274,-8.965959074448733,-15.754742323549834,-21.710980020939083,-27.616046868003192,-32.498525754049815,-36.466053576911584,-39.45862046949251,-41.51125326379913,-42.80780472619343,-43.6002467191011,-44.11474721300265,-44.45084428892481,-44.51325186531676,-44.06418014425368,-42.855539448713685,-40.747107934974345,-37.76125875934366,-34.068721262709886,-29.93479300653925,-25.658424384317463,-21.51764705160046,-17.726207902083033,-14.4046379379888,-11.564995711662368,-9.106129350047397,-6.831202975642352,-4.520115396837213,-2.035194659115138,0.6268837319787729,3.348868885667553,5.9328838702629785,8.145692456381585,9.765739821369332,10.621483140929266,10.621494578064564,9.765772878362734,8.145744869818552,5.932949110084847,3.3489416746202494,0.6269735326598543,-2.035105274925441,-4.5200476005335,-6.831115944333286,-9.10602646010381,-11.564910484989918,-14.404556341298548,-17.72612506105502,-21.51756652794864,-25.65834666827205,-29.93471767798437,-34.06864683640998,-37.76118540368293,-40.74703801153173,-42.85546117239146,-44.06411044882333,-44.51321975383356,-44.450771111951376,-44.11467506060669,-43.60018783183934,-42.80777176804241,-41.51125639050698,-39.45855969277024,-36.46605762636559,-32.498535629894285,-27.61606723145457,-21.711003436578096,-15.754775033118507,-8.966040274067147,0.0127980209074024
-0.0054245487542738,-8.986627496037755,-15.774932954957928,-21.737118080262835,-27.64647775135215,-32.529400183949946,-36.49538643469992,-39.48423737293743,-41.532726981043,-42.82546953389163,-43.61467166816598,-44.12620824903453,-44.45907684066951,-44.51769500003595,-44.06438542270076,-42.85142999738156,-40.73902108080917,-37.74982715359406,-34.054708507964186,-29.91898725058281,-25.6415415904058,-21.500267561817545,-17.708750516513266,-14.38735880284104,-11.54802738110747,-9.08952974139129,-6.815017410460736,-4.504413055516734,-2.020076919474546,0.6413083319293651,3.362525531731734,5.94577919650103,8.157928762945913,9.777494670715742,10.6329818408474,10.632993385568687,9.777528090869591,8.157981759391605,5.945845150969226,3.3625992553157813,0.6413990540547053,-2.019986952508701,-4.504344121919247,-6.814929149945916,-9.089426179664528,-11.547941307655629,-14.387276285398617,-17.708666834568326,-21.500186222320643,-25.64146311009713,-29.918911215752367,-34.05463338531611,-37.74975318406696,-40.73895062615334,-42.85135065622449,-44.06431544023732,-44.51766300591485,-44.45900239316992,-44.12613461451225,-43.61461171171426,-42.82543673250271,-41.5327301442067,-39.48417551767219,-36.49539000502783,-32.529410021076714,-27.646498080522203,-21.737141621461568,-15.774965903034817,-8.986709438173591,-0.0055397095712576
-0.0237197806425767,-9.007322960084991,-15.79519592843821,-21.76333985062488,-27.67697006762209,-32.560332512763786,-36.52475868682205,-39.50987627541961,-41.55420999155768,-42.843133771180376,-43.62908874054224,-44.13765513567945,-44.46728894879932,-44.52211044382819,-44.06455591975107,-42.847279566952125,-40.73088889118838,-37.73834995147789,-34.040653147087625,-29.903145334729185,-25.624629483842163,-21.48286346637925,-17.691272473471727,-14.37006226730358,-11.53104415284142,-9.072917732168806,-6.798822197472123,-4.488704597541372,-2.0049575530986123,0.6557289697198428,3.3761702903199846,5.958655242048715,8.170139914332328,9.789220898721492,10.644449153956034,10.644460831060728,9.789254672322476,8.170193388782437,5.958721768525952,3.376244852266071,0.6558204570638944,-2.004867142931903,-4.48863444071198,-6.798732898079645,-9.072813699388812,-11.530957229803969,-14.369978908858144,-17.69118802943388,-21.48278139205631,-25.624550307934417,-29.903068650738835,-34.04057739799188,-37.73827546739569,-40.73081798040313,-42.847199206276606,-44.06448568039431,-44.522078696358335,-44.467212977202784,-44.13758007526993,-43.62902779148803,-42.84310133539186,-41.55421307201056,-39.50981332170684,-36.524761826914414,-32.56034233703782,-27.67699037204747,-21.763363530024225,-15.795229159628995,-9.007405730318268,-0.0238359799133051
-0.0420564690154878,-9.028119193009204,-15.815564063443398,-21.789670478624103,-27.70754395892812,-32.59134243088332,-36.55418627861884,-39.53554803972009,-41.57571028359108,-42.86080408543501,-43.64350440645202,-44.14909497577428,-44.47548897545404,-44.52650950117348,-44.06470650682011,-42.84310726045295,-40.72273424001449,-37.72684921793864,-34.02657309589565,-29.88727693613928,-25.60768977111958,-21.46543226104457,-17.673767677140248,-14.35273937313103,-11.514034642727704,-9.056279347275703,-6.7826003506127694,-4.472969144927644,-1.9898102497280468,0.670179110926711,3.389847259702303,5.971566500205125,8.182387902544633,9.80098483104362,10.655954390557287,10.655966178463515,9.801018925944351,8.1824418472562,5.971633596235052,3.3899226426149607,0.6702713088097593,-1.9897194259807405,-4.472897717443592,-6.7825100599753885,-9.056174914526109,-11.513946861912896,-14.352655181779568,-17.673682490951588,-21.46534947314483,-25.607609914880765,-29.887199620806143,-34.02649675226565,-37.7267742411542,-40.72266283281686,-42.84302595714867,-44.06463612629461,-44.52647773800052,-44.47541159730487,-44.149018625740815,-43.643442579615474,-42.8607720171959,-41.57571289073592,-39.535484390734176,-36.55418888235256,-32.5913522433606,-27.70756424656319,-21.789694303909663,-15.815597620344718,-9.028202843367788,-0.0421737568079368
-0.0603733953421,-9.048964438896396,-15.836013373880258,-21.816091333126632,-27.738182895431944,-32.62241373801678,-36.58365530145821,-39.56124210445745,-41.59721919369003,-42.87847256615719,-43.65791082497421,-44.16051956419109,-44.4836681441488,-44.53088211588342,-44.064825547298746,-42.83889975977583,-40.71454224943631,-37.71531132508992,-34.01245792824704,-29.871377265227785,-25.590723193836872,-21.44797783064531,-17.656242550936927,-14.335398672991104,-11.4970092049388,-9.03962685245285,-6.766366273751801,-4.45722379883726,-1.97465582890354,0.684633138654545,3.403524531562117,5.984474083046568,8.194628646923947,9.812738295564705,10.66744759417224,10.667459499946856,9.812772691101356,8.194683003926905,5.984541692634978,3.403600728647077,0.6847259780878895,-1.974564635933088,-4.457151069750161,-6.766275083160288,-9.039522090494538,-11.496920556278033,-14.335313661739171,-17.656156645310702,-21.4478943538096,-25.59064267748469,-29.87129936327106,-34.01238104084008,-37.71523585400209,-40.71447028305344,-42.83881752075439,-44.06475508989397,-44.53085021547162,-44.48358927016539,-44.1604419990538,-43.65784812758371,-42.87844089324293,-41.59722100929907,-39.56117796233161,-36.58365734643056,-32.62242355141237,-27.73820316159036,-21.8161152902599,-15.836047212204695,-9.049048930899149,-0.0604917444271413
-0.0787331651061121,-9.069912933310627,-15.856569971116482,-21.84262321531278,-27.76890454112345,-32.65356347954103,-36.61317990887475,-39.586969154153614,-41.6187450676885,-42.89614699956079,-43.67231568718187,-44.17193704139543,-44.49183513564272,-44.53523836800454,-44.064924710617056,-42.83467012213087,-40.70632777963818,-37.70374980590946,-33.998318295893135,-29.85545121822091,-25.573728672592456,-21.430495943838203,-17.638690289777077,-14.318030997168242,-11.479956887966935,-9.022947707484231,-6.750105193834743,-4.44145067924747,-1.9594727413606048,0.6991176192843974,3.4172348338795486,5.99741795486076,8.206906922916982,9.824530232498484,10.678979044006908,10.678991045414795,9.82456493924319,8.206961747745302,5.997486167159224,3.4173118621924736,0.6992112011074147,-1.9593809968564917,-4.441376953738042,-6.7500129474551125,-9.022842298470314,-11.479867517245,-14.317945138517466,-17.63860362056686,-21.430411737073943,-25.573647466538997,-29.85537268861151,-33.998240807272715,-37.70367380046915,-40.706255219061575,-42.83458700506926,-44.06485418846787,-44.53520603242141,-44.49175503874563,-44.17185832671933,-43.67225221181448,-42.89611556384595,-41.61874599201251,-39.58690473761425,-36.6131813062077,-32.65357327031774,-27.76892479100839,-21.842647304681783,-15.85660408483717,-9.069998264801455,-0.0788525740780925
-0.0970711006117955,-9.090906975822524,-15.877208923461886,-21.869246030109075,-27.799692320023635,-32.684775823185824,-36.64274703721528,-39.61271997181028,-41.640281087576966,-42.91382096002426,-43.68671265494349,-44.18334043361452,-44.49998228664475,-44.53956842333346,-44.06499195673263,-42.8304040376064,-40.69807346863749,-37.69214819946499,-33.98414039344369,-29.83949115342911,-25.55670518781187,-21.412988816127257,-17.62111590035752,-14.300643978467138,-11.462887236012412,-9.006253013241212,-6.73383072297558,-4.425667037467923,-1.94428240630493,0.7136052493937337,3.4309434598441686,6.010354966591768,8.219174236067943,9.83630805091372,10.69049463470223,10.690506732547943,9.836343013511328,8.219229496168182,6.010423729376603,3.4310212846087875,0.7136994420584045,-1.9441902400812048,-4.425592044672763,-6.73373760134354,-9.00614722315805,-11.462797011643408,-14.300557297879749,-17.621028510562844,-21.412903924682546,-25.55662333648703,-29.83941203396652,-33.984062323494925,-37.69207170814845,-40.69800038495018,-42.83032006492798,-44.06492139909758,-44.53953576121755,-44.4999005777076,-44.18326069179192,-43.68664845851481,-42.91379005818794,-41.64028074352309,-39.6126553338175,-36.64274781014706,-32.684785587773845,-27.799712539187176,-21.869270262931977,-15.87724328197019,-9.09099308279538,-0.0971914925672137
-0.1154947293299002,-9.112036868306816,-15.897973707982375,-21.89599314128218,-27.83057453545,-32.71607737335067,-36.67237833345047,-39.63851067364135,-41.661839762374505,-42.93150663781623,-43.70111411789136,-44.19474330981527,-44.50812449761113,-44.543890122091504,-44.06504811206462,-42.82612443648463,-40.68980519474207,-37.68052995854954,-33.9699428583661,-29.823506500750444,-25.53965226580297,-21.395450369457137,-17.60350881051311,-14.2832228114294,-11.445782181331907,-8.989521914643053,-6.717518108374384,-4.409842736712248,-1.9290486464125711,0.7281408864574135,3.4447046857970363,6.0233516831030025,8.231505621835874,9.848155027717649,10.702079772250558,10.702091933885194,9.848190282977594,8.231561379068454,6.023421076141757,3.444783310033808,0.7282358121269195,-1.9289558286805075,-4.409766886546501,-6.717423922045264,-8.989415345420266,-11.445691309052656,-14.283135285078178,-17.603420653520796,-21.39536474922779,-25.539569732667065,-29.82342674434121,-33.96986415353008,-37.68045293803176,-40.689731541237705,-42.826039655538125,-44.0649774681983,-44.54385690107895,-44.50804149838402,-44.19466253170574,-43.70104928835492,-42.93147600115087,-41.6618382875828,-39.63844590696281,-36.67237846387751,-32.71608709695872,-27.83059474376608,-21.89601750458121,-15.898008335032992,-9.11212382164483,-0.1156161890727397
-0.133885464888779,-9.13320636587653,-15.91881799861493,-21.92283004101576,-27.86152099007247,-32.74743985904884,-36.70205046077578,-39.66432350219384,-41.6834067649268,-42.94918972957424,-43.71550529325207,-44.2061294862355,-44.516243984939855,-44.54818258622429,-44.065069151489375,-42.82180544245606,-40.68149454349752,-37.66886963375992,-33.95570577685997,-29.80748713045889,-25.522570231047386,-21.3778872265168,-17.585880603787967,-14.26578377718918,-11.428661748978074,-8.972777727685298,-6.701194990296827,-4.394011196458259,-1.9138114063083127,0.7426752828982646,3.458459796678127,6.036336090327681,8.243819478637636,9.85997931483016,10.713640194071928,10.713652464857386,9.860014877749403,8.243875679918917,6.0364060431998965,3.4585391918572044,0.7427708724363807,-1.9137180275915533,-4.393934301100021,-6.701099860239868,-8.972670565216138,-11.428570134401951,-14.26569542495061,-17.5857917009435,-21.377800900173177,-25.522487030585783,-29.807406759197747,-33.955626484508,-37.66879213566473,-40.6814203413808,-42.82171985539099,-44.06499847747911,-44.54814886844919,-44.51615936054888,-44.206047805553176,-43.71543991517469,-42.94915964621189,-41.68340375234472,-39.66425867974502,-36.702049944216334,-32.74744952905271,-27.86154118356687,-21.922854557393546,-15.918852888910385,-9.133294128759092,-0.1340079421858994
-0.1522143822433026,-9.15439278645987,-15.939731824580992,-21.94974976068724,-27.89252549836082,-32.77885791347893,-36.7317591280822,-39.69015537138425,-41.704979901205576,-42.96686788727411,-43.72988370896289,-44.21749607449916,-44.52433743584918,-44.55244159329932,-44.0650500509545,-42.81744169694635,-40.67313531417782,-37.65716147413284,-33.9414243135563,-29.791430178002724,-25.50545857144764,-21.360300252033124,-17.568233261604217,-14.248329962958168,-11.411529916661255,-8.956025041832374,-6.684866964015527,-4.378179467608756,-1.898579124471532,0.7571975814441628,3.4721961034862083,6.049292413780592,8.256097819201711,9.87176030858824,10.725155024285144,10.7251674344976,9.871796161760212,8.256154352206615,6.049362766502853,3.4722762180259434,0.7572936108193665,-1.8984854544575056,-4.378101114454048,-6.68477118023381,-8.955917767316372,-11.41143738718504,-14.24824086098262,-17.568143706736503,-21.360213309316634,-25.50537476979813,-29.7913492548316,-33.941344532117,-37.65708357779909,-40.6730605710809,-42.81735529726364,-44.06497950064563,-44.55240757239309,-44.52425062851047,-44.21741368010859,-43.72981788426488,-42.966838890162535,-41.70497473671758,-39.69009075548704,-36.73175803025204,-32.77886754500857,-27.89254571320024,-21.94977444117794,-15.93976710173592,-9.15448157204278,-0.1523381304502871
-0.1706585880618949,-9.17574206567543,-15.960785146903328,-21.97680482250297,-27.923632614701525,-32.810372683696826,-36.76153741802054,-39.71603062149255,-41.726577673128574,-42.98455927857504,-43.744267800454175,-44.22886354075687,-44.53242767841984,-44.55669544496397,-44.06502446774363,-42.813070716117785,-40.66476977820184,-37.64544406323381,-33.92712914244744,-29.775351625644767,-25.48831762407308,-21.342680554604627,-17.550550564194747,-14.2308385225009,-11.39435836628782,-8.939230810988382,-6.66849468904983,-4.362299699681199,-1.883294471932719,0.7717795610789975,3.4860005369698386,6.062326929074803,8.268461203979212,9.883632218910382,10.736762424774636,10.736774932628082,9.883668370806278,8.268518190545848,6.062397856807986,3.4860814211344096,0.7718762382820695,-1.8832001940113876,-4.362220325341205,-6.668397966857493,-8.939122918513638,-11.394265103787683,-14.230748583955544,-17.55046025833482,-21.34259290270079,-25.488233149408718,-29.77527007435948,-33.92704877353667,-37.64536567857239,-40.66469442511547,-42.81298355708388,-44.06495394258789,-44.55666054514472,-44.53233939972156,-44.22878038207592,-43.74420158736999,-42.98453070750748,-41.72657059428776,-39.71596630598523,-36.761535623058,-32.8103822459496,-27.923652827004755,-21.976829644035863,-15.960820670915457,-9.175831671459791,-0.1707833801560965
-0.1890782608271299,-9.197136997096589,-15.981924110251327,-22.003954412009787,-27.95480794299272,-32.84195204764747,-36.79135927041796,-39.74193065339821,-41.74818614714116,-43.00225058073696,-43.758644278275085,-44.24021708284384,-44.540498085344666,-44.56092266096725,-44.06496619095826,-42.80866198353392,-40.65636278444747,-37.633684683808575,-33.91279401254714,-29.75923736976904,-25.471145904675296,-21.325034019011696,-17.532844282413823,-14.213326359603368,-11.377168225473952,-8.922420134177537,-6.652108235791214,-4.346408616142443,-1.868002218468628,0.786364726738228,3.4998030139942595,6.075353753245886,8.280811892562305,9.895487577993968,10.748351092808726,10.748363710432562,9.895524012313984,8.280869322375358,6.075425260615229,3.499884674899483,0.7864620404513956,-1.8679073291060424,-4.346328200246224,-6.652010604366236,-8.922311617809529,-11.377074214840516,-14.213235586918309,-17.532753220745626,-21.3249456543725,-25.471060751277577,-29.75915518795437,-33.912713066178085,-37.6336058060691,-40.6562868034951,-42.808574012968805,-44.064895715700885,-44.56088718290752,-44.54040784399247,-44.24013320902577,-43.75857769888172,-43.00222280556002,-41.74817692982269,-39.74186658820702,-36.79135687222913,-32.841961526477355,-27.954828159652717,-22.00397938261472,-15.981959936274642,-9.197227491723352,-0.1892041561436616
-0.2075086650641472,-9.218607993737525,-16.003162963812283,-22.031209761373525,-27.986060512225453,-32.8736045741179,-36.82123126622062,-39.767860210661496,-41.76980834154922,-43.01994443640437,-43.77301594502214,-44.2515598303503,-44.54855241680791,-44.56512768242742,-44.06488122163183,-42.80422279520684,-40.64792300487272,-37.62189150507656,-33.89842575576359,-29.743090999333692,-25.453943546718055,-21.307359001765803,-17.515111211909986,-14.195789169817528,-11.359953975083643,-8.905586627319101,-6.635699957950276,-4.330496993877522,-1.852691485090068,0.8009669499745854,3.513621121563974,6.088394092185141,8.29317375342996,9.907352353191747,10.759947974862166,10.759960729552422,9.907389169099757,8.293231766087324,6.088466326005567,3.513703693765088,0.8010651423871438,-1.8525956767165688,-4.330415623248211,-6.635601218848173,-8.9054771140142,-11.359859189942911,-14.195697424933057,-17.515019243161664,-21.307269778895165,-25.45385757813457,-29.74300805817353,-33.89834410178177,-37.62181200591582,-40.6478462785231,-42.80413374210827,-44.0648106256652,-44.56509214737376,-44.54845950811938,-44.2514751410158,-43.77294885149144,-43.01991779848599,-41.769796873997386,-39.76779594573989,-36.82122842288523,-32.87361390148087,-27.98608069007697,-22.03123483230985,-16.003198920440326,-9.218699147495188,-0.2076354078419154
-0.2258738807215558,-9.240092334496422,-16.024472816130857,-22.058548599170106,-28.017371616192428,-32.90531313400622,-36.851139920708135,-39.79380880194914,-41.791436928518,-43.03763355501507,-43.787374773245205,-44.26288285483718,-44.556580270323984,-44.56929893269848,-44.06475516921604,-42.7997371390322,-40.639432186120665,-37.6100478642398,-33.88401039777551,-29.72690495145693,-25.436710136678144,-21.2896586706313,-17.497357834509515,-14.178235731105422,-11.342727489813187,-8.888744134085032,-6.619286616934176,-4.314585087632849,-1.837385523929526,0.8155554350978806,3.527417161733181,6.101402663982626,8.305495514554607,9.919169561053902,10.771494367947788,10.771507257489487,9.91920667023166,8.30555390588419,6.101475369814279,3.5275004268434333,0.8156541810246459,-1.8372891863818743,-4.314502616625608,-6.619187108467408,-8.88863413340364,-11.342631933738929,-14.178143214915265,-17.497265156745517,-21.289568780351495,-25.436623524685118,-29.72682142007149,-33.883928218139026,-37.60996790614396,-40.63935484899887,-42.79964723138615,-44.06468480409578,-44.56926312212967,-44.55648453630617,-44.26279764663708,-43.78730753672889,-43.03760849386277,-41.79142255927972,-39.79374494727159,-36.85113657761066,-32.905322366721464,-28.01739182296429,-22.058573825032767,-16.024509168306015,-9.240184558055144,-0.2260019473311653
-0.2443137621281158,-9.261707510435818,-16.045910669539676,-22.086015378692245,-28.04877854143985,-32.93711209033212,-36.881112767771015,-39.81979711948441,-41.81308749227112,-43.05533323542751,-43.801736388608624,-44.27420327005739,-44.564600646340274,-44.57345919718563,-44.06461546886754,-42.79523574427937,-40.63092491247431,-37.59818516558719,-33.869572939375004,-29.710691945403298,-25.419445531420504,-21.271925601579664,-17.479570717919625,-14.160647650660056,-11.325465875822118,-8.871865838918747,-6.602836283132151,-4.298634332374881,-1.8220377842666629,0.8301884281339422,3.5412630532095752,6.114466542753101,8.317875730620528,9.93104753689571,10.783102459958686,10.783115438767876,9.931084905225063,8.317934533335633,6.114539820396793,3.541347071036544,0.830287815471181,-1.8219407992125436,-4.298550964117271,-6.602735877496805,-8.871755128401771,-11.325369618763418,-14.160554325422943,-17.47947729191523,-21.27183500741373,-25.419358254840613,-29.710607806587696,-33.86949020066172,-37.59810469267162,-40.63084689093069,-42.79514502013404,-44.06454537229628,-44.57342277895853,-44.56450255741638,-44.27411744758136,-43.801669070466026,-43.05530934954363,-41.81307042893134,-39.8197337654473,-36.88110887926437,-32.937121220798026,-28.048798774313177,-22.086040757724824,-16.045947391540302,-9.261800748195498,-0.2444430808655043
-0.2627734927657625,-9.28340506179629,-16.067455062971906,-22.113592359519423,-28.080266959292302,-32.9689877360988,-36.91113864584728,-39.84581725668387,-41.834754159858136,-43.07303795840987,-43.81609533121078,-44.285515193587344,-44.5726070737612,-44.57760030130021,-44.06445157602572,-42.79070531584246,-40.62238572683732,-37.58628889933278,-33.85510170798725,-29.69444589171145,-25.402148921478663,-21.254161871704262,-17.461754401650154,-14.14303135748235,-11.308177068998573,-8.854961461118382,-6.586360729519086,-4.28265908315632,-1.806666911516015,0.844843334913349,3.555128341052225,6.127548862959021,8.33027251121844,9.942941941146278,10.794725295688917,10.794738338463262,9.942979574375032,8.330331718860606,6.127622700456956,3.5552130138610263,0.844943365856374,-1.806569203849523,-4.282575096272949,-6.586259376942425,-8.854849867201018,-11.30808026988042,-14.14293726196406,-17.461660244543506,-21.25407059440709,-25.40206101149037,-29.69436115949994,-33.85501840181441,-37.58620795826849,-40.62230713504586,-42.79061390831624,-44.064381765078735,-44.57756306096713,-44.57250675993785,-44.28542884886184,-43.81602814141004,-43.07301520547709,-41.834734346485206,-39.84575443892574,-36.91113416513614,-32.96899676361648,-28.080287223073245,-22.11361792647868,-16.067492131498074,-9.283499254641573,-0.2629039882065737
-0.2812514216852469,-9.305185557503023,-16.089105755895563,-22.14128013368199,-28.11183655788692,-33.00093993580226,-36.94121712424191,-39.871868506378,-41.85643607970251,-43.09074660107151,-43.83045025414574,-44.29681704956892,-44.58059781278463,-44.581720708233945,-44.0642622060498,-42.78614568762804,-40.61381483558792,-37.57435956657112,-33.84059719317263,-29.678166988099083,-25.384820487137016,-21.23636785665054,-17.443909290177185,-14.125387708647558,-11.290861945310228,-8.838031666464714,-6.569860721806161,-4.266660477031226,-1.7912741234384035,0.8595191956501613,3.569013329025507,6.140649302330088,8.342685580979005,9.954850842693723,10.8063616320457,10.806374764169805,9.954888716027355,8.342745185011799,6.140723662791047,3.569098642287745,0.8596198643523181,-1.7911757394491874,-4.26657582828479,-6.569758456322806,-8.8379192545121,-11.290764564407674,-14.125292852322138,-17.443814409402737,-21.23627590280505,-25.3847319473359,-29.678081666984895,-33.84051333521071,-37.57427816155342,-40.61373562202477,-42.78605360615038,-44.064192672803166,-44.581682414743696,-44.58049546026283,-44.29673022278696,-43.830383212705854,-43.09072479880558,-41.85641338405832,-39.87180641967361,-36.94121201033382,-33.00094886161693,-28.111856858409038,-22.14130587342169,-16.089143149150843,-9.305280701648895,-0.2813831057257515
-0.299721611245318,-9.327029391300538,-16.110853853547358,-22.16907289766754,-28.14348232746948,-33.032964567109204,-36.97134498419742,-39.89794863164256,-41.87813140751263,-43.10845709467883,-43.84479886058706,-44.30810613472791,-44.58856966617699,-44.58581623826117,-44.064042330914965,-42.78155157900154,-40.60520640004894,-37.56239183390413,-33.82605500019717,-29.661852513232414,-25.367459429819665,-21.218544026849248,-17.426036867514057,-14.107719253152604,-11.273523785761167,-8.821080502000823,-6.553341219808925,-4.250644729753286,-1.775867244625748,0.8742062522219531,3.582906564741155,6.153753588022437,8.355098733541372,9.9667555953044,10.817992556301917,10.818005773908144,9.966793689151578,8.355158693442917,6.153828443727251,3.582992503541867,0.8743075009296234,-1.7757682700619872,-4.250559346463128,-6.5532380993626,-8.8209673775563,-11.273425787470469,-14.107623662663642,-17.42594129053061,-21.21845142376167,-25.36737028913004,-29.661766642123048,-33.825970618569805,-37.56230997081634,-40.605126580724445,-42.78145891627441,-44.06397316512035,-44.58577679817286,-44.58846523116209,-44.30801890915584,-43.844732090906135,-43.108436325389405,-41.878105656458885,-39.89788742979759,-36.97133921098085,-33.0329733967722,-28.14350267007128,-22.16909883553247,-16.11089159026653,-9.327125484854134,-0.2998544698798974
-0.3182688076072735,-9.349005759184138,-16.13273453158823,-22.196997566356774,-28.175227499337183,-33.065082454516364,-37.00153896922762,-39.924070373046966,-41.89985008276105,-43.12617919892758,-43.85915105645401,-44.319393157377455,-44.596534418254834,-44.58990075029191,-44.06380829706888,-42.77694017378831,-40.596579418287256,-37.55040256702096,-33.8114881527628,-29.645508714933605,-25.35006473236868,-21.20068489968881,-17.408128149953196,-14.090013631057682,-11.25614793246492,-8.804091066276545,-6.536782424101973,-4.234588092017432,-1.7604172470483967,0.8889392091874241,3.5968496447911087,6.166912153826173,8.36756864338526,9.978719401456612,10.829682933149623,10.829696230379504,9.978757748232873,8.367628985641016,6.166987539567209,3.5969362070868223,0.8890411332376205,-1.7603175675780127,-4.234502165007263,-6.536678336155631,-8.803977036042559,-11.256049401424216,-14.089917282862633,-17.408031837761968,-21.20059160949829,-25.349974950037247,-29.64542225500533,-33.811403234349285,-37.55032021053373,-40.596498905544266,-42.77684692020679,-44.06373941832008,-44.58985991116166,-44.59642829893546,-44.31930547578524,-43.85908456583695,-43.12615904558324,-41.89982154533197,-39.92401005597585,-37.00153254269928,-33.06509118224246,-28.17524790444919,-22.19702368009774,-16.132772621807867,-9.349102859041116,-0.3184029147980745
-0.3367749507553279,-9.371015980257395,-16.154699991964762,-22.225016491813506,-28.20703949603373,-33.09726352670906,-37.031774319072056,-39.95021521708293,-41.92157787974045,-43.14389917153323,-43.873493361616006,-44.33066367198659,-44.604476550946224,-44.59395548161096,-44.06353792261651,-42.77228682995083,-40.58790608723726,-37.53836660081974,-33.79687721450001,-29.629126318068472,-25.33263759355902,-21.18279797792865,-17.390195546774414,-14.072287714273967,-11.238754407840256,-8.787086812169518,-6.52021174328148,-4.2185232372706185,-1.7449643915102149,0.903669163545842,3.61078257790258,6.180052519552714,8.380013438825939,9.990652684064935,10.841339965183398,10.841353355101962,9.990691267596723,8.380074176052688,6.1801284735297,3.610869804522357,0.9037718439081384,-1.7448639185424404,-4.218436885092628,-6.520106634774841,-8.786971694191942,-11.238655361989064,-14.072190573265924,-17.390098454165607,-21.182703960261247,-25.332547140727133,-29.62903925811966,-33.796791737946265,-37.53828368455783,-40.58782477704419,-42.77219286919833,-44.0634693269423,-44.59391353240358,-44.6043681336205,-44.330575585050624,-43.87342707102093,-43.14388001912248,-41.92154606658356,-39.95015578653648,-37.03176729226668,-33.0972721338994,-28.20705992801152,-22.225042743988205,-16.15473829068362,-9.371113877795423,-0.3369100709645592
-0.3552108952923606,-9.393037915904229,-16.17673951387769,-22.25312238737869,-28.23891178722269,-33.129502434537784,-37.06204675396994,-39.9763799468799,-41.94331212559578,-43.16161429483682,-43.88782266583144,-44.34191410713007,-44.61239178552874,-44.59797537895549,-44.06322518533409,-42.767585562842505,-40.57917982536317,-37.52627804794417,-33.78221755763569,-29.612702698305363,-25.315177623319663,-21.164884385375327,-17.37224139654661,-14.054545101064456,-11.22134771947538,-8.770073081046641,-6.503635565527342,-4.202457907769722,-1.7295180017233078,0.9183847929563768,3.624692335244797,6.193158653439967,8.392414914464254,10.002534437073072,10.852942324422356,10.852955810025904,10.002573301853683,8.392476053813203,6.193235127842429,3.6247801433093887,0.9184882273791024,-1.7294167067905148,-4.202371149377141,-6.5035294557013295,-8.76995685906279,-11.221248178902703,-14.054447185709591,-17.372143515163337,-21.16478963602675,-25.31508648756568,-29.6126150215841,-33.782131559272976,-37.52619465590616,-40.5790977575605,-42.76749083060357,-44.063156888073145,-44.59793255759034,-44.612280543027765,-44.34182576935997,-43.887756670046585,-43.16159658755736,-41.94327656193555,-39.976321401936126,-37.06203912160694,-33.12951089877077,-28.238932232376392,-22.25314880632129,-16.17677800258514,-9.393136534536604,-0.3553469225615486
-0.3737140505963556,-9.41518616123553,-16.198910879086153,-22.281360579807696,-28.27088317170161,-33.161834391378946,-37.092384763561135,-40.002586020096864,-41.96506949266119,-43.179340707710736,-43.90215497394693,-44.35316181298894,-44.62029901518884,-44.60198332223761,-44.06289710855408,-42.76286602624069,-40.5704338490529,-37.51416684932361,-33.767532225527255,-29.596248850773744,-25.297683473327368,-21.14693522632324,-17.35425086000239,-14.0367657088609,-11.2039038978528,-8.75302157442346,-6.487020892778962,-4.186353099370318,-1.7140304178261203,0.9331439354478172,3.638649762753993,6.206315681044107,8.404869302637698,10.01447016209402,10.864599500326044,10.864613066313613,10.014509263095547,8.404930834120846,6.206392642412323,3.6387380939805753,0.9332480582103108,-1.71392838730674,-4.186265935783709,-6.4869138209638,-8.752904347393955,-11.203803884153473,-14.036667075590657,-17.354152243669077,-21.14683979556908,-25.297591705738817,-29.59616058337248,-33.76744567967594,-37.514083000445176,-40.57035116162282,-42.762770744757965,-44.06282911872416,-44.60193925624063,-44.62018547675677,-44.35307323152544,-43.90208953259389,-43.17932410740621,-41.965030578162185,-40.00252840789379,-37.092376508142905,-33.16184272377105,-28.270903680877296,-22.281387196275404,-16.198949709100713,-9.41528575417505,-0.3738512802145288
-0.3922413135817754,-9.437423077974932,-16.221196958531166,-22.30971719783004,-28.302942461897334,-33.194249025219456,-37.12277998733191,-40.02882746346469,-41.98684556646853,-43.19707398707937,-43.916486104237634,-44.36440199981264,-44.62819293511995,-44.60597202657387,-44.062544633117376,-42.758117017015095,-40.56165533597378,-37.5020208925742,-33.75281156132363,-29.57975945517658,-25.28015398213966,-21.12895191443254,-17.33622731261174,-14.018954540766646,-11.186429193922908,-8.735940235065504,-6.470377246356104,-4.170220257307872,-1.6985163904080227,0.9479279060487104,3.652630410439116,6.219493943310422,8.417342405276496,10.026423460743564,10.876272757161386,10.876286389912256,10.02646281518298,8.417404351635984,6.219571480188926,3.6527193299505183,0.9480328660437614,-1.698413494475668,-4.170132879743116,-6.470269077572763,-8.735821737166543,-11.186328742656675,-14.01885513720182,-17.336127891863327,-21.128855738489488,-25.280061533407565,-29.57967056051161,-33.75272441553981,-37.50193648948636,-40.56157190573421,-42.75802106926917,-44.0624768934584,-44.605926755559615,-44.62807695156153,-44.36431311841252,-43.916421104175846,-43.19705847443492,-41.98680317690152,-40.02877074708831,-37.12277113944825,-33.19425721073561,-28.302962995906277,-22.30974395494416,-16.22123595195846,-9.4375234145955,-0.3923795081835194
-0.4107505852108272,-9.459715091274404,-16.24358095626385,-22.338179524595823,-28.33507764648662,-33.22673551836431,-37.15322313182842,-40.055096954028095,-42.008634430208055,-43.214808775102895,-43.930810587037456,-44.375629057664746,-44.63606749237872,-44.60993507343608,-44.06216053712442,-42.75333170495566,-40.55283667598104,-37.489833534187134,-33.7380507627335,-29.56323274497592,-25.262590749751634,-21.11093813024552,-17.318175991017977,-14.001118566668977,-11.168931588845814,-8.71883788048644,-6.453714754982039,-4.154071427601592,-1.6829901942048553,0.9627198830348286,3.666615217507537,6.23267048828992,8.429808807892517,10.0383657112423,10.887933352876152,10.887947066853808,10.03840532425357,8.429871136884474,6.232748534966343,3.666704688147175,0.9628256386604264,-1.6828865097765142,-4.153983794597637,-6.453605549764285,-8.718718203933133,-11.168830687249176,-14.001018432988724,-17.3180757923291,-21.11084123437025,-25.262497634052067,-29.563143233133715,-33.737963059355295,-37.48974861364236,-40.55275247981228,-42.753235081272805,-44.06209307372302,-44.60988861884623,-44.63594904863043,-44.37553988865117,-43.93074610333385,-43.21479437258333,-42.00858858373606,-40.05504120963231,-37.15321371214451,-33.226743560315334,-28.335098249028995,-22.338206427636987,-16.243620248067504,-9.459816400436502,-0.4108900078262071
-0.429298996622155,-9.482109859137005,-16.26608738908423,-22.366766837336066,-28.36730543956386,-33.259308990883184,-37.18372638431746,-40.081403745955775,-42.03044324939593,-43.232551818227726,-43.94513508554321,-44.38685002254197,-44.6439302427762,-44.61388125306679,-44.06175508132743,-42.74852117356089,-40.543990405245225,-37.47761594012586,-33.7232584412099,-29.546672497530366,-25.24499252434936,-21.0928896897204,-17.300090279009957,-13.983249165764766,-11.151400904712675,-8.701702688945218,-6.437019723077271,-4.137890482667117,-1.667432245539635,0.9775435759122394,3.680633032192719,6.245879582793524,8.442306841488179,10.050338940051214,10.89962449998755,10.899638301937042,10.050378800314316,8.442369570492318,6.2459581850991786,3.680723086774029,0.9776501308752378,-1.6673277952568963,-4.137802498296089,-6.4369094597334335,-8.701581862774495,-11.151299493065729,-13.983148292701744,-17.299989286033103,-21.09279206069522,-25.24489873554704,-29.546582366204653,-33.72317015654048,-37.47753048984576,-40.54390549974829,-42.74842398699824,-44.06168787664165,-44.61383351115653,-44.643809604402215,-44.38676053181887,-43.94507120021622,-43.23253833628651,-42.03039421082185,-40.08134891008264,-37.1837163269215,-33.25931687320348,-28.36732611239737,-22.36679393205045,-16.266126985988922,-9.482212080938734,-0.4294395422153226
-0.4478516585260255,-9.504579464582696,-16.288702055242474,-22.39546848146277,-28.39961611132013,-33.29196124470257,-37.21428265157272,-40.107741943344365,-42.052266860041954,-43.25029868855928,-43.95945486039032,-44.398059803998656,-44.65177516471378,-44.61780409283463,-44.0613206197753,-42.743677942474,-40.535108440046514,-37.46536081637112,-33.708429240812144,-29.53007614942521,-25.22735961540823,-21.074808780009526,-17.281973694344444,-13.965351426331498,-11.133843272186882,-8.684541602692835,-6.420300411460272,-4.121687594562519,-1.6518547389507652,0.9923841383119733,3.694666021156104,6.25909967164979,8.454811926383826,10.062315769056893,10.911317922509287,10.911331832374236,10.062355940909438,8.454875073959002,6.259178827100979,3.694756759877734,0.9924914846399436,-1.6517496334591304,-4.121598754965524,-6.42018918801431,-8.684419950310593,-11.133741052233658,-13.96524977118971,-17.28187187900896,-21.07471038525783,-25.227265108692748,-29.529985347434557,-33.70834035011242,-37.465274802635385,-40.53502273261617,-42.743580181212906,-44.06125351613986,-44.617754775786416,-44.65165301669403,-44.39796983355447,-43.95939148346028,-43.25028542717466,-42.05221520079724,-40.10768802186074,-37.2142719145286,-33.2919689761501,-28.3996368827345,-22.39549574414424,-16.288741970207358,-9.504682659288248,-0.4479934100245393
-0.4664500031387681,-9.527154884035312,-16.311444791565307,-22.424299247117784,-28.432023124429275,-33.32470476179415,-37.24490212147325,-40.13411986117276,-42.07411275521933,-43.26805727096977,-43.97377828352737,-44.4092673428777,-44.65961165509114,-44.62171312644272,-44.06086642348182,-42.738809751598446,-40.52619815073427,-37.45307299581773,-33.693566929045254,-29.513444458044628,-25.209689082759787,-21.05669090790668,-17.263819501123983,-13.947417205236198,-11.116248924841104,-8.667343508879519,-6.403544198013804,-4.105448565263679,-1.6362416377339002,1.00725963208738,3.708734606793763,6.272354513633537,8.467349864903074,10.074327739805328,10.92304452535206,10.923058585568626,10.074368275681788,8.467413533253524,6.272434335952468,3.708826215230317,1.0073678154677894,-1.6361358762960336,-4.105358364515457,-6.403432031554291,-8.66722121768412,-11.11614560494318,-13.94731467399644,-17.263716791568815,-21.05659166991676,-25.209593778926717,-29.513352899802523,-33.693477348508694,-37.45298635529137,-40.52611163240394,-42.73871149290639,-44.06079924506075,-44.62166203407162,-44.65948870050649,-44.40917671366566,-43.97371539809637,-43.26804357022783,-42.07405926505132,-40.134066718715694,-37.24489055262681,-33.324712309634755,-28.43204403650421,-22.42432670711917,-16.311485087580273,-9.527259114724682,-0.46659301039754
-0.4851823591525965,-9.549905927923175,-16.33435073674184,-22.45328502715349,-28.464547790312523,-33.3575612810891,-37.27560056039483,-40.160547283957634,-42.09598781319913,-43.28583523270712,-43.98811340160617,-44.42048163474779,-44.6674492182005,-44.62561990027155,-44.06040528331963,-42.73393342159599,-40.51727762761567,-37.44076814235359,-33.67868460248631,-29.496783733892947,-25.191979782316704,-21.038530995892543,-17.245618850676088,-13.929434022342932,-11.098603680900435,-8.65009187627057,-6.386731805900156,-4.089150772699872,-1.6205644232010823,1.0222030886846647,3.722878832279651,6.285691910431115,8.479973569092774,10.086434071749665,10.934864582777662,10.934878800139348,10.08647509612495,8.480037959406712,6.285772672175183,3.722971646850583,1.022312225808539,-1.6204579291535035,-4.089058359847393,-6.386618667019064,-8.649969222781534,-11.098498741891891,-13.92933040445798,-17.245515102170547,-21.038430752699004,-25.191883507737447,-29.49669124404603,-33.6785941712444,-37.44068071864053,-40.51719015141366,-42.73383469182829,-44.06033761687972,-44.62556662109284,-44.66732688248294,-44.420389948187726,-43.98805076318753,-43.28581962322914,-42.0959339651008,-40.160494685260495,-37.27558798816958,-33.35756860439288,-28.464568892395587,-22.45331266327086,-16.334391448926418,-9.550011255336244,-0.4853266716583709
-0.5039018159401473,-9.572714338960608,-16.357361425590412,-22.482380459892525,-28.497151195027453,-33.390497585394286,-37.3063513099266,-40.18700439422987,-42.1178765087224,-43.3036179436682,-44.00244512203948,-44.43168594255265,-44.67526871223926,-44.62950178328337,-44.05990994426018,-42.7290214379557,-40.50831361750377,-37.42841779304064,-33.663757909714754,-29.48008202612312,-25.17423377112441,-21.02033680491296,-17.227386988015443,-13.911421268572653,-11.080932255633517,-8.632816131899125,-6.369897764128777,-4.0728344869401525,-1.6048704804803169,1.037157206105333,3.737025428569162,6.299027332094065,8.492589156109206,10.098528980000662,10.946669872943705,10.946684270241288,10.098570566503286,8.492654353327127,6.299109156590919,3.737119720447281,1.0372672481715397,-1.6047633073918073,-4.072738905568512,-6.369783807800396,-8.63269366745542,-11.080825142543524,-13.911316377366338,-17.22728214571741,-21.020235475785405,-25.17413642638299,-29.479988518675583,-33.663666542840325,-37.42832947036967,-40.50822510404038,-42.72892231013767,-44.05984133000218,-44.6294460522027,-44.67514813563492,-44.43159289895836,-44.00238232202748,-43.30359920808935,-42.11782351011065,-40.18695200678883,-37.30633768499783,-33.39050466334879,-28.49717246143163,-22.4824082463788,-16.357402452486426,-9.572820633537791,-0.5040472931632622
-0.5226815894066213,-9.59564229860728,-16.380507527538995,-22.511610128433148,-28.52985594344189,-33.42353044733209,-37.337169008693465,-40.2135037199686,-42.139789399606414,-43.32141115017256,-44.016779216428176,-44.44288573352293,-44.68307837536717,-44.63336762517495,-44.05939404593495,-42.72408778407927,-40.499323172114245,-37.416039337213455,-33.648798047148034,-29.463344330813268,-25.156450609680785,-21.00210249899728,-17.20911612404304,-13.89336840517529,-11.0632215731303,-8.615502220705727,-6.353025594323696,-4.05647867418188,-1.5891365792864982,1.0521529297952976,3.7512114256590334,6.31240461343382,8.505247733034036,10.110664036482191,10.958516402614872,10.958530981971697,10.110706095273883,8.505313616598775,6.312487321898934,3.751306910743559,1.052263848945035,-1.589028527169205,-4.056381070107756,-6.352910661881706,-8.615379306522337,-11.06311297972045,-13.893262349441551,-17.20901026414889,-21.00200017827946,-25.15635229269516,-29.46324990870703,-33.648705864986105,-37.41595021867238,-40.499233678743295,-42.72398828758403,-44.05932461281424,-44.63330978940387,-44.6829585997092,-44.44279180992991,-44.016716270054296,-43.32139028161876,-42.13973631020083,-40.21345155904345,-37.33715457616161,-33.423537270481944,-28.52987732578725,-22.51163808051118,-16.380548890435396,-9.595749574862472,-0.5228282441590055
-0.5413936573491979,-9.61858469440182,-16.403737198395792,-22.54093399315027,-28.562628028569016,-33.456627529347045,-37.36802835419289,-40.24002723911493,-42.16171201561826,-43.33920224728826,-44.03110270141798,-44.45406741146072,-44.69086286560389,-44.63720000490101,-44.058836996680654,-42.71910592240401,-40.49027759957216,-37.40360627730141,-33.63378507488064,-29.446561503769864,-25.138631467895387,-20.983836598666795,-17.190819569159654,-13.875293953478206,-11.045493432469932,-8.59817504811478,-6.33614443979338,-4.0401184293258,-1.573404932648612,1.0671389074502609,3.765374117103459,6.325749131861172,8.517864706997527,10.122748920021998,10.970309215394854,10.970323937348178,10.122791383266687,8.517931256071442,6.325832696444984,3.765470708645824,1.0672506520367626,-1.573295977932405,-4.040019061233425,-6.336028528862136,-8.59805155792007,-11.045383523226562,-13.875186778377689,-17.190712726731558,-20.98373332744319,-25.13853222530961,-29.44646621178854,-33.63369209006103,-37.403516366319,-40.49018719709392,-42.71900612977368,-44.0587667237017,-44.63714030483565,-44.6907434951664,-44.453972782090695,-44.031039574385154,-43.339179657373634,-42.16165859274026,-40.23997523655239,-37.36801321146752,-33.45663409245262,-28.56264951902311,-22.540962125238067,-16.403778910571834,-9.61869299837202,-0.5415415475305164
-0.5601514965656978,-9.641635043961244,-16.42709797910672,-22.570389389344378,-28.59549937375868,-33.48981622725484,-37.39895116967292,-40.266591424205,-42.18365738289949,-43.35700253801053,-44.04542683777215,-44.46524290457555,-44.69863584473002,-44.64101510146752,-44.05825900348147,-42.71409819981414,-40.481203253701786,-37.39114229568207,-33.61873764641254,-29.429742397867656,-25.12077490949184,-20.965532049919076,-17.172485163925124,-13.85718167220262,-11.027728141377692,-8.580811584645735,-6.31922746952159,-4.023722152448527,-1.5576379268281977,1.0821606633284235,3.77957088643794,6.339127480422983,8.530515182481011,10.134864769334744,10.98213320450368,10.98214806511375,10.134907598822942,8.53058234254877,6.33921186560158,3.779668486834423,1.082273274552063,-1.5575279321487123,-4.0236215798385455,-6.319110450269376,-8.580687125251368,-11.027617226746871,-13.857073397714691,-17.17237733162992,-20.96542783337611,-25.120674754266044,-29.429646250141264,-33.61864388401197,-37.391051602980646,-40.48111191802444,-42.7139980198397,-44.05818791685133,-44.64095369923562,-44.698516365784414,-44.46514779448384,-44.04536349338777,-43.356978690348825,-42.18360307737694,-40.26653961387694,-37.39893541100887,-33.489822511669715,-28.59552093648057,-22.57041769045988,-16.42713998280255,-9.641744275077258,-0.5603005021569896
-0.5789103347025434,-9.664756217544436,-16.450573312544496,-22.599964226472878,-28.628460331285968,-33.523088790631625,-37.42993172896284,-40.29319251315436,-42.20562259899067,-43.374810028675874,-44.05974923933466,-44.47640939033143,-44.70639313119383,-44.64480748850662,-44.05765229295317,-42.70905481737555,-40.47208843514421,-37.37863581695304,-33.60364639961863,-29.41288130863915,-25.102878861936333,-20.94718960026028,-17.154115350561487,-13.839036021325043,-11.009931486141422,-8.563418665677691,-6.3022831293643256,-4.007300826976852,-1.541848935510031,1.097200826651643,3.793780004315864,6.352513347557397,8.543168663018388,10.146979241974565,10.993953959867389,10.993968974597063,10.147022500647008,8.543236419307748,6.352598508567636,3.793878591459544,1.097314332581544,-1.5417378690695462,-4.007198952524378,-6.302164989677202,-8.563293243364576,-11.00981947850877,-13.838926598894314,-17.154006472114652,-20.947084384706315,-25.102777740160825,-29.41278424669633,-33.60355179331939,-37.37854425310131,-40.47199608958772,-42.70895414008008,-44.05758026169733,-44.64474438023439,-44.70627344761625,-44.47631382692788,-44.05968558565559,-43.37478492270208,-42.205567366117535,-40.29314082948076,-37.4299153922112,-33.52309477987515,-28.628481957576536,-22.599992681314035,-16.450615583977317,-9.664866377396528,-0.5790604730920045
-0.5976227214010918,-9.68791168948515,-16.474143090295208,-22.629643355612792,-28.661496478036856,-33.556431770085695,-37.46095855717383,-40.31982127750165,-42.2275998725836,-43.392617962787774,-44.07406303840413,-44.48756013083269,-44.71412751222327,-44.648570301490366,-44.05700905508456,-42.703967534906106,-40.462924975128345,-37.36607995729203,-33.58850735483819,-29.395977827117008,-25.084946185173475,-20.92881472775751,-17.135717259536868,-13.820865565910772,-10.992113527481836,-8.546007241655845,-6.285323839929088,-3.9908689468189498,-1.5260542134343205,1.1122399857518472,3.807979084113769,6.365880547239684,8.555795796067986,10.15906040037851,11.005738277073052,11.005753282001889,10.159103699866764,8.555863727129577,6.365966143582816,3.808078501815957,1.112354211082598,-1.5259421400323685,-3.990764839066329,-6.285204331982693,-8.545880776727225,-10.991999527190806,-13.820754408137498,-17.135606771755374,-20.92870794545432,-25.08484348730332,-29.395879125368776,-33.588411003411686,-37.36598646503642,-40.46283048816403,-42.70386529199645,-44.05693504815484,-44.64850413327598,-44.71400756647941,-44.4874636856532,-44.0739988467117,-43.39259100241339,-42.22754376754206,-40.31976959030469,-37.46094139517925,-33.55643718890299,-28.661518135420845,-22.62967204246926,-16.474185773231675,-9.688022889294034,-0.5977740473684943
-0.6163808212637161,-9.711174696448364,-16.49784595251615,-22.65945607068595,-28.69463312447266,-33.58986764003537,-37.492049195415206,-40.34649067722684,-42.24959976251125,-43.4104354613538,-44.08837769769276,-44.49870502472355,-44.72185037674441,-44.65231633842132,-44.05634481888388,-42.69885419128445,-40.45373274045729,-37.3534923366254,-33.573333929747,-29.37903785484041,-25.066975115066175,-20.910400999549644,-17.11728058044104,-13.802656747849085,-10.974257894341063,-8.528558684222231,-6.268327899702468,-3.974400740526651,-1.5102235548722736,1.127314683634813,3.8222130252181983,6.379281390107581,8.568455298960064,10.17117220420242,11.017552773008171,11.01756775196042,10.17121545223466,8.568523222678348,6.379367204389757,3.822313128131333,1.1274296076525283,-1.5101103546797496,-3.974294323767977,-6.268206859051261,-8.528430915266675,-10.974141709760008,-13.802543591231496,-17.117168225229946,-20.910292395697336,-25.066870566280183,-29.378937210380023,-33.57323549548249,-37.35339648843545,-40.45363556392349,-42.6987498069693,-44.05626836847521,-44.65224651173003,-44.7217299184967,-44.498607665184906,-44.08831275516258,-43.4104064957611,-42.24954232168835,-40.34643899042708,-37.49203113512162,-33.589872354083965,-28.694654755345866,-22.659484966557496,-16.497888984148236,-9.71128685834209,-0.6165332554810683
-0.6351977292520081,-9.73455583005133,-16.52169026468967,-22.68940969776218,-28.72787743659776,-33.623403538033585,-37.523209881908166,-40.37320613312704,-42.27162704169136,-43.42826695729038,-44.10269751959847,-44.50984820623454,-44.72956555902565,-44.65604864891319,-44.055662061012406,-42.69371685288026,-40.44451306496976,-37.34087337020069,-33.55812551961426,-29.36205953686494,-25.04896271416384,-20.89194475082047,-17.098801030886364,-13.78440495079015,-10.95635944251942,-8.511067584022173,-6.251289467214935,-3.957889908515498,-1.4943502843428376,1.1424320884548265,3.8364896752065194,6.3927244439151325,8.581156409480908,10.183324785606546,11.029407748836244,11.029422692065255,10.183367929906154,8.58122424519413,6.392810384007155,3.8365903371305903,1.1425476306016935,-1.4942359694779146,-3.9577814738981143,-6.251166925885925,-8.5109384283272,-10.956241255435785,-13.78428985528448,-17.098686867521703,-20.89183438692667,-25.048856380976407,-29.36195701727474,-33.558025056463805,-37.34077520647209,-40.44441326919184,-42.693610436891525,-44.05558327510126,-44.65597530949689,-44.7294444210145,-44.50975008429596,-44.102631909396905,-43.42823630504852,-42.27156817580038,-40.37315455723707,-37.52319095310553,-33.623407538325644,-28.727899045974155,-22.68943883043334,-16.521733811600907,-9.734669173666154,-0.635351494790385
-0.6540947795844804,-9.758072645332492,-16.545685161063876,-22.719511466630227,-28.76123552791057,-33.65704464360849,-37.55444441530896,-40.39997035292325,-42.29368385285406,-43.44611414848514,-44.11702411848358,-44.52099130557869,-44.73727494198479,-44.65976955463773,-44.05496364491227,-42.68855906876368,-40.43527012165057,-37.32822677093774,-33.54288509606563,-29.34504410546208,-25.030908473522597,-20.87344459422984,-17.080276447283204,-13.76610731059693,-10.93841481063832,-8.493530191686233,-6.234204142045719,-3.941331090902054,-1.478427987369897,1.157600182433027,3.850819258491557,6.40622136869619,8.59391198737819,10.195531764445107,11.04131743288494,11.04133234668458,10.195574819703037,8.593979762168932,6.406307465231468,3.850920450570208,1.1577164356344287,-1.4783124099899718,-3.941221029483923,-6.234079974746735,-8.493399304994167,-10.938294816992606,-13.765990271228556,-17.080160438788056,-20.87333244332709,-25.0308003365694,-29.34493968103708,-33.54278257194999,-37.328126287677705,-40.43516767508657,-42.688450519292346,-44.05488251660821,-44.65969265032125,-44.73715287170643,-44.52089257203824,-44.11695783518452,-43.44608202996201,-42.293623099134045,-40.39991893339143,-37.55442464303891,-33.65704791403471,-28.76125706407984,-22.71954079662854,-16.545729100693958,-9.758187012062306,-0.6542497317240774
-0.6729643527945715,-9.781638422601244,-16.569785068960222,-22.749726087710048,-28.79467628744432,-33.69076352916577,-37.58573050211182,-40.426766171838736,-42.31575534830498,-43.46396408846094,-44.13134416991214,-44.532120500978,-44.74496296855561,-44.66346192293603,-44.05422989572477,-42.6833595262871,-40.425980328208034,-37.3155318987242,-33.52759706587012,-29.32798492015568,-25.01281489139128,-20.854908420477784,-17.06171908890205,-13.74778018958954,-10.920443592038286,-8.475968816167313,-6.217097925502525,-3.924755421867478,-1.4624931217394452,1.172774473289985,3.865147239191928,6.419708757690516,8.606650848812984,10.207715820156196,11.053201444978416,11.05321637548426,10.207758896123392,8.606718748151684,6.419795208868995,3.8652491738108936,1.1728914121445024,-1.4623764477318033,-3.924643279501954,-6.216972391513796,-8.47583675184966,-10.920321671246372,-13.74766137628756,-17.061601428353754,-20.854794668130577,-25.01270515154243,-29.327878842925013,-33.52749280246182,-37.31542946614096,-40.4258756941306,-42.68324931718258,-44.05414666195765,-44.66338188799602,-44.74484047230912,-44.53202108453722,-44.13127717968072,-43.46393013521586,-42.31569333139937,-40.42671469523359,-37.585709932028045,-33.69076613571056,-28.79469776836692,-22.749755604731885,-16.569829375142866,-9.781753826107696,-0.6731205227714009
-0.6917794577579462,-9.80523099079182,-16.593980515780693,-22.78004619765501,-28.828193192057405,-33.72455452321189,-37.61706361067319,-40.4535904676041,-42.3378397644907,-43.48181540888613,-44.14565680300018,-44.54323499069031,-44.7526289541699,-44.6671244130888,-44.05345836679599,-42.678114463210456,-40.41663838815113,-37.30278352830547,-33.512257557426054,-29.31088039963591,-24.994682379642484,-20.83633802121672,-17.04313176383777,-13.72942699088087,-10.902449809885942,-8.458388261408553,-6.19997619342069,-3.908168919453524,-1.446553070876496,1.1879458078062437,3.879461658281473,6.4331731626471305,8.619357613164905,10.219861697383566,11.0650431449442,11.065058090284134,10.219904816877156,8.619425658837589,6.433260026924371,3.879564442948437,1.1880634766717737,-1.4464352287576396,-3.908054297289853,-6.199849274251165,-8.458255087270631,-10.902325689246403,-13.72930627718972,-17.043012344498635,-20.836222556509405,-24.994570921099516,-29.31077255254883,-33.51215144211669,-37.30267903754938,-40.4165314781877,-42.6780024702407,-44.05337278880056,-44.66704140202771,-44.7525059593854,-44.5431347030987,-44.14558890197563,-43.48177945461562,-42.33777676010036,-40.4535387640146,-37.61704220006032,-33.72455640871432,-28.82821461661642,-22.7800759182088,-16.594025256936987,-9.805347507936183,-0.6919369214208987
-0.7107110906473917,-9.82898797145185,-16.618345046400474,-22.81052916816424,-28.86183702709715,-33.75846281581432,-37.64847993132352,-40.48047067276418,-42.359959405797,-43.49968746238552,-44.15998101133874,-44.55435419200573,-44.76029402854638,-44.67078083724819,-44.052677083495965,-42.67285577325094,-40.40728044792997,-37.29001358229451,-33.496890043152675,-29.29373953617458,-24.97650564675684,-20.81771920460019,-17.02449320746264,-13.711020556139248,-10.884401416159909,-8.440751819318699,-6.182796952537694,-3.8915225980861248,-1.4305504551859485,1.2031835755252691,3.8938474477383296,6.446712249058209,8.632141798648572,10.23208661349994,11.07696506181021,11.076979955931082,10.232129680494149,8.632209845768314,6.446799408245822,3.8939509252646496,1.2033018660734394,-1.4304314657315942,-3.891405843722316,-6.182668641294449,-8.440617365738056,-10.884275273537751,-13.710897970962286,-17.024372049123407,-20.81760205207408,-24.97639250160541,-29.29362992479541,-33.496782039370814,-37.28990699633633,-40.40717124674023,-42.67274195916704,-44.0525891920793,-44.67069470251695,-44.76017031219434,-44.55425319906509,-44.15991226893448,-43.49964980352228,-42.35989504921948,-40.48041884431047,-37.64845768481341,-33.75846395675183,-28.86185836990939,-22.81055910624705,-16.618390217784935,-9.829105594240213,-0.7108698406428741
-0.7298624905388325,-9.852993448632857,-16.642923859560387,-22.841210841796883,-28.89563954544474,-33.79251636201858,-37.68000186001877,-40.507424179422415,-42.38212859825687,-43.517592868041895,-44.17432892679027,-44.56549023374756,-44.76797097711868,-44.67444521308163,-44.05190238474511,-42.667602118808944,-40.39792769144619,-37.27724064554398,-33.48150797896587,-29.2765670929661,-24.95828111020444,-20.79904294779814,-17.005790057963136,-13.692544470436417,-10.86627859549908,-8.423036910172828,-6.165534529499045,-3.874786562076304,-1.414450626212722,1.2185300271473345,3.908356478505498,6.460385226976165,8.645069567757504,10.244460663125508,11.089040713572311,11.089055602741864,10.244503689245253,8.645137552532837,6.4604724765327095,3.9084603632952777,1.2186489916181074,-1.4143304333080395,-3.874668513804573,-6.1654045370155774,-8.422900818071662,-10.866150860649782,-13.69242002032983,-17.005667133090846,-20.79892409114886,-24.958166262003143,-29.276455696732384,-33.481398068662706,-37.27713187607305,-40.3978159646087,-42.66748618695452,-44.0518121529171,-44.67435579922255,-44.76784624563096,-44.565388756133885,-44.174259374494966,-43.51755381827065,-42.38206225782627,-40.50737240777754,-37.67997884957264,-33.79251676166142,-28.89566074297038,-22.841240905491087,-16.64296932001291,-9.853112020480928,-0.7300223792285366
-0.748836934532147,-9.87692708634237,-16.667546362536182,-22.871958358832824,-28.929482929654878,-33.8266106895178,-37.71154502206517,-40.53438600052071,-42.404293585678666,-43.53548409398475,-44.18865366325783,-44.576595279806,-44.77560805242002,-44.67805999425735,-44.0510669729708,-42.66227765547684,-40.38849470966908,-37.26438946181676,-33.46605600408242,-29.259341247834158,-24.94001990440144,-20.78034144071214,-16.987071312237823,-13.674060508918105,-10.84815569035138,-8.405328880244754,-6.148286596674221,-3.858075349859664,-1.398387601081538,1.233821723791676,3.9227886150014433,6.47396132772534,8.657881821279563,10.2567062444684,11.100979906416162,11.100994773604013,10.256749162702278,8.657949739114931,6.474048769071562,3.922893154695615,1.2339413476478092,-1.3982660495536372,-3.857954827734436,-6.148155186456675,-8.405191211347933,-10.848025577212074,-13.673933912090703,-16.98694635551217,-20.78022060474988,-24.939903058051424,-29.259227768049147,-33.46594385785032,-37.26427816175907,-40.38838017728812,-42.66215935378551,-44.05097389138765,-44.677967198075606,-44.775482321658586,-44.57649282938654,-44.18858301137898,-43.53544310230637,-42.40422587961813,-40.53433390859209,-37.71152108824861,-33.82661020176696,-28.929503986141945,-22.87198861926232,-16.66759223734497,-9.877046747900213,-0.7489980991746318
-0.7678433194270536,-9.900957922200936,-16.692303806223734,-22.902843324765225,-28.963430435376864,-33.860801770044674,-37.74315442131459,-40.56139085157923,-42.42648298381202,-43.55338632973349,-44.20297996478581,-44.5876945088859,-44.78323239064542,-44.68165535661368,-44.05020628798624,-42.65692262216317,-40.37902697121532,-37.2515001140293,-33.45056347073204,-29.242073343782256,-24.921715807201647,-20.761597241443276,-16.9683105808443,-13.655535503060143,-10.829992956551424,-8.387582127113092,-6.131001134769651,-3.841328001920535,-1.3822900781283167,1.2491454949426295,3.937250387980427,6.487563149174206,8.670716385862857,10.26897065476076,11.112936966567228,11.11295183079482,10.269013510143996,8.670784411129207,6.487650975890872,3.937355678936013,1.2492657007344503,-1.3821673097348648,-3.841205126616785,-6.130868526229007,-8.387443139857716,-10.829860647312836,-13.655406985992002,-16.96818382233246,-20.76147465634888,-24.92159721339525,-29.241958039418,-33.45044933801706,-37.25138657568535,-40.37891005251527,-42.656802398293344,-44.050110756115934,-44.68155958922672,-44.78310596368893,-44.58759130495147,-44.2029084536367,-43.55334364069808,-42.42641415278086,-40.56133844258187,-37.74312963397162,-33.86080048200768,-28.963451320799987,-22.90287373605252,-16.69235000315351,-9.901078569767275,-0.7680056672896668
-0.786890715352997,-9.92509309647438,-16.717200662994397,-22.93386945788543,-28.9974854644758,-33.895092770083906,-37.7748324514933,-40.58844054671875,-42.448698429241134,-43.571301179013865,-44.21730941361702,-44.59878950359452,-44.79084573264851,-44.6852332466832,-44.04932243153923,-42.6515392347169,-40.36952671927265,-37.238574312730165,-33.435031592203345,-29.22476381753557,-24.90336846918216,-20.742809475597884,-16.949506563357897,-13.636968064262971,-10.811788542410865,-8.369794462857087,-6.113675762224524,-3.8245416312452543,-1.3661548266269692,1.2645055677515644,3.951746770141397,6.501196345839746,8.683579267410478,10.281260297452746,11.124918305162693,11.124933147308214,10.28130305559784,8.683647202406666,6.50128432166748,3.9518526672597054,1.2646263542291978,-1.3660308358352404,-3.824416288257874,-6.1135416551709305,-8.369654062762237,-10.811653810056312,-13.636837352519596,-16.949377738444277,-20.742684881878944,-24.90324784562277,-29.224646371399785,-33.43491514106239,-37.23845812163084,-40.369406843693966,-42.6514164818488,-44.049223960016285,-44.68513417063383,-44.79071841820716,-44.59868544417764,-44.217236889658096,-43.57125661215103,-42.44862840666698,-40.58838778583593,-37.77480672555389,-33.89509054954545,-28.997506138536828,-22.933900007178625,-16.717247248310603,-9.925214751749934,-0.7870542156843112
-0.8059922953200076,-9.949344249048703,-16.742244230396725,-22.96504368033895,-29.03165430633892,-33.929489128170225,-37.80658364865469,-40.61553900670446,-42.47094348489896,-43.58923038059893,-44.23164402817865,-44.60988167778728,-44.79844980658854,-44.68879331840487,-44.04841555603911,-42.64612815540439,-40.35999485430125,-37.2256129357724,-33.41946026553998,-29.207411104908854,-24.88497526197361,-20.72397493853473,-16.93065581591438,-13.618353575344624,-10.7935377102637,-8.351961953526464,-6.096305896660143,-3.80771045575614,-1.349976529117512,1.2799073658264224,3.9662854126173137,6.514868744612976,8.6964794799964,10.293583792984,11.136933817860118,11.136948810096207,10.293626942435546,8.696548065603743,6.514957578748029,3.966392197196268,1.2800291130417871,-1.3498511302870233,-3.8075847691907674,-6.096170736560229,-8.351820140982976,-10.793402588783527,-13.6182220130562,-16.930526200812547,-20.72384961769373,-24.884854010897627,-29.20729318235985,-33.419343528112414,-37.22549656025189,-40.359874884764494,-42.64600546806687,-44.048316574572944,-44.6886938855472,-44.79832102396645,-44.60977750219629,-44.23157075542839,-43.58918555804767,-42.47087168502057,-40.61548596858611,-37.80655756273092,-33.929486500822904,-29.03167495730039,-22.96507442634346,-16.742291261207104,-9.949467195957832,-0.8061574088866702
-0.8249831501787295,-9.97358356176336,-16.76736292707117,-22.996313071641797,-29.06588845436288,-33.963947233219216,-37.83837259514461,-40.64265866649899,-42.4931954979775,-43.60715366843591,-44.24596351655377,-44.62095036258796,-44.80602243763663,-44.69231207139424,-44.047459211779405,-42.64066092601601,-40.35040123893234,-37.21259002824312,-33.4038315146442,-29.190009367821908,-24.86654285788072,-20.7051091765889,-16.911780729026148,-13.59971977184932,-10.775273188333166,-8.33412102825356,-6.078933453177335,-3.7908830074015993,-1.3338117522733728,1.2952838726682243,3.980788004627303,6.52848896800043,8.709315692460612,10.3058301588033,11.148869265633516,11.148884502391187,10.30587405092178,8.70938532686301,6.528579047802046,3.980895917020959,1.2954069999826208,-1.3336847804035954,-3.790757394456715,-6.0787967639011775,-8.333977566497452,-10.775137852801064,-13.599587298981184,-16.91165024072259,-20.7049830572322,-24.866420922417102,-29.189890892405188,-33.40371437463001,-37.21247336596959,-40.35028111151079,-42.64053808526304,-44.04735987289716,-44.69221322528248,-44.80589145697041,-44.62084640349016,-44.24588977586124,-43.60710969166289,-42.49312155337133,-40.642605317527554,-37.83834631791589,-33.963944265406546,-29.065909014167776,-22.996343864490644,-16.76741009316948,-9.973707385649224,-0.8251494233360485
-0.8440950991862258,-9.99798882334605,-16.792660088084258,-23.02775373133412,-29.100257823465437,-33.99853050650732,-37.87025037432666,-40.66983935610375,-42.51548597889824,-43.625101954104565,-44.2602980333648,-44.63202720485455,-44.813596366687584,-44.69582679996624,-44.046494231615874,-42.63518054537839,-40.34079050964751,-37.199543399067856,-33.38817159038795,-29.17256800859108,-24.84806279798106,-20.68619036258236,-16.892848863045305,-13.581028457453938,-10.756948989991278,-8.316218692275338,-6.061497834692376,-3.773990693422847,-1.3175798684640747,1.3107323245675566,3.995364651896504,6.542187108791278,8.722231133902246,10.318158694895384,11.16088682666961,11.160902306111003,10.31820323581907,8.722301748725748,6.542278381813424,3.9954734958129103,1.3108566350098902,-1.3174513065826825,-3.773865189439802,-6.061360101274794,-8.316073976971031,-10.756812773190846,-13.58089543997104,-16.89271764639124,-20.68606345063501,-24.84794025158204,-29.172449014810027,-33.38805403183277,-37.19942638154389,-40.34067022370014,-42.63505750077891,-44.04639434753288,-44.69572867839629,-44.81346393988758,-44.63192303632681,-44.26022386823232,-43.62505819190935,-42.51541134651988,-40.66978521781746,-37.87022398036933,-33.99852726180184,-29.100278300035654,-23.02778453823898,-16.7927074113491,-9.998113577663176,-0.8442626023060745
-0.8631940930692553,-10.02245378757328,-16.818076266633497,-23.05932080850223,-29.13472172004632,-34.03320219057772,-37.90218732929452,-40.69705743230664,-42.5377967775782,-43.6430570167776,-44.27462994988578,-44.64309364624077,-44.82115252241116,-44.69931571194986,-44.045495826790685,-42.62966009527343,-40.33113318889635,-37.1864473738728,-33.37246189013446,-29.15507930873993,-24.82953847613039,-20.66722988369475,-16.873878201477616,-13.56230166158658,-10.73859015187097,-8.298285064608574,-6.04403319030689,-3.757074140488329,-1.3013281191656851,1.326195650692905,4.0099474177341445,6.555882994765742,8.735136888562465,10.330471878012672,11.172885973355967,11.172901684076669,10.330517139501588,8.735208566268845,6.555975601204897,4.010057141135233,1.3263214170063893,-1.301197463127482,-3.756949285587487,-6.043894284374776,-8.298138891975299,-10.738452437185195,-13.562168367839156,-16.873746269646848,-20.66710195140483,-24.82941524101411,-29.15495970175792,-33.37234382504497,-37.18632993031928,-40.33101261489397,-42.6295366538055,-44.04539551607156,-44.699218344055815,-44.82101825310391,-44.64298932090411,-44.27455541609703,-43.6430138730153,-42.5377209516302,-40.69700261807517,-37.90216084277986,-34.03319863164052,-29.134742122710165,-23.059351619390835,-16.81812375980483,-10.022579507953203,-0.8633628591272531
-0.8823769584884765,-10.047055006597985,-16.84365607245219,-23.0910476136126,-29.16931060149582,-34.06798990659677,-37.93420555824039,-40.72433001167153,-42.56014113945933,-43.661032241569714,-44.28897170602171,-44.6541627529633,-44.8287039215841,-44.70279472890602,-44.04448109370124,-42.62411788516489,-40.321449024820105,-37.173319148295896,-33.35671457513222,-29.137548272658485,-24.810967083092997,-20.648218948481222,-16.854854845391625,-13.543522428934462,-10.72017855982774,-8.280297585856333,-6.026514725865691,-3.740103198517005,-1.2850220672220012,1.3417151544117536,4.024583644478306,6.569633096402982,8.748094807636084,10.342837966573178,11.184936343918656,11.184952333079478,10.342884089796666,8.748167760500596,6.569727298317693,4.02469478925046,1.3418425902725164,-1.2848896356984625,-3.739977406781467,-6.026374557878403,-8.280150054657172,-10.720039390181574,-13.543388155777553,-16.85472188900204,-20.64808989087817,-24.81084291240876,-29.137427825289446,-33.35659577266613,-37.17320102150895,-40.32132799458224,-42.62399412503128,-44.04438031983141,-44.70269702103477,-44.82856906946121,-44.65405808818104,-44.288896943699015,-43.66098859325643,-42.56006468089092,-40.724274554085056,-37.93417877599108,-34.067985946748735,-29.169330919285336,-23.091078460822555,-16.84370373293644,-10.04718163633794,-0.8825468650163395
-0.9016827534164268,-10.071822784859762,-16.869417179909277,-23.12294868203685,-29.20403805514012,-34.1029060705118,-37.9663143220788,-40.751665421464494,-42.582525757206646,-43.679032661056894,-44.30332850034022,-44.66523949122918,-44.83625630550375,-44.7062691891266,-44.04345630611681,-42.61856124876462,-40.3117463063667,-37.16016555623746,-33.34093414208292,-29.119975591220488,-24.79234639380952,-20.629153163732827,-16.83577328752662,-13.52468205051803,-10.70170615507621,-8.262248499342483,-6.008933230649983,-3.723066877859906,-1.2686436596196182,1.3573045036543463,4.039293593501125,6.583461373404603,8.761130804499876,10.355283873846028,11.197066714349504,11.197082991165724,10.355330826681316,8.76120498090394,6.5835570856245536,4.039406182576308,1.3574335431375686,-1.268509489839226,-3.722939827802937,-6.008791938100714,-8.262099450274922,-10.70156568773214,-13.524546669261449,-16.835639249699344,-20.629022976816906,-24.792221237868077,-29.119854270183417,-33.340814618760696,-37.16004680962436,-40.31162479666242,-42.61843708250208,-44.04335495566293,-44.70617095632391,-44.83612091761373,-44.66513435973434,-44.30325329405876,-43.678988240218885,-42.58244861951671,-40.75160928925972,-37.96628721147778,-34.10290169643336,-29.20405830599819,-23.122979602534123,-16.869465043374014,-10.071950384723385,-0.9018538763847314
-0.9208109293180544,-10.096526647207448,-16.89522579858124,-23.154927901954107,-29.238814151567343,-34.1378687396707,-37.99844725557973,-40.77901224919645,-42.60490991267876,-43.69701948345364,-44.31766284761865,-44.6762848868244,-44.84376918356122,-44.70969242992695,-44.04237012681861,-42.61293548080202,-40.30196799610015,-37.14693762652319,-33.32508664502868,-29.10234825538513,-24.773686472567395,-20.610060209213465,-16.816674959719908,-13.505830415011092,-10.68323122377894,-8.244204725032562,-5.991364825952196,-3.7060531426637,-1.252298117530009,1.3728393244777852,4.053936283343718,6.597199982437092,8.774061275929173,10.367606040345828,11.209069858512754,11.2090863987241,10.3676537818021,8.774136586431792,6.597297093646659,4.054049914967356,1.3729699686844858,-1.2521617185950185,-3.705926117612663,-5.991222557110489,-8.244053809156066,-10.683089342125513,-13.505694360099774,-16.816540020081053,-20.609928921901385,-24.773560438071232,-29.102226173307905,-33.32496647915557,-37.14681832361544,-40.301846047624274,-42.61281067213909,-44.042268407644855,-44.70959472327423,-44.84363133089053,-44.676179632435975,-44.31758721355074,-43.696976076347234,-42.60483064449223,-40.77895556631127,-37.9984200422581,-34.137863977032616,-29.238834322899027,-23.15495883969148,-16.895273775425313,-10.096655144463266,-0.920983220628092
-0.9400061042660196,-10.12135555037247,-16.92119196364159,-23.18706660260051,-29.273713938700904,-34.17294499412577,-38.03065912203608,-40.80641210318183,-42.62732764985312,-43.71502377708613,-44.33200522033733,-44.687330230444005,-44.8512756292066,-44.71310091551643,-44.04126392227457,-42.60728532799144,-40.29216137601784,-37.133676303664224,-33.30920065707942,-29.084676892647742,-24.754978392809036,-20.59091728217172,-16.79752589686077,-13.48692767248724,-10.664704953095558,-8.226110257734105,-5.973745698843375,-3.688988505280843,-1.235903953261936,1.3884240464338518,4.068629313579887,6.610985845377101,8.787037064515912,10.379970272285872,11.221115028843029,11.221131894968943,10.3800188438166,8.787113581623352,6.6110843667247225,4.068743721942915,1.3885563355093868,-1.235765047198062,-3.688862731537312,-5.97360263163668,-8.225956862530548,-10.664561978645128,-13.486791234115111,-16.797390203252554,-20.59078497591923,-24.75485158541244,-29.084554122065487,-33.30907985038043,-37.13355642110823,-40.29203900224032,-42.60715971268671,-44.04116223330912,-44.71300471764445,-44.85113393320283,-44.68722539983707,-44.33192965596946,-43.7149833111953,-42.62724520486315,-40.806355108891445,-38.03063202318984,-34.17293991547387,-29.27373399507295,-23.187097463465037,-16.921239921832868,-10.12148479313788,-0.9401794141226516
-0.959177705269868,-10.14623826920042,-16.94727642091798,-23.219336247499413,-29.30871154434773,-34.20811231539359,-38.06293173386604,-40.83385102822731,-42.64976699240541,-43.73303615246111,-44.34634596869965,-44.698366021722016,-44.85876475927329,-44.7164838734628,-44.04012469304583,-42.60159612817836,-40.28231004286074,-37.12036694306597,-33.29326544870111,-29.0669573831977,-24.736224976817343,-20.57173190372536,-16.778337276830534,-13.467988058732567,-10.646144399791034,-8.207983971383314,-5.956098108213839,-3.671899072169136,-1.2194906998449222,1.4040223168841757,4.083329632689999,6.624770116509857,8.800004745419614,10.392319546511402,11.233143563365475,11.233160732755357,10.392368981763276,8.800082544168717,6.624870100823122,4.083444812804956,1.4041563141264626,-1.2193495485465122,-3.6717745887902495,-5.955954137835456,-8.20782835336741,-10.646000249689726,-13.467851282496063,-16.7782008865265,-20.57159857921819,-24.736097415895607,-29.06683393181681,-33.293143957075685,-37.12024639237592,-40.28218716295475,-42.60146958978634,-44.04002326342494,-44.7163893322197,-44.85861916747444,-44.6982616999288,-44.346270807604334,-43.732999059173096,-42.64968134069928,-40.83379379406488,-38.06290484216027,-34.208106953921494,-29.308731467539864,-23.219366963336647,-16.947324315807478,-10.146368220270729,-0.959351992420202
-0.9783986140513088,-10.17123108101924,-16.97351228311471,-23.251760851119258,-29.34382858108284,-34.24338929521122,-38.0952797434838,-40.861340353272766,-42.672237240736,-43.75106478973605,-44.36069311189694,-44.70940042029586,-44.86624534607037,-44.71985066861057,-44.03896292506022,-42.5958791040529,-40.27242614350767,-37.10702017786732,-33.27728862162591,-29.04919271243713,-24.717423851228855,-20.55249765256543,-16.759099373546864,-13.448999722607471,-10.627535441802022,-8.189810021807824,-5.938403587149522,-3.654763539096977,-1.2030335555479983,1.41966417199672,4.098070838041417,6.638591666007229,8.813005731320384,10.404698778925566,11.245200684603104,11.245218165209325,10.404749114649285,8.813084851590656,6.6386931062657535,4.098186726520474,1.419799908656795,-1.2028901837337302,-3.654640485227497,-5.938258824327337,-8.189652037084288,-10.627390165277522,-13.448862651617226,-16.758962321597235,-20.552363304713467,-24.71729554672871,-29.04906859600016,-33.27716643937507,-37.10689894141889,-40.27230274207047,-42.59575158345099,-44.03886195319946,-44.719757989871006,-44.86609548145622,-44.70929663986868,-44.3606186486856,-43.75103161151644,-42.672148125715225,-40.86128282767158,-38.09525309737637,-34.2433836607215,-29.343848344512573,-23.25179140639732,-16.97356003784584,-10.17136160109608,-0.9785737135284436
-0.9980897120388535,-10.196653612163574,-17.00008674206052,-23.28447659489797,-29.379193613628907,-34.27889150955314,-38.12779671777921,-40.888952247918034,-42.69479739626678,-43.76916047302198,-44.37509668512354,-44.72048385737292,-44.87377183476014,-44.72325940030672,-44.03784491826358,-42.59020646087442,-40.26258537058546,-37.09370114459499,-33.26131432351784,-29.031397168121668,-24.698557374388503,-20.533173491464417,-16.739753378850132,-13.429891465771814,-10.60879451196515,-8.17149464415102,-5.920555250057762,-3.637458374500206,-1.186389768004242,1.4355205149821335,4.113049156133586,6.652678254383865,8.82628902207504,10.417379777597263,11.257565270528929,11.257583192285962,10.41743130963167,8.826369871703685,6.65278146016017,4.113165626229466,1.435658300536673,-1.1862436841524626,-3.637338498157163,-5.920409560281613,-8.171333111302658,-10.608648888047552,-13.42975417591059,-16.73961562500375,-20.533038138893847,-24.698428316225968,-29.031272316234432,-33.2611912262964,-37.093578902332645,-40.26246115178378,-42.59007740493735,-44.03774480026371,-44.72317005512484,-44.87361586758998,-44.72038154417768,-44.37502367620338,-43.76913391196501,-42.6947033208504,-40.88889473574608,-38.127770703607496,-34.27888572202091,-29.37921307423909,-23.28450663850169,-17.00013377686181,-10.196783996458205,-0.99826491897764
-1.0172054936734758,-10.221707007381204,-17.026533797731794,-23.31714495903354,-29.4144892716687,-34.31433458720801,-38.16025222303611,-40.91650828691068,-42.71730038349185,-43.78719578954794,-44.38943084416099,-44.73148944372305,-44.88120717155555,-44.7265637630332,-44.03660302654147,-42.5843954765927,-40.25259399656194,-37.08024209773544,-33.24522686931094,-29.013530209692377,-24.67966557653685,-20.513858107528197,-16.720443171322838,-13.410838135883518,-10.590128129519863,-8.153270031991742,-5.902818673250646,-3.620291622402444,-1.1699154940422205,1.451161819598468,4.127770042061689,6.666455544210406,8.839226893027249,10.42967864930702,11.269535106008547,11.26955332757294,10.42973101790771,8.839309021021833,6.66656013968402,4.127887206294859,1.4513014888657578,-1.169767408216007,-3.620172654531484,-5.902672351287914,-8.15310655022722,-10.58998070795874,-13.410700627193036,-16.720304815874602,-20.513721666669465,-24.6795357286426,-29.013404659634936,-33.24510303829111,-37.08011914615519,-40.25246925622549,-42.58426524634131,-44.03650353078935,-44.72647594912114,-44.88104676951824,-44.73138710084348,-44.38935878072503,-43.78717298944935,-42.71720286560389,-40.91645021074672,-38.16022651267284,-34.31432849311981,-29.41450856267807,-23.317174830288582,-17.026580642417514,-10.221837983310705,-1.0173815638607897
-1.0363184449338565,-10.246830517941406,-17.053111739388758,-23.34995575695997,-29.449892682907016,-34.34987661001831,-38.19277470306568,-40.94410806716469,-42.739828194725845,-43.80524276155819,-44.40376668843446,-44.742489108434,-44.88862870714646,-44.72984695156078,-44.035332058149095,-42.57854954449693,-40.24256246434111,-37.06673871786828,-33.22909274779163,-28.99561605918261,-24.660727233903376,-20.494497393704123,-16.70108904557504,-13.391742837639734,-10.571421716834072,-8.13500715612173,-5.885046267393088,-3.603092016137577,-1.1534124898516531,1.4668279756610934,4.142509613984267,6.680244973626567,8.852170693391612,10.44197838557062,11.281503457564185,11.281521898782636,10.44203143915706,8.85225394424971,6.6803508520371535,4.142627463605167,1.4669693455667487,-1.1532626982124865,-3.602973630364623,-5.884899512804592,-8.134841951248024,-10.57127239411728,-13.391605173862494,-16.700950201060152,-20.49435989663509,-24.66059666851133,-28.99548988773228,-33.22896824203474,-37.066615125322016,-40.24243730264749,-42.57841836564934,-44.03523330693775,-44.72976032775205,-44.88846425553243,-44.74238650959878,-44.40369571758833,-43.80522335492054,-42.7397276649242,-40.94404937988042,-38.19274926388788,-34.34987021806852,-29.449911870355475,-23.349985552412114,-17.05315867934715,-10.246962466673052,-1.0364957697902797
-1.0555236298444863,-10.27209504731851,-17.07986430185405,-23.38293916068928,-29.485433513198046,-34.38554369060292,-38.22538668646702,-40.97176842404985,-42.76239293417376,-43.82331385444231,-44.41811558398513,-44.7534948179898,-44.89604796413165,-44.73312348590385,-44.034046463904055,-42.57268413863533,-40.23250613439041,-37.05320365147314,-33.2129200372918,-28.97765754661108,-24.6417382268699,-20.47508136124969,-16.681676494849444,-13.372589592571886,-10.552656147302343,-8.116684479536124,-5.867213879263505,-3.585831739895066,-1.1368481845025613,1.4825585897835625,4.15730950529829,6.69409658136121,8.86517380716584,10.454338383775788,11.293530452733243,11.29354912654395,10.45439215762848,8.865258243335647,6.694203752914474,4.157428297154386,1.4827017007377998,-1.1366971058545756,-3.5857128522270463,-5.867066426265131,-8.116518047969585,-10.552504928823414,-13.372451341174624,-16.681536993610436,-20.474942776261237,-24.64160682804245,-28.977530643392985,-33.21279480931606,-37.05307942923772,-40.23238037740633,-42.57255198529855,-44.033948342338405,-44.733036391095496,-44.895881649791264,-44.75339126521477,-44.418045566512426,-43.82329543444241,-42.76229108368139,-40.97170875017993,-38.22536103554357,-34.38553736492011,-29.485452445722625,-23.382968862439235,-17.079911143847333,-10.272227684026795,-1.0557018887032703
-1.0747143141260016,-10.29742063413202,-17.10674271617476,-23.41606417727147,-29.521078820712024,-34.42131283177164,-38.25805998480208,-40.99946981236512,-42.78498420083352,-43.84139696268036,-44.432466353265895,-44.764492498109526,-44.90345147449478,-44.736373889950514,-44.03273339398958,-42.566780450857244,-40.22240651158148,-37.039622105594496,-33.196698580597825,-28.95964954217627,-24.622701531043624,-20.455620235195354,-16.66222140178478,-13.353395045178726,-10.533851937599568,-8.098325512314451,-5.8493478921831885,-3.568541732437662,-1.120258859045376,1.498308150257171,4.172124170430466,6.70795347398642,8.878176429098726,10.466690741102758,11.30554792663181,11.30556683315645,10.466745174091333,8.878261865396802,6.708061728417744,4.172243715711914,1.4984528478259114,-1.120106282764943,-3.568422749093105,-5.849200117278403,-8.098157682951426,-10.533698655164928,-13.35325650947204,-16.662081409271284,-20.45548056720525,-24.62256938528876,-28.95952202854396,-33.19657274975984,-37.03949734458265,-40.222280261233,-42.566647371915664,-44.03263579815917,-44.73628726140494,-44.90328206460683,-44.76438823477461,-44.43239709649506,-43.84138063813027,-42.78488009359548,-40.999409369337606,-38.25803446457369,-34.42130624437818,-29.521097660746747,-23.416093864044303,-17.106789676801313,-10.297554263038974,-1.074893837129422
-1.0940114138470294,-10.32289756659787,-17.133801312348833,-23.44936945744688,-29.556867794994712,-34.45721035283494,-38.2908257303033,-41.02723435419991,-42.807615686664576,-43.85950405965579,-44.446831309671694,-44.77549695908112,-44.910855252137054,-44.73961769636056,-44.03140596691608,-42.560859560627165,-40.212285144358695,-37.02601154536981,-33.180440470570666,-28.941596516317983,-24.60361248096427,-20.4361022266402,-16.642706503079797,-13.334139011311684,-10.514985258525174,-8.079903437253117,-5.831417965783132,-3.5511864893766205,-1.1036036188363896,1.5141259497215882,4.187008089593556,6.721879659371405,8.891247121356411,10.479110709105637,11.3176326326034,11.317651788558296,10.479165864492511,8.891333747026561,6.721989165326628,4.187128362583869,1.5142722861837532,-1.1034493673031296,-3.5510680158237387,-5.831269861900776,-8.079733969504137,-10.514829958881917,-13.33400028350736,-16.642566071110227,-20.435961458064195,-24.60347959493953,-28.941468381852285,-33.18031394296961,-37.02588610302882,-40.21215833468308,-42.56072549386551,-44.03130904108829,-44.73953206473753,-44.910682218441664,-44.77539240945489,-44.446763193651925,-43.85949082725782,-42.80750886468514,-41.027173227381226,-38.29080050097438,-34.45720349870202,-29.556886525595967,-23.44939902743255,-17.13384819588841,-10.323031917160826,-1.0941919118653534
-1.113003886929168,-10.348212346283756,-17.160856109488062,-23.48271948170362,-29.59267116929536,-34.493122340840586,-38.32358850622459,-41.05498764309939,-42.83022645659545,-43.87758377678729,-44.461160049264905,-44.78645796469264,-44.9182056188568,-44.74279943920529,-44.03000334753823,-42.55485287209631,-40.20206870836661,-37.0123088098314,-33.16410310947863,-28.92348579504102,-24.58448976669021,-20.41656894843457,-16.623190777711848,-13.314892809890305,-10.496138844639438,-8.06151075763089,-5.813529492084462,-3.533887537469723,-1.087023373937843,1.5298436201981485,4.201765106158973,6.735650009666514,8.904140989625425,10.491335639186891,11.32951373185346,11.329533077929227,10.49139137282683,8.904228533429643,6.735760518112365,4.201886208810405,1.5299915742786423,-1.0868678269177994,-3.533768462698188,-5.813380911957848,-8.06134039050386,-10.495980991640824,-13.314753730728448,-16.62304992079143,-20.416427002745944,-24.584356082590592,-28.923357022759088,-33.16397597221244,-37.01218288009854,-40.20194146662723,-42.554718004934536,-44.02990669854453,-44.74271341785087,-44.91803047864176,-44.78635224092622,-44.46109256366088,-43.87757136195849,-42.83011805412252,-41.05492549110272,-38.32356328798336,-34.49311513627503,-29.592689842043107,-23.482749120952636,-17.160903110398223,-10.348347643865305,-1.1131855543394271
-1.1320388193444983,-10.373631130009246,-17.188066073043487,-23.51623392685213,-29.628602687448584,-34.52915132079197,-38.35643225656362,-41.08279572541853,-42.85287128845432,-43.895683483515285,-44.4754985195019,-44.79742072997102,-44.925549965036296,-44.745967907428565,-44.028580270227074,-42.54881977778083,-40.19182085765805,-36.99856853371094,-33.14772281917831,-28.9053276429838,-24.565316263696204,-20.39698325876238,-16.603621812872667,-13.295593766613631,-10.477240096902213,-8.0430665199169,-5.795590510754114,-3.5165393673722014,-1.070395768450063,1.5456074463835208,4.216564589074992,6.74945954780809,8.917070022346932,10.503593155150073,11.34142574711543,11.341445323275552,10.503649426568364,8.917158428243718,6.749570963387834,4.216686549529912,1.5457569822560666,-1.0702389723584422,-3.51641946358264,-5.795441493362936,-8.042895269047364,-10.47707972681132,-13.295454235733738,-16.60348052628365,-20.396840119833627,-24.56518176318928,-28.905198240398423,-33.147595088553274,-36.99844212533456,-40.19169317315401,-42.54868416059062,-44.028483752744776,-44.74588122310751,-44.925372937673664,-44.79731369989958,-44.475431473378826,-43.8956714150868,-42.852761489496025,-41.08273251713228,-38.35640702191698,-34.52914376094293,-29.62862132040673,-23.516263665284747,-17.188113239417305,-10.373767463812555,-1.132221770250754
-1.1512170431026998,-10.399229083096229,-17.215476106766726,-23.54994562067303,-29.664693399885795,-34.56532459366263,-38.38937878164862,-41.1106755929652,-42.87556434670613,-43.91381477975855,-44.489858225896086,-44.80839667777819,-44.93290083364652,-44.74913602512714,-44.02715169533284,-42.54277667048479,-40.18155869630311,-36.98480560039103,-33.13130959793698,-28.887125200890605,-24.546087768640643,-20.377335343233938,-16.583985606681857,-13.2762248032912,-10.458269182770058,-8.0245485301703,-5.777575535343755,-3.4991125823903744,-1.053686550090468,1.5614581109249246,4.231453540601384,6.763362036315234,8.93009237137717,10.515945494460643,11.353432799891795,11.353452577157183,10.51600231982077,8.930181644431762,6.763474395294639,4.231576365265028,1.5616091667812568,-1.053528378794386,-3.49899209997819,-5.777426216369717,-8.024376111417821,-10.45810641409555,-13.276084846060618,-16.583843904340274,-20.37719102873824,-24.545952454265503,-28.88699514827064,-33.131181240102975,-36.98467869817441,-40.18143053873955,-42.54264023838415,-44.02705538883048,-44.74904905570104,-44.932721449895325,-44.808288562796974,-44.48979168873589,-43.91380374908939,-42.8754528364333,-41.110611404229104,-38.38935357158125,-34.56531669605386,-29.664711996399863,-23.5499754531808,-17.21552344430467,-10.39936646720022,-1.1514012933958635
-1.170358675380771,-10.424868801648506,-17.24300620855421,-23.583796492686368,-29.700888318984248,-34.6015931516808,-38.42238811210443,-41.13859605765189,-42.898279798683,-43.9319555790199,-44.50421744164903,-44.81936418115481,-44.94023504422078,-44.75227953418203,-44.02568993506211,-42.53669284019195,-40.171248962178886,-36.97099078737869,-33.1148430701422,-28.86887110007775,-24.52681087706936,-20.35764214512364,-16.564307018279713,-13.25681611875078,-10.43926128101888,-8.005996331655064,-5.759530008735855,-3.481659679426885,-1.0369572494528188,1.5773213858946953,4.246345270046892,6.777257426246799,8.943099407575545,10.528276604298236,11.365415120576158,11.365435076753805,10.528333913168847,8.943189572736346,6.777370735292398,4.24646899253359,1.5774739372934732,-1.0367978074847444,-3.4815384380043084,-5.759380301947874,-8.005822906833343,-10.439096107706474,-13.256675633631309,-16.564164899552555,-20.35749666182445,-24.52667473528082,-28.86874039992658,-33.11471408169051,-36.97086336412077,-40.17112031154949,-42.53655570073501,-44.02559379157644,-44.75219202159398,-44.94005368920571,-44.819254890452655,-44.50415139939716,-43.93194516000304,-42.898166894417706,-41.13853086896594,-38.42236289628953,-34.60158491807557,-29.700906900090303,-23.583826440508325,-17.243053790871233,-10.425007333649408,-1.170544322789845
-1.1896017015609666,-10.450653721601688,-17.270717332613707,-23.61783175062746,-29.737230447116907,-34.6379950794576,-38.45549069986647,-41.16658040499371,-42.92103665271782,-43.95012150412884,-44.51859159636634,-44.83033844242127,-44.94756919853067,-44.75541564080985,-44.0242151352298,-42.5305909612972,-40.16091649539423,-36.95714607012206,-33.09833845935789,-28.85057063032796,-24.507480218869244,-20.33789033852941,-16.544566697821605,-13.237344300860096,-10.420189305799708,-7.987379725030235,-5.741419196623178,-3.4641409058592068,-1.0201612125452548,1.5932533080716953,4.26130505656636,6.7912206336826975,8.9561721020151,10.54067254502782,11.377461563427024,11.377481652934218,10.540730305501604,8.956263061245288,6.79133482769357,4.261429632721492,1.593407235284056,-1.0200003599956458,-3.4640188920734483,-5.741269362768366,-7.987205024301369,-10.420021825902635,-13.23720329644026,-16.544424157418852,-20.337743711818472,-24.507343265749437,-28.85043931194165,-33.09820886693662,-36.95701817433941,-40.16078742473958,-42.53045313811304,-44.02411919462281,-44.75532787751616,-44.94738511951922,-44.83022807803898,-44.51852591067669,-43.95011230724783,-42.92092184329918,-41.16651427670069,-38.45546551204509,-34.637986490586826,-29.737249044198908,-23.617861876383422,-17.27076529076682,-10.45079356824412,-1.1897889232085594
-1.2088441380455697,-10.476508535120256,-17.298565214536566,-23.652021205658414,-29.773690704399485,-34.674504334226455,-38.48866555139542,-41.19461254343412,-42.94382134519651,-43.96830205780455,-44.53296971744916,-44.841308544882594,-44.954890516266566,-44.75853145778593,-44.02271184805338,-42.52445361250429,-40.15054292464255,-36.94325497157127,-33.08178413491165,-28.83221903132297,-24.48809878504355,-20.31808880945075,-16.524777914067155,-13.21782578377601,-10.401072351842018,-7.9687200953435156,-5.723268199879917,-3.446585107939949,-1.0033322273928955,1.6092129667123622,4.2762856548105646,6.805197021252435,8.969251444590366,10.553069794053462,11.389506535079787,11.389526789729551,10.553127994507127,8.969343180982808,6.805312064361999,4.276411180238305,1.6093682971554877,-1.0031701522059655,-3.4464620143849816,-5.723117954511893,-7.968544392289284,-10.400902630994864,-13.21768404113794,-16.524634878056563,-20.31794105512237,-24.487960965961232,-28.832087045866786,-33.08165391410671,-36.94312657433392,-40.15041337595076,-42.52431513999026,-44.02261594491805,-44.758442834719695,-44.95470460914302,-44.841196829089895,-44.532904291108174,-43.96829311801625,-42.943705294787215,-41.19454539356818,-38.48864030036754,-34.674495400382824,-29.77370933658515,-23.65205153961321,-17.298613559309974,-10.47664972833587,-1.2090329725757938
-1.2280891371082434,-10.50243343431746,-17.32654908427662,-23.68636388578319,-29.81026735278942,-34.711118390819365,-38.52190974915508,-41.222689530135845,-42.96663117273815,-43.98649466260479,-44.5473495168993,-44.85227248632684,-44.96219764879162,-44.76162634073755,-44.02118042979213,-42.51828195071147,-40.140130185397936,-36.92931957935956,-33.065182235080314,-28.813818340500934,-24.46866847771397,-20.298239331193347,-16.504942201121196,-13.198262055640283,-10.381911652922083,-7.950018793923967,-5.7050780456332,-3.4289932416322983,-0.986470960408149,1.6251999164484745,4.2912869308421495,6.819186725595639,8.982337894611623,10.565469176746667,11.401551097475409,11.401571525920131,10.565527835558736,8.982430435924138,6.819302606850574,4.291413493056394,1.6253566276948792,-0.9863078391849434,-3.4288687463170198,-5.7049272319361854,-7.949842206266924,-10.381739938395295,-13.198119356271295,-16.50479859129055,-20.29809049548689,-24.468529764495177,-28.81368567191881,-33.06505141332114,-36.9291906915791,-40.14000010533952,-42.51814288543798,-44.02108442055695,-44.761536389091,-44.96201076366547,-44.852159303130406,-44.5472842805134,-43.98648506167986,-42.96651446098786,-41.222621333652015,-38.52188438551039,-34.71110914311697,-29.81028604302961,-23.68639443134299,-17.32659782690222,-10.502576011304074,-1.2282796293900888
-1.2473885254684804,-10.528467147730844,-17.354693579207552,-23.72087925422701,-29.8469795505216,-34.747854551090654,-38.55523759771804,-41.25082280412512,-42.98947581752216,-44.00470710529088,-44.56173877372959,-44.86323771705833,-44.96949852467896,-44.76470772902796,-44.01962903063513,-42.51208465068196,-40.12968697721177,-36.91534744485099,-33.04853737427936,-28.79536921668694,-24.449185761473657,-20.278335168907425,-16.48505059487816,-13.178642373550543,-10.362695085125283,-7.931262409502171,-5.686833654288165,-3.4113484462250967,-0.9695580438995084,1.641236655803928,4.306334509480367,6.833218986595422,8.995462887153172,10.57790416849754,11.413629719533391,11.41365028379768,10.577963252292038,8.995556155245048,6.833335700617455,4.306462208448451,1.641394656499838,-0.9693940098733774,-3.4112223185703416,-5.686682213974042,-7.93108491671082,-10.362521552164994,-13.178498596824149,-16.484906332377484,-20.27818527667504,-24.449046147933053,-28.79523585368825,-33.04840593918859,-36.91521805426344,-40.12955636171263,-42.51194507727197,-44.01953289793384,-44.76461644015938,-44.96931066765168,-44.86312305625249,-44.56167361190136,-44.00469686853544,-42.98935853709025,-41.25075357178059,-38.55521203799481,-34.74784497479081,-29.846998306086626,-23.7209100695316,-17.354742790224577,-10.528611140327495,-1.247580680785506
-1.266769263576393,-10.554628123967012,-17.383011890319942,-23.75557723191945,-29.883837889079,-34.78472268674823,-38.588657282756685,-41.27901889637883,-43.01236082928847,-44.0229431286324,-44.57614116221587,-44.87420742871672,-44.976796776864575,-44.76777835795357,-44.01806060801441,-42.5058645802736,-40.119215051652574,-36.901339569303,-33.03184913375914,-28.776869846110564,-24.42964721525659,-20.258371603847653,-16.465097609320065,-13.158960414054148,-10.34341597007922,-7.912443731706355,-5.668526993050777,-3.393641862530244,-0.9525840147690512,1.6573338380800455,4.3214394596874826,6.847305670142933,9.008638334481772,10.5903875774217,11.425755353722336,11.42577605445188,10.59044709192426,9.008732373288096,6.8474232973524805,4.321568349880789,1.6574931036661469,-0.9524188032631312,-3.393514155288151,-5.668375012966008,-7.912265070113428,-10.343240574867574,-13.158815574789337,-16.464952604843468,-20.25822060716293,-24.429506644797417,-28.77673571931589,-33.031717016635234,-36.90120964698718,-40.11908386471944,-42.50572430377383,-44.01796424316284,-44.767686151576825,-44.97660697463123,-44.87409151032294,-44.57607589074511,-44.02293299389598,-43.012242162715054,-41.278948644461416,-38.58863161282192,-34.78471277040745,-29.88385670673556,-23.75560829285224,-17.383061457565866,-10.55477340864383,-1.2669629597977772
-1.2862187262368232,-10.580906943590142,-17.41149794445937,-23.79045579734725,-29.92083991132716,-34.821720245236136,-38.62216659840571,-41.30727598724837,-43.035284218452446,-44.04120194219935,-44.59055524896149,-44.8851802597421,-44.984089942273535,-44.77083625598264,-44.0164724421201,-42.49961879613168,-40.10871235815874,-36.88729391241323,-33.0151159909636,-28.7583191308979,-24.410052674643303,-20.238349328750857,-16.445084344364687,-13.139217947182845,-10.324076365004071,-7.893565127932041,-5.650161140021631,-3.375877097426684,-0.9355531846845188,1.673485995983941,4.3365961804036885,6.861439989218482,9.021857149364422,10.602911164948232,11.43791961773975,11.437940486631424,10.602971136713924,9.02195197299207,6.861558505617633,4.336726259543993,1.6736465034587138,-0.9353867606998552,-3.3757478035364707,-5.650008565882502,-7.893385318046741,-10.323899195231888,-13.139071975113833,-16.444938542563015,-20.23819725981707,-24.40991113594721,-28.75818424373984,-33.014983200925606,-36.887163411728096,-40.10858055308215,-42.49947785965689,-44.0163758461327,-44.77074300173358,-44.98389842559022,-44.88506303695897,-44.59048986078763,-44.041191716810296,-43.03516437045799,-41.3072047094274,-38.62214079896827,-34.82171000083388,-29.920858803991763,-23.79048711937573,-17.411547916069875,-10.581053614977703,-1.286414080274454
-1.3056259737381664,-10.6072205579181,-17.440102164088955,-23.825478832475262,-29.957949894625468,-34.858814307588624,-38.6557382971443,-41.33557255628805,-43.05822812663441,-44.05946858268714,-44.60496656643127,-44.89614220107856,-44.99136367624693,-44.773867622223534,-44.01484972168968,-42.49333159378214,-40.098162413400885,-36.873196554151,-32.99832926917138,-28.73971586371464,-24.39040903931343,-20.21828134278097,-16.425028346945897,-13.119435499640822,-10.30469931222622,-7.874652102503663,-5.631764992480316,-3.358087007548997,-0.9185034171815122,1.6896480849494178,4.3517525280025,6.875563010193251,9.035056448514702,10.615409016327966,11.450054521690562,11.450075546353917,10.615469463972412,9.03515212646395,6.87568251227732,4.351883965863245,1.689809885462513,-0.918335990053458,-3.357955721889998,-5.631611406990148,-7.874471376790054,-10.304520483788789,-13.11928813289603,-16.424881598008962,-20.2181281665638,-24.390266444555923,-28.739580105834435,-32.99819572473925,-36.873065421119,-40.09802989578899,-42.49318998538945,-44.01475254702284,-44.77377261748772,-44.99117147023991,-44.89602354823401,-44.60490091324074,-44.05945705123076,-43.058107708499136,-41.33550017033092,-38.65571226459481,-34.85880375168642,-29.957968850672454,-23.825510374525223,-17.4401523930455,-10.607368422053028,-1.3058227650034195
-1.3250642089198694,-10.633622760387585,-17.468855993122457,-23.860670769232687,-29.99519152965826,-34.8960258730505,-38.68938917229606,-41.36392127326362,-43.08120243002541,-44.07775111575931,-44.6193827161127,-44.907100597944776,-44.99862546611659,-44.77688004075851,-44.013201224640845,-42.48701302724832,-40.087576849343776,-36.85905775511453,-32.981495808849914,-28.721061686886443,-24.370712467021136,-20.19815975438057,-16.404918604440784,-13.099600168614096,-10.285270212575217,-7.855688508343404,-5.613320249349891,-3.3402506807890147,-0.9014103762906004,1.7058490227147411,4.36694228498186,6.889712911416784,9.048276816622558,10.627923442579778,11.46220359262588,11.462224772295505,10.627984381980918,9.04837327301013,6.889833321296528,4.367075101671738,1.70601205073425,-0.9012421765642994,-3.3401173355908838,-5.613165485885719,-7.85550709092799,-10.285089951947516,-13.099451335041056,-16.404770904753395,-20.19800557675092,-24.37056888397308,-28.720925110499195,-32.98136154569218,-36.85892601663061,-40.08744369790404,-42.4868709937037,-44.01310350510486,-44.77678299962498,-44.998433458320136,-44.9069804421762,-44.61931683181127,-44.07773771725845,-43.08108223643537,-41.36384787914819,-38.68936281222449,-34.89601502966365,-29.9952105837384,-23.86070258052116,-17.468906683872653,-10.633772085908197,-1.3252627276248878
-1.3445862623944915,-10.660151673888874,-17.497783459525344,-23.896049816418746,-30.03258339030509,-34.933371716075975,-38.72313293524778,-41.392333019701496,-43.10421671695373,-44.09605645076344,-44.6338110000387,-44.91806230792409,-45.00588342099037,-44.77988055667879,-44.01153501669679,-42.48067167231658,-40.07696419814572,-36.8448850153497,-32.964620500371915,-28.702357926670544,-24.350960017759668,-20.17797832461291,-16.384746592561925,-13.079701715864076,-10.265777574024064,-7.836661870775124,-5.594812349360184,-3.3223518486766754,-0.8842551980178887,1.722111363143785,4.382191049980449,6.903918772743607,9.061549036541791,10.640486963908184,11.474400612065605,11.474421930117115,10.640548409669108,9.06164629269049,6.904040133541439,4.382325260851653,1.722275531520117,-0.8840860506730013,-3.322216414123396,-5.594656619564463,-7.836479404055555,-10.265595982251494,-13.0795514189935,-16.384597855333727,-20.177823129350237,-24.35081541468283,-28.7022204956832,-32.964485498833724,-36.84475265746578,-40.07683038853997,-42.48052913655669,-44.01143673017595,-44.77978200399948,-45.00569066721562,-44.91794092238263,-44.6337447349183,-44.09604202518608,-43.104096028748174,-41.39225862818388,-38.72310624780384,-34.93336055450803,-30.032602529755557,-23.89608192041753,-17.497834587527343,-10.660302383930842,-1.3447864057054897
-1.364148649522517,-10.686773870570722,-17.526866180724625,-23.93160403973773,-30.07011383882966,-34.97084131231396,-38.75696126754138,-41.42080158362126,-43.12726557477513,-44.11438047882822,-44.64824679231732,-44.92902274027967,-45.01313190159505,-44.78286378024843,-44.00984451075892,-42.47430020270035,-40.06631580557043,-36.83067017502593,-32.947696753900736,-28.683600885362523,-24.33115174103612,-20.15773993375875,-16.364517350525485,-13.05974633084654,-10.246228766149752,-7.817580185064124,-5.576251112705909,-3.304401932124136,-0.8670522515752935,1.738416886829945,4.397476915347409,6.918155189223539,9.07484617796028,10.65307178934071,11.486616688754763,11.486638185552716,10.653133767336252,9.074944215575078,6.918277494141635,4.397612536195075,1.7385822100110948,-0.8668820678052281,-3.3042644806212227,-5.576094318508545,-7.817396728801688,-10.246045794029428,-13.05959457040661,-16.364367532276713,-20.15758371333325,-24.33100610866479,-28.68346259330673,-32.947561006367806,-36.83053716607657,-40.06618130197258,-42.47415714583042,-44.0097456445929,-44.7827637006015,-45.01293847106349,-44.92890014363437,-44.64818009765286,-44.11436498852584,-43.12714443553009,-41.420726234843904,-38.75693425767972,-34.97082984129604,-30.070133078647807,-23.931636438731104,-17.52691777389724,-10.686926018473224,-1.3643504829897708
-1.3837869592905725,-10.713515435574717,-17.556118382751364,-23.96734518906725,-30.107794576337884,-35.00844481062832,-38.790882048345885,-41.44933282283949,-43.15035374330028,-44.13272680703803,-44.66269359244325,-44.93998515420445,-45.02037445890416,-44.78583300205228,-44.00813367998228,-42.46790330472757,-40.05563782600805,-36.8164191921327,-32.93072925691021,-28.664792667436693,-24.3112866306584,-20.13744128424816,-16.344225839618222,-13.039728098199555,-10.226617078951932,-7.79843622003364,-5.557628079938313,-3.286391267112946,-0.8497898681665566,1.7547799053754198,4.412816971095015,6.932441496985277,9.088188502611716,10.665698440840414,11.498873028993891,11.498894668942349,10.665760908904245,9.088287369825808,6.9325648648921465,4.412954057012262,1.7549463927947992,-0.8496184451896415,-3.286251821514238,-5.557470264794055,-7.79825154772512,-10.226432683594954,-13.039574858448168,-16.34407485608659,-20.13728398770188,-24.311139911398445,-28.664653446628677,-32.93059270045432,-36.81628547808732,-40.05550255819651,-42.46775958043901,-44.00803415192701,-44.785731551906814,-45.02017986131759,-44.939861400376245,-44.66262634304155,-44.13271056730529,-43.15023175481433,-41.4492565035717,-38.79085475867467,-35.00843302814797,-30.10781390326383,-23.967377866087958,-17.55617031267872,-10.713668877493587,-1.3839903384077252
-1.403391346123169,-10.740294964019895,-17.58549199136979,-24.00324021535208,-30.145592848649983,-35.04615252565543,-38.82487132590904,-41.47790795742488,-43.17346486353159,-44.15108278611905,-44.67713816790483,-44.95093658820438,-45.02759637557792,-44.78877475993996,-44.0063875828753,-42.46146520195592,-40.04491406936213,-36.8021176044873,-32.91370786414072,-28.64592972129298,-24.291369180358277,-20.117093166234035,-16.323887399121592,-13.019665540242956,-10.206963353046064,-7.7792530516998575,-5.538970244147922,-3.268350813337601,-0.8325045291716102,1.771155833437348,4.428159444004133,6.946719023890247,9.101513924023198,10.678302672455583,11.511103246271668,11.511125100040072,10.678365715664112,9.101613638121908,6.946843411264913,4.428298114218873,1.771323571805143,-0.8323322898402842,-3.2682090432783557,-5.538810820668092,-7.779067649088711,-10.206777736960325,-13.019510564994606,-16.323735165862562,-20.11693482232397,-24.29122135666274,-28.64578953666993,-32.91357047971303,-36.80198316247719,-40.04477799967401,-42.46132103550863,-44.00628711056132,-44.78867097214414,-45.02740255767104,-44.95081141993426,-44.67707027993868,-44.15106396910906,-43.17334343968456,-41.4778306370446,-38.82484351751109,-35.046140476744725,-30.145612259114287,-24.003273172800863,-17.58554426785837,-10.740449693562052,-1.403596248443226
-1.423220683278954,-10.767301249738368,-17.615099324978264,-24.03937149646467,-30.18359155515173,-35.08403924980976,-38.858989732292976,-41.50657461584644,-43.196639715447816,-44.16948043911706,-44.691612954603215,-44.961908388942135,-45.03483212393636,-44.79172075078766,-44.00464070069793,-42.45502191897677,-40.034181191147205,-36.78779795040874,-32.89665451129165,-28.62701796785119,-24.271386093969653,-20.09666731041991,-16.3034631713352,-12.999512416524762,-10.18721587350747,-7.759973698595011,-5.520211939389082,-3.2502058469845947,-0.8151087470370534,1.7876503132450434,4.4436263872079405,6.961125549329635,9.11496782889492,10.691034613909888,11.523462409311334,11.523484465947108,10.691098243783197,9.115068368015812,6.961250991515197,4.443766502465634,1.7878191769498977,-0.8149350209132754,-3.250062184387876,-5.520051666577188,-7.759786808057,-10.187028855268345,-12.99935601747126,-16.30330970693944,-20.09650788054542,-24.27123717877852,-28.62687684310567,-32.8965163187875,-36.78766280275417,-40.03404437320058,-42.45487702283173,-44.00453959682937,-44.79161612530958,-45.03463629561372,-44.9617823345199,-44.691544377546464,-44.16946171475909,-43.19651679306522,-41.50649641194184,-38.85896168456626,-35.08402686356104,-30.18361105919473,-24.03940474639701,-17.615152003240453,-10.76745735677555,-1.4234272170096278
-1.4429288905437263,-10.794281368668903,-17.644787732276924,-24.075630003308785,-30.22168182290292,-35.12200632464956,-38.893157005736974,-41.535269397472014,-43.21982351414963,-44.18787558280272,-44.70607275986621,-44.9728563919448,-45.042033168510194,-44.79462557234071,-44.00284405800952,-42.44852326597384,-40.023389465729885,-36.77341685090818,-32.87954024663661,-28.608049547625917,-24.251354841654543,-20.076201037097565,-16.283004568609414,-12.979330089568018,-10.167443684669374,-7.740674456623688,-5.501441202839863,-3.2320566970166964,-0.7977205066225974,1.8041207329493447,4.459052762621713,6.975474469535233,9.12835293826272,10.703690700152192,11.535740096893615,11.53576231072972,10.703754883063224,9.128454363074953,6.975601048466987,4.459194505730887,1.8042908863962936,-0.7975458577078813,-3.2319107143719994,-5.5012791127869365,-7.740486821346185,-10.167255434888162,-12.979171866974209,-16.282849738914393,-20.07604050778652,-24.251204757783704,-28.607907395771026,-32.87940117837522,-36.77328087804358,-40.02325172735744,-42.44837788760881,-44.00274188219128,-44.79451838238448,-45.04183842837541,-44.972728876411686,-44.70600345725747,-44.18785387725536,-43.21970135508058,-41.535190161699134,-38.89312837597622,-35.12199368263423,-30.22170140357217,-24.07566352581594,-17.644840715732578,-10.79443873716172,-1.443136929756639
-1.4627273298556027,-10.821389329579508,-17.674649177461795,-24.11208366247571,-30.25993256096934,-35.16011601971742,-38.92742383902808,-41.56403252720342,-43.243050912916765,-44.20629604453219,-44.720546167291445,-44.98380830154202,-45.04922993795876,-44.79751699594192,-44.00102761993811,-42.44199971971663,-40.01256915546529,-36.75900118283472,-32.86238330864879,-28.589029617597323,-24.23126450444368,-20.05567084605411,-16.262479362772467,-12.959080267865646,-10.147603824791062,-7.721308132452809,-5.482603547113135,-3.2138414516589315,-0.7802667932426208,1.8206554527224823,4.47454076105294,6.989881410775551,9.14179115311128,10.716396328503617,11.548065923380884,11.54808832186595,10.71646111136187,9.1418934171002,6.99000906782248,4.474684082477969,1.8208268113329056,-0.7800911273852648,-3.213693233170292,-5.482439914003682,-7.721119541423137,-10.147414424015038,-12.958920316677158,-16.262323190437925,-20.05550926040338,-24.23111330393017,-28.588886485269587,-32.862243407685426,-36.758864439379096,-40.01243059686721,-42.44185384717963,-44.00092440871983,-44.79740801084508,-45.04903544076552,-44.98367953371258,-44.72047601223404,-44.20627227366668,-43.24292918386266,-41.56395226621992,-38.92739471132072,-35.16010311688537,-30.259952245098933,-24.112117491220445,-17.674702631916155,-10.821548189323464,-1.4629371247243328
-1.4825245417599962,-10.8485584821533,-17.704643613523448,-24.14870502868529,-30.298317420938435,-35.19834494991142,-38.961771677291885,-41.59284946089058,-43.26630974685425,-44.22473126298518,-44.73502202050762,-44.99475278343373,-45.0564097783769,-44.800382678754055,-43.999177442593705,-42.43543699304084,-40.00170567734055,-36.74453815812226,-32.84517459227762,-28.56995454966008,-24.21111803169731,-20.03508484191531,-16.24189946564133,-12.93877737949035,-10.127712929042522,-7.701893312639397,-5.46372073019386,-3.1955853324036445,-0.762778128148437,1.8372169585686424,4.490045912638846,7.004295622688464,9.155228606687686,10.72909648418621,11.560382985595348,11.560405580118235,10.729161856948,9.1553317551787,7.0044244015626,4.490190855808979,1.8373895572172745,-0.7626014491587606,-3.1954348109392545,-5.463555399997645,-7.701703791966308,-10.127522378741034,-12.938615636080762,-16.24174189083642,-20.03492217193582,-24.2109656823631,-28.56981039252801,-32.84503381528972,-36.74440061050559,-40.0015662588458,-42.43529065751995,-43.99907314827327,-44.80027157801838,-45.056215836200224,-44.994622840359774,-44.73495098339088,-44.22470514764827,-43.266188377372615,-41.59276831363982,-38.96174195908839,-35.1983317834787,-30.29833720820327,-24.14873916881464,-17.704697499771147,-10.848718777026068,-1.482736026835791
-1.502407934721126,-10.875852122244256,-17.734806406248765,-24.18552136994897,-30.33686424817404,-35.236717801857225,-38.99622033595398,-41.62173571498288,-43.28961331810362,-44.24319317221745,-44.7495120141019,-45.00570150150153,-45.06358470061644,-44.80323478896741,-43.99730579517504,-42.4288470665332,-39.990811311580806,-36.730038797340654,-32.82792208339312,-28.55082710294385,-24.19091154706945,-20.01443390757886,-16.22125221522464,-12.918406825672625,-10.10775417209491,-7.682411713518993,-5.444771740904775,-3.1772643303585784,-0.7452248838208199,1.8538413640058928,4.505610967711854,7.018765684910027,9.168716308683996,10.741842618409327,11.57274401691916,11.572766820721084,10.741908556404134,9.168820349290383,7.018895599051012,4.505757605623217,1.854015166659312,-0.7450473146368309,-3.177111224444272,-5.444604746387688,-7.682221192815975,-10.10756273252568,-12.918243089312249,-16.2210931614663,-20.014270203751558,-24.19075802912361,-28.55068191084761,-32.82778042197726,-36.72990041258342,-39.99067104377373,-42.42870026154352,-43.99720033328943,-44.8031218735181,-45.06339119247372,-45.00557030301842,-44.74943996445492,-44.24316474338231,-43.28949255960245,-41.62165352846328,-38.99618999570716,-35.23670435895023,-30.33688413157402,-24.185555833540203,-17.73486073522586,-10.876013815711556,-1.5026210493419492
-1.522271549658873,-10.903193850516187,-17.765087582307203,-24.222496630856263,-30.3755371614354,-35.275201404978176,-39.03074219055471,-41.65066995621813,-43.31294214030706,-44.26166559199624,-44.76400080505278,-45.01663952072147,-45.07073955438925,-44.80605717093144,-43.99539791329414,-42.42221553146665,-39.97987260222106,-36.71549275969873,-32.81062047071973,-28.5316482682186,-24.17065317107249,-19.993731786367128,-16.20055523985404,-12.897988731695692,-10.087750897522255,-7.662888359329921,-5.425785019481398,-3.158909850473325,-0.7276448758681057,1.870484213223384,4.521185212668908,7.033234765781258,9.182194528081531,10.754573876114952,11.585086251315785,11.58510924970467,10.754640414931682,9.182299475599498,7.033365851358816,4.521333559342587,1.8706592775068267,-0.7274663781842553,-3.158754289279591,-5.425616079344201,-7.66269700606497,-10.087558419185113,-12.897823070916504,-16.200394675993195,-19.993566997494387,-24.170498470316574,-28.53150200488836,-32.81047789141544,-36.71535352175779,-39.97973143535424,-42.422068292093584,-43.99529114409013,-44.80594194474535,-45.07054714253928,-45.01650714781597,-44.76392766942132,-44.26163422339476,-43.312822151380985,-41.65058693422085,-39.03071116788023,-35.27518772414884,-30.375557151535272,-24.222531398394803,-17.765142356826235,-10.903357019198832,-1.522486408446276
-1.5421842305858235,-10.930634352430245,-17.795519243802538,-24.2596569017156,-30.41436451675595,-35.31382239804124,-39.06535987497006,-41.67967006920873,-43.33631390436743,-44.28016276016737,-44.77850215642534,-45.02757984789324,-45.07788732145238,-44.80886248480575,-43.9934633828796,-42.41555034336112,-39.968895383215134,-36.7009040897047,-32.793270959596455,-28.512415413136893,-24.150335202946053,-19.97296673273067,-16.1797943986253,-12.877507410306569,-10.067685927598278,-7.6433051314186,-5.406740150353762,-3.1404993969503434,-0.7100115748655786,1.887177071136339,4.536804332006763,7.047742383795398,9.195703940810857,10.767330767428604,11.597450897370218,11.597474117280203,10.767397905188426,9.19580983856642,7.047874684273412,4.53695438942662,1.887353420788025,-0.7098319557903792,-3.14034141961078,-5.406569369162042,-7.643112729916321,-10.0674923366588,-12.87733985195712,-16.17963227651285,-19.972800802427688,-24.15017928321108,-28.512268042487413,-32.793127429513866,-36.70076397271027,-39.96875329332065,-42.41540260032989,-43.99335530414015,-44.8087452540256,-45.07769536886039,-45.02744647311077,-44.77842782399187,-44.28012903582297,-43.3361941246658,-41.67958625262499,-39.06532816228735,-35.31380845017854,-30.414384597014884,-24.259691981091795,-17.79557441472745,-10.930798897774626,-1.5424007117381353
-1.5620408162095718,-10.958098997961814,-17.826051008476977,-24.29696514479709,-30.453310126028672,-35.35254764892632,-39.100046058186855,-41.70871444126869,-43.35970955569845,-44.2986687185093,-44.7930002510462,-45.03850718583126,-45.085012075247775,-44.811635438492345,-43.99148709662057,-42.40883691903913,-39.95786623838129,-36.68626250019636,-32.77586835847406,-28.49312974187789,-24.129965897107777,-19.952152434954435,-16.15898728700357,-12.856983358245255,-10.047582158018342,-7.623687127566384,-5.387665590872986,-3.122064966983571,-0.6923621753720595,1.903875726536784,4.55241737584249,7.062231683605631,9.209184679151502,10.780052916286312,11.609775838804152,11.60979929405415,10.780120713862674,9.209291541170536,7.062365204872275,4.552569182396164,1.904053438728223,-0.6921815125045316,-3.12190450208349,-5.387492681721674,-7.623493868324508,-10.047387456069591,-12.85681380186756,-16.15882355235129,-19.95198533822558,-24.129808724880284,-28.49298123634165,-32.77572386275182,-36.68612146295784,-39.9577231512821,-42.40868865925272,-43.99137756923125,-44.811515872054464,-45.08482123069187,-45.03837270047316,-44.7929246426599,-44.29863196195763,-43.35959043841855,-41.70862981607499,-39.10001357808387,-35.35253346078716,-30.453330296521564,-24.2970005327781,-17.82610655483003,-10.95826491723443,-1.5622589234082167
-1.5819129636911848,-10.985640202257525,-17.85671579351663,-24.334447137860305,-30.49240083776338,-35.39140144953814,-39.134820619813866,-41.737819333053366,-43.38314397642971,-44.31719657076824,-44.80750887818964,-45.04943517688815,-45.092128265919634,-44.814388748332455,-43.98948080892971,-42.40208481053289,-39.94679226960712,-36.67157343784424,-32.75841563760658,-28.473790610449864,-24.10953943539971,-19.93127881522909,-16.138121123198186,-12.83640191362602,-10.027423422877316,-7.604016929246132,-5.368541323815918,-3.1035839858777896,-0.6746697879466813,1.9206129997790944,4.568062216860284,7.076744944491128,9.222680501275176,10.792783295285291,11.622104806472148,11.622128493324746,10.792851729685763,9.222788319927847,7.07687969571487,4.56821574171634,1.9207920192661243,-0.674487974591074,-3.103421084644469,-5.3683665060914025,-7.603822595743971,-10.027227629149229,-12.83623041854596,-16.137955780093694,-19.9311105619722,-24.10938102901981,-28.473640985606508,-32.75827018329138,-36.67143149274722,-39.946648256335486,-42.40193605633138,-43.989369951151176,-44.81426735719842,-45.09193771206481,-45.04929981895398,-44.80743197696837,-44.317157648183965,-43.38302494795841,-41.737733986850536,-39.1347874098846,-35.39138697400013,-30.492421106386924,-24.3344828559288,-17.85677182739972,-10.98580760568001,-1.5821327927195696
-1.6017461090810532,-11.013221306005931,-17.887488036175444,-24.372085810172493,-30.53161996730517,-35.43036817591614,-39.169670631010696,-41.76697467520194,-43.40660881828597,-44.33574024130047,-44.82202185350682,-45.06035785792985,-45.09922901384316,-44.8171159656032,-43.98743719218343,-42.39528616195269,-39.935666200794735,-36.65683094447652,-32.740909679465204,-28.45439813875194,-24.08905941958612,-19.910352266529024,-16.117204264461662,-12.815773207484703,-10.007221329267464,-7.584307209519909,-5.349381973645652,-3.0850725204874654,-0.6569527885883688,1.937367447054483,4.583715183401452,7.091255899972028,9.236163308554376,10.805492681371252,11.634407027582656,11.634430988586942,10.805561806492443,9.236272080948734,7.0913918663373785,4.583870461898828,1.9375478441216505,-0.6567699067982886,-3.084907121735113,-5.34920500754194,-7.584111988154952,-10.00702446014482,-12.815599704251168,-16.11703727574212,-19.91018284062524,-24.088899755167517,-28.45424735902133,-32.74076325968359,-36.656688098538126,-39.9355212277199,-42.39513685845492,-43.98732484299188,-44.81699257865258,-45.09903916731427,-45.06022158641278,-44.82194354663783,-44.33569869083098,-43.406490141387344,-41.766888637244776,-39.1696366743188,-35.430353449201725,-30.531640345722717,-24.372121850640205,-17.887544536173248,-11.013390224977346,-1.6019677296071493
-1.6217275267397446,-11.040972030664324,-17.918452228058438,-24.40994239266853,-30.571026339416598,-35.46949838525455,-39.20463536743889,-41.79621093033425,-43.43013118090792,-44.35432341739737,-44.83656469807487,-45.07130161123158,-45.10634375067525,-44.81984552724551,-43.98538498515216,-42.388466989233976,-39.92451036439116,-36.64205266655964,-32.723361586965154,-28.434954600109336,-24.068516533098823,-19.889353912449828,-16.09621108334179,-12.7950667346441,-9.986941232639277,-7.564519786845655,-5.330142555238331,-3.0664786890815976,-0.6391481819736239,1.954217226819156,4.59946827134374,7.1058678323353215,9.24974074382957,10.81828621613082,11.646789871414905,11.646814029374362,10.818356001317367,9.24985048076517,7.106005125530035,4.599625249022333,1.954398860669272,-0.6389636179023204,-3.0663109689482804,-5.329964315910238,-7.56432274169059,-9.986743207497971,-12.794891406967254,-16.096042427353154,-19.88918327258976,-24.06835558767614,-28.4348026476012,-32.72321414121708,-36.64190886575408,-39.92436449898293,-42.3883169388354,-43.98527145594641,-44.81972136460013,-45.10615208968995,-45.07116483009025,-44.83648501224167,-44.35428162053368,-43.43001099815325,-41.79612418494257,-39.20460088117692,-35.46948329924884,-30.57104682103376,-24.409978777734352,-17.91850923897517,-11.041142489281038,-1.621950946048914
-1.6416845736897052,-11.06877449738146,-17.94953054528258,-24.44796371689838,-30.6105674639061,-35.508744662128485,-39.23967667508659,-41.825498300152944,-43.45368532114801,-44.37292540689938,-44.851115467271626,-45.08224435090981,-45.11344721946813,-44.82255315951491,-43.983298275692256,-42.38160211273106,-39.91330280326381,-36.62722048350863,-32.70576033558562,-28.41545786605422,-24.04791981187265,-19.86830198672058,-16.075166082122536,-12.774312010893835,-9.966616837918156,-7.544691625049947,-5.310866296267679,-3.047851409602761,-0.6213142132956506,1.9710914938211128,4.615240572566842,7.120490483709605,9.263317739730534,10.831068609561786,11.659154355896623,11.659178752501935,10.831139079782274,9.2634284601809,7.120629094063903,4.6153992792055725,1.9712744449961803,-0.6211280492208344,-3.047681348954518,-5.310686497446669,-7.544492973933564,-9.966417643734808,-12.774134786075672,-16.074995724706287,-19.86813012040776,-24.04775756300636,-28.415304719549187,-32.70561188332288,-36.627075741935,-39.91315599204847,-42.381451284454265,-43.98318349075002,-44.82242775053508,-45.11325469572144,-45.08210680758357,-44.85103443130189,-44.37288246070313,-43.45356433900077,-41.82541083300541,-39.23964159746677,-35.508729255003814,-30.610588058584227,-24.4480004448824,-17.949588062673634,-11.068946506744927,-1.6419098208498524
-1.6615032178943776,-11.096547723376172,-17.980670283772145,-24.48610932058287,-30.650205844245864,-35.54807428144149,-39.2747685497913,-41.854816372120055,-43.4772537870756,-44.39153002866923,-44.865658406287785,-45.09317056548303,-45.12052413509618,-44.82522410219125,-43.98116247872446,-42.37467776539196,-39.902028530201136,-36.612322523201605,-32.688098446090294,-28.395907289522324,-24.027276257324207,-19.847209125018622,-16.054086315133514,-12.753528626046656,-9.946270105014428,-7.52484694231076,-5.291580841045933,-3.0292225568534192,-0.6034891150172695,1.9879437008576455,4.63097543477452,7.135059949776998,9.276827642068625,10.843775574090088,11.671435378026857,11.67145999185246,10.843846738072967,9.276939407898428,7.135199917150394,4.631135899059514,1.9881280725914383,-0.6033015575054731,-3.029050070346438,-5.291398957770263,-7.524647091540022,-9.946069707863485,-12.753349387767122,-16.053914214645516,-19.84703599888788,-24.027112681798847,-28.39575291402992,-32.687948925337125,-36.61217677840677,-39.9018807692242,-42.37452627918407,-43.98104627406391,-44.825096868041534,-45.12033175075452,-45.09303210092576,-44.86557604848214,-44.39148492487119,-43.47713273818741,-41.85472811694945,-39.27473273269304,-35.548058584289706,-30.65022654085807,-24.48614640077786,-17.98072828441698,-11.09672125073423,-1.661730248846538
-1.681397924182571,-11.124438060137395,-18.01197565755116,-24.5244584763417,-30.690015758491207,-35.58755119732111,-39.30996135648341,-41.88420439975585,-43.50087084019643,-44.410167405301074,-44.88022485359042,-45.10411178318807,-45.12760829503397,-44.82789064689632,-43.97901022898055,-42.36772381078709,-39.89071404525827,-36.59737790427702,-32.67038569063292,-28.3763013290091,-24.006571277270293,-19.82605049459599,-16.032939298192286,-12.732678571597248,-9.925858066944947,-7.504938566822453,-5.272231465195523,-3.010529738315329,-0.5855981641464453,2.004864973802722,4.646780234106628,7.149696351018338,9.290395796067513,10.856528529662588,11.683756663198237,11.68378150353074,10.85660036736783,9.290508630055536,7.149837783399335,4.646942525532985,2.005050768367821,-0.5854087629437003,-3.010354872682662,-5.272048082332536,-7.504736826466746,-9.925656345576368,-12.732497383766956,-16.032765394293264,-19.82587603842525,-24.006406310923197,-28.37614567279564,-32.67023503867323,-36.59723106516414,-39.89056518881587,-42.36757129424239,-43.97889271367234,-44.82776241302808,-45.127414303133385,-45.10397251745224,-44.88014096168453,-44.4101216274213,-43.5007484225776,-41.884115416438405,-39.3099250601567,-35.58753518221532,-30.69003654475896,-24.524495869328483,-18.01203396814882,-11.124612953534696,-1.6816266168648777
-1.7011126054682943,-11.15227072747752,-18.04332311626671,-24.562919573103763,-30.72991018541248,-35.627098323055485,-39.34519338521023,-41.91361403387615,-43.52449469927309,-44.42880212434882,-44.8947784322055,-45.115032117671134,-45.13466130371768,-44.830517000799205,-43.97680528649533,-42.36070665905676,-39.879329204886496,-36.582364345739904,-32.652610825632614,-28.3566423993641,-23.98582308969985,-19.804856700811232,-16.011764597249638,-12.711808101609058,-9.905432804347576,-7.485023300879455,-5.252883878958065,-2.9918471591042306,-0.5677295898275042,2.0217481874085474,4.662529970446485,7.164260377027145,9.303876741032823,10.869186469551408,11.695973852101954,11.695998879445956,10.869258986565784,9.30399067314212,7.164403327142851,4.662694177952487,2.0219355747183734,-0.5675388411955758,-2.9916698243715114,-5.252697996177443,-7.4848204608233475,-9.905229750186576,-12.711624780727671,-16.011588859998028,-19.80468088975535,-23.98565672527885,-28.356485428963207,-32.652459001531234,-36.58221638278593,-39.879179242209865,-42.36055336221857,-43.97668621076793,-44.83038663485718,-45.1344678497436,-45.114891655883454,-44.89469310899088,-44.42875361442978,-43.52437251492651,-41.91352418463117,-39.34515628062928,-35.62708203584352,-30.72993104595118,-24.56295729236026,-18.04338177130417,-11.152446990752454,-1.7013429355967375
-1.7208522144706144,-11.180182930364529,-18.07481460292911,-24.601570265791267,-30.76996180970169,-35.66677858110957,-39.38051460548973,-41.94308429739532,-43.54815931133259,-44.44746298009566,-44.90934916206308,-45.125961444445736,-45.14171571966504,-44.83313388792612,-43.97457915738835,-42.35365546234936,-39.86789940875754,-36.56729971624858,-32.63478201176878,-28.336927714411274,-23.965016715780934,-19.78360318289856,-15.990530488762968,-12.690879882391906,-9.884951972774193,-7.46505483473899,-5.233484125724508,-2.973113981404763,-0.549811070680063,2.03868112372272,4.678326955579844,7.178866054077576,9.317389732178022,10.881865087775106,11.708205493882964,11.708230810124991,10.881938356128964,9.317504756661794,7.179010441223211,4.678492990119888,2.0388700546041494,-0.5496186170367898,-2.972934240869277,-5.233296315537451,-7.464850409962346,-9.884747557874368,-12.690694537217206,-15.99035291516256,-19.78342600204623,-23.96484893765073,-28.336769425377284,-32.634629029859724,-36.56715066726739,-39.86774839898685,-42.3535012207382,-43.97445861992666,-44.83300206995117,-45.14152159611207,-45.125820069332455,-44.90926232226828,-44.447412888771616,-43.54803640586952,-41.94299365224265,-39.38047684851165,-35.66676196538933,-30.76998274917549,-24.60160830965324,-18.07487365126505,-11.180360642868076,-1.7210842781979905
-1.7405810225929357,-11.208148790720411,-18.10643328336805,-24.6403992454899,-30.81015921471617,-35.706580894168674,-39.41591561231345,-41.97260722661573,-43.57185722489653,-44.46614353713966,-44.9239303570792,-45.13689331760344,-45.1487646639321,-44.83573520919398,-43.97232605789594,-42.34656531357146,-39.856420973676975,-36.55218124708316,-32.61689782319821,-28.317157632236366,-23.94415487722369,-19.76229459650776,-15.969242845906908,-12.669900722717465,-9.864423154246738,-7.445041331618014,-5.214041782155728,-2.9543409583568,-0.5318554366768994,2.055648007668855,4.694152962986609,7.193492998809425,9.33091340120231,10.894543289107691,11.720429901392972,11.720455456342538,10.894617296042297,9.33102950740072,7.193638860084479,4.6943207984707405,2.055838440087174,-0.5316611544320284,-2.9541588570071173,-5.21385224398098,-7.444835152077998,-9.864217355630688,-12.669713404395983,-15.969063441632308,-19.76211604447889,-23.94398569361027,-28.31699805253059,-32.61674371243337,-36.55203110742595,-39.856268913995045,-42.34641013542424,-43.972204186839406,-44.83560221337303,-45.14856944461295,-45.1367510790684,-44.92384203964185,-44.46609236852132,-43.57173337454449,-41.97251583297113,-39.415877242226486,-35.70656393809059,-30.81018024767767,-24.64043765014992,-18.106492777224076,-11.208328024957398,-1.7408149056425193
-1.760332459321531,-11.236188946744544,-18.13819615577053,-24.679421225065635,-30.850514737389517,-35.74651439166332,-39.45140312115982,-42.0021878513275,-43.59559249881563,-44.48484781144292,-44.93852577268873,-45.14783163857024,-45.15581212841451,-44.83832567658868,-43.97005134745854,-42.33944191786097,-39.844900377447246,-36.537013855942696,-32.59896127383294,-28.29733286227705,-23.923236309855632,-19.740928412598866,-15.947897903610723,-12.648866008664198,-9.843840858375138,-7.424976327804164,-5.194549410989995,-2.9355190545816563,-0.5138514700824076,2.0726627121685333,4.710025698152179,7.208161791258992,9.344469675264769,10.907242366062,11.732668619723013,11.732694439493752,10.90731714417526,9.344586885121828,7.2083091309099325,4.710195344627988,2.072854688063599,-0.513655272449549,-2.935334589707041,-5.194358137825703,-7.424768312452546,-9.843633620694463,-12.6486767071558,-15.947716628078387,-19.74074844277048,-23.92306568049801,-28.297171946330195,-32.598806003221924,-36.53686263125813,-39.84474726257704,-42.33928573236881,-43.96992815363822,-44.83819149983701,-45.15561573126485,-45.14768852867682,-44.93843602683362,-44.48479560044737,-43.595467581719255,-42.00209562190764,-39.4513641253544,-35.74649706743574,-30.85053585312164,-24.67945999146353,-18.13825611934158,-11.236369700867916,-1.7605681472821302
-1.7799953586544066,-11.264229918747947,-18.17004936092968,-24.718596786257976,-30.890992418675324,-35.78654769070251,-39.48695227094661,-42.03180689969323,-43.61934877303147,-44.50356184322442,-44.95312118438212,-45.15876220074656,-45.16284281514055,-44.84089046221182,-43.9677395135848,-42.33227039301649,-39.83332332043402,-36.52178679028928,-32.58096642408569,-28.27745346225288,-23.902267711005603,-19.719516387356958,-15.926511214912056,-12.627794116736732,-9.82322598075162,-7.404882868271688,-5.175033853662874,-2.916679006111883,-0.4958362551522156,2.08967967947482,4.725890963143967,7.222811614838515,9.357994549123212,10.919900894030988,11.7448587898898,11.744884880880896,10.919976457918969,9.35811290720044,7.22296046507218,4.726062477939168,2.089873344056333,-0.495638370508235,-2.9164921290100265,-5.174840247977208,-7.40467343075775,-9.823017266005296,-12.627602714376737,-15.926328028005551,-19.71933495313067,-23.90209560311729,-28.2772911641886,-32.58080994812211,-36.52163442568788,-39.83316908232597,-42.33211324574839,-43.96761476453401,-44.84075439738901,-45.16264641105824,-45.15861795609891,-44.9530300085318,-44.50350733185294,-43.61922361698882,-42.03171377244612,-39.48691252215583,-35.78653006419073,-30.891013613022,-24.71863590661349,-18.17010972736969,-11.264412185370418,-1.7802328839195158
-1.7995085417609598,-11.292232356895628,-18.20196473709275,-24.75790595606756,-30.931575404433698,-35.826666897320386,-39.52255252311691,-42.061456417782125,-43.64311963833814,-44.52227945327435,-44.96771082753999,-45.16967910065215,-45.169850818624624,-44.84342294800541,-43.96538345775341,-42.325043626232734,-39.82168160219168,-36.506493462468896,-32.56290882031709,-28.25751823091081,-23.88125143938744,-19.698063499702155,-15.905089989289074,-12.606693777809426,-9.802588668049774,-7.384772573692047,-5.155508329713309,-2.897836302892111,-0.4778283733568809,2.106676450653733,4.741721169123598,7.237411243382422,9.371455192074086,10.932487800082804,11.756968948911103,11.756995306374437,10.932564148188094,9.371574743815737,7.237561640453815,4.741894588308367,2.1068719283718598,-0.4776290087086772,-2.897647003878849,-5.1553119006236106,-7.384562052981165,-9.80237843757899,-12.60650018794771,-15.90490487120318,-19.69788057009698,-23.88107784370435,-28.257354531495647,-32.56275110213025,-36.506339915795735,-39.82152623906516,-42.32488565430784,-43.96525703475952,-44.84328461862189,-45.16965516304784,-45.16953361390721,-44.967618197982674,-44.52222189927564,-43.64299483409191,-42.06136238876303,-39.522511861311045,-35.826648966943665,-30.93159666427508,-24.75794542722853,-18.202025520798376,-11.292416088069736,-1.7997478143775274
-1.81917313932656,-11.320385734535986,-18.234091601311437,-24.797465457268466,-30.972369353615093,-35.86696158175192,-39.55827484151027,-42.09119103039657,-43.66695012321574,-44.54103889527418,-44.98233212634783,-45.1806189906477,-45.17687460286731,-44.84596128732508,-43.963024275351565,-42.31780250056012,-39.81001667728234,-36.49116413616534,-32.54480362211811,-28.23752454891076,-23.86016686560478,-19.67653591721454,-15.883589712652066,-12.585512239213774,-9.781868560619928,-7.364578561208609,-5.13589590270663,-2.8789039785504094,-0.4597254001361718,2.1237753617995105,4.757660959888902,7.252122364853074,9.385022517327643,10.945167520602965,11.769168025597788,11.76919468611191,10.945244701398584,9.38514322753672,7.252274294402342,4.757836214959938,2.1239725451051883,-0.4595240637236488,-2.8787123235281347,-5.135697524632094,-7.364366221628376,-9.781656754648123,-12.585316607918324,-15.883402664308312,-19.67635148069613,-23.85999176582033,-28.237359460748504,-32.54464469699302,-36.49100944717798,-39.80986018681167,-42.3176435153237,-43.96289631576745,-44.84582150939194,-45.1766783249938,-45.18047256816906,-44.98223790098719,-44.540979643830646,-43.666824617304776,-42.091096217551126,-39.558233455918064,-35.8669433059229,-30.972390701057,-24.797505284800923,-18.234152871131872,-11.320571048127553,-1.8194143048859357
-1.8387936316577949,-11.34856414318204,-18.26633102616385,-24.83719935154288,-31.01330564670836,-35.90737222340111,-39.59407142161184,-42.12097334971129,-43.69080875486484,-44.559812789229134,-44.99695814070588,-45.19155562935708,-45.18388707039728,-44.84847929947979,-43.96063470704863,-42.31052101180981,-39.7983023800471,-36.47578023778581,-32.5266418918305,-28.217475002261597,-23.839028557869685,-19.654956944434183,-15.862040730844065,-12.564285048426353,-9.76110606405198,-7.344345346258095,-5.11624770152221,-2.8599396539111086,-0.4415951300596382,2.1408956018212155,4.773614503697491,7.266838027990425,9.398583650451847,10.95783206317543,11.78134514254526,11.781372064405438,10.957910061584837,9.398705577091526,7.266991574142595,4.773791649961637,2.1410945672334227,-0.4413917624209524,-2.8597456092601323,-5.116047251649102,-7.344131158797652,-9.760892590302095,-12.564087327666115,-15.861851698946854,-19.65477093537749,-23.83885190068339,-28.217308467223795,-32.52648168798931,-36.4756243394542,-39.79814470109349,-42.31036092811487,-43.96050514684936,-44.848338020034426,-45.183690049265046,-45.19140818165014,-44.99686227073112,-44.55975182660131,-43.69068242802573,-42.12087766855196,-39.594029288506896,-35.907353595324494,-31.013327057269848,-24.837239528172315,-18.26639268304893,-11.348750933090534,-1.8390365897291852
-1.8584741424860665,-11.376830294120298,-18.298732867625365,-24.87714772350503,-31.05442171312764,-35.94793091743443,-39.62996787875138,-42.15082287263512,-43.714710947893685,-44.57861369772491,-45.01160071329686,-45.20250041732578,-45.1909000535806,-44.85098888230054,-43.95822776562518,-42.30321256581821,-39.7865515427145,-36.46035084316416,-32.50842717483847,-28.197367063258152,-23.81782819125677,-19.633313930292218,-15.840427033079704,-12.542993405031051,-9.740279834118375,-7.324049337488586,-5.096536956317716,-2.8409133371342965,-0.4234028195144154,2.158078043809125,4.789628931625466,7.281610337128094,9.412193676997594,10.970535176287235,11.793555431753031,11.793582637970882,10.970614040679216,9.412316848214168,7.281765520399395,4.789807961006098,2.1582787831408194,-0.4231971700036645,-2.8407168981071163,-5.09633472459645,-7.323832996947532,-9.740064613197632,-12.542793622918008,-15.840235984851592,-19.633126305999287,-23.817649944197207,-28.197199061809236,-32.50826569392137,-36.46019372565081,-39.78639265710615,-42.30305128121817,-43.95809676940908,-44.85084648344739,-45.1907015448303,-45.202352017027074,-45.01150322770847,-44.57855175229297,-43.71458325044638,-42.15072628868015,-39.62992504684114,-35.94791188133808,-31.054443173561207,-24.877188253598987,-18.29879489508328,-11.377018470724796,-1.8587187599417296
-1.877994185674416,-11.405047699299052,-18.33118949421869,-24.91722906178528,-31.095644026095137,-35.98857429723955,-39.665913782196704,-42.1807007567472,-43.73862498525476,-44.59741542251357,-45.026234373868,-45.21342857794107,-45.19788742921666,-44.853464286843646,-43.955775510032986,-42.29584888200303,-39.77473590844642,-36.44485511744741,-32.49014926669191,-28.17720305282681,-23.796580714113155,-19.61163121886115,-15.818780263312684,-12.521674913280078,-9.71943284102019,-7.303738126988353,-5.076818372669826,-2.821886693079828,-0.4052209594094018,2.175235918745604,4.805602435093764,7.296325680754795,9.42573220205967,10.983161113411567,11.805680312277994,11.805707786129076,10.983240770808772,9.425856605773928,7.296482549014458,4.805783441701658,2.1754385665660005,-0.4050134308991764,-2.8216878974083173,-5.076613609264719,-7.303520177074096,-9.7192158767432,-12.52147297518998,-15.818587203800789,-19.611441970786075,-23.79640088807108,-28.17703357783732,-32.489986475248735,-36.44469672160411,-39.77457578043225,-42.295686528464216,-43.955642933709534,-44.8533201142301,-45.197688609922814,-45.21327899842779,-45.026135331699294,-44.59735130251932,-43.73849680638951,-42.180603260893896,-39.665870152869424,-35.98855491028762,-31.09566554971791,-24.917269945075365,-18.33125196585977,-11.405237462459908,-1.878240734277669
-1.8976239456500783,-11.433380631366896,-18.36383487855321,-24.957549626679874,-31.13706938955437,-36.029384791116605,-39.70197509790477,-42.210658151462106,-43.76259274639399,-44.6162523075728,-45.04089220824555,-45.22437184862931,-45.2048823455731,-44.85593765386508,-43.95331296357697,-42.28846550483328,-39.762892069208746,-36.429319949219256,-32.47182123611937,-28.156979724910283,-23.77526674719441,-19.58987775759228,-15.797060155236288,-12.500281775331205,-9.698510420565157,-7.283351317439553,-5.057022456821286,-2.802781767347514,-0.3869581693087408,2.192478151917968,4.821663182302933,7.311127279375096,9.439351658327256,10.99585604858117,11.817870112206926,11.817897862343628,10.995936477419546,9.439477270247563,7.311285811271756,4.821846086859458,2.192682587699367,-0.3867483487602337,-2.8025806819550376,-5.056815940633316,-7.283131177286703,-9.698291651786793,-12.500077826281217,-15.79686511292748,-19.58968689724839,-23.77508535506307,-28.156808789591164,-32.47165712164538,-36.42916030088469,-39.76273078339728,-42.28830193068759,-43.953178982811465,-44.85579244553323,-45.204681836741,-45.22422131955685,-45.04079159424953,-44.61618740251316,-43.76246307985989,-42.210559809020594,-39.70193089782316,-36.0293650064462,-31.137091004796574,-24.957590893400205,-18.36389787941804,-11.433572170893848,-1.897872677972392
-1.916986262199699,-11.461600837994856,-18.39648358186988,-24.99796694734273,-31.17856848313804,-36.07025053124503,-39.738062117308665,-42.24062555591791,-43.786557576446825,-44.63507861050865,-45.05553004114691,-45.23528779049373,-45.21183991119094,-44.85836531157076,-43.9507924006901,-42.28101389579725,-39.75097180101981,-36.41370998563207,-32.45342651824751,-28.13670229169321,-23.75391314446048,-19.56809648803557,-15.775322048077994,-12.478879804163796,-9.6775878456895,-7.262972017197126,-5.037244905707971,-2.783705741499729,-0.3687399586764369,2.2096550542176003,4.837636800688333,7.325821132453411,9.45284542571906,11.00842176543975,11.829921179021646,11.829949225348573,11.008503027703116,9.45297230216666,7.325981364066524,4.837821768316969,2.2098616374371702,-0.368528521103339,-2.7835022945550105,-5.037035116292472,-7.26275072940581,-9.677367270623431,-12.478673559912488,-15.77512494004142,-19.567903937410826,-23.75373014025884,-28.13652983770679,-32.45326101756836,-36.41354899809734,-39.75080924134328,-42.28084939261875,-43.95065667958958,-44.858217665589294,-45.211640359390806,-45.23513579950743,-45.05542790306159,-44.63501029512836,-43.786428419705935,-42.24052627351338,-39.738016900750935,-36.07023043138352,-31.17859015318501,-24.9980085929256,-18.39654702539985,-11.46179392913539,-1.9172368803147075
-1.9364313698791455,-11.489916059961486,-18.429305944745145,-25.038614465720663,-31.22026350181996,-36.11127627114826,-39.77425875362596,-42.27066768411629,-43.81057189770348,-44.65393602042282,-45.07018809691885,-45.24621493449956,-45.21880135448794,-44.86078771408014,-43.94825895752049,-42.27354080471635,-39.73902174203669,-36.39805988859327,-32.43498178676149,-28.1163668338845,-23.73249567376417,-19.54624807925636,-15.753515066041274,-12.457408256501653,-9.656595468664111,-7.242523203699462,-5.017396844717466,-2.764558992605205,-0.3504496111176413,2.226905917421935,4.853685443344134,7.340587635567333,9.466406329382323,11.02104374318906,11.842024600577496,11.842052907800268,11.02112588750178,9.466534539026194,7.340749635537695,4.853872385345124,2.227114605361278,-0.3502360906196293,-2.7643532326406928,-5.017184369553088,-7.242300226394622,-9.656372938170158,-12.457199797497603,-15.753315864532851,-19.546053793939343,-23.73231100312395,-28.11619281744682,-32.4348148775623,-36.397897555093856,-39.738857872317325,-42.27337514535248,-43.94812151406025,-44.86063829145543,-45.2186013411844,-45.24606173857918,-45.07008427200441,-44.65386554036797,-43.81044212443838,-42.27056747221599,-39.77421268153169,-36.11125582077172,-31.22028522126136,-25.03865649117193,-18.429369754470557,-11.490110664277074,-1.9366838669136728
-1.9557975013759776,-11.518230770955078,-18.46222339362973,-25.0794331961891,-31.26210150873617,-36.15241610685701,-39.81052814357989,-42.30075605062476,-43.83461262407501,-44.67280580887562,-45.084848311556826,-45.25713581824151,-45.22574799323764,-44.86318604906898,-43.945691482627694,-42.26602437588758,-39.72701983506887,-36.38235318671704,-32.41647867546973,-28.09597432806558,-23.71102466789768,-19.52434984959555,-15.731661883319152,-12.435894285490695,-9.635564543955514,-7.222039704951098,-4.997518344980231,-2.745386683408352,-0.3321402007645591,2.244167471988216,4.869735170607876,7.355344541103752,9.479946081760652,11.033637210886331,11.85409292167198,11.854121518294248,11.033720219287854,9.480075641425806,7.355508293922194,4.869924071880606,2.2443783215278974,-0.3319246185801811,-2.745178686183422,-4.997303100099686,-7.2218150054401535,-9.635340073719115,-12.435683640593629,-15.731460561614734,-19.52415381995292,-23.710838329956434,-28.095798752679567,-32.416310379107365,-36.38218951479698,-39.72685469283092,-42.26585761159749,-43.945552356014126,-44.86303487732621,-45.22554761237366,-45.25698144663355,-45.08474281827229,-44.67273313247847,-43.8344823275588,-42.300654926986425,-39.81048117296356,-36.15239527136909,-31.26212328410153,-25.079475609497063,-18.462287664958577,-11.5184269577803,-1.956051921592504
-1.9753567493441224,-11.546701748712149,-18.495369515645603,-25.120530265696743,-31.30418032193705,-36.193752967914506,-39.846937123628265,-42.33094263877355,-43.8587214699436,-44.6917230608028,-45.09954278712687,-45.26808066804151,-45.23270969842862,-44.86559002878885,-43.94312254993022,-42.25849807965344,-39.71500377806674,-36.3666177282777,-32.3979314914884,-28.075522415712182,-23.68948105263225,-19.50237120234224,-15.709722773318031,-12.41429083583598,-9.614441308488615,-7.2014613306090185,-4.977541210310008,-2.7261116854822816,-0.3137214698912071,2.261546466115141,4.885912842748836,7.370234242987413,9.49361779714724,11.046347468692405,11.866275987764892,11.866304868120055,11.046431340773228,9.4937487063236,7.370399824536711,4.886103739235007,2.261759450185548,-0.313503521945733,-2.7259013318374614,-4.977323587684049,-7.201234702882805,-9.614214647230687,-12.414077954640549,-15.70951936607006,-19.50217337263341,-23.68929299214019,-28.075345237828486,-32.397761745439944,-36.36645266139285,-39.71483729268655,-42.25833007411703,-43.94298169822722,-44.86543728032404,-45.232508419159565,-45.26792509866774,-45.0994355001584,-44.691648539527726,-43.8585902197386,-42.33084057995433,-39.84688931526059,-36.19373174607314,-31.30420214149374,-25.120573058169526,-18.49543416626699,-11.546899471255788,-1.9756130829044136
-1.994781487257538,-11.575136891114225,-18.528581211836045,-25.16177833377236,-31.346385430350196,-36.235188842642174,-39.88340666831416,-42.36116590609895,-43.88284876131598,-44.71064562682908,-45.11423257504416,-45.27901264342349,-45.23964995909778,-44.86796350356315,-43.94051268873724,-42.25092178335238,-39.70292812437916,-36.35082009757652,-32.37932293427087,-28.05501372967885,-23.66788761153172,-19.48034883617816,-15.687745529608568,-12.392654480628124,-9.59329037293369,-7.1808603601105565,-4.95754737462004,-2.7068267217707365,-0.295302078937881,2.278914361473747,4.902065365063123,7.38508503842067,9.50723710928426,11.059000264851392,11.878394205113867,11.87842340940869,11.059085073625154,9.507369410632792,7.38525240487502,4.902258201845772,2.2791295420840183,-0.2950818118405984,-2.706614056382588,-4.957327194246829,-7.180631821239437,-9.593061599277489,-12.392439376476082,-15.687539978740832,-19.480149185079654,-23.667697815140794,-28.05483492736217,-32.3791517513954,-36.35065367844346,-39.702760334965774,-42.25075256705171,-43.94037008877832,-44.86780906426598,-45.23944800154599,-45.27885592156829,-45.1141236123672,-44.71056909233929,-43.882716688617705,-42.36106284783657,-39.88335795213655,-36.23516721153639,-31.346407297399708,-25.16182153079719,-18.528646337784217,-11.575336259388363,-1.9950398456043568
-2.0142077963646523,-11.603614389675275,-18.56192575490125,-25.203232899168217,-31.388768327589617,-36.27676746643454,-39.91997213244986,-42.3914533741804,-43.90701650747829,-44.72959198007201,-45.128934416504976,-45.289947274391565,-45.24658371650212,-44.87032093136016,-43.937877489245416,-42.24331143927386,-39.69081099640584,-36.33497352023444,-32.360659327803056,-28.034446027784597,-23.64623366239172,-19.458266338016596,-15.66570925962254,-12.370960714554196,-9.572083963889188,-7.160205934172294,-4.937502007525683,-2.6874925786221384,-0.2768363663290578,2.296324924059384,4.918256454792838,7.399968379323868,9.520880833961144,11.07166857617296,11.890522588689713,11.890552045592823,11.071754164033356,9.521014535076326,7.400137632658295,4.918451282133738,2.296542265754018,-0.2766137775904324,-2.687277639273548,-4.93727937226353,-7.159975325602968,-9.571853060584507,-12.370743434482842,-15.665501573217115,-19.4580648699193,-23.64604214886841,-28.03426561037668,-32.36048667587875,-36.33480572212386,-39.69064193563365,-42.2431410736699,-43.93773319636467,-44.87016482709,-45.24638105614741,-45.289789363862205,-45.12882380927008,-44.7295134994013,-43.90688367245952,-42.3913493551832,-39.91992251985858,-36.276745422560985,-31.3887902563445,-25.203276527575632,-18.561991447606744,-11.603815564127837,-2.0144683798710075
-2.0336087469936945,-11.632116220209475,-18.59538728097248,-25.24488176485292,-31.431318650112328,-36.31847961747751,-39.95662588402004,-42.42179854609222,-43.93121901653876,-44.74855680562067,-45.1436435284005,-45.30088017453199,-45.25350721664032,-44.87265913666905,-43.93521415879484,-42.23566449706223,-39.678648981478894,-36.31907551718664,-32.341939565930645,-28.013820333009495,-23.62452215372165,-19.43612780268551,-15.643618962905386,-12.349215274151828,-9.550828425410533,-7.139504855265153,-4.91741280359929,-2.668117710063009,-0.2583339499060239,2.3137669779152086,4.934472516652021,7.41486862646849,9.534532219541704,11.084336141191478,11.902645027323183,11.902674823999812,11.084422687461004,9.534667330340891,7.415039696040835,4.934669315000116,2.313986588300003,-0.2581089543519599,-2.6679004850522854,-4.91718760541346,-7.1392722685243255,-9.550595286867784,-12.348995744219987,-15.643409115791052,-19.435924466561723,-23.624328872628983,-28.013638271472807,-32.34176546058568,-36.31890634564148,-39.678478573903774,-42.23549284301709,-43.93506815761953,-44.872501482179686,-45.25330368166772,-45.30072108065824,-45.14353118084894,-44.74847650528001,-43.93108523484642,-42.42169356653654,-39.956575385934414,-36.31845715240588,-31.431340637372355,-25.244925829997264,-18.595453511000937,-11.632319167956172,-2.033871529499504
-2.052942792746147,-11.660618377571785,-18.62894640454592,-25.28671211374053,-31.474025536332583,-36.36031546228207,-39.99336011777106,-42.452195695007774,-43.9554519327138,-44.76753678889797,-45.15835668103934,-45.31180816202748,-45.26041683930319,-44.87497418004131,-43.93251804546122,-42.22797600994011,-39.6664371528752,-36.30312250762773,-32.32316184661591,-27.993136723245332,-23.602755247733896,-19.413937066677025,-15.621479816266104,-12.327424404616592,-9.52953106805844,-7.118765634587182,-4.897289010962718,-2.64871284138384,-0.2398074547838843,2.3312257352820525,4.950696545733466,7.429767108103513,9.548171425690413,11.096984542040571,11.914742374472755,11.91477246110798,11.097072005190398,9.54830799562659,7.429940110264534,4.95089536710532,2.3314476357311795,-0.2395798708113551,-2.648493315250008,-4.8970614533811965,-7.11853070279579,-9.529295644635752,-12.32720265438709,-15.621267735693827,-19.41373181260056,-23.602560162786503,-27.99295297646114,-32.32298621571742,-36.30295187869277,-39.66626537250884,-42.227803070853895,-43.93237026521535,-44.87481484524648,-45.26021248687855,-45.3116477925268,-45.15824257639277,-44.76745449196638,-43.9553172762969,-42.45208968500679,-39.99330868758924,-36.360292574403104,-31.47404756662638,-25.28675660809183,-18.629013092440022,-11.660822972072909,-2.0532076320671564
-2.072255215093544,-11.689145225854622,-18.662625005571883,-25.328742659001566,-31.516906355498666,-36.402288819198645,-40.03018570800936,-42.48265321664823,-43.97972203924353,-44.786537587533765,-45.17307894215639,-45.32273583271124,-45.26731701910084,-44.87727042296826,-43.92979407659274,-42.22025126777421,-39.65418229406152,-36.2871198537179,-32.304329540119696,-27.97239576427407,-23.580930544040964,-19.39168979932922,-15.599285985875005,-12.305581021960275,-9.508183618095334,-7.097978820045619,-4.8771200269376696,-2.629265704119294,-0.2212422324038153,2.348718839834851,4.966950160420245,7.444688755293809,9.561825645367607,11.109639271791348,11.926840962116518,11.926871402575316,11.10972766964636,9.561963715075263,7.444863690050917,4.967151023764454,2.34894309022133,-0.2210119310181143,-2.62904384879825,-4.876890206059287,-7.097741368212598,-9.50794588088996,-12.305357038056954,-15.599071617532376,-19.39148258024432,-23.58073361022123,-27.972210286874017,-32.30415236175027,-36.28694773600595,-39.65400907337938,-42.22007692001395,-43.92964440152452,-44.87710934346356,-45.26711190800807,-45.32257412797595,-45.17296293478889,-44.7864530846118,-43.97958648419881,-42.48254620989808,-40.03013341196575,-36.40226553589749,-31.516928442596143,-25.328787560376075,-18.662692094951492,-11.689351483467734,-2.072522173343416
-2.0914977349853565,-11.717669612863064,-18.69640001368293,-25.370957649512444,-31.559948295556616,-36.444389129186014,-40.067094760391946,-42.51316532896142,-44.00402486307446,-44.80555548574451,-45.18780700227643,-45.333660123938046,-45.27420462525656,-44.87954440491133,-43.92703783057831,-42.21248520245432,-39.64187736301894,-36.2710617869863,-32.28543863653927,-27.95159607676274,-23.559049571135574,-19.36938945751068,-15.577042470718702,-12.283691352915834,-9.486793400749498,-7.077152906727563,-4.856915490608418,-2.6097875527771874,-0.202651940427179,2.3662296887108707,4.983212879645055,7.459610064844907,9.575469515281473,11.12227712772652,11.938917052873489,11.93894784115858,11.12236651562868,9.575609111392444,7.459786941438187,4.9834157532655885,2.3664562845605754,-0.2024187541951776,-2.6095634666822125,-4.856683588349494,-7.076912583735771,-9.486553383261656,-12.283465213945002,-15.576825747729224,-19.369180251939127,-23.55885077987387,-27.951408862109613,-32.28525990838943,-36.27088819805048,-39.64170272645321,-42.21230948633706,-43.926886302682135,-44.879381607310506,-45.273998812607466,-45.333497086899136,-45.18768917541343,-44.80546882363154,-44.00388849542417,-42.51305724363082,-40.06704147052059,-36.44436540187896,-31.55997041873323,-25.37100299168911,-18.69646758406093,-11.717877559021774,-2.0917668096236106
-2.1106334736574377,-11.746169491075628,-18.730250118547094,-25.4133403952402,-31.603136312208303,-36.48660264297004,-40.10407549161849,-42.54372191642249,-44.028351607279845,-44.82458277220757,-45.20253384935764,-45.34457470702572,-45.28107403291346,-44.88179149513228,-43.92424522810933,-42.20467415286219,-39.62951832716482,-36.25494565155228,-32.26648839815331,-27.930739512736384,-23.537116603730965,-19.347041887191505,-15.554756212564522,-12.26176336033873,-9.465369284943668,-7.05629757787766,-4.836686191786569,-2.5902902190693835,-0.1840499799943717,2.383742659117112,4.9994663118557225,7.4745101890878685,9.589080343819086,11.134876444107483,11.950948672622385,11.950979814618918,11.13496681385327,9.589221446191477,7.474689014518376,4.999671213961537,2.383971633731306,-0.1838138546178133,-2.590064031140305,-4.836452260544362,-7.056054157229959,-9.465127053454609,-12.26153513282053,-15.554537094340825,-19.346830689760317,-23.536915958290507,-27.93055056282784,-32.26630812762995,-36.25477058466281,-39.62934226374182,-42.20449711261692,-43.92409184995471,-44.8816269142606,-45.28086768656334,-45.34441030600483,-45.2024141981031,-44.824493790694405,-44.02821458494457,-42.54361281540646,-40.10402121358466,-36.48657848333829,-31.603158489181546,-25.41338619609308,-18.73031822270161,-11.746379241997063,-2.110904815150091
-2.1297470843296136,-11.774689749418473,-18.764218154948065,-25.455926860027965,-31.646504253875108,-36.52895769178683,-40.141151136959856,-42.57434170053921,-44.05271781301845,-44.8436325758556,-45.21727133151485,-45.35549034268574,-45.28793538693411,-44.88402098583897,-43.921426059943634,-42.196827958446455,-39.61711743655175,-36.23878063079199,-32.247483987711576,-27.90982573922077,-23.51512565545581,-19.324637430173524,-15.53241486414398,-12.239782361001884,-9.443894435085452,-7.0353936861425925,-4.816410837935215,-2.5707493578108447,-0.1654075431559724,2.401292138123995,5.015751959324372,7.4894365142027315,9.602710387626733,11.147486176242236,11.962986517258312,11.96301801047453,11.147577497196789,9.602853046221124,7.489617332622224,5.015958930446423,2.4015235668817243,-0.165168498627409,-2.5705210410539263,-4.816174659503779,-7.035147293102428,-9.443649886173771,-12.239551979911576,-15.532193331598094,-19.324424196268826,-23.514923119981944,-27.909635021197406,-32.2473021300835,-36.23860404682494,-39.61693990675089,-42.196649538392656,-43.92127079896463,-44.88385464408104,-45.28772838631467,-45.355324550440905,-45.21714977598086,-44.843541303859695,-44.052580034584416,-42.57423157338295,-40.1410958760132,-36.52893309637963,-31.64652648284651,-25.45597312023705,-18.764286771787116,-11.774901292076118,-2.130020696801168
-2.148960203900286,-11.803295358958009,-18.79836508334055,-25.498769270439727,-31.690102421628385,-36.571497671620754,-40.17835752450026,-42.60505352396304,-44.07714706088658,-44.8627247350509,-45.23203673211815,-45.36642226905274,-45.29480208213957,-44.88624445900473,-43.918591454490944,-42.18895743443098,-39.60468753150143,-36.22257541692772,-32.22842834503344,-27.888850138425852,-23.493064672805524,-19.30215921156027,-15.509998107990183,-12.217724999585483,-9.422342745931733,-7.014412342050646,-4.796057584577418,-2.5511294813461336,-0.1466839644307355,2.4189254926656707,5.032125502822799,7.504451958869613,9.616427943701156,11.160171123256106,11.975096670363346,11.975128519543578,11.16026346918875,9.616572152757234,7.504634789360102,5.032334616361496,2.419159461645996,-0.1464420806897944,-2.550898856246203,-4.795818908635467,-7.014163270758275,-9.422095712656054,-12.2174923270664,-15.509774158824214,-19.301943880391025,-23.49286019805828,-27.888657609477757,-32.22824486979521,-36.22239728418731,-39.60450850637,-42.18877759344472,-43.91843430433582,-44.8860763900739,-45.2945942774124,-45.36625508499628,-45.2319132639257,-44.86263127234759,-44.07700837560369,-42.60494233313331,-40.17830124624082,-36.57147261477903,-31.69012469692877,-25.49881598583132,-18.79843419131832,-11.80350861676462,-2.1492359904555576
-2.1680067542202965,-11.831842121617528,-18.83255646040444,-25.54176009118426,-31.73383160244154,-36.61413676512478,-40.21562405160376,-42.63580030749365,-44.101592016084645,-44.88181889333448,-45.246794015204536,-45.37733794394112,-45.30164424110343,-44.88843489041711,-43.91571389559498,-42.18103533124486,-39.59219537773931,-36.20630607001952,-32.20930983864364,-27.86781759715792,-23.470955283072477,-19.27963985414754,-15.487546586561107,-12.195638937539018,-9.400768234197988,-6.993414247209954,-4.775693565495109,-2.5315063497742654,-0.1279672411734352,2.436539391616238,5.0484640923693656,7.519417188833688,9.630080851022193,11.172787916374702,11.987132012656671,11.987164232903538,11.172881253352353,9.630226662187724,7.519602064800211,5.048675332569983,2.4367759265924778,-0.1277222858204771,-2.531273618484832,-4.775452665028293,-6.993161900516505,-9.4005188335771,-12.19540409462302,-15.487320123464642,-19.27942240306288,-23.470748853938865,-27.867623237563656,-32.20912472665263,-36.20612636106186,-39.59201481274452,-42.18085404272514,-43.915554817232255,-44.88826500925937,-45.301435747496754,-45.377169328086,-45.2466686164258,-44.88172305349297,-44.10145251283771,-42.63568802671384,-40.21556674527583,-36.61411125369584,-31.733853929249257,-25.54180727403151,-18.83262609012374,-11.83205718628324,-2.168284839968108
-2.187096011705262,-11.860439648451983,-18.86689616167293,-25.58498504852935,-31.77777269897873,-36.656944160300576,-40.25300767956682,-42.66662802177119,-44.12609074534512,-44.900947323901526,-45.2615719311235,-45.38826320626828,-45.30848560138271,-44.89061372104783,-43.912815261892526,-42.1730832456495,-39.57966720537597,-36.189991497485785,-32.19013775914495,-27.84672448263221,-23.44878071068802,-19.25705393679076,-15.46502865803424,-12.173487033012684,-9.379128749028943,-6.972351855059102,-4.755266196766268,-2.5118204431387987,-0.1091880023374562,2.454215534392426,5.064864923115292,7.534442599173124,9.643790280280086,11.1854509571469,11.999210213334976,11.999242816539333,11.18554534127769,9.64393773824929,7.534629578628648,5.06507837024643,2.4544547488738875,-0.1089399905791994,-2.51158544337816,-4.755022791810153,-6.972096462493935,-9.378876791160732,-12.17324987756922,-15.46479964685845,-19.25683428314415,-23.448572254262032,-27.84652821943082,-32.18995093401468,-36.18981016398561,-39.57948508099552,-42.17290041904664,-43.91265415291789,-44.89044200249401,-45.30827620798354,-45.38809313775682,-45.26144448009253,-44.90084914483696,-44.12595020276057,-42.66651459950109,-40.25294930875095,-36.656918170516256,-31.77779504531916,-25.585032678800864,-18.866966181527044,-11.860656306073562,-2.1873761540187853
-2.2061355510373235,-11.889038369583384,-18.90133886252352,-25.628409365453987,-31.821894345683063,-36.699892318221245,-40.29048569148136,-42.69751830841327,-44.15062801834122,-44.92009706035533,-45.27635874408323,-45.399187326581206,-45.315315892271975,-44.89277112316164,-43.90988508235409,-42.165090596159125,-39.56709105168522,-36.17362290536549,-32.17090766840756,-27.82557194172204,-23.426547671550523,-19.23441203310148,-15.442457704198215,-12.151285121930687,-9.357442338313769,-6.951245587120422,-4.7347981631547125,-2.492097488190144,-0.0903761947598271,2.47191874254397,5.081286461917416,7.549481458229272,9.657505186100062,11.198111850356032,12.011281627876912,12.01131461267932,11.198207276604387,9.657654291665937,7.549670530721315,5.081502098507683,2.472160621918789,-0.0901251648830243,-2.491860250209599,-4.734552254216624,-6.950987131295432,-9.357187841018703,-12.15104566715618,-15.44222615650379,-19.23419018476872,-23.426337206494537,-27.825373800092223,-32.17071915952735,-36.173439961922405,-39.56690738726064,-42.164906305198734,-43.90972204406488,-44.89259762731764,-45.31510563315563,-45.39901580535547,-45.2762293487896,-44.91999665096595,-44.15048653515607,-42.69740373799521,-40.29042620209679,-36.69986582356215,-31.821916718116665,-25.628457479759955,-18.901409409077377,-11.889256806581203,-2.2064179692776684
-2.2251230186243487,-11.917634877227597,-18.93588230373126,-25.672032249171902,-31.866196340328948,-36.74298021537631,-40.32805715597052,-42.728470485040575,-44.175203453497794,-44.93926788093356,-45.29115435816756,-45.41011031656135,-45.322135380116414,-44.89490764657175,-43.90692418989038,-42.15705828766925,-39.55446792786904,-36.15720143716072,-32.15162086004552,-27.80436131879312,-23.40425753251182,-19.211715503950494,-15.419835107493208,-12.129034567869182,-9.335710325449236,-6.930096677497335,-4.714290624866044,-2.472338460009282,-0.0715325533749667,2.4896485958133896,5.097728696349471,7.56453424564899,9.67122681240358,11.21077230447745,12.023348305495396,12.02338161306676,11.21086873243366,9.671377578234983,7.564725487345528,5.097946582902946,2.489893176071039,-0.0712785116849836,-2.472098989525387,-4.714042124387621,-6.929835114615054,-9.335453257780742,-12.128792796055132,-15.419600995042856,-19.2114914317612,-23.404045040258566,-27.804161273256597,-32.15143061205483,-36.157016836762864,-39.55428273013367,-42.156872571204886,-43.90675920642814,-44.89473234413733,-45.32192422241306,-45.4099373227868,-45.29102301843956,-44.939165234021125,-44.17506102886806,-42.7283547584356,-40.327996530777895,-36.74295320407513,-31.866218740689824,-25.67208086098652,-18.9359534098902,-11.917855151148856,-2.225407784755405
-2.2440934260752794,-11.946246592249928,-18.97054275138187,-25.715869067057582,-31.91069447513961,-36.7862213504198,-40.3657331681321,-42.75949327047458,-44.19982390199413,-44.95846534808785,-45.30596338268919,-45.42103600809365,-45.32894716258178,-44.89702583934408,-43.90393487224206,-42.148988579266,-39.541800236876725,-36.140728386925645,-32.132277039222515,-27.78309038569869,-23.381906202835705,-19.188959021995576,-15.3971546710667,-12.106728422268246,-9.313925064443955,-6.908896802221924,-4.693734427727354,-2.452533358311822,-0.0526458432596326,2.5074179916361072,5.114206425618296,7.579617448156678,9.684972747484103,11.223449203202904,12.035427236334334,12.035460917985908,11.22354668367529,9.685125209161145,7.579810875650224,5.114426613129773,2.5076653574128978,-0.0523887025117826,-2.452291554650615,-4.693483313943429,-6.9086320535951815,-9.313665360067183,-12.106484256168162,-15.39691793392132,-19.18873265946942,-23.38169162145452,-27.782888384679257,-32.132085020242165,-36.14054209553941,-39.54161342410203,-42.14880131903004,-43.903767855825954,-44.8968486493079,-45.32873511354146,-45.42086146594585,-45.3058299735384,-44.95836029981826,-44.19968048531173,-42.75937638126705,-40.36567141708719,-36.78619383380926,-31.91071689746627,-25.71591816139241,-18.970614336827573,-11.94646862534117,-2.2443804834127614
-2.262979556350491,-11.97483811601066,-19.005286886254325,-25.75989480709514,-31.955366509055445,-36.82959655284161,-40.40349825922037,-42.79057410190672,-44.22447883575239,-44.977680302217415,-45.32077781277164,-45.43195731975791,-45.3357450119668,-44.89912006243021,-43.90091141130743,-42.14087559115176,-39.52908018719003,-36.12419785781655,-32.11287294460912,-27.76175981825562,-23.35949848299612,-19.16615006543052,-15.374425797164877,-12.084377838497474,-9.292099238788188,-6.887660163579072,-4.67314546941012,-2.4326999205251485,-0.0337365190701394,2.5252029030573127,5.1306910614564165,7.594698230140179,9.698707151971364,11.236108480798032,12.047483771157395,12.047517790971858,11.236207026541694,9.6988613243645,7.594893870531032,5.130913535861879,2.525453091186804,-0.0334762341253259,-2.432455919518056,-4.672891651500084,-6.887392135074474,-9.291836904395662,-12.08413128758746,-15.374186408118549,-19.16592139944465,-23.35928180359352,-27.76155584854856,-32.112679133725074,-36.12400987130314,-39.5288917883844,-42.14068679653282,-43.90074239823959,-44.8989410610788,-45.33553196817487,-45.4317812563528,-45.32064237759358,-44.97757300566927,-44.224334376027606,-42.79045599708456,-40.40343532357569,-36.82956849325904,-31.955388944262246,-25.75994441039505,-19.00535902962433,-11.975061997495668,-2.2632690058344385
-2.2818204105922133,-12.003428295954023,-19.04013386386654,-25.804126592338356,-32.000229389888254,-36.87311965919663,-40.44136364148818,-42.82172208347127,-44.24917586894974,-44.99691929842287,-45.33560323762161,-45.44287905485056,-45.342532920242654,-44.90119364037125,-43.89785687541229,-42.132722285664286,-39.51631193279226,-36.10761288389842,-32.0934101028061,-27.740368788145556,-23.337031091492957,-19.14328382186823,-15.351642618012184,-12.061975972624545,-9.270225118328344,-6.866378140642279,-4.652514099066864,-2.412827375268188,-0.0147921338363839,2.5430180348111344,5.1472002888411525,7.609797170610151,9.712452798608698,11.248772129347245,12.059540385596746,12.059574802166932,11.248871783291518,9.712608724847604,7.60999503833636,5.147425087632675,2.5432711373019457,-0.0145286115120655,-2.412581174248781,-4.6522575455795145,-6.866106711794183,-9.269960128110212,-12.061726979820689,-15.351400513045135,-19.14305280233547,-23.336812265786897,-27.740162812450063,-32.09321447866195,-36.10742315534571,-39.51612184973834,-42.13253188024673,-43.89768583170885,-44.90101280106907,-45.3423188802666,-45.44270142201771,-45.33546573773247,-44.99680967740586,-44.24903032673689,-42.82160275295902,-40.44129953430901,-36.87309105834172,-32.00025184417127,-25.804176688209065,-19.04020653110249,-12.003653992098386,-2.282112225379124
-2.300645254895785,-12.032029725760507,-19.075099386427556,-25.8485784238718,-32.04529777292295,-36.91680279927639,-40.47933929475719,-42.85294548079575,-44.2739222649934,-45.01618867925748,-45.35044531777781,-45.45380611155938,-45.34931508086149,-44.903249672413054,-43.89477388103622,-42.124530651370925,-39.5034991047769,-36.090975896134296,-32.07389000993078,-27.7189169752482,-23.31450150874849,-19.1203565412048,-15.328800643117898,-12.039517508597983,-9.248296696913524,-6.845043869287789,-4.631832766072976,-2.3929071613893864,0.0041974591398865,2.5608756593239748,5.163749145303642,7.624932130591158,9.726230243107562,11.261459261498022,12.0716172637501,12.071652063504793,11.26156003008037,9.726387939271806,7.625132249078824,5.163976306849057,2.561131733229633,0.0044641527340516,-2.392658618076908,-4.63157328049816,-6.844769273430326,-9.248028935274135,-12.039265977390874,-15.32855582896688,-19.120123127047865,-23.31428049994882,-27.71870895328677,-32.07369253347455,-36.0907844269329,-39.50330735392432,-42.124338591524086,-43.89460075426981,-44.903066960675545,-45.34909992925122,-45.453626900287546,-45.350305709047376,-45.01607674417384,-44.273775521304174,-42.85282493568854,-40.47927404517507,-36.91677365587376,-32.04532024875448,-25.84862902043919,-19.07517257555253,-12.032257275461957,-2.30093951023494
-2.319519879691074,-12.060672165017538,-19.110212439526467,-25.89327508500193,-32.09059605916954,-36.96066649311432,-40.51744192792117,-42.88425762005654,-44.29872883303855,-45.035497234305055,-45.365311705803165,-45.46474525632947,-45.3560976994137,-44.9052938008055,-43.891668179154365,-42.1163066734505,-39.4906484544095,-36.07429201449348,-32.05431517900814,-27.697403416073254,-23.29190527139318,-19.097361310810182,-15.305891264833882,-12.0169922877797,-9.226302426239272,-6.823644256090075,-4.611086643593675,-2.372922372099833,0.0232520977443936,2.5787994780793446,5.180365637031488,7.640135144480102,9.740074879833656,11.274204224317822,12.083749362543152,12.0837845504077,11.274306107382602,9.74023438899002,7.640337568892532,5.180595247289829,2.5790586003547644,0.0235219004356417,-2.3726712579765,-4.610824034823423,-6.823366799306385,-9.226031620761546,-12.016738096194848,-15.30564375298916,-19.097125430924184,-23.29168202033061,-27.697193298721405,-32.05411580033574,-36.074098754112754,-39.49045501151109,-42.116112899729096,-43.89149298063595,-44.90510928477358,-45.3558811063115,-45.4645644621287,-45.365169936504245,-45.03538322574388,-44.29858060972673,-42.88413581820264,-40.51737552210463,-36.96063676763328,-32.09061853927891,-25.89332617916909,-19.110286107821228,-12.060901475569436,-2.3198164737438827
-2.338228647607942,-12.089250783854352,-19.14536702091208,-25.938133560966836,-32.13604647299465,-37.0046434397086,-40.5556162265635,-42.91561301623076,-44.323556776048434,-45.05481185680799,-45.38017274344776,-45.47567006669176,-45.36285673780378,-44.90730531730437,-43.88851943426444,-42.10803071884998,-39.47773472363537,-36.05754266694255,-32.03467544232366,-27.67583033289113,-23.269257826454417,-19.074322256387195,-15.282944480586549,-11.994435940375489,-9.204282838198344,-6.802225307753577,-4.5903271130978505,-2.3529312147990744,0.0423036532668631,2.5967083915193823,5.19695313465706,7.655295023042736,9.753863052661602,11.286890053136254,12.095816363101624,12.095851945879604,11.286993069477452,9.754024394127471,7.655499794790302,5.19718520380981,2.596970612255944,0.0425767897662978,-2.352677804556088,-4.590061519574935,-6.801944362884808,-9.20400923229969,-11.994179132395384,-15.282694154336244,-19.074083898724083,-23.26903231330746,-27.67561809673156,-32.034474135802895,-36.0573475611386,-39.47753950712513,-42.10783522595458,-43.88834211052818,-44.90711881949382,-45.36263901348935,-45.47548751921721,-45.38002879927441,-45.05469540058934,-44.32340737902219,-42.91548993281073,-40.55554863610792,-37.0046131664651,-32.1360689612865,-25.93818516044531,-19.14544114576613,-12.08948189573769,-2.3385276608290817
-2.356947226668765,-12.117849521811316,-19.180649453073645,-25.983225528805452,-32.181718746021666,-37.04879382968688,-40.59391208487271,-42.94705268264407,-44.34844087150504,-45.07416203960112,-45.39505466646649,-45.48660368125384,-45.36961294707664,-44.90930164757297,-43.88534412271435,-42.09971806661757,-39.46477683312314,-36.04074100209801,-32.0149768184915,-27.654193626832114,-23.24654450154548,-19.05121775485257,-15.25993403586716,-11.971817775137728,-9.182203339192956,-6.78074798718617,-4.569510808317289,-2.332884693227937,0.061409188013593,2.6146700627157404,5.213591937222108,7.670503802299863,9.76769707593176,11.299614052529106,12.107918352194506,12.107954352282816,11.299718229729695,9.767860302625577,7.670710925442893,5.213826449467368,2.614935449729589,0.0616856745331747,-2.332628936253965,-4.569242070950832,-6.7804637187787264,-9.181926787889674,-11.971558282571044,-15.259680885896769,-19.05097687651765,-23.2463166844969,-27.65397924075579,-32.0147735669872,-36.04054404709178,-39.46457985973813,-42.09952081761713,-43.88516467240122,-44.909113237586745,-45.36939386789638,-45.4864194477224,-45.39490854981028,-45.07404334768757,-44.34829008435778,-42.94692823807686,-40.59384324816944,-37.04876295172883,-32.18174121820848,-25.983277650848542,-19.180724089674413,-12.118082487407095,-2.357248723236071
-2.3756119272819403,-12.146436360792102,-19.21602882571554,-26.02852722647631,-32.22759103429319,-37.093098038994334,-40.63231326889728,-42.97856341942673,-44.37337018177239,-45.09353863298126,-45.40994934238056,-45.49753891051838,-45.37635979032444,-44.91127709342065,-43.88213651349288,-42.09136300375594,-39.45176801395661,-36.0238821823711,-31.995217200167662,-27.632494858444115,-23.22377054991193,-19.028055558408745,-15.236869357615872,-11.949148734169098,-9.16007620783824,-6.759226030902476,-4.548652918657632,-2.312799920105329,0.0805488556435285,2.6326611105906506,5.230254576758166,7.685730442779702,9.781543000055654,11.312344158065793,12.120022711002104,12.120059122644838,11.312449505253078,9.781708116992284,7.685939919339941,5.2304915245331065,2.6329296960992865,0.0808287298102721,-2.3125418659832917,-4.548380996016925,-6.758938400605977,-9.159796700684153,-11.948886542296352,-15.236613367620253,-19.02781214611303,-23.223540412088425,-27.632278311635112,-31.99501199953163,-36.0236833789429,-39.45156927404753,-42.09116399637657,-43.88195496568432,-44.91108676551815,-45.37613932544584,-45.497352978896295,-45.40980107356691,-45.09341772076607,-44.37321796978838,-42.97843762523364,-40.632243202970486,-37.09306654646593,-32.22761350406032,-26.028579894812363,-19.21610404222641,-12.146671307643356,-2.375916079379342
-2.394248861965119,-12.175021993033868,-19.251517651992568,-26.074050296977124,-32.27367603079806,-37.13756654472649,-40.670828142534376,-43.010151804614,-44.39835007530612,-45.112946165081176,-45.42486055523272,-45.50847882571568,-45.38309954417516,-44.91323307138823,-43.878897605736256,-42.082966230017725,-39.43871005245629,-36.00696728186652,-31.9753969269805,-27.610732961113968,-23.20093329497961,-19.00483208706188,-15.2137463544759,-11.926424214389831,-9.13789642524032,-6.737653909401563,-4.527747412692614,-2.2926702108546357,0.0997303909148984,2.650690672161724,5.246951990758389,7.700987841668044,9.795415319655907,11.32509428295901,12.13214385238385,12.132180682740984,11.325200830657916,9.795582365856184,7.70119977303365,5.247191502030299,2.650962575169532,0.1000136741042071,-2.292409697652386,-4.527472161276393,-6.737362919518785,-9.137613813945553,-11.926159203897171,-15.213487456638475,-19.00458604941752,-23.2007007537096,-27.610514174994684,-31.97518969234411,-36.00676654568228,-39.43850945896046,-42.082765373552725,-43.87871387762351,-44.91304071590716,-45.38287764680891,-45.50829108632188,-45.42471006558628,-45.11282291559572,-44.39819637866111,-43.01002457477138,-40.67075679468601,-37.13753443146344,-32.273698479000586,-26.07410349128296,-19.25159332475006,-12.175258722728298,-2.394555444413004
-2.41282009554176,-12.203587983248012,-19.28709632082056,-26.11978096423539,-32.319961298454096,-37.1821882753295,-40.7094477711815,-43.0418103834202,-44.42337396989024,-45.13237875641263,-45.439783001956144,-45.51941874474705,-45.38982821004499,-44.91516652517464,-43.87562464362607,-42.07452532687703,-39.42559879760992,-35.98999332316544,-31.955514182010216,-27.588908274779072,-23.178035612486585,-18.98155177554089,-15.190570450520532,-11.903650659046034,-9.115671277498356,-6.716039801334326,-4.506803269013615,-2.272505457216772,0.118942412016757,2.668745487527462,5.2636685715282,7.71625782743245,9.80929372582379,11.337845584649193,12.144262227841088,12.144299485070022,11.337953344093126,9.80946269384662,7.716472151748967,5.263910566712507,2.6690207179462395,0.1192291610892622,-2.272242641623624,-4.506524702104271,-6.715745331989589,-9.115385664654571,-11.903382852308694,-15.190308635449146,-18.981303132538564,-23.17780068279448,-27.588687265196263,-31.955304946889274,-35.98979072007574,-39.42539642755457,-42.074322694662975,-43.8754387815242,-44.91497215398539,-45.38960499511211,-45.519229263031306,-45.43963035861867,-45.13225316001213,-44.42321887146554,-43.04168176200214,-40.70937510955227,-37.1821554989972,-32.31998373357116,-26.1198347204928,-19.287172622436515,-12.203826725217423,-2.4131293801876392
-2.4313505309963506,-12.23214454224136,-19.32277852851319,-26.165731588946343,-32.36646028142414,-37.22697438784482,-40.74818132290911,-43.07354686528319,-44.44844878279779,-45.151842633418575,-45.4547222873419,-45.53036346969599,-45.39654970755361,-44.91708010071204,-43.87231947542924,-42.066041283361024,-39.41243636460012,-35.972961447175464,-31.935569404385244,-27.56701978830441,-23.155074739305043,-18.95821086578741,-15.167337319512717,-11.880823092647088,-9.093395233593483,-6.694377505806949,-4.485813718967357,-2.2522981843736254,0.1381935183005299,2.6868356104851294,5.280416291415,7.731554662046181,9.82319467042095,11.350613954447256,12.15639468117153,12.15643232126132,11.350722915665454,9.823365619236869,7.731771518546418,5.280660919491385,2.687114292178292,0.1384837334698942,-2.252032930153402,-4.485531643816249,-6.694079522360005,-9.09310650920543,-11.880552358223136,-15.167072510888271,-18.957959531952447,-23.15483734446672,-27.566796490886045,-31.93535807976424,-35.97275683625407,-39.4122320735297,-42.06583674567286,-43.87213137514111,-44.91688364481203,-45.39632513300349,-45.53017213435313,-45.45456729605811,-45.151714521919175,-44.44829223584607,-43.07341685145414,-40.74810736771512,-37.226940986842045,-32.36648269336749,-26.16578587680644,-19.32285525524966,-12.232385054432068,-2.431662278940097
-2.4497494288323054,-12.260647430200825,-19.35851769452009,-26.21186484504305,-32.41313731491567,-37.27189282895672,-40.78700195885152,-43.10533870001024,-44.473554976202216,-45.17132072896972,-45.46966315839314,-45.54129972914688,-45.40325272435412,-44.91896501914879,-43.86897483528857,-42.05750812950906,-39.399215538553264,-35.95586725882747,-31.91556173429396,-27.54507177485448,-23.13206027560168,-18.93482247459817,-15.144062373942518,-11.857959127211275,-9.071087841334574,-6.672688644795022,-4.464802502917376,-2.232074612463807,0.1574541443791311,2.704926909277336,5.297155623289519,7.746833390600242,9.837068553626938,11.36335183857044,12.168492552996604,12.16853063724401,11.363462035359229,9.837241486504343,7.747052729961479,5.29740290146995,2.70520907076244,0.1577477337393992,-2.231806912098331,-4.464516775690592,-6.67238705422992,-9.07079622412357,-11.857685397683122,-15.14379451781654,-18.934568436093247,-23.131820399399217,-27.54484617621091,-31.915348329133405,-35.95566067344239,-39.39900934357821,-42.05730174238053,-43.86878448481509,-44.91876634250043,-45.40302695642064,-45.541106514345095,-45.46950592612677,-45.17118991650138,-44.47339710020278,-43.1052072279684,-40.78692663474332,-37.27185876978657,-32.413159701168304,-26.211919687818487,-19.35859497818339,-12.2608898955826,-2.450063855905475
-2.468106548508825,-12.289138402125646,-19.394359137095368,-26.25822045452715,-32.46003286426207,-37.31697920273794,-40.82593951869015,-43.13721057146121,-44.49871357848686,-45.1908309918083,-45.484621460091375,-45.55224119282818,-45.40994885949792,-44.920830119251576,-43.86559779721215,-42.04893139107714,-39.385942702574354,-35.93871420477023,-31.8954910150297,-27.52305901427604,-23.108981814711388,-18.911372783341356,-15.12072957874997,-11.83504060833215,-9.048729044754552,-6.6509511065155085,-4.443745356771097,-2.2118080183486297,0.1767545210993484,2.7230542921089698,5.313926970797549,7.762139898008318,9.850966168634988,11.376108144580376,12.180606064360232,12.1806445743534,11.37621959505574,9.851141110236751,7.762361729519809,5.314176980796972,2.7233399353398,0.1770513403078213,-2.2115376460914566,-4.443455883992617,-6.65064596832024,-9.048434571877335,-11.834763812824097,-15.120458657926797,-18.91111600621624,-23.10873944075044,-27.522831081713687,-31.895275486712137,-35.938505655223054,-39.38573466975702,-42.04872319863406,-43.86540516774696,-44.92062922823622,-45.409721804393925,-45.55204614786452,-45.48446201434765,-45.19069757416519,-44.49855429725949,-43.13707763618978,-40.82586279273914,-37.31694445027561,-32.46005522207319,-26.258275880945572,-19.39443704588287,-12.28938290719574,-2.468423765912592
-2.486461210661034,-12.317633685188476,-19.43032129086597,-26.304814535962866,-32.50716360984409,-37.362247472575234,-40.86500549125872,-43.16917204034231,-44.5239330199384,-45.210380656440776,-45.49960375847669,-45.563193657854896,-45.41664323255446,-44.92267952877703,-43.862191861597246,-42.04031411199954,-39.37262148399235,-35.921504751451934,-31.87535839772036,-27.50098070794657,-23.08583642552063,-18.88785742816657,-15.097333653160938,-11.812061361152823,-9.02631174351564,-6.62915683576438,-4.422633151402953,-2.1914879373297453,0.1961070804906857,2.741232719403573,5.330748242717757,7.777495240502045,9.864911378417055,11.388906350216308,12.19275954235478,12.192798457440595,11.389019025108825,9.865088347071511,7.777719631399784,5.331001184972,2.7415218721027004,0.1964069142307215,-2.191214517478244,-4.422339832520544,-6.62884823122801,-9.026014361435712,-11.811781367255026,-15.09705963798051,-18.887597847535307,-23.08559152344931,-27.500750430065096,-31.875140718408165,-35.921294149126865,-39.3724114698062,-42.04010397311252,-43.8619970277949,-44.92247662849838,-45.416414586269575,-45.56299673558991,-45.499441952719536,-45.21024491899659,-44.52377214181559,-43.16903771823418,-40.864927459801656,-37.36221204865595,-32.507185959415374,-26.30487054275889,-19.43039976396352,-12.317880201462344,-2.4867812274923176
-2.5047293296113198,-12.346094465761784,-19.46636040555188,-26.351613491285622,-32.55449769607312,-37.40766939575467,-40.90417643858761,-43.20120305535896,-44.54919499992928,-45.22995340884916,-45.51459490048794,-45.57414359762365,-45.423323850831245,-44.92450390390971,-43.85874921864475,-42.031649916798415,-39.35924334393872,-35.9042330439391,-31.8551608214596,-27.47883848137003,-23.06263106093473,-18.86428674304339,-15.073887144656675,-11.789036187820289,-9.003852669967573,-6.607324795262644,-4.401486961936945,-2.171138091442725,0.2154843336480287,2.759429724464943,5.347581004766067,7.792854427344006,9.878853359437173,11.40169763969441,12.204902236085744,12.204941602891132,11.4018116182843,9.879032423864496,7.79308140705036,5.347836901781302,2.759722463895131,0.215787376446241,-2.170861689113396,-4.4011896734424125,-6.607012529587299,-9.003552410085147,-11.788752937064206,-15.073609929344787,-18.864024287050142,-23.06238355165267,-27.47860577754338,-31.854940937717075,-35.904020361568584,-39.35903131618421,-42.03143776085854,-43.85855203288707,-44.92429885573603,-45.42309368732294,-45.57394470510168,-45.51443072006854,-45.22981509032952,-44.54903257512572,-43.20106718926885,-40.90409704978436,-37.40763329032264,-32.55452002037282,-26.35167008669937,-19.466439442416675,-12.346343017974798,-2.505052202103613
-2.5228791181302896,-12.374505301850396,-19.50246603888465,-26.39860926381767,-32.60202910564503,-37.45323882590377,-40.94344707782408,-43.23329980811302,-44.57449660454167,-45.24954808436323,-45.52959424860666,-45.585090431655,-45.42998968303039,-44.92630104208205,-43.855267289849074,-42.022935125497895,-39.34580568248856,-35.8868969491788,-31.834897840514845,-27.45663325702428,-23.039367533373888,-18.840663630212752,-15.050393891695958,-11.765969628152302,-8.981356504586019,-6.5854604904515295,-4.380313069410121,-2.150766120724442,0.2348784061703889,2.7776358467777955,5.364414493606494,7.808206813580643,9.892781371132042,11.414472132025526,12.217025191769755,12.217065002222087,11.414587460250525,9.892962548938703,7.808436380108524,5.364673649273723,2.777932115409081,0.2351841135189202,-2.150485979327466,-4.380011665807083,-6.585144577611131,-8.981053741371838,-11.765682869585769,-15.05011339644524,-18.84039824189257,-23.03911739989517,-27.456398104188874,-31.83467570449752,-35.88668214090465,-39.345591621509904,-42.022721009008144,-43.85506765098708,-44.92609366141679,-45.42975846577248,-45.584889491349855,-45.52942764744985,-45.24940668248602,-44.57433304068276,-43.23316240376369,-40.94336621579151,-37.45320203012637,-32.60205140217827,-26.398666453211277,-19.50254564271033,-12.374755859337212,-2.5232048057717646
-2.541088532889153,-12.402944855152873,-19.53872051014748,-26.44587164767902,-32.64982693370215,-37.49901647148071,-40.98286801313672,-43.26550398949593,-44.59987404685127,-45.26919430713991,-45.54462814892973,-45.59605725901164,-45.43666150310396,-44.92808831255478,-43.85176079769825,-42.01418306384982,-39.33232242187305,-35.86950576700747,-31.81457209942559,-27.434358662481515,-23.016030348249224,-18.816965986033207,-15.026827310887418,-11.742830952154666,-8.958789084776361,-6.563525481579217,-4.359068607338146,-2.130323256145124,0.2543447561704934,2.7959166442868564,5.381325534311768,7.8236397089174625,9.906792497056598,11.427323868462684,12.22922448707386,12.229264797412725,11.427440605196594,9.906975816885115,7.82387190091029,5.3815881396858885,2.796216467811951,0.2546530765819275,-2.130039084254981,-4.358762975153151,-6.56320591051451,-8.958483786509715,-11.74254058278483,-15.026543461554075,-18.816697581244224,-23.01577753291696,-27.434121006768404,-31.81434765474941,-35.8692888034318,-39.33210627746367,-42.01396681668065,-43.8515587984524,-44.927879013365015,-45.4364283699179,-45.59585436859806,-45.54445905183346,-45.26905066793763,-44.59970868080297,-43.2653650568292,-40.98278580565378,-37.49897893320049,-32.64984920749371,-26.445929429896903,-19.538800661151377,-12.40319739834568,-2.54141704038954
-2.5592646404136685,-12.431370729581843,-19.575080168658246,-26.493365859045515,-32.69785869786046,-37.54497305350138,-41.02241463011511,-43.29779490683679,-44.62530922947956,-45.28887721857134,-45.55968292382691,-45.60703192094299,-45.4433278712266,-44.92985621718288,-43.84822090554472,-42.00538528266027,-39.31878464723699,-35.85205295394154,-31.794180694160318,-27.412016786889325,-22.992626600531647,-18.79320461572754,-15.00320075999996,-11.719635793124915,-8.936168114109384,-6.541539712010745,-4.337775841616222,-2.109834918495934,0.2738540105604028,2.814237454204958,5.398273408745866,7.839106920152997,9.920835164736312,11.44020373211061,12.241449944212237,12.241490710949034,11.440321826998794,9.92102068329291,7.839341853031716,5.398539593350727,2.8145408019202294,0.2741650188159636,-2.109546492743328,-4.337466012260886,-6.541216476546909,-8.935860073601313,-11.719341777103883,-15.002913513750793,-18.79293312708068,-22.992371051466865,-27.411776588842635,-31.79395388255915,-35.8518337475354,-39.31856636935704,-42.005166920803326,-43.84801652754702,-44.92964482990717,-45.44309300083854,-45.60682695315539,-45.55951132535905,-45.28873107691111,-44.62514222138386,-43.297654373058165,-41.0223309968616,-37.54493476080146,-32.697880923237285,-26.49342424988917,-19.57516086717785,-12.4316252860712,-2.559596031843615
-2.577342112736112,-12.459752761872876,-19.611511963075834,-26.54106601149778,-32.746099856185054,-37.59108657490714,-41.06206872689833,-43.330157054782056,-44.65078822532427,-45.30858419620177,-45.57474717698766,-45.61800425437483,-45.44998014072768,-44.9315979955483,-43.844642396942206,-41.9965378449204,-39.30518727751586,-35.83453534204613,-31.77372259092171,-27.389610091131384,-22.96916266264399,-18.76938836242193,-14.979524662553098,-11.696396102436449,-8.91350701812658,-6.519518033899093,-4.316451184752827,-2.089319189237271,0.2933854724783724,2.8325742250948167,5.415230060406286,7.854575719268343,9.934873024741828,11.453075912651377,12.253664691660692,12.253705972312453,11.453195508124596,9.935060826660832,7.854813447181804,5.415499895961648,2.832881181008473,0.2936994465714171,-2.0890264966992773,-4.316137082085045,-6.519190932927242,-8.91319615047834,-11.696098379668696,-14.97923389432879,-18.769113692778216,-22.96890427912816,-27.389367253090573,-31.773493331663687,-35.83431385053,-39.30496680715624,-41.99631727073465,-43.84443546459206,-44.93138434800733,-45.449743678582834,-45.61779713460805,-45.574573016029696,-45.308435250121136,-44.65061962888639,-43.33001484080917,-41.06198360665247,-37.59104751625392,-32.74612201688438,-26.5411249984405,-19.61159314479425,-12.460009240780964,-2.577676294647017
-2.595369829759683,-12.488111416130204,-19.648040137684028,-26.5889934530848,-32.794573078647794,-37.637376559016616,-41.10184633342618,-43.36260366803348,-44.67632247343165,-45.32832503491072,-45.58982963621523,-45.62898182477365,-45.456624737729605,-44.93331822980792,-43.84102857330428,-41.98764300036855,-39.29153316539333,-35.81695447654156,-31.753197796408564,-27.367136076733363,-22.945633306771004,-18.745510244619247,-14.955790957549912,-11.673102780561011,-8.890795818286941,-6.49744936940195,-4.295082408872801,-2.068762347581186,0.312954821405676,2.850945442082318,5.432217267244945,7.87007142611977,9.9489345190482,11.465968443270835,12.265897745459515,12.265939562296474,11.466089545642657,9.949124658496606,7.870312020592633,5.432490827769748,2.8512560435648093,0.3132719428219216,-2.068465365090011,-4.294763997800391,-6.497118289068006,-8.890481992742956,-11.672801334922736,-14.95549659784816,-18.745232328305303,-22.945372020898297,-27.366890533943213,-31.752966029520724,-35.81673066585995,-39.29131050039594,-41.98742021014273,-43.84081907328164,-44.933102292928616,-45.45638653212127,-45.628772554775885,-45.5896529457161,-45.32817335436541,-44.67615216208772,-43.36245969463618,-41.101759669604526,-37.63733667964701,-32.79459514337857,-26.5890530447524,-19.64812183828409,-12.488369851940064,-2.5957068546178497
-2.613352659272267,-12.516449004533964,-19.68466799151038,-26.637152779171892,-32.84328428197668,-37.68384806218937,-41.14175197089484,-43.3951386180722,-44.70191533218003,-45.348102835235714,-45.60493307610591,-45.639967058056186,-45.46326357560876,-44.93501832314085,-43.83738017350402,-41.97870082012666,-39.2778218813916,-35.79930939382753,-31.732604913654203,-27.3445930215204,-22.922036588033578,-18.72156818853177,-14.931997469831542,-11.649753526589192,-8.86803207734489,-6.475331075588032,-4.273666729474229,-2.0481614791183524,0.3325650856488175,2.8693542658688185,5.449238436625106,7.885597822307583,9.963023868822566,11.478886070578726,12.27815414950144,12.278196467689751,11.479008636398492,9.963216367078576,7.885841383514642,5.44951578834439,2.869668518519855,0.3328854497966635,-2.047860221396954,-4.273344038019293,-6.4749960002248,-8.867715137900577,-11.649448368487832,-14.93169951000568,-18.721287011710302,-22.92177239044683,-27.34434479121076,-31.732370630843768,-35.79908320145153,-39.277596971389485,-41.97847588208305,-43.837168231711686,-44.93480015125739,-45.46302368825015,-45.63975563021099,-45.6047538762615,-45.347948488418055,-44.701743449851975,-43.394992955479765,-41.1416637361179,-37.68380734113204,-32.84330625472887,-26.63721300532883,-19.684750283148627,-12.516709505793315,-2.6136926792532407
-2.631298896582791,-12.544767051919544,-19.72139920414317,-26.68554730694143,-32.89223798207575,-37.730504170110045,-41.18178767861309,-43.42776336663507,-44.72756809248881,-45.36791856701769,-45.62005829326534,-45.6509605024946,-45.46989705931281,-44.93669829785016,-43.83369703644781,-41.96971100164127,-39.26405355867436,-35.78160036554495,-31.711944467423937,-27.32198132368253,-22.89837251227929,-18.697562010987056,-14.908143951940348,-11.626348011339712,-8.845215388742213,-6.453162613671938,-4.252203416336156,-2.0275154954028034,0.3522178457826712,2.887803060996553,5.466296846229477,7.90115928961412,9.977146399802056,11.491834186922125,12.29043977469295,12.290482590392102,11.49195820291014,9.97734129016574,7.901405916298749,5.466578073312737,2.888121006482126,0.352541586520382,-2.027209913240006,-4.251876387623125,-6.452823460555146,-8.844895182804699,-11.626039107372694,-14.907842329916075,-18.69727750740347,-22.898105335157283,-27.32173033584704,-31.711707608279895,-35.78137174786114,-39.26382636579101,-41.96948381876055,-43.83348260224852,-44.936477904289845,-45.46965533379918,-45.65074689787782,-45.619876501916245,-45.36776159808679,-44.72739447464538,-43.42761600807553,-41.18169789001927,-37.73046258650766,-32.89225985031538,-26.685608167204688,-19.721482053751213,-12.545029592978327,-2.6316419121340147
-2.6491258700075666,-12.57303054050047,-19.758194664079756,-26.734146835610613,-32.94140579049866,-37.7773198550232,-41.22193317080638,-43.46046065572386,-44.75326497966549,-45.38775845410869,-45.63519246378362,-45.66195076190165,-45.47651486910176,-44.93835021631863,-43.82997263418693,-41.96066811572942,-39.250221586978064,-35.76382238952397,-31.69121362211816,-27.299302120831637,-22.87464682811535,-18.673500634008075,-14.884241400011854,-11.602899129716306,-8.82236045746685,-6.43096052067586,-4.230711033854855,-2.006845462909712,0.3718886017441779,2.906262717226804,5.483358000690629,7.916715266050535,9.9912562280177,11.5047677249387,12.302707985614704,12.30275134798212,11.504893374446116,9.991453608567362,7.916965003263865,5.48364309864866,2.9065844654702158,0.3722160288417436,-2.0065354874207517,-4.230379631960297,-6.43061720398686,-8.822036783244249,-11.602586414162158,-14.883936016665723,-18.673212700461047,-22.87437656190393,-27.29904828206907,-31.69097413038968,-35.76359131597004,-39.24999205570789,-41.96043865159128,-43.82975550253098,-44.93812721924285,-45.4762718753093,-45.6617348030279,-45.63500808765179,-45.387598186758986,-44.753090003645646,-43.46031145953419,-41.22184162019052,-37.77727739331021,-32.941427507405955,-26.73420834547266,-19.7582780810153,-12.573295153948186,-2.649471941573128
-2.666983537811578,-12.601302215041803,-19.795125005569428,-26.78301051801413,-32.990847433646,-37.8243471454217,-41.26223122977336,-43.49326642190687,-44.77903783476357,-45.40764984305411,-45.65036050832433,-45.67295969517104,-45.483136377856,-44.93998880696768,-43.82621853127703,-41.9515811495412,-39.23633571338712,-35.745981752081384,-31.670414177856077,-27.27655008986438,-22.850846380350788,-18.649365429228848,-14.860267594252251,-11.579381418364491,-8.799438605318858,-6.408692861222767,-4.209153998006844,-1.98611120622393,0.3916236409058314,2.9247877188206144,5.500486034865397,7.932340263123492,10.005437146741713,11.51776942682107,12.31504431272148,12.3150882360973,11.51789670555489,10.005636997180854,7.932593115236979,5.500775025724229,2.925113304115129,0.3919548179509413,-1.9857968987799215,-4.208818182618805,-6.408345302115587,-8.799111473431918,-11.57906486752444,-14.859958416171253,-18.649074048067696,-22.850573007559404,-27.27629339307537,-31.67017206028597,-35.74574823357228,-39.23610380513232,-41.95134929569882,-43.8259987799684,-44.93976352114362,-45.48289154225011,-45.67274149934201,-45.650173410082814,-45.40748681320407,-44.77886101855421,-43.49311550507413,-41.26213809385917,-37.82430379281207,-32.99086903611102,-26.78307267226805,-19.795208984988204,-12.60156891819243,-2.667332721582766
-2.684758501303865,-12.629532060680411,-19.832138056654426,-26.83209536936886,-33.04052213858985,-37.87154929587023,-41.30265097343196,-43.52615430026014,-44.80486328194306,-45.4275727863526,-45.66554415058026,-45.68397117903613,-45.48974697329495,-44.94160240272344,-43.8224248211104,-41.94244155628922,-39.22238752987144,-35.72807287351058,-31.64954456400801,-27.253729249665547,-22.826980962750326,-18.625170487133413,-14.836239544234251,-11.555814436230635,-8.776471960830598,-6.386384213569748,-4.187559684939047,-1.9653435816405276,0.4113875681214177,2.9433366756121804,5.517632609651704,7.947979100838154,10.01962776794574,11.530779526864796,12.32738768705603,12.327432157887875,11.530908408737575,10.019830132023737,7.948235181628578,5.517925576876225,2.943666144300879,0.4117225839772978,-1.965024819784713,-4.187219432804872,-6.386032435605836,-8.776141118983093,-11.55549400922936,-14.835926538817308,-18.62487559212297,-22.826704423412927,-27.253469645110226,-31.649299734072745,-35.72783680604607,-39.22215322812952,-41.942207443905566,-43.822202416737234,-44.94137455138068,-45.489500616458905,-45.68375061984536,-45.66535443060048,-45.42740664502911,-44.80468492295034,-43.526001559259015,-41.30255604781298,-37.8715050062528,-33.04054358465886,-26.83215819189594,-19.832222653150897,-12.629800890314195,-2.6851108491807847
-2.702582316179612,-12.657776829511487,-19.86929635986877,-26.88145523223057,-33.090484638161186,-37.918974543799976,-41.3432326457736,-43.559158364732426,-44.830771393510936,-45.44755331542527,-45.68076689545245,-45.69500577550407,-45.49636457563777,-44.94320464886041,-43.81860169901413,-41.93325662599595,-39.20838366295966,-35.71009893468472,-31.62860370164368,-27.230832408102938,-22.803036818496857,-18.600897390712653,-14.812135699256856,-11.532173836668989,-8.753433274386166,-6.3640045699160535,-4.165894969295724,-1.9445057415568907,0.4312222071040856,2.96195799141073,5.534853919823132,7.963696299946608,10.033899909413917,11.543869302320532,12.339811581827798,12.339856570908376,11.543999777934266,10.034104802153983,7.963955639366273,5.535150865616326,2.9622913478938897,0.4315611158170831,-1.944182452060816,-4.165550262012317,-6.363648532761389,-8.753098656774347,-11.531849476624922,-14.81181881746613,-18.600598932331177,-22.802757066188164,-27.230569863608768,-31.628356144611185,-35.709860293812696,-39.20814692009607,-41.93302015418175,-43.818376658582366,-44.94297437838438,-45.49611628460417,-45.69478294259034,-45.68057446406498,-45.447384373701816,-44.83059106926245,-43.55900379097321,-41.343135992196025,-37.91892930200048,-33.090505942084164,-26.881518715567704,-19.86938151832351,-12.658047711265008,-2.702937775971287
-2.720357141357217,-12.685994244851036,-19.906552598919124,-26.93105225041096,-33.14069866394011,-37.96659054057731,-41.38394948763396,-43.5922555274573,-44.85674089660198,-45.4675723036812,-45.6960110310118,-45.70604761141069,-45.50297504601395,-44.94478453306275,-43.81474057937501,-41.92402006580056,-39.19431710095319,-35.69205541240868,-31.60758983354502,-27.20786254131152,-22.779022495379685,-18.576558446660325,-14.787970859947672,-11.508476774850973,-8.730342050284648,-6.341575637377304,-4.144183936755153,-1.9236244625685497,0.4510970054627345,2.9806160106711275,5.552108257512244,7.979442991353908,10.048198644787924,11.556984249521925,12.35225929615944,12.352304814145883,11.557116337766232,10.048406122480904,7.979705681984074,5.552409258449813,2.9809533623269,0.4514399270847226,-1.923296704206584,-4.143834708782912,-6.341215238122548,-8.730003589058814,-11.50814844034976,-14.78765006112754,-18.57625638961215,-22.77873949591822,-27.207597043677165,-31.60733952369571,-35.691814151032546,-39.19407784234684,-41.92378120244618,-43.81451292154824,-44.94455182544868,-45.50272493440103,-45.7058224152462,-45.69581582083576,-45.46740042853439,-44.856558755842585,-43.592099219947535,-41.38385114164236,-37.96654434532131,-33.140719830030186,-26.93111640642507,-19.906638355956463,-12.686267266596415,-2.720715855311445
-2.7380653484110025,-12.714175589564665,-19.943899593573352,-26.98088041702816,-33.19115991018255,-38.014392674205446,-41.42479725759021,-43.625441928409245,-44.88276837342874,-45.48762710914925,-45.711273992960095,-45.71709436193408,-45.50957601692159,-44.9463400807382,-43.810839553303694,-41.91472973614722,-39.18018614344153,-35.67394097429716,-31.58650259335191,-27.184820277601485,-22.75493935347865,-18.55215578361878,-14.76374772570052,-11.4847263261821,-8.707201844659867,-6.319101295408142,-4.122430958333369,-1.9027047567313589,0.4710061292628204,2.999304050479061,5.5693879776557305,7.995210942914153,10.062514937119992,11.5701160423292,12.36472282155231,12.36476894055534,11.570249872746343,10.062725088030303,7.995477022942771,5.569693070838689,2.9996454960273464,0.4713532610799903,-1.9023722720006608,-4.122077184768837,-6.318736595116522,-8.70685923419889,-11.48439392454608,-14.763422932475114,-18.551850006350477,-22.75465299128473,-27.1845517210312,-31.58624946998668,-35.67369705692488,-39.17994430279178,-41.91448843628659,-43.81060904383157,-44.94610458043618,-45.50932462022638,-45.71686665606244,-45.711075957162606,-45.48745164536364,-44.88258473117352,-43.62528379590935,-41.42469702865744,-38.01434551538297,-33.1911808972193,-26.98094524056448,-19.94398591060589,-12.71445068804759,-2.738427266680284
-2.755870729489827,-12.742390895578474,-19.98141351317707,-27.031005693012236,-33.24193544851198,-38.06244059601344,-41.46582576711863,-43.65875982048776,-44.90889077880591,-45.50774873310514,-45.72658392414341,-45.72817059587654,-45.51618927862192,-44.94788728521627,-43.8069100948545,-41.90539380975053,-39.16599767503656,-35.655758646552314,-31.56533980067232,-27.1616961383584,-22.730770245640155,-18.52766649026134,-14.739439499640085,-11.460892457864608,-8.683978884615499,-6.296544700595278,-4.100595327818476,-1.8817013536779656,0.4910013243395523,3.018081740030977,5.586761934385205,8.011078620342587,10.07693609661919,11.583350120399064,12.37728978846586,12.37733647223418,11.583485647014816,10.077148861758946,8.011348078625543,5.587071100584576,3.018427284444924,0.4913526290299493,-1.8813644349588452,-4.100236833244193,-6.296175376569546,-8.683632487652712,-11.46055595107579,-14.739110643117565,-18.52735700710943,-22.730480524451508,-27.161424514239663,-31.56508382456561,-35.655512077611384,-39.16575333263391,-41.90514997093965,-43.80667688956083,-44.94764948074664,-45.515935222895706,-45.72794058232651,-45.72638300574525,-45.5075709264822,-44.908704608145854,-43.658599741328224,-41.46572379219984,-38.06239236569132,-33.241956249139484,-27.031071206393573,-19.981500433453487,-12.742668117685108,-2.7562359417193503
-2.773524183579809,-12.770532743413924,-20.01897715219709,-27.08132942293305,-33.2929284603941,-38.110647417932455,-41.5069625685178,-43.69214721529535,-44.935052496598495,-45.52788920375914,-45.74189663971551,-45.7392372959338,-45.52278012172656,-44.949400224412926,-43.8029329710768,-41.89599841221266,-39.15173871524032,-35.637501384871925,-31.54410196332444,-27.138501976880946,-22.706539568083446,-18.50312404609474,-14.715085730769328,-11.43701992621599,-8.66072390190329,-6.273961379053223,-4.078738556425615,-1.860682680793783,0.5110041299069364,3.036858181527176,5.604124578827518,8.026924388135317,10.091326361523684,11.59655336312231,12.389823159415537,12.38987049807922,11.596690765648512,10.091541937254226,8.027197408629634,5.604437992766043,3.037208046074602,0.5113599212519214,-1.8603409334524108,-4.078375271420144,-6.273587518638768,-8.660373171734118,-11.436679185323298,-14.714752703774918,-18.50281067072532,-22.706246314295782,-27.138227130472607,-31.54384300678617,-35.63725204422507,-39.151491752368266,-41.8957520615117,-43.80269679435483,-44.9491594782596,-45.5225244997846,-45.73900475137731,-45.7416929350389,-45.52770784628144,-44.93486457191998,-43.69198509144149,-41.50685857763131,-38.11059813279585,-33.2929490258288,-27.08139562157258,-20.01906463145276,-12.770812035562038,-2.7738926426804262
-2.7911128348533145,-12.798637200699384,-20.05663365352587,-27.131887883258276,-33.34417695391998,-38.1590464823101,-41.5482350280579,-43.72562762205565,-44.96127461783862,-45.548066815897016,-45.75722918748254,-45.75030957436884,-45.52936197646177,-44.9508886283517,-43.79891472649565,-41.886547719978026,-39.137413433141056,-35.619171150877314,-31.522788705099263,-27.11523352464231,-22.682238494277296,-18.47851648821667,-14.69067242661309,-11.41309292125466,-8.637418962492,-6.251331644498835,-4.0568387635214,-1.839624241083769,0.531042699999934,3.0556662491165345,5.621514396735979,8.042793249111352,10.10573671241915,11.609776227335942,12.402375663291055,12.402423654240517,11.6099155102032,10.105955164201731,8.0430699656607,5.621832152947869,3.0560205262893656,0.5314031070745151,-1.839277575275873,-4.056470620739646,-6.2509531696410825,-8.637063714343624,-11.41274789124572,-14.690335173816289,-18.47819913475141,-22.681941636582184,-27.11495539243544,-31.522526700937597,-35.618918975563496,-39.13716382289762,-41.886298924839366,-43.7986755693348,-44.95064485883191,-45.52910494298013,-45.75007444962746,-45.75702271450863,-45.54788178891866,-44.96108511281226,-43.7254633992557,-41.548128834776165,-38.15899605445588,-33.34419722598201,-27.13195479327979,-20.05672180113301,-12.798918678896246,-2.7914846873979338
-2.80875492813924,-12.826754126198242,-20.094440147417213,-27.182729684483483,-33.39573144818623,-38.20768223753217,-41.58967917919521,-43.75923216535893,-44.98758417223581,-45.56830563359319,-45.77260325135058,-45.7614066276092,-45.53595118255775,-44.95236482234215,-43.79486285506839,-41.87704615838236,-39.12302577028853,-35.60076875871049,-31.501397789277256,-27.09188362941076,-22.65785391577444,-18.45382675426024,-14.666179948048722,-11.389089529467494,-8.614039640077582,-6.228628909070235,-4.034866744307134,-1.8184937956803475,0.551153649601929,3.0745484067729527,5.6389806589743365,8.058742633746869,10.120231075101442,11.623082397386328,12.415013497312742,12.415062159641248,11.623223640520576,10.120452469395056,8.059023112993527,5.63930282346127,3.0749072172934864,0.5515188021713289,-1.8181421731907104,-4.034493631833825,-6.2282456926203045,-8.613679838401735,-11.38874011025482,-14.665838394437,-18.453505352301484,-22.657553387581277,-27.091602146212185,-31.5011326999418,-35.600513734634774,-39.12277348522437,-41.87679483223337,-43.7946206859931,-44.952118118067766,-45.535692604221936,-45.76116901869097,-45.77239389955569,-45.56811704313258,-44.98739289290302,-43.75906589745139,-41.589570867046135,-38.2076306625744,-33.3957514406719,-27.182797303888304,-20.09452892173529,-12.82703775826982,-2.8091301751840163
-2.825995111129026,-12.854276677856731,-20.13159170570339,-27.232790629559364,-33.446515514592456,-38.25554230505372,-41.63043270486999,-43.79225944063644,-45.0134315238698,-45.58817984906574,-45.787694003276016,-45.77229108007744,-45.54240366332492,-44.95378748932852,-43.79085065884009,-41.867677239522855,-39.108860183349385,-35.582660589230976,-31.480359311555706,-27.068926965385465,-22.63388534689016,-18.42956458605315,-14.642116798145471,-11.365509397139386,-8.591077221867524,-6.206331269629811,-4.013289257212635,-1.7977423484236636,0.5708992488465865,3.0930883227279,5.65612866177002,8.07440271551254,10.134463440739305,11.636148871778412,12.427427087147231,12.427476621253875,11.636292627120666,10.134688688870632,8.07468810963151,5.656456310463489,3.0934529114205764,0.5712706475692827,-1.797384899782811,-4.012910300638369,-6.205942769986003,-8.590711364096169,-11.365155047967344,-14.641770395741284,-18.429238403079964,-22.633580496220347,-27.06864149101426,-31.480090504284263,-35.582402159808524,-39.10860478472499,-41.86742295917725,-43.790605442040494,-44.95353879927683,-45.5421422365728,-45.77205128091856,-45.78748186038264,-45.587989235489935,-45.01323787110191,-43.79209100540122,-41.63032218855344,-38.25548931247889,-33.446534926703,-27.23285886176913,-20.131681051013096,-12.85456231013251,-2.826373462810356
-2.8435559396083203,-12.88233835853086,-20.169611104430636,-27.284123085052176,-33.49860980039777,-38.30458588030957,-41.67217007667258,-43.82606027064608,-45.03987904133736,-45.608507104172645,-45.803121909683504,-45.78340931278802,-45.54898327958155,-44.95521555737391,-43.78672298164367,-41.8580639550765,-39.09433745732981,-35.56410890582074,-31.45881331165768,-27.04542284690596,-22.609351983988116,-18.40473585916446,-14.6174959756786,-11.341387042850345,-8.56758738445209,-6.183524229506867,-3.9912186673372423,-1.7765186424966977,0.5910967338063601,3.112050964365812,5.673669719919315,8.090422965080837,10.1490255266972,11.649524588114296,12.44013587092144,12.440186087277366,11.649670393010572,10.1492540403738,8.090712633190856,5.674002263544359,3.1124206348159174,0.5914733406301917,-1.7761558842285468,-3.9908342286443537,-6.183130717701671,-8.567216411040793,-11.341027921276511,-14.617145031398175,-18.404405289565904,-22.60904315952165,-27.045133737876192,-31.45854111599101,-35.56384731389236,-39.09407910489589,-41.85780672663275,-43.78647473475164,-44.95496474423837,-45.5487186760077,-45.78316706656705,-45.80290669179471,-45.60831437161627,-45.03968246944666,-43.82588981673621,-41.67205751763581,-38.30453165293383,-33.498628825502124,-27.28419197430037,-20.16970094057595,-12.882626044371689,-2.843937656014475
-2.8610996891773013,-12.910381768174137,-20.20774577999236,-27.335712099892305,-33.550987859799974,-38.35384536850796,-41.71406216211187,-43.85997044414762,-45.066397534648175,-45.62887991485711,-45.81857533193851,-45.79453774772522,-45.555556398067786,-44.95662141348351,-43.78255280501861,-41.84839401549284,-39.079744759531074,-35.545479887502694,-31.43718590573671,-27.02183675800429,-22.584739724141496,-18.37983235488321,-14.592805252113624,-11.317199869259946,-8.544036192889871,-6.160659315344323,-3.969092599439119,-1.7552423404841464,0.6113450494161379,3.1310609848066244,5.691255537214424,8.10648448544107,10.163626810609202,11.662939142112348,12.452882647969949,12.45293354493781,11.663086900992443,10.163858352247692,8.106778089821677,5.691592662061482,3.13143544428195,0.6117265757739324,-1.7548744954275777,-3.968703000432365,-6.160260825681508,-8.543660432555203,-11.31683613889724,-14.59244988250522,-18.37949756108264,-22.58442707907101,-27.021544187070123,-31.436910515109325,-35.545215298986065,-39.07948356877936,-41.84813397984604,-43.78230156981896,-44.95636807189979,-45.55528925582876,-45.794292933256685,-45.818357030733246,-45.62868435527176,-45.066198419881125,-43.85979797236226,-41.71394755515305,-38.35378991998949,-33.551006560944195,-27.335781677530544,-20.20783617055623,-12.91067158634031,-2.861484918214975
-2.8785075260078057,-12.938354746056458,-20.2459446903512,-27.38751128074068,-33.60360562484489,-38.40328040194608,-41.75607427655013,-43.89396010762109,-45.09296355009472,-45.64927630650055,-45.83403668233803,-45.80566077375816,-45.5621114800933,-44.957993682146615,-43.77833307022141,-41.838661668958046,-39.065079003992096,-35.52677228701319,-31.41548003999561,-26.9981768597507,-22.560061115455262,-18.3548710791552,-14.5680648613544,-11.292969743090929,-8.520448379713315,-6.137762905169562,-3.946940308688925,-1.7339450996628805,0.6316072421668585,3.150077180085172,5.708838630283745,8.122535045704431,10.178210030608232,11.676337618990985,12.465613073699393,12.465664683370091,11.676487446273716,10.178444678432996,8.122832663116872,5.709180397885989,3.150456586892352,0.6319939038279562,-1.7335721524209022,-3.946545426744896,-6.1373593220799085,-8.52006770777525,-11.29260131463679,-14.56770497176725,-18.354531963771056,-22.55974456245005,-26.997880751443542,-31.41520140158122,-35.52650465419667,-39.06481494020594,-41.838398615217095,-43.77807896451794,-44.95773855560616,-45.56184047359423,-45.805413476873554,-45.833815222659496,-45.64907923162215,-45.09276100944049,-43.893785520275244,-41.75595769053255,-38.40322365255591,-33.60362396615948,-27.38758153539113,-20.24603563979361,-12.938646671811926,-2.878896262847217
-2.8959527964099903,-12.966330248294906,-20.28428659670639,-27.439588736439894,-33.656532563897834,-38.452952715051474,-41.79825905965328,-43.9280724987328,-45.11961456949918,-45.669731584712295,-45.84953593772498,-45.816804824942885,-45.56866925542689,-44.95935020181958,-43.774076906154335,-41.828875085017714,-39.050345734258656,-35.50798821145916,-31.393692617241054,-26.974432934367503,-22.535298535682447,-18.32982820084681,-14.543246538703157,-11.2686654412624,-8.496789035911075,-6.1147969410013205,-3.924719610098122,-1.712580224798958,0.6519370270330969,3.1691612865569616,5.726490804494895,8.138656319114329,10.19286637966167,11.689809337658234,12.478418515781469,12.478470840827622,11.689961245315583,10.193104221687,8.138958035567674,5.726837298836247,3.1695457560664093,0.6523288997889379,-1.71220215750067,-3.924319263204287,-6.114388104680938,-8.49640344044093,-11.268292205051262,-14.542882036631417,-18.32948468985596,-22.534977997593423,-26.974133209808247,-31.39341062801087,-35.5077174614831,-39.05007871995552,-41.82860901297319,-43.77381984849101,-44.95909265824671,-45.56839518717062,-45.81655475695394,-45.84931141927903,-45.66953206402913,-45.11940913974186,-43.927895669864775,-41.79814041829682,-38.45289466036697,-33.65655052694033,-27.439659682084184,-20.28437806406892,-12.966624276596782,-2.8963450908582278
-2.91337344461553,-12.994283451937124,-20.32274683456689,-27.491923763243356,-33.709750625426025,-38.50284609160995,-41.840602693085216,-43.96229545743441,-45.14633984061219,-45.69023497758418,-45.86506367107327,-45.82796088019786,-45.57522203309491,-44.9606831853638,-43.76977774585545,-41.819028432071626,-39.03553954894576,-35.489123216890775,-31.371820926677614,-26.950604961370303,-22.51045492943794,-18.30470925419345,-14.518357785898104,-11.244295721350236,-8.473068616113736,-6.091773090659694,-3.902443935921891,-1.691162879793653,0.6723162023838909,3.188291864441517,5.744186294082673,8.154818147593334,10.20756154657953,11.703320561251385,12.491264363292762,12.491317402175016,11.703474576420367,10.20780268767914,8.155124110917283,5.744537615113988,3.188681562401136,0.6727134921029626,-1.6907796457575213,-3.902037937059193,-6.091358794395227,-8.47267799308046,-11.243917568934474,-14.517988530268733,-18.304361216214485,-22.51013028176793,-26.950301496728475,-31.371535479217112,-35.48884925901913,-39.03526950557034,-41.818759210059206,-43.7695176049698,-44.96042309341868,-45.57494483187441,-45.82770796981868,-45.864836011880456,-45.69003286325519,-45.14613141221341,-43.96211626793211,-41.840481968009854,-38.502786700558175,-33.70976817433511,-27.491995369023485,-20.32283870690826,-12.994579421573174,-2.9137691454708823
-2.9308487501116764,-13.022246018004624,-20.361363776713983,-27.544546881012927,-33.76329161134636,-38.552987600500586,-41.88312699775459,-43.99664761446126,-45.173156709312245,-45.71080320616779,-45.88063536387309,-45.83914330901962,-45.58178234195624,-44.96200310952913,-43.76544309319449,-41.80912621898672,-39.02066377929573,-35.4701788965196,-31.3498650627074,-26.926690158665775,-22.485523497218743,-18.27950459837364,-14.493386893050172,-11.219847398776585,-8.449271941275637,-6.06867476095066,-3.880094715365652,-1.6696727450185551,0.6927685777867028,3.2074967026566177,5.761958394299439,8.171060959136058,10.22234197460896,11.716919414382817,12.504201324553698,12.504255056567088,11.717075501307676,10.222586356949712,8.171371150822393,5.762314568188855,3.207891582716896,0.6931711652190472,-1.6692841768244877,-3.879683183881796,-6.068255152862932,-8.4488761402223,-11.21946432315867,-14.49301292723733,-18.279152039018776,-22.485194753878176,-26.926382996320747,-31.34957620519169,-35.46990172083876,-39.02039068607309,-41.80885394014434,-43.76517993136163,-44.96174022306239,-45.5815023260143,-45.83888737737755,-45.88040460865587,-45.710598170932165,-45.17294555950309,-43.99646607080879,-41.88300413474626,-38.55292683061409,-33.763308743137884,-27.544619176371725,-20.36145615234392,-13.022544078443133,-2.931248078910381
-2.9481940300768894,-13.050138611130512,-20.400051489725072,-27.597383569921377,-33.81708367170128,-38.603312898123264,-41.925777836687,-44.03108212591127,-45.20002290675626,-45.73139622640512,-45.8962149325838,-45.850319255287445,-45.58832233887136,-44.96328652403542,-43.76105618272587,-41.79915744838305,-39.00571084543944,-35.45115196700864,-31.327826853847192,-26.90269790443856,-22.460522379753808,-18.254239299986025,-14.468364119976112,-11.195353987664044,-8.425436972270031,-6.045543242133522,-3.857717820167701,-1.6481600180981562,0.713236092752811,3.226709118907822,5.779728381745909,8.187292491651682,10.237103754784457,11.730501884404818,12.517122225100254,12.517176694348905,11.730660134854894,10.23735146978875,8.187607012624518,5.780089524790603,3.227109386749905,0.7136441962502398,-1.6477662471871086,-3.857300485713805,-6.04511806047124,-8.425035942920209,-11.19496589968999,-14.467985312773871,-18.25388210374629,-22.46018943778106,-26.902386941844643,-31.32753449173711,-35.45087150476829,-39.00543467346005,-41.79888203481163,-43.76079011497844,-44.96302129124138,-45.588038769020365,-45.85006043214531,-45.89598113769873,-45.73118904238979,-45.19980860235567,-44.03089808331594,-41.92565274098662,-38.6032506284214,-33.817100332594485,-27.59745655680549,-20.400144396706438,-13.050438725092985,-2.94859694689279
-2.965588045477569,-13.078038779395166,-20.438892830274103,-27.65050680088343,-33.871201625657704,-38.65388924176734,-41.96861280793663,-44.06564748789904,-45.226979901655135,-45.75205216644805,-45.911835143644446,-45.86151757856998,-45.59486498260135,-44.9645525333608,-43.75662960442448,-41.78912948970483,-38.99068369238268,-35.43204138077071,-31.30569960097517,-26.87861441683245,-22.435430737917656,-18.22888607986435,-14.44325725383337,-11.170780647763207,-8.401525314132694,-6.022336977414358,-3.835267480446333,-1.6265746437591335,0.7337757071271661,3.245993308851933,5.797570813577841,8.203596570200556,10.251939808113866,11.74415828980373,12.53011864911977,12.530173809712643,11.744318644748066,10.252190953678868,8.203915593816207,5.7979370274027415,3.246399062104578,0.7341894107782508,-1.626175543289878,-3.8348442098469335,-6.021906176681008,-8.401118863894446,-11.170387476888298,-14.442873554701338,-18.22852415603627,-22.435093525643158,-26.87829958285544,-31.30540363033306,-35.43175754954402,-38.99040442632632,-41.788851035651184,-43.75636050887972,-44.96428434019796,-45.59457873098187,-45.86125564084551,-45.91159834881686,-45.75184194774052,-45.22676304205387,-44.06546089335385,-41.96848537049173,-38.6538254304119,-33.87121777330406,-27.65058050267053,-20.438986328918183,-13.07834107865569,-2.965994762134027
-2.9830114028655546,-13.105936693309848,-20.477882481245818,-27.70390868686408,-33.92563937768207,-38.704709947301374,-42.011625202585066,-44.10033805016874,-45.25402377950244,-45.7727679930331,-45.92749412409699,-45.872736945062016,-45.60140982556359,-44.96580066134469,-43.75216312249535,-41.77904175795757,-38.9755819410728,-35.41284693797279,-31.283484407917605,-26.8544420482911,-22.410251425315003,-18.2034485669,-14.418070583891335,-11.146132034878262,-8.377541882584625,-5.999061407662801,-3.812749559938935,-1.6049229921762502,0.7543805694467385,3.265342190221363,5.815478535761971,8.219967150211815,10.266844536187264,11.757884797818452,12.543187854620554,12.5432437421227,11.758047333130216,10.267099157896531,8.220290697369583,5.815849876432691,3.265753567587708,0.7548000319117637,-1.6045184511036903,-3.812320310276232,-5.998624896787886,-8.377129842733755,-11.14573367956002,-14.417681907745482,-18.20308180679973,-22.409909849729505,-26.854123277327787,-31.28318479956633,-35.41255967243917,-38.97529941668593,-41.77876013128007,-43.75189082982892,-44.96552917903831,-45.60112141747028,-45.872471727947165,-45.92725412370359,-45.77255403321511,-45.25380462376523,-44.100148954086286,-42.0114954543238,-38.704644650863735,-33.925655035660576,-27.70398306991766,-20.477976390357867,-13.106240960070274,-2.983421736658604
-3.000480262718256,-13.133839527734487,-20.5170304345141,-27.75759682035733,-33.98040675473582,-38.755783299205135,-42.054821549379234,-44.13515880139082,-45.28115853964407,-45.79354679863662,-45.94319440571228,-45.88397942751623,-45.6079587813712,-44.96703182349493,-43.74765682490456,-41.76889324447457,-38.96040368678899,-35.3935661021718,-31.26117848049982,-26.830177705499263,-22.38498083506836,-18.17792281700042,-14.392800008729152,-11.121403866295742,-8.353482353851742,-5.975712218608726,-3.790159779863184,-1.5832007767655822,0.7750551949903087,3.284760723791379,5.833456974444085,8.236410476325423,10.281824502573002,11.771688239713509,12.556336546638144,12.556393219324743,11.7718530132357,10.2820826355215,8.236738534426348,5.833833435751719,3.285177771195207,0.7754804612872908,-1.582790681161219,-3.7897245297818456,-5.975269973508556,-8.353064611469144,-11.121000277550758,-14.392406299877743,-18.177551130261037,-22.38463481773032,-26.82985491531123,-31.26087516127973,-35.39327540096672,-38.9601179308696,-41.76860845983168,-43.747381148796336,-44.9667566678212,-45.607668266594615,-45.88371101197132,-45.94295131371916,-45.79332853761478,-45.28093715014607,-44.13496705358514,-42.05468933830174,-38.7557164364259,-33.9804218726076,-27.757671888089472,-20.51712481357801,-13.134145822525715,-3.000894318812625
-3.017910602790549,-13.161710363059044,-20.55629988236488,-27.811536639781888,-34.03547162891579,-38.807079733500125,-42.09817625504402,-44.17008721179538,-45.30836443290045,-45.81436972832332,-45.95891963350503,-45.8952301404256,-45.61449926335821,-44.968235196583535,-43.7431031589912,-41.75867859410986,-38.9451455860437,-35.37419739406117,-31.23878298562612,-26.80582602604487,-22.359627279799927,-18.152320351999865,-14.36745979966019,-11.096611708609856,-8.329363995370844,-5.952308475188777,-3.7675194292376255,-1.5614317766658994,0.7957724932056772,3.304218366364184,5.851469539242233,8.252884548203943,10.296832916184185,11.785523230200074,12.569518644479064,12.569576119275144,11.785690255108928,10.297094452910208,8.253216908578894,5.851850941909091,3.3046409682738087,0.7962034693501108,-1.5610161460172554,-3.767078312483164,-5.9518605770926944,-8.32894056451059,-11.096202915454183,-14.36706109286925,-18.15194377434849,-22.359276859782515,-26.80549925947032,-31.238476025676707,-35.37390331927142,-38.94485663025469,-41.7583906523126,-43.74282415030175,-44.96795666122136,-45.61420634031146,-45.89495857338359,-45.95867328360846,-45.81414769869557,-45.308140458413405,-44.16989280131128,-42.09804157114881,-38.807011283424906,-34.03548622736051,-27.81161241568013,-20.55639477038015,-13.162018738317492,-3.0183285043283234
-3.035453998732756,-13.189614511988417,-20.59576053856262,-27.86578958837838,-34.09089733388208,-38.8586567296015,-42.14173895796435,-44.20516444213796,-45.33567499357508,-45.83526800020703,-45.9746959236572,-45.90651259547312,-45.62105010645264,-44.96942789059598,-43.73851367203919,-41.74840556652386,-38.9298095383947,-35.35473834010852,-31.216290134615925,-26.78137405498604,-22.3341730762426,-18.12661778870377,-14.34202173294782,-11.071726056300204,-8.305155128995944,-5.928816100739235,-3.744790867238237,-1.5395741856478014,0.8165799606209916,3.323767811736533,5.869580242914269,8.269461218035255,10.31194893071429,11.799463450516706,12.582806617055958,12.582864868731168,11.799632775667876,10.312214018584877,8.269798067738618,5.869966709232109,3.324196155838938,0.817016849907193,-1.5391531304592911,-3.744343620492628,-5.928362230440479,-8.304726014515422,-11.071311917741582,-14.341617898647716,-18.12623617412623,-22.33381811990433,-26.78104320117734,-31.2159794162719,-35.35444079873722,-38.92951729991872,-41.74811459405874,-43.73823105157254,-44.96914487486026,-45.620756348018254,-45.90623764531744,-45.97444647047626,-45.83504030701711,-45.33544949552731,-44.20496719944146,-42.14160147260513,-38.85858662534494,-34.09091134986438,-27.865866052916104,-20.595855927134853,-13.189924906289512,-3.03587570762797
-3.0530010149406004,-13.217503094602757,-20.635365555073093,-27.92031033551272,-34.14664141496339,-38.91047487253096,-42.18547413616652,-44.24035987602701,-45.36306332600898,-45.856216715910456,-45.99050195515937,-45.91780777531926,-45.627595914230426,-44.97059715247884,-43.73387972337613,-41.73806807142151,-38.914392722991366,-35.33518800764415,-31.193702794037417,-26.75682916974247,-22.308629594510062,-18.10083107616981,-14.316505786061123,-11.046768133994163,-8.2808791926781,-5.905260809107374,-3.7220029520224105,-1.517660306607285,0.8374410471811811,3.343369334928895,5.887741371947531,8.28608772863733,10.32711410349926,11.81345321071029,12.596144408924058,12.596203456765176,11.813624816400528,10.327382740506737,8.286429095025465,5.888132953957375,3.343803513011414,0.8378838621804741,-1.517233825140349,-3.721549449647403,-5.904800879509343,-8.280444395584128,-11.046348564339445,-14.316096756612916,-18.100444380444188,-22.30827005269734,-26.75649419304553,-31.19338827058322,-35.33488694326573,-38.9140971148068,-41.73777414274824,-43.73359327027968,-44.97030912197568,-45.62730228549172,-45.91752932963802,-45.99024913798189,-45.85598245684849,-45.362836854710544,-44.24015991497521,-42.1853337636391,-38.91040310342979,-34.146654835547174,-27.920387507848886,-20.635461433822496,-13.217815550531508,-3.053426657146355
-3.070485828758632,-13.24534714574543,-20.675088658647827,-27.975072754174334,-34.20268133103705,-38.96251340416615,-42.22936327493496,-44.27565712001293,-45.39051640516731,-45.877201882386935,-46.00632683517533,-45.92910580292069,-45.63413019687219,-44.971735679436144,-43.72919704933515,-41.72766324295925,-38.89889362927852,-35.31554586050189,-31.171022197192947,-26.732194891680376,-22.28300287294874,-18.07496891724246,-14.290923059434055,-11.021750277615828,-8.256549133334175,-5.881657297903368,-3.699171884485683,-1.4957086996396465,0.8583357546490064,3.363000913680696,5.905926350918175,8.302734588102615,10.342296296617384,11.827462206443627,12.609502010951385,12.60956182844321,11.827636019913616,10.342568384051765,8.30308037278339,5.906323031790909,3.3634408320485667,0.8587843716135636,-1.4952766287130788,-3.6987122750203314,-5.881191250913669,-8.25610871095399,-11.021325213223616,-14.290508771767666,-18.074577172858994,-22.2826387446046,-26.73185578843225,-31.170703870887188,-35.315241233613214,-38.89859457687714,-41.72736608790018,-43.72890684264672,-44.97144372794757,-45.63383460801912,-45.928824105295206,-46.00607021669271,-45.87696298621635,-45.39028744859904,-44.2754544785697,-42.22922027600405,-38.96244000825149,-34.20269420087247,-27.975150624304533,-20.67518489910121,-13.245661549239802,-3.0709153593971696
-3.088049009597685,-13.273207050120984,-20.714995841436068,-28.030134328484028,-34.259079204547255,-39.01482824356383,-42.27345270415164,-44.31109357121612,-45.41806590899109,-45.898252032128255,-46.02219586089634,-45.94042970658343,-45.640672644561846,-44.972860396129725,-43.7244780700382,-41.71719968107047,-38.88331527375989,-35.295810128920266,-31.148241399783924,-26.70745891272986,-22.257275222656222,-18.04900915578093,-14.26524767829308,-10.996645306006812,-8.232135503715146,-5.857974104725529,-3.676263167539284,-1.4736816071492256,0.8793070465433783,3.382710719745172,5.924194222267971,8.319470825270628,10.357572801300911,11.841565981039675,12.622955638924608,12.62301624116756,11.841742044513165,10.35784839576806,8.319821065184263,5.924596055832812,3.383156327514984,0.8797614061512709,-1.4732436322836338,-3.675797586884652,-5.857501973382028,-8.23168942151799,-10.996214672661672,-14.264828084008274,-18.0486123339758,-22.256906455837655,-26.70711563589627,-31.14791924144588,-35.29550197963969,-38.88301290555341,-41.716899205054936,-43.72418421504917,-44.972565208111085,-45.640373536287896,-45.94014488151008,-46.021935341776846,-45.898010091478206,-45.41783328392358,-44.31088799164113,-42.2733070238779,-39.01475304802798,-34.259091450798124,-28.03021294153704,-20.71509261536351,-13.273523611953372,-3.0884827150726526
-3.105635353694567,-13.30105974030103,-20.75506012235512,-28.08547014647953,-34.315813760481774,-39.06740021123008,-42.31772639908343,-44.3466555818836,-45.44569865544403,-45.91935566096448,-46.03809698408614,-45.95176786837329,-45.64721157972682,-44.97396124010324,-43.71971405763135,-41.70667070800023,-38.86765378588449,-35.275979129919826,-31.12536032015684,-26.68262300127708,-22.23145131872468,-18.02295910275077,-14.239489148409094,-10.971463186572812,-8.207650057733572,-5.834222887737102,-3.6532898980083055,-1.4515924296708056,0.9003378734014685,3.402479053187192,5.942518757558798,8.336262912938102,10.372905207668074,11.855727398948083,12.636468554689507,12.636529943435049,11.855905693390572,10.373184330317748,8.336617705106388,5.942925888678408,3.4029304438237147,0.9007980569472058,-1.45114845897782,-3.6528182248223184,-5.833744577525491,-8.207198177401484,-10.971026909495391,-14.23906414764046,-18.02255713635092,-22.231077848369463,-26.682275492706648,-31.12503429134144,-35.27566737565584,-38.867347955988514,-41.706366705184486,-43.71941667804277,-44.9736630931469,-45.64690842320403,-45.95147997053082,-46.03783257525075,-45.91911078518249,-45.44546222033468,-44.34644719290745,-42.31757823102575,-39.06732324742456,-34.315825412102875,-28.08554948195653,-20.75515732822532,-13.301378368241355,-3.106073202272666
-3.123610079146593,-13.329067162996123,-20.795449510610403,-28.1412314759252,-34.373043079711984,-39.1203716435207,-42.36230354266901,-44.38244334019512,-45.47350424496782,-45.94059373971867,-46.05410412934,-45.96318681385591,-45.65380415768835,-44.975083927329656,-43.7149361151824,-41.69609775856743,-38.85191630390754,-35.25604999293197,-31.10236397859916,-26.65765803210644,-22.205486567870818,-17.996762562303072,-14.213581759871277,-10.946134334818051,-8.18301377800219,-5.810319895378611,-3.630158578709636,-1.429340776334579,0.9215451611755884,3.422434011776516,5.961055474328442,8.353293935310523,10.388498586806826,11.870149243990054,12.650248735193276,12.65031082805219,11.870329681994445,10.388781288784468,8.353653458672103,5.961468150028136,3.4228912054824105,0.9220111767045208,-1.4288903241003077,-3.629680804475867,-5.809835042339259,-8.182556186794864,-10.945692078058768,-14.213151178909118,-17.99635536893348,-22.20510824038644,-26.65730619288141,-31.102033959393918,-35.255734486890894,-38.85160687474408,-41.69579001763822,-43.71463529435176,-44.97478308355936,-45.65349624936441,-45.96289568577909,-46.0538356858337,-45.94034670408635,-45.47326349850738,-44.38223206349442,-42.36215302640367,-39.12029288830018,-34.37305413656305,-28.14131155694266,-20.795547103505605,-13.329387839254707,-3.124052112450832
-3.141753885366002,-13.357135376870316,-20.836065591232792,-28.197327512491377,-34.43067683359103,-39.17365983006014,-42.40711398219749,-44.41839869907916,-45.501430837066565,-45.961919144118255,-46.0701729953272,-45.974645306951786,-45.66041282128408,-44.97619552795383,-43.71011773182765,-41.68545897453581,-38.83609034536524,-35.236018435871806,-31.07925697170768,-26.6325774557395,-22.179403797494125,-17.970450566881222,-14.187563201712504,-10.920697952326696,-8.15827222109867,-5.78631246265258,-3.606923343600784,-1.406984625945713,0.9428578008419132,3.442496172566238,5.979703843496557,8.370443388583894,10.40421684626675,11.88470015164218,12.664164398618489,12.664227370390538,11.884883061994366,10.404503317462837,8.370807775745469,5.980122266746627,3.442959361576971,0.943330020263021,-1.4065274412301945,-3.606439228527997,-5.785820964799648,-8.157808773742754,-10.92024956651268,-14.187126764140867,-17.970037992142682,-22.179020444031988,-26.6322211023459,-31.078922827571034,-35.23569912822474,-38.83577733783673,-41.68514737673821,-43.7098134789425,-44.97589197734211,-45.66009979713479,-45.9743510452948,-46.06990077149059,-45.96167013212646,-45.50118550120748,-44.41818426414212,-42.406961016530815,-39.173579125178215,-34.43068721663384,-28.19740832404392,-20.83616362221989,-13.35745807389342,-3.142200079722525
-3.159521776611754,-13.385017848072655,-20.87665723403336,-28.25352240047797,-34.48847807906514,-39.22705068921344,-42.45197750965897,-44.454368351622605,-45.52934056254943,-45.983207831211686,-46.08619030153844,-45.9860414638696,-45.66694824260447,-44.97722469756032,-43.7052077275499,-41.67472121334215,-38.82016336558667,-35.21588812407332,-31.05606179829384,-26.607425473190368,-22.15327179144953,-17.944108554726874,-14.161533077410484,-10.895261204826438,-8.133545080515255,-5.762328234451539,-3.5837244989767565,-1.3846756402938574,0.9641019902668144,3.4624707805403454,5.998228845764129,8.38743104868235,10.419747441650804,11.899069875583788,12.677899980876834,12.677963690356922,11.899254937318911,10.420037344075478,8.387799893514277,5.998652510013099,3.462939605620991,0.9645799937281035,-1.3842124440746726,-3.58323418818868,-5.761830620188538,-8.13307577135745,-10.894807083624968,-14.16109108869333,-17.943690794794026,-22.152883675253577,-26.60706485864204,-31.055723769373067,-35.21556515843816,-38.81984681140472,-41.67440597039211,-43.70490004045027,-44.9769178324414,-45.66663113123521,-45.98574352578712,-46.0859142045051,-45.98295558674767,-45.52909141326278,-44.45415071723615,-42.45182204751296,-39.22696820421127,-34.48848792088075,-28.253603967079936,-20.87675562212204,-13.385342522702553,-3.159972222518545
-3.177190035897443,-13.412838651445576,-20.91736382175715,-28.30993666968364,-34.54657151134938,-39.28065467369347,-42.49698374865154,-44.490432428923405,-45.557307035815256,-46.00452687141492,-46.10221864434123,-45.99743289768762,-45.67346364039402,-44.97821636181253,-43.70024269996843,-41.66390441575939,-38.80414583245514,-35.19566038058263,-31.032770385553672,-26.582182050009497,-22.127055905845168,-17.91769392816507,-14.135440222306611,-10.869768457174125,-8.108770391943379,-5.738301407547539,-3.5604908332253045,-1.3623373955779208,0.9853641641189396,3.482459078897897,6.016753123386172,8.404408275067977,10.435263880293173,11.91343755413902,12.691640022786858,12.691704576727442,11.913625069401323,10.43555754417798,8.40478185140663,6.0171823063874,3.482934054574484,0.9858484671903828,-1.3618679241209033,-3.5599939529923588,-5.737797471644956,-8.108294716211658,-10.869308384756406,-14.13499244451317,-17.917270669631193,-22.12666277876054,-26.581816890509472,-31.03242822177313,-35.195333609464065,-38.80382565720824,-41.66358537676022,-43.699931304674095,-44.97790594025752,-45.67314248930178,-45.99713125770878,-46.10193870390121,-46.00427125389513,-45.55705402756563,-44.49021139907927,-42.4968255630339,-39.2805702304133,-34.54658063911364,-28.31001898048233,-20.917462625141365,-13.413165369050905,-3.177644815512432
-3.194994079912157,-13.44070232431868,-20.95828890332804,-28.366664467966288,-34.60505732721117,-39.33456255454657,-42.54220957049791,-44.52665502506149,-45.58538770628125,-46.02592680156408,-46.118303232079015,-46.00885904464063,-45.679992154897526,-44.97919561039005,-43.69523961087848,-41.65301998139784,-38.78803816842907,-35.17533141946728,-31.00937073108135,-26.55682665674601,-22.10072697084814,-17.891169822469514,-14.109242287402957,-10.84417527994713,-8.083896733518355,-5.714177809559055,-3.5371608072408307,-1.339905046453474,1.0067210238164184,3.50253966232938,6.0353769421705765,8.421488015222211,10.450890799640298,11.927920511878767,12.705504531353563,12.70556993834962,11.928110478604738,10.451188256391225,8.421866425909428,6.035811810589352,3.503020932078448,1.0072117383575088,-1.339429204486676,-3.536657149292817,-5.71366728175245,-8.083414720177853,-10.843709070895551,-14.10878856720982,-17.8907409788499,-22.10032874117128,-26.556456868330272,-31.0090243660716,-35.175000765605404,-38.78771428072447,-41.65269698790448,-43.694924613602126,-44.97888200286828,-45.67966633436912,-46.00855377981581,-46.11801934891359,-46.02566837859111,-45.58513039110314,-44.52643061381383,-42.54204880328197,-39.33447612771019,-34.60506573966357,-28.36674751195599,-20.958388073720528,-13.441031048632665,-3.195453215945441
-3.2127538351622507,-13.46852643579748,-20.999350373995824,-28.42362869409604,-34.66385857929631,-39.38869966138261,-42.58760422530168,-44.56298580249069,-45.61353198477726,-46.04736100558729,-46.134401673813706,-46.02028342066316,-45.68650238259092,-44.98013900539728,-43.690177189262265,-41.64205285834317,-38.77183393103836,-35.154898635703525,-30.98586531301671,-26.53136989850195,-22.07430575902277,-17.864561715295963,-14.082971569021694,-10.818517357584676,-8.058963255004455,-5.68999886194809,-3.5137790161485425,-1.3174281181365008,1.0281162751118726,3.5226429727181925,6.054023901588435,8.438571857654143,10.46651502067022,11.94240417197198,12.719375763215272,12.71944189223362,11.942596314514931,10.466815934287167,8.438954785866011,6.054464067051405,3.5231299837650423,1.028612996014843,-1.3169459750470167,-3.5132690755427936,-5.689482056637328,-8.058474992422443,-10.818045277311777,-14.082512064045355,-17.86412744405283,-22.073902593240074,-26.530995631632763,-30.98551489307762,-35.15456422500181,-38.77150638504828,-41.6417260807508,-43.68985840849107,-44.979821324980605,-45.68617284783283,-46.01997404689422,-46.13411377131292,-46.047098334054034,-45.61327093106447,-44.56275789377812,-42.58744067102086,-39.38861145945568,-34.663866368508344,-28.42371248727501,-20.99944977483335,-13.468857055274864,-3.2132173375974635
-3.2304311469046665,-13.49629443313944,-21.04054847511617,-28.480813311858896,-34.72296518716315,-39.4430592237384,-42.63315162348344,-44.5994103548052,-45.64173116303591,-46.06882462053085,-46.15051313843486,-46.03170672445789,-45.69299715214928,-44.98104810875033,-43.68505885581861,-41.6310087718486,-38.75554136356276,-35.13436447424803,-30.962259084400728,-26.505818639286503,-22.047796958675857,-17.83787546110954,-14.056629839652144,-10.792797910520722,-8.033978005785919,-5.665776424784757,-3.4903617295091918,-1.29492040396723,1.04953364576125,3.54276671118774,6.072665693544502,8.455652042471796,10.482135667395545,11.956899101522236,12.733264061841108,12.733331013705776,11.957093652746218,10.482440436026703,8.456039971385131,6.073111657380627,3.543260082424976,1.0500368886372862,-1.2944317870595754,-3.489844873696284,-5.665252898970866,-8.03348322882483,-10.79231957525674,-14.056164264060142,-17.83743546225689,-22.047388584954597,-26.505439638127715,-30.961904361388022,-35.13402606725062,-38.75520997914992,-41.63067802377093,-43.68473640348951,-44.98072697987905,-45.692663117982704,-46.03139345158503,-46.15022120382833,-46.06855876217323,-45.64146595756564,-44.59917892297348,-42.632985283257376,-39.442968978980176,-34.72297222003077,-28.480897843249465,-21.040648178430786,-13.496626975898588,-3.230899043103676
-3.2479892811659674,-13.523986204952072,-21.081864877458614,-28.53819509851853,-34.782360015757256,-39.49762794686728,-42.6788344365427,-44.63591621963632,-45.66997476166488,-46.09030853421906,-46.16662746578758,-46.04311873022804,-45.69946617478503,-44.98191563187692,-43.679881638836456,-41.6198882411547,-38.73915702175115,-35.11372896589205,-30.93855324615476,-26.48017500367872,-22.021205646353764,-17.811117394069303,-14.030226504972664,-10.767026766609543,-8.008950110281654,-5.641519050544786,-3.466916782388007,-1.2723921232040103,1.0709624197418357,3.562891785232718,6.091291915481172,8.472706233654339,10.497726343735934,11.971374548028768,12.747138910466218,12.747206727299584,11.971571589140089,10.49803503338352,8.473099166056512,6.09174369247334,3.5633916063592097,1.071472285503318,-1.2718969435166545,-3.466392930450871,-5.640988789660693,-8.008448705287881,-10.766542108325751,-14.029754798796906,-17.810671586681504,-22.02079200160488,-26.479791198017832,-30.93819413702948,-35.113386509627865,-38.738821768513255,-41.61955346628554,-43.67955539013111,-44.981590857447046,-45.699127756412295,-46.04280149498505,-46.16633147355221,-46.09003921879823,-45.6697054100573,-44.63568120446337,-42.67866532113954,-39.49753568207364,-34.78236628618136,-28.53828037025833,-21.081964792490204,-13.524320610972504,-3.248461596346409
-3.265739937196968,-13.551747006849425,-21.123440374474946,-28.595904555098848,-34.84217942619023,-39.55252719045762,-42.72475699284395,-44.67259470040224,-45.698343654102,-46.111883752776805,-46.182808368471925,-46.054575840169655,-45.7059583530304,-44.98277964714596,-43.67467229259358,-41.60870269025612,-38.72268146675944,-35.092986545017645,-30.91473037700169,-26.454409877784727,-21.994490628580596,-17.784236150622544,-14.003703127874044,-10.741139485993529,-7.983807517612178,-5.61714972754963,-3.4433604983511654,-1.2497545524476856,1.0925019079063971,3.583126468472786,6.110033249466046,8.489884139676962,10.513455571896571,11.985994440475643,12.761169507158094,12.76123816328199,11.986193965532976,10.513768282188622,8.490282318460997,6.1104911255329935,3.583632902173078,1.0930184823566862,-1.249252510897606,-3.4428294769768946,-5.616612450992088,-7.983299457196927,-10.74064825324829,-14.0032251311426,-17.7837844096595,-21.994071558322464,-26.454021147654803,-30.914366775275617,-35.09263990159853,-38.7223421958607,-41.60836368360925,-43.67434232235028,-44.9824514795776,-45.70561476570518,-46.05425461548651,-46.18250823744361,-46.11161157982486,-45.69806971755936,-44.6723560310816,-42.72458518865324,-39.55243281149328,-34.84218487454068,-28.595990578294494,-21.123540512411797,-13.552083338810256,-3.266216809159152
-3.283451381650872,-13.5794686392679,-21.165177420027668,-28.65384127983552,-34.902326904056544,-39.60766957568482,-42.77084418195402,-44.70937692696648,-45.726775314303325,-46.13349505126076,-46.19900631686929,-46.06603448035306,-45.71243572015156,-44.9836106849848,-43.66940851806394,-41.597442510820414,-38.706111079003,-35.072137333517084,-30.89079903566964,-26.428540440876056,-21.967678761084933,-17.757266888379654,-13.97710076939131,-10.715181717105503,-7.958602163857764,-5.592724109614827,-3.419754291263028,-1.2270735730337103,1.1140766651354768,3.603386927066412,6.128789806212845,8.50706883946055,10.529191528746612,12.000629528166016,12.775222712920556,12.775292194773886,12.000831564787,10.529508295129578,8.50747229342493,6.129253861123163,3.603900081053335,1.1146000507306293,-1.226564587860322,-3.419215961470502,-5.592179668165104,-7.95808731326959,-10.714683785552614,-13.976616352744555,-17.756809088367003,-21.967254147773296,-26.428146665800472,-30.89043081335041,-35.07178641607946,-38.705767716618446,-41.59709920071197,-43.66907474919159,-44.98327889249275,-45.71208689250272,-46.06570902222743,-46.19870197939864,-46.13321976067904,-45.726496712606334,-44.70913440915818,-42.77066958612183,-39.60757304232695,-34.90233149541578,-28.653928017237387,-21.165277671013044,-13.579806711185531,-3.283932648265549
-3.3009169806579624,-13.607048429640312,-21.20698959910253,-28.711914055358648,-34.96271667129069,-39.66297719481116,-42.817027216843854,-44.74620119170307,-45.755214036861,-46.15509219744309,-46.21517646928851,-46.07745505981653,-45.71886496964557,-44.984382972706136,-43.664073189645215,-41.58609937480496,-38.68944422942029,-35.05118527753284,-30.86677056064475,-26.40258545550285,-21.940796614610388,-17.73024331558176,-13.950458237191873,-10.68919673441396,-7.933381861951873,-5.568293809082953,-3.396154264641743,-1.2044101928552748,1.135618619973145,3.6235967259618658,6.147474623931423,8.52416104533886,10.54482479776088,12.015169940902032,12.789186253585788,12.789256592790103,12.015374528159892,10.54514562135547,8.524569756629138,6.1479447905820575,3.624116567428184,1.1361488188629665,-1.2038943031183382,-3.3956085920384043,-5.56774225072096,-7.932860263454869,-10.688692136240627,-13.94996738196016,-17.729779443066807,-21.940366456032496,-26.40218661612045,-30.866397725523605,-35.05083015698688,-38.68909690758935,-41.58575185051787,-43.66373565504909,-44.98404760297304,-45.7185107646971,-46.07712546648799,-46.21486820195611,-46.15481406680019,-45.75493067349576,-44.74595457587531,-42.816849560686535,-39.6628782879284,-34.96272029150919,-28.71200154271993,-21.207090197074244,-13.607388541253728,-3.3014030362373137
-3.318618605447712,-13.634718095224205,-21.24909367240292,-28.77032389006326,-35.02355574286317,-39.71863510659936,-42.863465102210704,-44.783207607902256,-45.783785163803046,-46.17678790741611,-46.23142017686941,-46.088927886650666,-45.72532395558041,-44.98515872723555,-43.65871090734772,-41.57469555562484,-38.6726865398346,-35.03012274764134,-30.842618261184427,-26.376500171862943,-21.913780776467465,-17.703085283920167,-13.923683366805912,-10.663082401959358,-7.908033637475362,-5.5437384297416665,-3.3724305231935503,-1.181625788393993,1.1572819713212252,3.6439272380675263,6.166286721826776,8.541392621831585,10.560616090516865,12.029876051036029,12.803327611834554,12.803398813301428,12.030083145031568,10.560940934528858,8.541806614294046,6.166763136689341,3.6444538163136135,1.1578189671132353,-1.1811026585542437,-3.3718775522445283,-5.54317970822015,-7.907505112232795,-10.662570962350268,-13.923185999733082,-17.7026152744122,-21.91334498863638,-26.376096232312253,-30.842240782092805,-35.02976331505899,-38.67233505980604,-41.57434365752303,-43.65836963860418,-44.984819763513286,-45.724964670604486,-46.08859404729792,-46.231107828880944,-46.17650664264014,-45.78349732017168,-44.78295715300237,-42.86328462343432,-39.71853394753392,-35.023558456528555,-28.7704121498326,-21.24919448147069,-13.635060188054451,-3.319109515140972
-3.33619474734775,-13.662300024447385,-21.291334053865352,-28.82891201452756,-35.08469140415349,-39.77450554982289,-42.91003757045153,-44.82028829742497,-45.812390943594174,-46.19849362059611,-46.24765793308777,-46.100382359287096,-45.73175248604348,-44.98589053968863,-43.65328875671485,-41.56321478112546,-38.65583395120941,-35.00895465270729,-30.818360426132607,-26.35031627533897,-21.886677335530333,-17.675851568656196,-13.896844202852002,-10.636914411306243,-7.882641797295024,-5.519148283130924,-3.348681241057226,-1.158825624408508,1.1789483354732888,3.66424614310465,6.185072519846609,8.558585006668348,10.576365667026678,12.044547396406577,12.817440900865591,12.817513021810344,12.044757122807226,10.576694661727728,8.559004359387359,6.185555251405958,3.664779634073896,1.1794923045677512,-1.158295385003283,-3.348120717467152,-5.51858216720289,-7.882106452469706,-10.636396012150945,-13.896340193909728,-17.67537533219756,-21.8862358290871,-26.349907142865813,-30.817978198445434,-35.008590838760824,-38.655478271047066,-41.56285841855647,-43.6529436892822,-44.985547963551845,-45.73138773712724,-46.10004414891869,-46.24734142589951,-46.198209405837,-45.81209836006755,-44.82003381043305,-42.90985415617814,-39.77440203373199,-35.08469314336915,-28.82900103651983,-21.291435062296003,-13.662644052264246,-3.3366905166311
-3.3537648539184395,-13.689851006648388,-21.33376696790365,-28.887724806030384,-35.14617722135243,-39.83063643371667,-42.95678489377973,-44.85747773806718,-45.84106165689436,-46.22023560906381,-46.26391362768114,-46.11183957483145,-45.73816915084135,-44.98659249931893,-43.64781659044409,-41.55166096040279,-38.63888604188175,-34.98767656532775,-30.793987345515124,-26.32402024680035,-21.859468846331065,-17.648520474972184,-13.869916754276971,-10.610666350974434,-7.857177460150255,-5.494492556481143,-3.324873341774726,-1.135974658615332,1.2006562816047115,3.684595599298589,6.203879286610524,8.575791728575101,10.59213343711758,12.0592408654488,12.831585217040445,12.831658289248042,12.05945336622038,10.592466685753312,8.576216554642276,6.204368537093936,3.68513622048977,1.2012074043280805,-1.1354371146320548,-3.324305047662928,-5.493918882427604,-7.856635186577762,-10.61014080313565,-13.869405950043438,-17.64803788844485,-21.85902149539736,-26.323605814326584,-30.793600288538688,-34.98730829167322,-38.638526060113264,-41.55129988245337,-43.647467885482655,-44.98624684347711,-45.73779773284769,-46.11149706044242,-46.26359281489081,-46.21994951757422,-45.84076358490437,-44.85721908301804,-42.95659872161276,-39.83053046187679,-35.14617794606353,-28.88781455044601,-21.333868094527745,-13.690196854278271,-3.3542654105091114
-3.371361647300739,-13.717385457755912,-21.376416133347814,-28.946775222441826,-35.20803300831598,-39.88704493399975,-43.00372070860912,-44.89478688078196,-45.86980630952709,-46.24202300619819,-46.28019469434204,-46.12330650129006,-45.74457932713442,-44.98727056345956,-43.64229937184808,-41.54003876169377,-38.62184532637695,-34.96628942599093,-30.76949737758808,-26.29760757612008,-21.832148571464376,-17.621084550277583,-13.842891997947676,-10.58432873528606,-7.831630578285482,-5.469761780267042,-3.3009977600332285,-1.1130646750418625,1.222414304036179,3.704985273602843,6.222720187624397,8.593032620819189,10.607942898609773,12.073982912355962,12.845786046901184,12.845860091661452,12.074198218133295,10.608280506075577,8.593463038141092,6.223216061828329,3.705533079872176,1.222972664498515,-1.1125194759206565,-3.3004216861729265,-5.469180538342687,-7.8310811972966015,-10.583795910292428,-13.8423742786643,-17.620595489301564,-21.831695248730263,-26.297187730109428,-30.769105420128387,-34.96591664389887,-38.62148095297221,-41.5396728823402,-43.64194683615889,-44.98692135308364,-45.74420176131101,-46.12295943837638,-46.27986962849625,-46.24173427354899,-45.86950298838019,-44.894523850549135,-43.00353155406396,-39.88693644509513,-35.20803265203402,-28.946865638980736,-21.376517300364696,-13.717732984136967,-3.371866890586506
-3.3889791948562835,-13.74489530646245,-21.41927945408864,-29.00605141945485,-35.2702544843929,-39.94372675175164,-43.05083984764128,-44.93220966923168,-45.89861844347931,-46.26384853105031,-46.29649466499839,-46.13477716561083,-45.75097840306042,-44.98792059738095,-43.636734501061184,-41.52834640645044,-38.60471092250168,-34.94479220539993,-30.74488951066072,-26.27107824755865,-21.80471765850601,-17.593545250867237,-13.815772245878236,-10.557904080112197,-7.806004295864681,-5.444959005744194,-3.277057867306403,-1.0900989383143442,1.244218187196878,3.72541007276925,6.2415880743292895,8.610297864741757,10.623782662799826,12.088758932655814,12.86002858905847,12.86010354746186,12.088976994802792,10.62412466625309,8.610733999920932,6.242090724555534,3.725965112987336,1.2447837484833355,-1.0895460230855392,-3.276473907876296,-5.444370099847113,-7.805447766815934,-10.557363889572231,-13.81524756692429,-17.59304968535638,-21.80425832520104,-26.27065295532472,-30.744492572804003,-34.9444148228196,-38.60434216939684,-41.5279758221643,-43.63637846175208,-44.9875682171401,-45.750594331558766,-46.13442565226151,-46.29616557900859,-46.26355788612899,-45.89830981196543,-44.93194227699154,-43.050647767925874,-39.94361564747121,-35.270252980574725,-29.00614259294625,-21.4193808067738,-13.745244861994031,-3.389489654551934
-3.4064071991442084,-13.772274177404308,-21.46227619113132,-29.065464598642997,-35.33276310496867,-40.00061201932123,-43.09808250214865,-44.96969229027288,-45.927447791146456,-46.28566676809807,-46.31277127721835,-46.14621333777292,-45.7573323475578,-44.988516366267824,-43.63110405361743,-41.5165754465641,-38.58748148842406,-34.92318861456765,-30.720173934666526,-26.24444799375701,-21.77719912065465,-17.565933597969124,-13.788593647843175,-10.5314337653364,-7.780344931459615,-5.420134735667396,-3.253108685325905,-1.067137270080519,1.266001613137688,3.74579622186734,6.260399699016382,8.627492573018086,10.639545662674376,12.103463031219816,12.874200950634608,12.874276815059606,12.103683812304608,10.639892080010316,8.627934472187372,6.260909180225659,3.746358534422385,1.2665744227227154,-1.0665764175387578,-3.25251677464662,-5.419538118088021,-7.7797810778925856,-10.530886076869413,-13.788061883231444,-17.565431401537204,-21.77673365529733,-26.244017125138136,-30.719771903764453,-34.922806505584745,-38.587108190702445,-41.516200051404205,-43.63074405569246,-44.9881598830029,-45.75694259554128,-46.14585688388252,-46.31243795572022,-46.28537274266057,-45.927134341835895,-44.96942041890146,-43.097887289052125,-40.00049831790037,-35.33276044679497,-29.065556434324705,-21.46237750299429,-13.77262534657645,-3.4069224427989178
-3.4239941783032863,-13.799692432781256,-21.5055574761264,-29.12515045357168,-35.39570113871452,-40.05782762480207,-43.14555507483268,-45.00732735614969,-45.95637843001131,-46.3075526530327,-46.3290936413637,-46.15767730866655,-45.76369678015209,-44.98910188592242,-43.62543990398203,-41.50474392082389,-38.57016196429133,-34.901472356630364,-30.695329968999232,-26.217684639451544,-21.74954840888201,-17.53819240805178,-13.761290299186216,-10.504843420908555,-7.754570337132057,-5.395201126184951,-3.229056252661749,-1.0440795987343268,1.2878733965024542,3.766263466553348,6.279290661725621,8.644773639256425,10.655408906061352,12.118269401449204,12.888485345520598,12.88856218956821,12.118493015810774,10.655759913639006,8.64522152679429,6.279807276425564,3.766833360474018,1.288453664399624,-1.0435107896668736,-3.2284560109296976,-5.394596453564484,-7.7539992165035025,-10.504288005213208,-13.760751262458168,-17.537683450052935,-21.749076667633936,-26.217248082325774,-30.694922723911425,-34.9010854155049,-38.569784008362696,-41.50436354775682,-43.62507614165594,-44.98874189590176,-45.76330014556598,-46.15731601626913,-46.3287559919947,-46.30725636760855,-45.95605938743343,-45.00705085472486,-43.14535680905872,-40.05771119882208,-35.395697228474575,-29.12524292552475,-21.50565869929079,-13.800045193251416,-3.424514262271749
-3.4417139946804696,-13.827133584702366,-21.549119268801338,-29.185094022333192,-35.459063354429965,-40.11536871347983,-43.19325297448621,-45.04510946211117,-45.985403547736425,-46.32949964776904,-46.34545438151186,-46.16916202006923,-45.77006459155764,-44.98967233512629,-43.61973910012269,-41.49285112493416,-38.55275260367242,-34.87964347408161,-30.670357212437978,-26.190787462365414,-21.721765576748066,-17.510323609908653,-13.733864661337764,-10.478136564373466,-7.728684979907779,-5.370163791346571,-3.204907410629485,-1.0209344708833064,1.3098239337311195,3.786801063921729,6.298249184173732,8.662128816937399,10.671357006588602,12.133163794907782,12.902864627690915,12.902942504558313,12.133390455266571,10.671712712937188,8.662582756635407,6.298773042762686,3.78737861372388,1.3104117766574097,-1.0203573059172002,-3.204298842221477,-5.36955113875492,-7.728106395608258,-10.47757331675666,-13.733318263227313,-17.509807799712785,-21.721287464391136,-26.190345126756096,-30.66994470795853,-34.87925171801489,-38.55237001563616,-41.49246580875338,-43.61937154893805,-44.989308719675,-45.76966145476558,-46.16879596751443,-46.345112620718766,-46.32920089080712,-45.98507912391868,-45.04482829050874,-43.19305156123757,-40.11524949685272,-35.45905813823942,-29.185187135174736,-21.54922042487632,-13.827488013614754,-3.442239086300457
-3.4596016086261434,-13.854611026110874,-21.592981284138094,-29.24530338425529,-35.52286842569167,-40.1732517074628,-43.24118858400804,-45.08304729258528,-46.0145290589718,-46.35151151552317,-46.36185634191229,-46.18066945836789,-45.77643722129736,-44.99022816737025,-43.6140016116874,-41.48089633603493,-38.53525148590608,-34.85769778091168,-30.645249196554342,-26.16374886200835,-21.69384252128456,-17.4823185799364,-13.706307716101689,-10.451303619030783,-7.702679083293509,-5.3450126875489525,-3.180652210827765,-0.9976917579865108,1.3318626502283004,3.8074180090069247,6.317283619421372,8.679565763101804,10.687396827687152,12.148151144979176,12.917343332698724,12.917422229723458,12.148380826988229,10.687757359840324,8.680025960666846,6.317814944657108,3.808003421545759,1.332458271154884,-0.9971060060403314,-3.18003505372724,-5.344391821183584,-7.702092890229699,-10.450732310901431,-13.70575377753374,-17.481795768512573,-21.69335788251592,-26.16330062051013,-30.644831310852695,-34.85730106816009,-38.53486411662286,-41.48050593349885,-43.613630274007214,-44.98986088225823,-45.77602713040304,-46.180298360611005,-46.36151032117372,-46.35121038681429,-46.01419905388644,-45.082761321492825,-43.24098400882957,-40.17312961719325,-35.52286182002838,-29.24539710839989,-21.593082286133782,-13.854967040826724,-3.460131691821498
-3.4770805873190738,-13.881813654071832,-21.63689766399706,-29.30552605894172,-35.586882893461414,-40.23127225247018,-43.28919113583311,-45.12099104733222,-46.04361637047623,-46.373459926009694,-46.37817953876196,-46.19208940496659,-45.78271609115467,-44.99068900412482,-43.60816954791591,-41.46884705980556,-38.51765187217409,-34.835650536966895,-30.62004498351697,-26.136627519411597,-21.665858845454483,-17.454277181958002,-13.678735547970897,-10.424475395637668,-7.676696691913329,-5.3199011087051495,-3.156453455216668,-0.9745229101146354,1.353805113776326,3.827914185099455,6.336170687867135,8.696830129911469,10.703242924722757,12.162940816400178,12.931615533562946,12.931695371359256,12.163173373131489,10.703608175273333,8.697296526019628,6.336709455089115,3.828507305131379,1.354408240766414,-0.9739284196839616,-3.1558277335330978,-5.319272067711105,-7.676102912791709,-10.423895993038007,-13.678174027724705,-17.45374732598018,-21.66536763913992,-26.13617329158976,-30.61962163140469,-34.83524881540481,-38.51725969713887,-41.468451757662336,-43.60779422448403,-44.99031728350983,-45.78230050290328,-46.19171310329178,-46.37782950194666,-46.37315504086952,-46.04328162338933,-45.12070011574541,-43.28898301204739,-40.2311472774724,-35.586874838469974,-29.305620364385963,-21.636998440833285,-13.882171201973083,-3.4776157362062285
-3.494521809354627,-13.908931250412644,-21.68103606697572,-29.365912689725327,-35.651267629514194,-40.28957388600978,-43.33738068556062,-45.15904388519466,-46.072758121342616,-46.39542814390465,-46.39450045512616,-46.20349064464222,-45.78896171042243,-44.991102847980976,-43.602277036914366,-41.45672214761952,-38.499956603785904,-34.813489704899766,-30.594715636749424,-26.109381222592347,-21.637759259210156,-17.42613170940585,-13.65107080909932,-10.397565593292605,-7.650643446887752,-5.29472899488859,-3.1322051959208648,-0.9513164809704544,1.3757706169253177,3.848418770161843,6.355054493386511,8.714085398308427,10.719077197310698,12.177714053722593,12.945870974334726,12.945951822901137,12.17794962841832,10.71944729636863,8.714558097492612,6.355600944651456,3.849019863620681,1.376381422507346,-0.9507130719116396,-3.131570633541556,-5.294091577372112,-7.6500421648359325,-10.396977864198366,-13.650501563288362,-17.425594721824332,-21.637261395235345,-26.10892095646481,-30.594286788663904,-34.81308288885355,-38.49955946474972,-41.45632180882924,-43.60189766627346,-44.9907267727015,-45.78854058589152,-46.20310906900722,-46.39414614172463,-46.39511946651379,-46.07241874947817,-45.15874821585962,-43.337169062357326,-40.28944593896507,-35.65125805301224,-29.366007523043574,-21.6811365607455,-13.909290241856471,-3.4950619924104904
-3.5117008500647957,-13.935835738590525,-21.72530401737967,-29.426358105394,-35.7159354108102,-40.34808272778996,-43.38569772679202,-45.19715449545402,-46.101906025938966,-46.41737097381813,-46.41077526318806,-46.21483224491981,-45.79513630574844,-44.99143886846695,-43.59630148004606,-41.444509282111326,-38.48216451332184,-34.79122367599853,-30.56927857013061,-26.082034285355792,-21.60957563074616,-17.397922011346115,-13.623359814804845,-10.370626622786531,-7.624576621801185,-5.269557466270018,-3.107971765343338,-0.9281400082780372,1.3976884690962612,3.868856590353292,6.373853350762335,8.73124081317254,10.734797694172167,12.192366952397135,12.959998548798175,12.960080431302334,12.192605633486783,10.735172829490208,8.731719990437579,6.374407697603516,3.869465688731152,1.3983068530182434,-0.9275272496936314,-3.107328215944024,-5.268911605491181,-7.623967786927063,-10.370030386695888,-13.622782693420028,-17.397377733545117,-21.609070950712347,-26.08156778351008,-30.5688439968324,-34.79081160735854,-38.48176235923175,-41.44410417652006,-43.59591756484659,-44.99105716308352,-45.794711237124616,-46.2144451321856,-46.41041679927334,-46.417056525102936,-46.101562851763774,-45.19685382576768,-43.38548200267888,-40.34795175160546,-35.715924170352075,-29.426453389900004,-21.725404117441016,-13.93619601434932,-3.512245976671687
-3.528960868074272,-13.962701006795228,-21.76985308968796,-29.48699437210337,-35.78102892017746,-40.40692430373246,-43.43424552283097,-45.23541030234803,-46.13113799685178,-46.4393583539392,-46.427068452319226,-46.226172750178335,-45.80129231208269,-44.99174016083335,-43.59027529178858,-41.43222773748199,-38.46428011277032,-34.76884209909719,-30.543707369638803,-26.054548352322097,-21.581257932581558,-17.36958695742031,-13.595532389897825,-10.343579674474634,-7.598410014550377,-5.244294834122205,-3.0836564758543266,-0.9048921904510542,1.419665967639382,3.8893426756581233,6.39269372682044,8.748438055077761,10.7505616183875,12.207056710197977,12.974164207869835,12.974247248565652,12.20729877759358,10.750942115013574,8.748924069856104,6.393256550931546,3.889960258583508,1.4202922430739513,-0.9042693617754232,-3.083003472518509,-5.243640219775826,-7.597793536723106,-10.342974472704675,-13.594947097729785,-17.36903517739484,-21.580746218698955,-26.054075421651085,-30.543266931988143,-34.76842463471607,-38.463872779869845,-41.43181785457651,-43.589886620379175,-44.99135274250036,-45.80086390451202,-46.225780203728505,-46.426705728765725,-46.439037619138205,-46.13079143729535,-45.23510494249968,-43.434025669813416,-40.40679027362051,-35.7810158765187,-29.487090062485887,-21.76995265659025,-13.963062515150472,-3.5295109756451164
-3.546397496643164,-13.989571997547856,-21.814735002222186,-29.547856000615123,-35.84659877847921,-40.46614403105733,-43.48306343222434,-45.27384476872264,-46.160481878518056,-46.46141444467895,-46.44339988698869,-46.23752903755008,-45.8074427618407,-44.99201733693229,-43.58420590353993,-41.41988215833537,-38.44630527063452,-34.74634217433107,-30.517992789480623,-26.02690852376237,-21.552786690009707,-17.341105048244522,-13.567564382168198,-10.316398897600958,-7.57211525971872,-5.218912845630073,-3.059230118640088,-0.8815444801278142,1.4417348375921724,3.909911010084944,6.411613250675021,8.76572051924297,10.766414076256972,12.221832414781906,12.988415482520203,12.98849982883839,12.222078223447635,10.766800271541271,8.766213710484525,6.412184993211952,3.9105374016276992,1.4423694142800365,-0.8809108990488852,-3.0585673246527407,-5.218249305929803,-7.571490700529822,-10.315784359868074,-13.566970559721938,-17.34054542705043,-21.552267605546447,-26.02642882769555,-30.51754618836982,-34.74591910387475,-38.44589257301246,-41.41946767015155,-43.58381197343612,-44.99162314135922,-45.8070130053863,-46.237130955973456,-46.44303308279852,-46.461085535372206,-46.16013310064842,-45.27353463860946,-43.48283859646385,-40.46600662447586,-35.84658363277328,-29.547951953909557,-21.814834101692924,-13.98993467672184,-3.5469525011704834
-3.5638567860956027,-14.016353346754494,-21.859883994800786,-29.60886024315029,-35.912583681942266,-40.52568992123745,-43.532107424866346,-45.31241775096888,-46.18989917644466,-46.4835021493317,-46.45973415546732,-46.24886759994145,-45.81355702237825,-44.99224419611108,-43.57807338809253,-41.407459782716,-38.42823539501924,-34.72372631902499,-30.492144397862894,-25.99913061372888,-21.524183896712938,-17.312504181403387,-13.539489202173822,-10.289122039574384,-7.545733140676854,-5.19345487054176,-3.03473826074284,-0.858144532592456,1.463844481419014,3.9305062861428928,6.43054887534247,8.783014006455181,10.7822716217988,12.236604670486956,13.00265994782033,13.00274571636725,12.236854627042913,10.782664211422688,8.783515212994418,6.431130435168014,3.931142434052029,1.464488222557475,-0.8574996309830116,-3.034064648584275,-5.19278165109921,-7.545100230907908,-10.28849749951552,-13.538886313907222,-17.311936306076745,-21.5236570173883,-25.998643733103822,-30.491691264399485,-34.72329729374443,-38.42781700152602,-41.40704089525142,-43.57767395273575,-44.99184279407182,-45.81312807169711,-46.248464252773616,-46.45936334351384,-46.48316358157588,-46.18954949226193,-45.31210345319376,-43.53187734802918,-40.525549081770514,-35.91256622262965,-29.60895635817354,-21.85998244592589,-14.016716965289474,-3.564416456490209
-3.5815462488619807,-14.0431518584456,-21.90540755244797,-29.670090908182157,-35.97908513195074,-40.58564995084523,-43.581452900722816,-45.35119573564437,-46.219449359918734,-46.50567282564986,-46.47611759888159,-46.2602288793195,-45.81966984619383,-44.99244699052412,-43.571896405624265,-41.394972435637975,-38.41007489311231,-34.700988682185866,-30.46614434754799,-25.971185135468385,-21.4954102316091,-17.283739331679477,-13.511255568667307,-10.261693498011107,-7.519204236364412,-5.167859507243398,-3.010117056673907,-0.8346269359378666,1.486065365034704,3.951204828775269,6.449584432990058,8.80041171629511,10.798231733197008,12.251482265933008,13.017003300051384,13.017090542764851,12.251736599229792,10.798631133240306,8.8009214887023,6.450176220791217,3.951851505880806,1.4867192686972177,-0.8339706864695969,-3.0094321552601966,-5.167176240068931,-7.51856196753122,-10.261058728697122,-13.510643325206804,-17.28316284815122,-21.494875219903268,-25.97069074924277,-30.46568436739817,-34.70055339628151,-38.40965057710761,-41.39454906727016,-43.57149110105327,-44.9920382739397,-45.81924165305631,-46.25982036235308,-46.47574226503831,-46.50532491849571,-46.21909846623604,-45.350877341827726,-43.58121724102685,-40.58550531926866,-35.97906502598945,-29.670187017520277,-21.905505290876818,-14.04351630213666,-3.582110468726372
-3.599417253380848,-14.069926227341911,-21.951289165478983,-29.73151091599669,-36.0460883527951,-40.64601310733838,-43.63108908440096,-45.390167304864256,-46.24912067450842,-46.52791342904073,-46.49253650773426,-46.27159889490807,-45.825769821108565,-44.99261229564682,-43.56566294695232,-41.382411820987706,-38.39181837166076,-34.67812704592338,-30.43999356832735,-25.94307509767692,-21.466471158134564,-17.254817644802422,-13.482873304830056,-10.234124681533524,-7.492542775714563,-5.14214041461835,-2.985381174995929,-0.8110054680114887,1.508380181415904,3.971986923103232,6.468696967682399,8.817883522279566,10.814259959643662,12.26642578778931,13.03140616861616,13.031495057759969,12.266684997372062,10.814667003000098,8.81840284563233,6.469299821074976,3.9726452321582655,1.509045477671657,-0.8103373519744257,-2.98468445501158,-5.141446568105061,-7.491890050211694,-10.233479292525956,-13.48225130977151,-17.254232094218327,-21.465927583518805,-25.94257277644252,-30.43952636220034,-34.677685186491324,-38.39138789442955,-41.38198352912787,-43.56525213149698,-44.99219782307136,-45.82533903715749,-46.27118709825511,-46.49215762134229,-46.52755720374919,-46.248767402196805,-45.38984510274717,-43.6308479350387,-40.645864398207216,-36.04606528973147,-29.73160686401645,-21.9513859891962,-14.070291288425723,-3.5999858257277157
-3.617082135008221,-14.096447861861714,-21.997362882943605,-29.792937202973896,-36.11344565298318,-40.70665700768011,-43.68091649725426,-45.42924775184124,-46.27883522364824,-46.55015030076623,-46.50892158305933,-46.28291156784736,-45.83179142091492,-44.99268263000448,-43.55932370114846,-41.36974067922231,-38.373447603762926,-34.6551462309385,-30.413719201772025,-25.914844027350632,-21.437425658364656,-17.225810907809905,-13.454427512281246,-10.206511678877645,-7.465854643727627,-5.116408048847372,-2.960645601986566,-0.7873974929093616,1.530665505312213,3.9927224501392895,6.48774677594945,8.835273618260292,10.830187327725517,12.281252762856678,13.04568163647164,13.045772004236786,12.28151625628692,10.830601012842775,8.835801421412238,6.488359461616314,3.993391142979975,1.5313415490058515,-0.7867186631300644,-2.9599380511904427,-5.115704521081358,-7.465191507800756,-10.205856540721133,-13.453796279149246,-17.22521673901,-21.43687396497741,-25.91433422175679,-30.41324517131176,-34.654698115792606,-38.37301120888675,-41.369307496417846,-43.5589070683322,-44.99226216657087,-45.83135837525626,-46.2824953781046,-46.50853766381542,-46.54978661142744,-46.27847867901791,-45.428921488311,-43.680670134721616,-40.706504506013545,-36.11341992028145,-29.793032985935035,-21.997458469782156,-14.096813258209885,-3.6176550582068727
-3.6346921745776593,-14.122785921412571,-22.043704340093687,-29.85441546079237,-36.181228121617,-40.7676424503218,-43.73098411914417,-45.46847909590515,-46.30863158534473,-46.57241880049547,-46.52530481421963,-46.29419586619846,-45.837761195277615,-44.992678554359976,-43.55289341351823,-41.35696837643677,-38.35496565930728,-34.63204303436714,-30.387310257343707,-25.886473761661613,-21.408248592981444,-17.196689344422943,-13.425884186273516,-10.178816300489231,-7.43909820224216,-5.090618316733132,-2.935864410149236,-0.7637550044571428,1.5529713654006614,4.013465329660684,6.506791317799053,8.852643833717552,10.846079694179563,12.2960326580095,13.059901833010628,13.059993606979944,12.296300212973415,10.846499729988071,8.853179837120324,6.507413434190189,4.014143969961813,1.5536580242715743,-0.7630656558779634,-2.9351462339614747,-5.089905333695594,-7.438424727574692,-10.178151598329462,-13.425243791322782,-17.19608665270039,-21.40768887669053,-25.885956576489217,-30.38682951950037,-34.6315888032989,-38.35452353798284,-41.3565302842713,-43.55247105526749,-44.99225267898784,-45.83732466285464,-46.29377523476895,-46.52491545830286,-46.57204877687527,-46.30827072206332,-45.46814847695502,-43.73073248476004,-40.76748600646789,-36.18119965175602,-29.854511017490317,-22.04379858384432,-14.1231515750266,-3.635269537905648
-3.652139448819391,-14.148866893569124,-22.090274972308343,-29.915883419720224,-36.24941111529691,-40.82895000121536,-43.78127665269132,-45.50784924858557,-46.33849872506181,-46.594708327594894,-46.54167425082587,-46.30543868520783,-45.84366410009242,-44.99258353843904,-43.54635445899198,-41.34407871919255,-38.33636193687906,-34.60881479703046,-30.3607719183668,-25.857974191619203,-21.37895340444493,-17.167470274865007,-13.397264865124798,-10.151063775768373,-7.412301488910101,-5.064800943690684,-2.911068436825445,-0.7401096533458912,1.575265785802451,4.034183192121235,6.525795900863902,8.86995659424834,10.861895656445968,12.310722134792863,13.07402105019572,13.074114185487112,12.310993720779264,10.862322058615687,8.870500893006296,6.526427407969598,4.034871520113507,1.5759628681003937,-0.7394097020509615,-2.910339988354973,-5.064078836266678,-7.411617617426284,-10.150389617776844,-13.396615384317506,-17.166859116185265,-21.378385727800502,-25.857449710395265,-30.3602845463038,-34.60835444663033,-38.33591404677237,-41.34363557478731,-43.54592641623628,-44.992152510748056,-45.8432234869393,-46.30501356625668,-46.54127927347626,-46.59433239844598,-46.33813307210309,-45.50751411316639,-43.781019738372606,-40.82878948346173,-36.24937981945721,-29.91597866101393,-22.09036777978221,-14.149232758101428,-3.652721359332361
-3.669381607867848,-14.174651982131127,-22.13706103238534,-29.97730134633571,-36.31799302234816,-40.89057988959251,-43.83179475424835,-45.54736011555574,-46.3684391477608,-46.61702081612621,-46.55803058599322,-46.31663920264325,-45.84949732032166,-44.99239230773652,-43.53969933166344,-41.33106381588638,-38.31763089143714,-34.58546008812264,-30.33410714962657,-25.82935069456513,-21.34954682894816,-17.138161519064557,-13.36857929485582,-10.12326565283037,-7.385477342481344,-5.038969565567227,-2.8862713205732176,-0.7164749705882874,1.5975369247131457,4.0548661170593965,6.544751527741216,8.887204662586862,10.877627469866717,12.325313867387193,13.088030895023964,13.088125360599864,12.32558931357116,10.878059881589364,8.887756845950639,6.545392067100593,4.055563727352742,1.5982441565936325,-0.7157642001564719,-2.8855329867289763,-5.038238665994843,-7.38478291267289,-10.122582135576051,-13.367920816558776,-17.137541935532344,-21.348971242018617,-25.828818968388777,-30.333613184965788,-34.58499364275228,-38.31717727241698,-41.33061552512636,-43.53926563914215,-44.99195625132624,-45.849051940294856,-46.31620936098773,-46.55762970335944,-46.616639291423866,-46.368068213240704,-45.54702024929364,-43.83153251404483,-40.89041515706257,-36.31795881839184,-29.97739618875142,-22.13715228757226,-14.175017982304963,-3.669968161696662
-3.686528102619661,-14.20018910130293,-22.1841199556648,-30.0386986543477,-36.38704096328155,-40.95259187628035,-43.88258621268929,-45.58705095533761,-46.39848739254944,-46.63938690993967,-46.57440137742432,-46.32782170705242,-45.85528132175439,-44.99212011983698,-43.53293738337398,-41.31792782830151,-38.29876985268152,-34.561970005003964,-30.307301048805737,-25.80058385755164,-21.32000572243584,-17.108736406372707,-13.339798064514584,-10.09539003851534,-7.358591787353343,-5.013088430239549,-2.8614357999574094,-0.6928127486326333,1.6198249022063425,4.075556223543973,6.5637023879912295,8.90443485816291,10.89332334000102,12.339855999194242,13.101981831223108,13.102077648713236,12.340135342689774,10.89376172052407,8.904994839066493,6.564351876046981,4.0762629482845245,1.6205422279230663,-0.6920907376908668,-2.8606878605782344,-5.012349037508159,-7.357886464367128,-10.094697122222044,-13.339130570746262,-17.108108323275452,-21.3194221627293,-25.80004481853303,-30.30680044190238,-34.561497442306774,-38.2983105065605,-41.31747416136581,-43.53249799842275,-44.99167924874473,-45.85483022748628,-46.32738695642343,-46.57399436348277,-46.63900035922632,-46.39811039876842,-45.586705889309805,-43.882318479966585,-40.95242273666413,-36.38700371911049,-30.03879294991855,-22.184209450146977,-14.200554978993704,-3.687119143201776
-3.703596873076063,-14.225471568122598,-22.23146098266475,-30.100056201926787,-36.456579997232495,-41.015009710809366,-43.933669569657695,-45.62693649003326,-46.428656822534506,-46.66181797957767,-46.59079631137879,-46.33899401819958,-45.86102191935553,-44.99177016548592,-43.52606945246629,-41.30466995509504,-38.27977597431889,-34.53834063498934,-30.280349288820435,-25.77166952286371,-21.29032591292561,-17.079189842344274,-13.310915972397314,-10.067431662183424,-7.331639226791847,-4.987151834369269,-2.836555617356724,-0.6691159227486222,1.642138011890358,4.096263334317586,6.582659765440435,8.921659666476016,10.908994956299903,12.354360178422787,13.115885446575705,13.11598266295344,12.354643471049418,10.9094393730885,8.922227466331972,6.583318165256602,4.096979124234059,1.6428653493935743,-0.6683827851637976,-2.835798121512747,-4.9864040800465546,-7.330923111629132,-10.066729341098528,-13.310239525629138,-17.078553286440375,-21.289734420782597,-25.771123220256527,-30.2798420888734,-34.53786200556229,-38.27931097228025,-41.30421076154876,-43.525624539264136,-44.991324978744544,-45.860564155831,-46.338554319300165,-46.59038310684626,-46.66142740475336,-46.42827317340874,-45.62658607970063,-43.933396451726345,-41.01483601564317,-36.45653963854163,-30.10014985721096,-22.23154856065236,-14.22583718225726,-3.7041923852024783
-3.720223468378844,-14.250280212952926,-22.278918125382205,-30.16118547006152,-36.5264841644971,-41.07772941230322,-43.98496415504684,-45.66695061107691,-46.45888944055763,-46.684261157222615,-46.60716396557866,-46.35010651633982,-45.86667084137173,-44.99129756403541,-43.51905625588653,-41.29125624130819,-38.26063336401643,-34.51457740128418,-30.253281689838563,-25.74265730601824,-21.26057204415368,-17.049597630071375,-13.282020636725782,-10.039489192155193,-7.304725732391455,-4.961273797677969,-2.811748785331915,-0.645503003339324,1.6643561455410647,4.116866865571272,6.601503483181552,8.938758509656738,10.924522017602555,12.36870778457685,13.129617786517937,13.129716411302375,12.368995008595432,10.92497253756043,8.939334255905127,6.602170953962226,4.117592061158044,1.6650935441101584,-0.6447591242226595,-2.810980884398263,-4.9605171169978615,-7.303999400938244,-10.03877708999535,-13.281335018077462,-17.048952414056835,-21.259972438154183,-25.74210355239532,-30.25276767629647,-34.51409246372348,-38.26016250586439,-41.29079139861145,-43.51860568891846,-44.99084747759785,-45.866206672642654,-46.34966141477062,-46.606744555067074,-46.68386570754518,-46.4584992841441,-45.66659436458001,-43.984685200543744,-41.07755085832056,-36.5264403900804,-30.161278247548708,-22.27900358853231,-14.25064534691969,-3.72082332719688
-3.736202568957711,-14.274487022522242,-22.326402172800343,-30.221966935056823,-36.5966980444266,-41.14070456810307,-44.0364354807355,-45.70706983038972,-46.4891590548181,-46.706696478494045,-46.62348224442183,-46.36113934168,-45.87220614428564,-44.99068595443335,-43.5118787023292,-41.27766763896021,-38.24133310607679,-34.490681759829265,-30.22611321999001,-25.713574299488123,-21.230780576771934,-17.020002245365514,-13.25316035120834,-10.011617341863476,-7.277912708836115,-4.935515877115058,-2.7870780678405565,-0.6220425860595306,1.6864143661398012,4.137303183974637,6.6201716924766485,8.95567288955896,10.939853013812272,12.38285285298917,13.143131615062837,13.143231576890312,12.38314398263765,10.940309598897183,8.956256689628376,6.620848546055406,4.138036724313182,1.6871617730266577,-0.6212833033776575,-2.7863030798664035,-4.934752876761968,-7.277172155460471,-10.010895767992915,-13.252465800166627,-17.019348174362992,-21.23017268121793,-25.713012910081005,-30.225592287169757,-34.49019039332314,-38.240856224119874,-41.27719780400441,-43.51142180531091,-44.990227649324105,-45.87174197116396,-46.36068798012847,-46.62305728228637,-46.7062898636818,-46.488766560532326,-45.70670810043555,-44.03614981623873,-41.14052109626397,-36.59665064510138,-30.22205863958577,-22.32648531542056,-14.274851415635696,-3.736806611491881
-3.7516193694728655,-14.298123279582532,-22.37395631791153,-30.28240318675165,-36.66728310329724,-41.20398917812154,-44.08812625900028,-45.74732799302803,-46.519496470745416,-46.72914805943879,-46.63977539390248,-46.37211385514261,-45.877649695096366,-44.98995169526607,-43.5045512739681,-41.26391355752163,-38.22187687021527,-34.46664936573908,-30.19883337097664,-25.6844065939219,-21.20093436490807,-16.990384639426743,-13.224314145383165,-9.983791498898553,-7.251173638201781,-4.909849436761693,-2.762513788288498,-0.5987025059608132,1.7083449440620475,4.157606161826075,6.6387034795411415,8.972445677630493,10.955036228192329,12.396844640576708,13.156481574943053,13.156582662744349,12.39713897177626,10.955497736470456,8.973036142689093,6.639388180081331,4.158346476432769,1.709101317852935,-0.5979290780990721,-2.761733316675953,-4.909081507336575,-7.250419173561931,-9.98306146728867,-13.22361154464861,-16.989722392328108,-21.200318848723832,-25.683838229498456,-30.19830617517672,-34.46615217181231,-38.221394406639405,-41.263439335009856,-43.50408742270048,-44.98948359305629,-45.877187422767726,-46.37165575141805,-46.63934418669602,-46.72872727764221,-46.51910249233937,-45.74696087469996,-44.087833520360455,-41.2038009833292,-36.66723231103593,-30.28249385924601,-22.37403697670737,-14.29848696487776,-3.752228032115996
-3.7661443519445696,-14.320985116433928,-22.42143549044864,-30.34230869412355,-36.73813337748169,-41.26749288546345,-44.13996880591138,-45.78766742940438,-46.54985286314651,-46.751567513748974,-46.65600016405505,-46.382988920021575,-45.8829663234181,-44.98906065409552,-43.49704913533086,-41.24997007182078,-38.20225746999441,-34.44249212684786,-30.171475864028693,-25.6552042142929,-21.171095481451683,-16.96081989245503,-13.195565330159836,-9.956104281861103,-7.224605619554376,-4.884378532198207,-2.7381635841919056,-0.5755910389474385,1.7300377773493465,4.177666191536354,6.656991019667306,8.988975045952447,10.969985007153602,12.41060226894254,13.16959135770552,13.16969347083494,12.4108995057124,10.970450936189671,8.989571410185288,6.65768277500177,4.178412559475505,1.7308023731029865,-0.5748045132408928,-2.737377799313669,-4.883605837311499,-7.223838227912636,-9.95536588498793,-13.194854940122884,-16.96014967984758,-21.17047254752425,-25.654629067875558,-30.17094252891997,-34.44198914654468,-38.20176939397649,-41.24949130204524,-43.49657796581327,-44.98858307523109,-45.882504469282274,-46.38252414123111,-46.65556182110922,-46.751133102323024,-46.549456032021766,-45.7872945848573,-44.13966872185648,-41.26729980839342,-36.73807918316613,-30.342398134752717,-22.421513382684584,-14.321347739758542,-3.766757461775801
-3.7800729737467433,-14.343216356734713,-22.468977489529323,-30.401769323287013,-36.80939909080959,-41.33134736375227,-44.19206256547522,-45.82816826612374,-46.58029642545095,-46.77401666635559,-46.67221359003184,-46.393817874533326,-45.88820431653928,-44.988056141637074,-43.48940584034251,-41.23586786098885,-38.182485946829416,-34.41820217947126,-30.144012773900503,-25.625924234923723,-21.141210117861355,-16.931244846983603,-13.166841754010315,-9.928474756687214,-7.198119898792417,-4.859010278809346,-2.7139305805367733,-0.5526064645339854,1.7515962263069091,4.197590013425986,6.67514619407436,9.005377129205046,10.984817001765856,12.42424525562294,13.182587335525168,13.18269038028673,12.424545203770494,10.985287186316183,9.005979216300066,6.675844790419287,4.198342438750197,1.7523688392241554,-0.5518080460377253,-2.713138903858163,-4.858232304930335,-7.197340783999351,-9.927727853748069,-13.166123631911406,-16.93056676136469,-21.14057986032227,-25.625342407598424,-30.14347339928182,-34.41769346702198,-38.18199222526872,-41.235384318318765,-43.48892726625296,-44.9875698815242,-45.88774138277349,-46.393346695667766,-46.671767529658666,-46.77356983474296,-46.57989544607719,-45.827789515063536,-44.19175511946071,-41.3311492724072,-36.80934141278912,-30.401857381088902,-22.46905234380912,-14.34357771153624,-3.780690503704277
-3.793135106904419,-14.364644326514284,-22.51646969381169,-30.46062226771754,-36.88100611979996,-41.39549787356963,-44.24435990313182,-45.86879175752292,-46.610792132837126,-46.79646398053119,-46.68838527657861,-46.404571796461184,-45.89333573653966,-44.9869125219615,-43.48159945819712,-41.221589475502775,-38.16255710677263,-34.39378924387119,-30.116472035862422,-25.59660713041749,-21.11132857618998,-16.90171978807881,-13.138210927067714,-9.900977289641745,-7.171795144358024,-4.83382769053493,-2.6899003239387853,-0.5298350165520277,1.772932976579881,4.217290118048746,6.6930859458994325,9.02157456018848,10.999471088744125,12.43772262421814,13.19542347387683,13.195527351498816,12.4380250733518,10.999945314532596,9.022182131315432,6.6937912909114194,4.218048649157095,1.7737130464013102,-0.5290258493717318,-2.6891018225799943,-4.833043526895681,-7.171006127756261,-9.90022160098226,-13.137485036029917,-16.901033923030298,-21.11069108045466,-25.596018690361845,-30.11592662281304,-34.393274774647075,-38.1620577430233,-41.22110109071741,-43.481113349234896,-44.98641779692647,-45.892870856882105,-46.40409424278416,-46.68793105226542,-46.7960051902491,-46.61038628080069,-45.868407240923446,-44.24404535470437,-41.39529485431992,-36.88094501741946,-30.46070884368484,-22.516541097113063,-14.365004034414254,-3.793756871373766
-3.805995828262457,-14.385625270088047,-22.564213326907115,-30.519109383929298,-36.95328184735956,-41.460204843319005,-44.29707586493667,-45.90970456582032,-46.64148224463133,-46.81903446057788,-46.70462996111176,-46.41535631494374,-45.89845627066784,-44.98571366707648,-43.47369536728791,-41.20718496307988,-38.14248185651648,-34.369223160632494,-30.088776350086825,-25.567145340532274,-21.08132139293848,-16.872092021278853,-13.109502190245363,-9.873422767337535,-7.145428879288738,-4.808617205440305,-2.665850821172407,-0.5070479965861684,1.7942819773212415,4.237007105675453,6.711052633302613,9.037810043906587,11.014166554387726,12.451244878170373,13.208311454065324,13.208416180416716,12.451549870417267,11.014644946622642,9.038423299077444,6.711764697473364,4.237772278891385,1.7950702646934291,-0.5062297129600706,-2.665044575336032,-4.807825553420694,-7.14463045119274,-9.87265825364175,-13.1087682933621,-16.87139815046432,-21.08067651176238,-25.56655014733089,-30.08822476030335,-34.3687027679386,-38.141976718851865,-41.20669146651601,-43.47320188064467,-44.98521143525252,-45.897988048722056,-46.414872535548994,-46.70416720268994,-46.8185652331338,-46.64107056429759,-45.909314168021794,-44.29675407702984,-41.45999650026506,-36.95321701037378,-30.51919420972144,-22.56428106109824,-14.385983104165511,-3.806621656222721
-3.818038367518145,-14.4057871697184,-22.61194089672411,-30.57690381893727,-37.02601212702472,-41.525297188956856,-44.350068409689214,-45.95079132696026,-46.672265468055,-46.841636985249856,-46.72086213028935,-46.426091265510216,-45.90349136203848,-44.98439200508764,-43.46563778397014,-41.19261283361346,-38.122251213640894,-34.3445312650925,-30.06099598452624,-25.53763877713244,-21.051310631146684,-16.842504771808507,-13.080875580566216,-9.84598688687235,-7.119209265951731,-4.783574783663755,-2.64198456809913,-0.4844519627222517,1.815434177895696,4.256531381610688,6.728843952892865,9.053891258012584,11.028743459487544,12.464674307557097,13.2211206823707,13.221226328561317,12.46498196828398,11.029226029273458,9.054510050158884,6.729562699442598,4.25730351189646,1.816230515254368,-0.4836251063953576,-2.6411697253609545,-4.782774761648909,-7.118402798934285,-9.845213050702124,-13.080133380547114,-16.841802843781533,-21.05065821785797,-25.53703666859673,-30.06043804442377,-34.344004834327244,-38.12174025183797,-41.192113956339576,-43.465136669590045,-44.98388225057149,-45.903018443522186,-46.42560121796457,-46.72039072662703,-46.84115785931604,-46.67184681565218,-45.95039443515717,-44.34973911295405,-41.52508322569633,-37.02594326877877,-30.57698658593917,-22.612004582445543,-14.406142718578476,-3.8186679664880554
-3.8295982671076927,-14.425298285239451,-22.659803985816296,-30.6340868467176,-37.09938199691506,-41.59092526943899,-44.40345469151534,-45.99214154029215,-46.70321486207762,-46.8643353536967,-46.73713860528737,-46.43682823209902,-45.9084863901068,-44.982988409341125,-43.45745947944601,-41.17789753814397,-38.101869336375465,-34.3196967361937,-30.033091368434235,-25.508034187808704,-21.02123316713483,-16.81288387697308,-13.052248156303468,-9.818577390369905,-7.093036783208321,-4.75859429775684,-2.6181899972517613,-0.4619333734346758,1.83650922991004,4.275986712275584,6.746583568957436,9.06994350194638,11.043315503591051,12.47811884594707,13.233959545527604,13.2340660300821,12.4784290443056,11.043802262954625,9.070568016170776,6.747309084882664,4.2767658828475446,1.8373137261204584,-0.4610981270982309,-2.6173665441067744,-4.757785798781738,-7.092222039558504,-9.81779436527392,-13.051497637841736,-16.81217387531327,-21.02057323204277,-25.50742519150713,-30.032527141340537,-34.31916426352247,-38.10135246007406,-41.17739322688525,-43.45695089833109,-44.982471305176674,-45.90800942072448,-46.43633180204743,-46.736658371992725,-46.86384612945252,-46.70278967696588,-45.99173857176012,-44.4031181116143,-41.59070558103132,-37.09930893200522,-30.6341674089403,-22.659863352827127,-14.425651420699936,-3.8302316720193503
-3.840577337319538,-14.444083479739325,-22.707764697864693,-30.690545165766757,-37.17339700024469,-41.657091965409904,-44.45723262676218,-46.0337517873494,-46.73432207782929,-46.88712006452302,-46.753448802598285,-46.447556836202224,-45.91343129754277,-44.981493730164736,-43.44915262741032,-41.16303266002163,-38.08133527836819,-34.29472498690867,-30.00507570018876,-25.47835132472093,-20.99111389211441,-16.783258301776915,-13.023651697793042,-9.791227956150038,-7.066946230300386,-4.7337107089435575,-2.594502057431573,-0.4395260229312978,1.8574749229868055,4.295343832291567,6.764247822660308,9.085949613127816,11.057875819327345,12.491578859280583,13.246832866961144,13.246940215993405,12.491891711373208,11.058366895705127,9.086579996246858,6.76498023828383,4.296130278644712,1.858287744861657,-0.4386821665343824,-2.5936696229394807,-4.732893560302217,-7.066123053500722,-9.79043554772311,-13.022892582119535,-16.782539989351143,-20.99044619471536,-25.477735185775277,-30.004504963060377,-34.29418637072289,-38.08081239153364,-41.1625226686541,-43.4486361857581,-44.98096861207213,-45.91295046738557,-46.44705346529618,-46.75295949860106,-46.88661996337722,-46.73389044128756,-46.03334186342849,-44.45688816500149,-41.65686616026804,-37.17331927265196,-30.69062310084957,-22.70781932028625,-14.444433665825596,-3.841214052248328
-3.85059904120247,-14.461920073233864,-22.75566660474029,-30.746043972888742,-37.247949770050354,-41.72370386675299,-44.51132343844495,-46.0755522223803,-46.765531815420445,-46.9099404969563,-46.7697456963772,-46.4582313750926,-45.91828340495968,-44.97986820347664,-43.44068832551525,-41.147999962590255,-38.06065003063591,-34.26964176377493,-29.9770003796276,-25.448662419465077,-20.961040635453585,-16.753724955870318,-12.99519356039504,-9.76405367692044,-7.041060855767632,-4.7090508450379165,-2.5710513066024103,-0.4173588875672899,1.8782014530337163,4.314478685770267,6.781722508200864,9.101813192482526,11.072354806878296,12.505018549753022,13.259711391883997,13.259819698437765,12.505334156743542,11.072850204141965,9.102449351731092,6.782461852094235,4.315272723294027,1.879022315979329,-0.4165068025671361,-2.5702089559915025,-4.708224921413235,-7.040229871872812,-9.763251540899764,-12.99442567023198,-16.752998298850763,-20.960365078434886,-25.44803903020618,-29.976422995653373,-34.26909684807833,-38.06012085287129,-41.14748422720213,-43.440164428079,-44.97933423069949,-45.91779851605913,-46.45772088596515,-46.76924740480605,-46.909429156151056,-46.76509364309211,-46.07513463988127,-44.51097089116734,-41.72347168224092,-37.24786702395839,-30.746118849586548,-22.755715957246966,-14.462266571112432,-3.851238356806845
-3.859801093169828,-14.478875996951215,-22.80357598829861,-30.80056060272057,-37.32313257908503,-41.79083093983785,-44.56577762748227,-46.11757824017592,-46.79686513586659,-46.93281254644556,-46.78604251410866,-46.46886424774846,-45.92305389340919,-44.978122753115095,-43.43207372523842,-41.13280748500223,-38.03981681885072,-34.244444197693184,-29.94885694449905,-25.41895546690125,-20.930999090688417,-16.72426729051855,-12.966853314283632,-9.737031131025486,-7.015351191605324,-4.684582917820558,-2.547800722622067,-0.39539474545827,1.8987335206351863,4.333438978790757,6.799058937610884,9.117589662835956,11.086809548745231,12.518491785592074,13.272652320600113,13.272761585970551,12.51881023473771,11.087309425284015,9.11823177707121,6.799805271685509,4.334240785933008,1.8995626667105825,-0.3945343698420303,-2.5469483921173346,-4.683748089313777,-7.014512055477449,-9.7362192731638,-12.966076531532948,-16.72353214179562,-20.930315537418075,-25.41832470791148,-29.94827277027113,-34.24389279924398,-38.03928139917012,-41.1322859799428,-43.43154167700934,-44.97758049043192,-45.92256502010984,-46.46834658166145,-46.78553471362581,-46.93228992420873,-46.79641975768352,-46.11715350585747,-44.565416473896775,-41.79059194997488,-37.32304452286826,-30.80063201586008,-22.803619659143884,-14.479218344945178,-3.860442645005293
-3.8681796391426926,-14.494950899983326,-22.851496265401256,-30.854009987013207,-37.39896905166365,-41.85848047678664,-44.62059837750192,-46.15981882670357,-46.82830903943776,-46.955722001889946,-46.80232623152528,-46.47944322509222,-45.92773151781312,-44.97624794780195,-43.42330121653298,-41.1174561219931,-38.01883909918718,-34.21914057920316,-29.92065926760724,-25.38924943123265,-20.901011521644225,-16.694908992526045,-12.938655218282491,-9.710183485397362,-6.989839673884373,-4.660327718793472,-2.524769545134081,-0.3736498030156737,1.9190577853939568,4.352217774156537,6.816256876419709,9.133289735810834,11.10125979861022,12.532027888599348,13.285690324309437,13.285800581894172,12.532349235650404,11.101764237045176,9.13393788129423,6.817010221091998,4.3530274890919936,1.9198954673118895,-0.3727811183233273,-2.52390724955702,-4.659483687796281,-6.988992208805889,-9.709361917027543,-12.93786940314364,-16.694165226424865,-20.900319856386776,-25.38861118626834,-29.920068216761667,-34.218582657229454,-38.01829739639084,-41.1169286246362,-43.42276092720255,-44.97569763618544,-45.927237993383294,-46.47891828264672,-46.80180866120376,-46.9551884890582,-46.827855871197166,-46.15938663923495,-44.620228321503554,-41.85823420162207,-37.398875182931,-30.854077487696845,-22.85153388103964,-14.49528869794886,-3.868823140785649
-3.875746951125764,-14.510164230415675,-22.899434243866253,-30.906311499190892,-37.47546564268923,-41.92664394298048,-44.67577409941208,-46.20225005122028,-46.85983647852374,-46.97864186883923,-46.81857145372655,-46.489945238433286,-45.93229583292486,-44.97422790229543,-43.41435980412624,-41.10194262032224,-37.99772154299322,-34.19374277160292,-29.892426220006676,-25.3595677225584,-20.87110428840194,-16.665680447656932,-12.910629503420454,-9.68354015300909,-6.964553930425502,-4.636310530006682,-2.5019811055035754,-0.3521444790838269,1.9391572226211369,4.3708028031482815,6.833313907763689,9.148919093522515,11.115722279090209,12.545646530103175,13.29885301065459,13.298964303385096,12.545970876403148,11.116231380481327,9.149573329933766,6.834074304863895,4.371620594376471,1.940003484440048,-0.3512673484622863,-2.501108548768313,-4.635457183446362,-6.96369801986678,-9.682708712720157,-12.909834429486862,-16.66492786518591,-20.870404305037955,-25.35892177898387,-29.891828074629817,-34.19317814216886,-37.99717345477501,-41.10140901488366,-43.41381106853717,-44.97366926871055,-45.93179770643829,-46.48941254479522,-46.818043810169456,-46.97809760997632,-46.85937518819741,-46.2018099257387,-44.67539463073055,-41.926389814926125,-37.47536544211428,-30.90637454605719,-22.899465423386147,-14.510496891896562,-3.876391843838256
-3.882896093614692,-14.52476933656387,-22.94756522755485,-30.957562879160783,-37.552763873495,-41.99542026678963,-44.731373177549536,-46.24490783095686,-46.891463805320825,-47.0015793924832,-46.83478280677875,-46.5003748173706,-45.93675397183834,-44.97207183063498,-43.40526139245462,-41.08627194143293,-37.976460369163256,-34.168231949954865,-29.86412294704934,-25.329865843377217,-20.841226743492903,-16.636529607462656,-12.882715710101763,-9.657032095330798,-6.939415909363118,-4.612447085592896,-2.4793448170804733,-0.3307862412811464,1.9591292954668733,4.389295444274048,6.850339889140217,9.164585557568676,11.130292463070177,12.559415745064962,13.312210512114468,13.312322829748457,12.55974308161526,11.130806305340403,9.165246145742472,6.851107654469156,4.390121330790921,1.9599847578439544,-0.3298998525676719,-2.4784631580658747,-4.611583836881553,-6.938550553847873,-9.656190902177125,-12.88191117899106,-16.6357679601592,-20.84051824641459,-25.32921203520033,-29.86351756254488,-34.16766040349632,-37.97590558550844,-41.08573183956838,-43.40470409003424,-44.97150518600262,-45.9362505848563,-46.49983405275506,-46.83424477006857,-47.0010246645912,-46.8909937858363,-46.24445943719127,-44.73098411122029,-41.99515792801159,-37.55265692701756,-30.957620988058224,-22.94758952869745,-14.525096189401452,-3.883541717736876
-3.889262838965842,-14.538621612494502,-22.99572520745709,-31.007550153266404,-37.63065525629808,-42.06462092342595,-44.78722660226643,-46.28765980288734,-46.92307227733178,-47.02442731070153,-46.85086043465144,-46.51064012811968,-45.94102502329845,-44.96971312970867,-43.39596230363495,-41.07041540197005,-37.95506603642067,-34.142657963567025,-29.83583406073429,-25.300253914572632,-20.811506571707724,-16.60759606239557,-12.85506489912562,-9.630817457214189,-6.914591445727491,-4.588904676216528,-2.457032300805879,-0.3097411799572547,1.9788071052623808,4.407536434357081,6.867193917537607,9.180172011296548,11.144889593591806,12.57330271123917,13.325742746856434,13.325856005940908,12.573632904737993,11.145408135925608,9.1808389377911,6.867969048890884,4.4083707652948885,1.9796712880738552,-0.3088464588198567,-2.4561398293086443,-4.588031597088249,-6.913717655577938,-9.629966063783485,-12.85425076531201,-16.60682535140571,-20.81078948067862,-25.299592163829747,-29.835221358448543,-34.14207943052129,-37.95450449228144,-41.06986874516816,-43.395396380920936,-44.96913818186891,-45.940516400684885,-46.51009126694133,-46.850311784689765,-47.02386181811533,-46.92259346995446,-46.28720294748633,-44.786827760386906,-42.06435004571589,-37.63054120034709,-31.00760289918195,-22.995742286505774,-14.538942101301926,-3.889908723450363
-3.894662560078318,-14.551704472033943,-23.043812681867383,-31.0561595322386,-37.70895010369063,-42.13408318744543,-44.84317447264982,-46.33038424684111,-46.954554705644966,-47.047087186798,-46.866713394760765,-46.52065700846376,-45.945035329171226,-44.967089679652034,-43.38642394688077,-41.05435197761778,-37.93354701516545,-34.117061036721864,-29.80762775495948,-25.2708214661665,-20.78204764233069,-16.578986302917837,-12.827791568386257,-9.60501793321362,-6.890204654702905,-4.565811465847513,-2.435169126894879,-0.2891339376847627,1.9980754006238048,4.425420751123483,6.88376856637357,9.195597121073462,11.159463929217893,12.587298740043709,13.339445643500213,13.33955995771466,12.587632013891575,11.159987235012466,9.196270222847993,6.884550797901714,4.426263709215863,1.998948275309639,-0.288231436586325,-2.4342652569356877,-4.564928430774162,-6.8893227822439815,-9.604156324985553,-12.826967759173948,-16.578206485332526,-20.781321902196368,-25.27015170616651,-29.807007641367782,-34.116475478193834,-37.93297883036618,-41.053798552938886,-43.38584965493161,-44.96650760937568,-45.94451879675923,-46.520100172937866,-46.8661538754133,-47.04651352015361,-46.95406511637267,-46.32991834830582,-44.84276580955576,-42.13380332352384,-37.70882850681654,-31.056206423754738,-23.043822243647348,-14.552017924504923,-3.895308087611472
-3.899581291309388,-14.5644066748133,-23.092006357949977,-31.103612546659026,-37.78769136245541,-42.20382428584677,-44.89922664761087,-46.37304750884496,-46.98587362963183,-47.06952645706176,-46.88231175850914,-46.5304006440932,-45.94876273046674,-44.964187416801,-43.376631125762735,-41.03808826961109,-37.91189613158711,-34.09141858705641,-29.77946900174516,-25.24152722352546,-20.75280670896378,-16.550655391934058,-12.800843197384452,-9.579575008365827,-6.86619063336341,-4.543096473038024,-2.413676940772224,-0.2688829208714752,2.0170224404592765,4.443042828522476,6.900154062362573,9.2109515163054,11.174093715229196,12.601456381562606,13.353365614251576,13.353481027109986,12.601792821061824,11.174621842450229,9.211630959493322,6.90094365219889,4.44389409277614,2.0179046204865023,-0.2679711232608844,-2.4127638850478297,-4.542203072613314,-6.865299175351666,-9.578703623180855,-12.800009665605549,-16.54986630074524,-20.752072219832858,-25.240849354289605,-29.778841369311294,-34.09082588724152,-37.91132117821096,-41.037527972337465,-43.376048728964506,-44.96359801692952,-45.9482380304912,-46.52983649906208,-46.8817424847952,-47.0689424243508,-46.985374172112415,-46.37257271805309,-44.8988080394765,-42.20353522604984,-37.7875618577953,-31.10365315986331,-23.09200817841431,-14.5647124713744,-3.9002258413764417
-3.9040192587531415,-14.576861564000756,-23.14021913758671,-31.14995849989224,-37.86666929227559,-42.27366066605597,-44.95522932628116,-46.415507762155855,-47.01690277305079,-47.09163036936393,-46.8975526750912,-46.53977781910475,-45.95212449722901,-44.96093647690034,-43.36652968386444,-41.02159290380124,-37.8901106234413,-34.065754844998565,-29.751405098303344,-25.21243107377944,-20.723851706520463,-16.52268222875772,-12.774305070390122,-9.554577208808984,-6.842640053320984,-4.520850696593028,-2.3926500131592605,-0.2490788235761347,2.035555976503634,4.46031109107962,6.9162722168020405,9.226163593871918,11.188727325680595,12.61573744924287,13.367475786241538,13.367592223105431,12.616076934702804,11.189260262756568,9.226849433618446,6.917069167914045,4.461170876155862,2.0364471613939585,-0.2481585826741509,-2.3917265234723786,-4.519947171760591,-6.841739551794622,-9.553695847724528,-12.77346182516563,-16.521883891978487,-20.72310847489308,-25.211745098131537,-29.75076994103516,-34.06515503630571,-37.88952894081312,-41.02102574118558,-43.365939353290976,-44.96033964032596,-45.9515915397831,-46.53920686536751,-46.89697430164984,-47.091035093415975,-47.01639376378768,-46.41502426451656,-44.95480068457055,-42.27336224286234,-37.86653158755991,-31.14999253051824,-23.14021313875558,-14.577159278687096,-3.904662467889472
-3.908068463002308,-14.589289377598083,-23.188371500785003,-31.195364053039214,-37.94569370082964,-42.34343188045607,-45.01104639255413,-46.45764206232582,-47.04753183553802,-47.113297966374176,-46.91234792162437,-46.54871053376489,-45.95505420891379,-44.95728362935858,-43.356082044451256,-41.00484374692815,-37.868181730654136,-34.040074073987455,-29.723450965801277,-25.183559510097496,-20.69521918069119,-16.495112238673617,-12.74822837250428,-9.530079393950606,-6.819610207639625,-4.499133407562166,-2.3721482376109235,-0.229783379709734,2.053614965613132,4.477167289799687,6.9320718210715295,9.241190920038507,11.203323525815344,12.630114374281234,13.381751152894594,13.381868632379977,12.630456902004555,11.203861325218234,9.241883087742446,6.932875974070149,4.478035731366595,2.0545151434850597,-0.2288549361851629,-2.3712138599368786,-4.498219585291688,-6.818700931926165,-9.529187910469336,-12.74737522002788,-16.494304525620716,-20.694467068374752,-25.182865294034567,-29.722808212795204,-34.039467146755186,-37.8675933118645,-41.00426942901182,-43.355483890880045,-44.95667992669643,-45.95451177647909,-46.54813230761121,-46.91176001475769,-47.11269359557691,-47.047011875879214,-46.45714910937188,-45.01060737439511,-42.34312352972599,-37.94554736339975,-31.195390956007827,-23.18835775084761,-14.589578373456806,-3.908709579878265
-3.912023342620493,-14.60200756554356,-23.236400217143864,-31.24013618672684,-38.02463605530841,-42.41304732429123,-45.06659357317295,-46.499374866662826,-47.07768626413069,-47.1344588319892,-46.92662842411735,-46.55713322124059,-45.957491035747786,-44.95317482347983,-43.34524271919916,-40.98779927500813,-37.84607617798581,-34.01434493360775,-29.695574528827745,-25.15487968877985,-20.66687997199483,-16.467924588793217,-12.722599391154098,-9.50607316262906,-6.797096040746575,-4.477942245721416,-2.352172302413924,-0.2109980885591356,2.0711952081181906,4.4936028501656935,6.947540205099843,9.256006780331308,11.217844004441712,12.64452941523666,13.396130975766004,13.396249473333434,12.644874932580317,11.218386515837103,9.25670503218555,6.948351334188665,4.494480411524647,2.072103930565031,-0.2100628326634341,-2.351225257186143,-4.47701828780813,-6.796179006592134,-9.505171243719351,-12.72173626908609,-16.467107529656825,-20.66611897628316,-25.15417725437468,-29.694924220098915,-34.01373093799025,-37.84548105964344,-40.98721777756306,-43.34463694815721,-44.95256421101956,-45.95693894864121,-46.55654768664989,-46.9260312045053,-47.1338453709171,-47.07715513028926,-46.49887211807602,-45.06614393887884,-42.41272877203654,-38.0244807953302,-31.240155680610645,-23.23637897362097,-14.602287653874368,-3.91266216440777
-3.915692063965181,-14.615075925422389,-23.28399293940344,-31.28445996118772,-38.10322116849154,-42.48230334540263,-45.121726750793975,-46.54060301103836,-47.107286030116704,-47.155040651087184,-46.940327750177566,-46.56498128784701,-45.95937274369898,-44.948549114507614,-43.33395794863181,-40.97042188836588,-37.823772311242216,-33.98856166509909,-29.667778261692813,-25.12640895938928,-20.63886996688746,-16.44117102616618,-12.697486800257202,-9.48264303587154,-6.775196869470355,-4.457387731361289,-2.33284007170226,-0.1928480674175348,2.088169666375123,4.5094939212341565,6.962555141098851,9.27049127782518,11.232157769966385,12.658883592800134,13.410546267580411,13.410665623698744,12.65923177381025,11.232704806374072,9.271195491777329,6.963372997203823,4.510380379591513,2.0890865091901083,-0.1919066515968984,-2.3318806469100166,-4.4564534404701215,-6.774272566810688,-9.481731059184874,-12.69661393814973,-16.440344885466363,-20.638100338503374,-25.12569856313849,-29.667120646846303,-33.98794084834956,-37.82317078499778,-40.96983328443921,-43.33334542798935,-44.9479334594083,-45.95880923047474,-46.56438878691945,-46.93972109311376,-47.15442137618414,-47.10674255219868,-46.54009081482621,-45.12126726955936,-42.48197457021683,-38.10305694062734,-31.28447210364611,-23.28396467771342,-14.615347195754872,-3.9163287462377374
-3.918955569495064,-14.628539439848426,-23.330790820212886,-31.32857968590073,-38.18123776929686,-42.55108322774185,-45.17638355811199,-46.58130360141855,-47.13631549532212,-47.17502369733184,-46.95341721175977,-46.57221867213972,-45.96065589681312,-44.94335803419207,-43.32218031961872,-40.95266852527216,-37.80123137487738,-33.96267634994259,-29.64000824909817,-25.09810140461267,-20.61116383398323,-16.414850626331322,-12.672911087864977,-9.45982758712392,-6.753964697525388,-4.437532781853379,-2.3142230296591992,-0.1754125814056162,2.104452252003032,4.524744469070892,6.977012476784428,9.284518290952256,11.24614090676674,12.67304163350527,13.424891866079122,13.42501223455612,12.673392605843045,11.246692286915067,9.28522794364028,6.9778365363842365,4.525639791892125,2.1053770798261024,-0.1744657354116199,-2.3132511041567745,-4.4365878833764265,-6.753033630763552,-9.458905702998576,-12.67202847547853,-16.414015437443876,-20.610385602311137,-25.09738308059715,-29.639343338408462,-33.96204879914495,-37.80062364373882,-40.95207275039897,-43.32156139227732,-44.94273789556797,-45.96007913378984,-46.57161919285912,-46.95280145996829,-47.174400556433135,-47.13575837235497,-46.58078127557864,-45.175914412955024,-42.55074424190144,-38.1810645779163,-31.32858435059453,-23.33075589584697,-14.62880160480946,-3.9195897262860337
-3.921204439029069,-14.642147246068454,-23.376156587345672,-31.37258798006114,-38.2584216273288,-42.61927341853961,-45.23052159555298,-46.62146856488575,-47.16477374691998,-47.19440627085521,-46.96589407961333,-46.5788404495787,-45.96133336653433,-44.93758994407733,-43.30989144050452,-40.93450786938985,-37.778406201132114,-33.936635575628095,-29.61222652241459,-25.069949168170247,-20.58378599519765,-16.389019198749413,-12.648956312186977,-9.437734629529222,-6.733526129551986,-4.418519508719736,-2.296476561025349,-0.1588597384267211,2.1198620401245374,4.539161216503809,6.990713716948235,9.297891770186965,11.259627311733684,12.686865053312554,13.439051362551254,13.439172573731527,12.687218353626726,11.260182482902188,9.29860623825362,6.991543242014878,4.540065046358097,2.1207941813525064,-0.1579089421768844,-2.2954922331318275,-4.417563786231522,-6.732589247040728,-9.4368032973336,-12.648064189199784,-16.388175262508803,-20.582999436283853,-25.069223205927063,-29.611554616879744,-33.93600162082877,-37.77779261894565,-40.93390482252998,-43.30926681517046,-44.93696681898103,-45.96074101852074,-46.57823386719386,-46.96526907668621,-47.19378239353459,-47.16420142812009,-46.62093566663295,-45.23004324278152,-42.61892416620335,-38.25823958093881,-31.372585197717296,-23.376115538734904,-14.642400312225456,-3.921836048026943
-3.922101881285178,-14.655693099268658,-23.419514436212324,-31.41670935860617,-38.334744719358085,-42.68696866406324,-45.284269292081554,-46.66121689911233,-47.19275711743581,-47.21326588685166,-46.97782017685683,-46.58489511831458,-45.96143830559277,-44.93125693797109,-43.29707167774834,-40.91587458520734,-37.75518991883078,-33.910304561134126,-29.58429221283356,-25.041828787485063,-20.55663704503712,-16.36360735926562,-12.625584619613536,-9.41635146844252,-6.7138876881230924,-4.400369795083354,-2.279637724110082,-0.1432468784194858,2.1343203223243865,4.552640235796623,7.003532802490771,9.310471228504316,11.272466113208113,12.700202202491036,13.452841468323038,13.452963367332185,12.700557370571715,11.273024140906104,9.311189275399808,7.004366514117804,4.553551258485098,2.135258796898983,-0.1422922140601624,-2.2786431685357216,-4.399403907668572,-6.71294486078676,-9.415411704690328,-12.62468347287115,-16.362755088836526,-20.55584258232708,-25.04109563042462,-29.583613789796757,-33.90966468707002,-37.75457086204258,-40.915264154081314,-43.29644191606892,-44.93063172259488,-45.96082869783668,-46.58428119850759,-46.97718611231888,-47.212643121285616,-47.19216876314693,-46.660672998369485,-45.28378252157699,-42.68660954587241,-38.33455419911889,-31.416699505826088,-23.41946779923488,-14.655937354675332,-3.9227313307832383
-3.921052610091651,-14.668718692426555,-23.460172687877257,-31.46107922219674,-38.41023296302565,-42.75431520940632,-45.33780607082392,-46.70073646715994,-47.22043533350408,-47.23174783995048,-46.98931187273107,-46.59047056879551,-45.96102311488459,-44.92436747123248,-43.28367600092415,-40.896672231880224,-37.731455398391546,-33.88354635211562,-29.55606502257167,-25.01360168634889,-20.52959957866135,-16.338524708907276,-12.602748490788333,-9.395665595387992,-6.695070501737995,-4.383129787334007,-2.26377778461306,-0.1286722621227374,2.1476999014225258,4.565028157968559,7.0152859796607,9.322097162283768,11.284493194654669,12.712865119196245,13.466029996738284,13.466152311894383,12.713221438983034,11.285053053109268,9.322817659422943,7.016122923760337,4.565944424934806,2.148643387143817,-0.1277118624059293,-2.2627769886307765,-4.382155620461877,-6.694119835150168,-9.394718769975496,-12.601839046605848,-16.33766449089479,-20.528797646141104,-25.012861798909974,-29.555380582712235,-33.882901024222015,-37.73083125543031,-40.89605437915212,-43.283041444547344,-44.923740235439446,-45.96039549966713,-46.58984829103539,-46.98866863712401,-47.231126017226885,-47.21983088069405,-46.700180337330224,-45.33731069502068,-42.75394609771969,-38.41003419697893,-31.46106240804092,-23.460120929182576,-14.668954266619696,-3.9216799758651257
-3.916838478050548,-14.6803778520421,-23.49725191483981,-31.50564496681719,-38.48487694409289,-42.82144474186917,-45.391326638871625,-46.74027377681033,-47.24805309260062,-47.2500748627997,-47.00055369302241,-46.59571395655381,-45.96018723877207,-44.91697204798751,-43.26969874415676,-40.87685383314104,-37.70710427121895,-33.85622767119301,-29.52740351706787,-24.985143815692027,-20.502593917870644,-16.313738845154127,-12.580455812506823,-9.375725560000218,-6.677167221881449,-4.36693410756236,-2.249071822416466,-0.115347204428504,2.159761013451626,4.576078792681183,7.025751556544819,9.332591727563852,11.295562188416564,12.72465646753258,13.4783781292343,13.478500226587332,12.725012403344694,11.2961220975099,9.333312842582508,7.0265899734245565,4.576997345273398,2.160707260490061,-0.114380365792462,-2.248069219382607,-4.365954194506525,-6.676207088825622,-9.374773598028748,-12.579539289263286,-16.31287141544883,-20.50178531449707,-24.984398022720622,-29.526713863382284,-33.85557754890857,-37.70647549058943,-40.87622890004039,-43.26905940177267,-44.91634122617678,-45.95954446991317,-46.595081781787,-46.99990110623542,-47.249450001202334,-47.24743505158241,-46.73970499875988,-45.39082306496807,-42.82106635469227,-38.48467067120243,-31.50562197365845,-23.4971953645868,-14.68060524314759,-3.9174644820481856
-3.9078024029235223,-14.689514308202044,-23.529753228758413,-31.55025050665713,-38.55868868952987,-42.88856999588919,-45.445166150069966,-46.78017667334789,-47.27593797123038,-47.268537726901634,-47.01180433217832,-46.60084876706699,-45.959113618074,-44.90919133654814,-43.2551808237769,-40.85635782755174,-37.68199956062618,-33.82816392823333,-29.498125982006957,-24.95631288583696,-20.47553110025358,-16.289229763813623,-12.55875718114715,-9.356644113404032,-6.660332110783467,-4.35196622829514,-2.235721866930499,-0.1034848029011313,2.170280459813504,4.585557457426452,7.034683263542012,9.341688556618154,11.305406166445309,12.735393491498511,13.48977790292346,13.4898998795352,12.735749204565568,11.305965864619536,9.342409665906532,7.035522719897164,4.58647774791533,2.171229753205117,-0.1025109189300011,-2.2347186200182785,-4.350980948116956,-6.659361459006105,-9.35568713799319,-12.557833579606704,-16.288354926642892,-20.47471567851684,-24.955561070259662,-29.49743102624919,-33.82750900033083,-37.681366251661366,-40.85572602938051,-43.25453656092372,-44.90855650760185,-45.95845670617716,-46.60020614169043,-47.01114265014862,-47.26790855423787,-47.27530775104474,-46.77959466561708,-45.44465436954012,-42.88818258768997,-38.55847510190593,-31.55022142474728,-23.52969201434769,-14.689733602598135,-3.908426993893109
-3.8914081478431664,-14.694553814260956,-23.556376757494004,-31.59456225408163,-38.63166224483838,-42.95599273240458,-45.49980867034963,-46.82097289987182,-47.30458959014564,-47.28758218117152,-47.02345451533597,-46.60621049171859,-45.958076014106986,-44.90122184668961,-43.24023479081893,-40.835202580707794,-37.65607842927923,-33.79923848053257,-29.46810699195259,-24.92701738531455,-20.448375183519865,-16.26502250220572,-12.53774680457736,-9.338588271431805,-6.644801816539225,-4.338521888333199,-2.2240696362953605,-0.0934484810204176,2.178895922747455,4.593155773498151,7.041880695448888,9.349312417758522,11.314027005887509,12.74504301033102,13.500134532055403,13.500256123224917,12.745398104494331,11.314586301126774,9.350033326762023,7.042720632297028,4.594078631869257,2.179848342110687,-0.0924713490583902,-2.223062877967064,-4.337530537345502,-6.643821719669741,-9.337625982310923,-12.5368158338453,-16.26413997813157,-20.44755264645431,-24.926259320097053,-29.46740659416625,-33.79857862139032,-37.65544053569963,-40.834563295195686,-43.239584408110325,-44.90058515935339,-45.95740478660733,-46.6055557685064,-47.02278248423522,-47.28694712538872,-47.30395131943338,-46.82037637948973,-45.49928872065048,-42.95559659913233,-38.63144137847551,-31.59452727426345,-23.556311207554803,-14.694765625357874,-3.892031916782624
-3.8656791987856254,-14.693937474234614,-23.57610667533617,-31.638510676857567,-38.70410794398301,-43.02424856281473,-45.55584451770413,-46.86325281697074,-47.3345340193928,-47.307684430092166,-47.03592277031395,-46.61216402077014,-45.957368264444376,-44.893262428528885,-43.22491696459549,-40.81327935441328,-37.62904994828188,-33.76907156449235,-29.436957538030967,-24.89691142237537,-20.420860833612934,-16.240946660999672,-12.51734602597645,-9.32156940474042,-6.630651061967709,-4.326721418873988,-2.214266254668889,-0.0854160948874494,2.185412849694444,4.598653507998416,7.04711396847124,9.355181947978396,11.321113178031826,12.753324993509546,13.509168876863171,13.509292234086717,12.753685113213928,11.321680022597397,9.35591180675776,7.047963713421338,4.599589540542308,2.1863786567763417,-0.0844297359999114,-2.2132462034951,-4.325716885569164,-6.6296563308310485,-9.320596170717923,-12.516402988671931,-16.240052027415224,-20.42002703264398,-24.89614299622446,-29.436247852224344,-33.76840389924278,-37.62840625922352,-40.81263200349491,-43.224259743027446,-44.892631352470765,-45.956689624633285,-46.61149805247224,-47.03524372884883,-47.30704203745858,-47.33390608482632,-46.86264043964931,-45.55531601203864,-43.02384355163208,-38.7038775786822,-31.63846750502646,-23.57603732355318,-14.694141862173382,-3.866300807452572
-3.8278441660422176,-14.685574103568166,-23.587863479337937,-31.681869228440817,-38.77626030503501,-43.09384651294323,-45.61388652931513,-46.907680241088975,-47.36645273436751,-47.32949186934768,-47.04980081442084,-46.61922442238324,-45.95740400468323,-44.885572956678665,-43.20930507157626,-40.7904729790446,-37.60068137282108,-33.73735604389585,-29.404356443446314,-24.865691198926687,-20.39272997527409,-16.216871947458927,-12.497539038414471,-9.305664348925076,-6.618020733729207,-4.316755090259795,-2.206536342703652,-0.0796367426241492,2.189563727496472,4.601766546607182,7.050082702461396,9.35896374012161,11.326379178623196,12.76004738955674,13.516778275125178,13.516906356701202,12.760421029496772,11.32696682749531,9.359719092457304,7.0509598689529245,4.60273368811438,2.190558684782096,-0.0786305456248247,-2.205486690687265,-4.315724361369706,-6.617006719988151,-9.304670349383152,-12.496576887216513,-16.21595974075395,-20.39187956452356,-24.86490725535278,-29.403632768067176,-33.73667676343164,-37.60003131247488,-40.78981892535871,-43.208640960870014,-44.88496596958339,-45.95673186080467,-46.61855422266216,-47.049121120118215,-47.32884552328459,-47.3658602979703,-46.90706145802487,-45.6133534840522,-43.09343530952347,-38.77601864377173,-31.681816197057334,-23.587791202255367,-14.685771736114742,-3.828462568816172
-3.774905143495936,-14.667211695533892,-23.59033622461152,-31.724298208757507,-38.84827567298641,-43.165274491488965,-45.67466238809695,-46.9550767971849,-47.4011882645864,-47.3537587269405,-47.06576924182244,-46.62798070803439,-45.95866950174775,-44.87849290642648,-43.19355002143403,-40.76676118187768,-37.57078765805777,-33.70378837873876,-29.36989952329728,-24.832931264856253,-20.363656500937285,-16.192627469641184,-12.47828663474551,-9.290930055509952,-6.607026065232495,-4.30877678565423,-2.201065987757149,-0.0763336635539704,2.1910814503036384,4.602183523661751,7.050425565405993,9.360319255162862,11.329489802681804,12.764984960659456,13.522862451290408,13.522994200783389,12.765369572435008,11.330094835465298,9.361096330237176,7.051326259888423,4.6031772490222345,2.192100585764424,-0.0753109313402998,-2.1999882401146333,-4.307721128374631,-6.6059982599413365,-9.28991584129269,-12.477306241512933,-16.191698986150257,-20.36279052928173,-24.83213287323128,-29.369163106885143,-33.70309885213592,-37.57013155116263,-40.76610051139478,-43.19288306163154,-44.87790518178059,-45.95799675626651,-46.62730981810369,-47.065089654578095,-47.353119428721385,-47.400613834737584,-46.95445521956119,-45.67412444578041,-43.16485669920991,-38.84802405618719,-31.724236112743583,-23.590261996902623,-14.667403929050732,-3.7755216595836254
-3.7037330536482447,-14.636502883798387,-23.581963492437243,-31.765200408270125,-38.91998199704874,-43.23893404671803,-45.738925205785215,-47.00639537732837,-47.43968591028451,-47.38137172860114,-47.08461583724201,-46.639129450837096,-45.96174200386211,-44.87246768843799,-43.17792425359037,-40.74223341292852,-37.539309589451705,-33.6681676158554,-29.33327418721022,-24.79831625420569,-20.33342640112657,-16.168094991898883,-12.459560706424496,-9.27740116804114,-6.597758702563008,-4.302920884190183,-2.198038944840917,-0.0757537968370436,2.1896630922461084,4.599554123203794,7.047773586479088,9.358914307851938,11.330212115964096,12.768097242260952,13.527542683966326,13.527675653945163,12.768485562490214,11.330822767793135,9.359698680289048,7.048683059492284,4.600556930327559,2.1906914592967457,-0.0747194925331134,-2.196950736108516,-4.301853716170457,-6.596720253003306,-9.276375218635277,-12.458568868402727,-16.167155415993545,-20.332549964163707,-24.79750850320938,-29.33253003060709,-33.667472295884366,-37.53864992406328,-40.7415686404448,-43.17725693318739,-44.87188254901321,-45.96106673204408,-46.63845567302054,-47.08393430549816,-47.380734319371015,-47.43910958067669,-47.00577100788632,-45.73838107046068,-43.23851036616359,-38.919724055793054,-31.76513316654568,-23.58188807897978,-14.63669245512999,-3.704351947055916
-3.6131267296918734,-14.591474908195991,-23.5621882902906,-31.80406100926002,-38.99115862695003,-43.31488716267695,-45.80699682742535,-47.06207780546893,-47.482426108687775,-47.41280797873381,-47.10680178042274,-46.65310852183357,-45.96702670362281,-44.86783799021339,-43.16265104128929,-40.71687168798192,-37.5059000143318,-33.62983112909763,-29.293686787399327,-24.76109379471151,-20.301405979138305,-16.14277693132072,-12.441004777170212,-9.264843544410772,-6.590095263768558,-4.29917941915234,-2.197558542837684,-0.0781176134503292,2.1849471230254074,4.5933589156221055,7.041444456468885,9.35394707589779,11.32773457190555,12.768521801174606,13.529920898816655,13.530053728444493,12.76891013612279,11.328345285830675,9.354732305338878,7.042355616707072,4.594363359877949,2.185979667649319,-0.0770765738099427,-2.196465643698179,-4.298105597242794,-6.589049509678258,-9.263808655567493,-12.44000462175898,-16.141828765876856,-20.300521315766744,-24.76027914176758,-29.292937410248157,-33.62913248286502,-37.50523862752497,-40.71620614651952,-43.16198530464028,-44.867246343292585,-45.96635214521321,-46.65243522903982,-47.10612155769028,-47.41217176965347,-47.48183716312666,-47.06145643283665,-45.80644927907212,-43.31446029111997,-38.99089842233485,-31.803992782862835,-23.56211382175064,-14.591665187625525,-3.613751778667146
-3.502247902054612,-14.530543839983238,-23.53069248342244,-31.839900011776464,-39.06118886641553,-43.39288413005945,-45.87888673871469,-47.12231512402728,-47.52976200338517,-47.44851888010741,-47.132815731765646,-46.6704249945053,-45.9750211984146,-44.8650682040186,-43.14809302974241,-40.69082470761024,-37.47045900846488,-33.58848429913811,-29.25076917949478,-24.72092758039575,-20.26731501713849,-16.116456738326956,-12.422482619713202,-9.253194536826518,-6.5840548925707,-4.297638900586048,-2.199776189141849,-0.0836388098850188,2.176650479922916,4.583241467396664,7.031011886689474,9.344999607336572,11.321697762517028,12.765969883101777,13.529673647334118,13.529806353755614,12.766357815686858,11.322307950295317,9.345787128929109,7.03192542497135,4.584244267920649,2.1776898488966303,-0.0825904691666033,-2.198678290664537,-4.296558815939092,-6.583001667789072,-9.252151214147831,-12.421472901819408,-16.11549949560648,-20.266421751206654,-24.72010610253865,-29.250014452075927,-33.58778076223618,-37.46979875624772,-40.69016641346688,-43.14740782855886,-44.86447097636618,-45.97437515587491,-46.66976441420727,-47.132139492174936,-47.447864135404686,-47.52914500857551,-47.1217319444432,-45.87833590834829,-43.39245684856511,-39.06093277845351,-31.839837090369755,-23.530624349478103,-14.530740765144197,-3.50288414610177
-3.3729655897340955,-14.45387353865264,-23.488082483360284,-31.87189525678853,-39.12940019572356,-43.47221156080915,-45.9539756626888,-47.18670928095018,-47.581307815128106,-47.48819612805181,-47.16242295274215,-46.690905654967246,-45.98560438329995,-44.86404697733406,-43.13407073165536,-40.66390062335234,-37.43269746696802,-33.54372765438408,-29.20406503725919,-24.6773449522302,-20.23069845112273,-16.088733929213028,-12.403645107692002,-9.24220291482804,-6.57947141260208,-4.29821969420132,-2.204698389626288,-0.0924278795932943,2.164536468712288,4.568793273780666,7.015896433770578,9.331298643017334,11.311183319688777,12.759281313321264,13.525435945009198,13.525567949054604,12.75966725912967,11.311790279256396,9.332084358777708,7.016806897987616,4.569789121876726,2.1655765350214,-0.0913757850538723,-2.203602206427108,-4.297138216343112,-6.578413628045728,-9.24115550314554,-12.402629770341711,-16.087770895508235,-20.22979986891069,-24.67651985639076,-29.203308493716413,-33.54302411338798,-37.43204153631884,-40.663250314044674,-43.13338579899731,-44.86344778842098,-45.98497726343702,-46.690261595152194,-47.16175752484151,-47.48754348590097,-47.58067148664233,-47.18615552894162,-45.95343277790434,-43.47178995225331,-39.12915376729028,-31.871843458040388,-23.48802655487988,-14.454083992185575,-3.373618938825473
-3.227184618552076,-14.362256475476892,-23.43476363963051,-31.898850458559416,-39.19471689253664,-43.5518499230326,-46.031449348385706,-47.25468768713466,-47.63683266746623,-47.53184588946088,-47.19580862784163,-46.714868272322434,-45.99922722023616,-44.86533749799165,-43.1212779265101,-40.63679649385365,-37.39338527122465,-33.49646073176002,-29.154535063645003,-24.631246879758624,-20.19225834442032,-16.05999548146797,-12.384607072651356,-9.231758139129594,-6.576082714225312,-4.300542871115588,-2.2118687818104643,-0.1039776153573526,2.149159981484412,4.550620475018429,6.99674391750906,9.31349380552021,11.296816979899628,12.748988938727512,13.517736922723335,13.517866697180429,12.749368861427444,11.297413511602151,9.314268339560629,6.997642581952112,4.551598135745699,2.150190316122556,-0.1029180466426651,-2.210792472515308,-4.299472199813969,-6.575018295259055,-9.230714607500836,-12.383593478022698,-16.05903183593671,-20.19135950753985,-24.630423115165247,-29.153782127625472,-33.49576380697537,-37.39273727789156,-40.63615540035861,-43.12061281286747,-44.86473659938154,-45.99861070844359,-46.71423694911776,-47.19515797429701,-47.53120704340096,-47.63619490924251,-47.25414853459488,-46.03092204500116,-43.55144094013467,-39.19448662542683,-31.89881595111224,-23.434727024046524,-14.362488308884124,-3.227862289619591
-3.068759744092062,-14.258153973409076,-23.372162169781117,-31.920457775607748,-39.25649994273597,-43.63059824655378,-46.11020130589965,-47.32513969518393,-47.6954564165115,-47.5787563463018,-47.23242107613128,-46.74190433504367,-46.01564862600451,-44.86893005348168,-43.11002008614939,-40.61024230581057,-37.353615492893816,-33.44810778045891,-29.1036408609244,-24.583856051956737,-20.15285030850011,-16.030677338634053,-12.36547112766373,-9.221653363742432,-6.573437921054032,-4.303960901623628,-2.220470453180329,-0.1173258323197739,2.131603569483787,4.52987475221165,6.9746685413217175,9.29252173032866,11.27911510083029,12.735300128929312,13.506643979121916,13.506773721831223,12.735678024805171,11.279707961634609,9.293291821675792,6.975564036483787,4.530840576505722,2.132631769170643,-0.1162457686879395,-2.219419875403997,-4.302897014411145,-6.572357282952615,-9.220612561345805,-12.364458140025842,-16.02971156994635,-20.15195000372455,-24.58303190540037,-29.10288988334123,-33.44741660008596,-37.35297544508576,-40.60961278529856,-43.10937805402445,-44.86834256992162,-46.01505293620872,-46.74129550198852,-47.2317965942144,-47.57814366084553,-47.69484319760346,-47.32462615909507,-46.1097029796688,-43.6302152216776,-39.25629708552805,-31.92045269182322,-23.372155328202854,-14.258418657184038,-3.0694707368901963
-2.9003252648087265,-14.143650286526826,-23.30176349993364,-31.936937862609216,-39.314656321710174,-43.70796061801453,-46.18941620665273,-47.3972857186011,-47.75658871968344,-47.62862997090331,-47.272233412706655,-46.77225489369615,-46.035400201066615,-44.87571561454463,-43.101580168399465,-40.58597435886157,-37.31553319460088,-33.401032484456834,-29.05376157758134,-24.53728651622233,-20.11407694114905,-16.001778836799385,-12.34657869680238,-9.211633507187862,-6.570788237944028,-4.307313317418503,-2.228992210191936,-0.1306239360703022,2.1140187509096022,4.508926123287469,6.952044035216903,9.270536048323518,11.259943274457644,12.719935937426571,13.493945960108729,13.494075718342494,12.72031177730685,11.260533436643843,9.271302637210008,6.95293793851234,4.509880173196141,2.1150460212988103,-0.1295211716772674,-2.227972065131151,-4.306258755666141,-6.569688944417819,-9.21059635497038,-12.345568208420458,-16.00081177028689,-20.113175881240963,-24.536462256404945,-29.05301268874162,-33.40034690453507,-37.314901716960605,-40.58535837661911,-43.10095740445652,-44.875146812235535,-46.03482802460518,-46.77167098203489,-47.27163684314954,-47.628045017205416,-47.75600583714368,-47.39680465996776,-46.1889531783102,-43.70761382316411,-39.31449256945874,-31.93697263405211,-23.30179801162651,-14.143959375175935,-2.901079017340705
-2.725468887699288,-14.021580866985255,-23.226269648850568,-31.949484867453915,-39.36955334534312,-43.783588559017815,-46.268004906456525,-47.46979950148222,-47.81880374296619,-47.68008892217305,-47.31396997572626,-46.80478631081441,-46.05756112305838,-44.88510305404179,-43.0958797464514,-40.56447940874886,-37.280236166297016,-33.356687882524966,-29.00645908045461,-24.49293210161831,-20.07694720876066,-15.973858505502909,-12.32802376187375,-9.20145106798553,-6.567602400043512,-4.309891392787349,-2.236588455715419,-0.1429043129324906,2.0974179539568154,4.488761887460766,6.929867064065522,9.24844479910726,11.240117847371367,12.703438300919446,13.479873203733364,13.480001930633469,12.703810298738112,11.240702556952346,9.249204539184875,6.930754651222101,4.489703693086455,2.0984397772612757,-0.1417974189991037,-2.235583890971756,-4.308849906035801,-6.566498719066858,-9.20041794521836,-12.327018915333284,-15.972893844588333,-20.076048678794443,-24.49211089233422,-29.00571517007414,-33.35601068506539,-37.27961611765318,-40.56387955978992,-43.09528104017123,-44.8845571918274,-46.05701515234091,-46.80423057914896,-47.31340461213771,-47.6795364816447,-47.81825727690123,-47.46935548115073,-46.2675838403811,-43.78328374237552,-39.36943385334599,-31.94956447842529,-23.22634991532381,-14.0219403516503,-2.726271587079965
-2.5456195237881185,-13.893903400113825,-23.14812567411077,-31.959450904857466,-39.42201451421961,-43.857602085859256,-46.34579308863341,-47.54227774164497,-47.881628880782856,-47.732657789277496,-47.35720255586243,-46.83914643049079,-46.08189814078516,-44.89707449164135,-43.0932305383848,-40.54654763089128,-37.2489354452372,-33.3165643238925,-28.963224437858287,-24.45203143097709,-20.04230240177325,-15.947321592307889,-12.309833630374005,-9.190809850167142,-6.563341710408639,-4.310972999298477,-2.242366100781008,-0.1530957149374081,2.0830437499911696,4.470835339916167,6.9097136074048136,9.22790094389218,11.221148424028032,12.687092027545877,13.465527067345228,13.4656545489211,12.687460270751552,11.221728244813688,9.228654541477692,6.910593973478932,4.471769290220984,2.0840602818997604,-0.1520018866064176,-2.241364781084676,-4.3099390068965775,-6.562247633183118,-9.189780732790412,-12.308835425324784,-15.946361859345542,-20.041408233616213,-24.451214805501017,-28.9624864965746,-33.31589591700643,-37.24832736250293,-40.54596543011208,-43.09265739447312,-44.89655441121657,-46.0813810344734,-46.838621431614335,-47.356670968951335,-47.73214124512143,-47.88112341955217,-47.54187628083757,-46.34541924841812,-43.857343764240326,-39.42194272060362,-31.959578270754392,-23.14825307751123,-13.894315970448451,-2.546474501471665
-2.3622173448182373,-13.762640833652062,-23.069635345022323,-31.96821301788137,-39.4728160506699,-43.93013268740367,-46.42246610991748,-47.61412320102827,-47.94433882348603,-47.78558433417163,-47.4012033371199,-46.8746577108577,-46.1078190652544,-44.9111742513167,-43.09338757673772,-40.53217066172056,-37.22185066596901,-33.28100230716399,-28.92440174308705,-24.414853534295744,-20.010311744373546,-15.922244517615628,-12.292006580335327,-9.17964497224344,-6.557886796720293,-4.3103596826520425,-2.246056383373205,-0.1608797738687062,2.071311319401647,4.455643180533951,6.892149254339452,9.209473576575707,11.203572626868386,12.671340164404372,13.451270892208134,13.451395975194387,12.671701810160272,11.20414317344225,9.210216377147026,6.8930170432407305,4.456564733381379,2.072320467139576,-0.1598021943067139,-2.245062329303939,-4.309336119123135,-6.556804887030226,-9.178620559554094,-12.291017115008488,-15.92129163081213,-20.009423419296496,-24.41404281201052,-28.923671111704245,-33.280344203103404,-37.22125582493277,-40.53160511269421,-43.09283608058198,-44.91067843130448,-46.1073274135765,-46.87416115582489,-47.40070312660012,-47.78510080969223,-47.9438722189396,-47.61376049059341,-46.42213680407768,-43.929921418972754,-39.47279418588349,-31.96838939493992,-23.069814415214008,-13.76311195704054,-2.363130347061189
-2.1769340705209026,-13.629718812111085,-22.992640609120954,-31.97684538043424,-39.52239130713265,-44.00102134862638,-46.49747701189336,-47.68454192683421,-48.00603294476872,-47.83793153116294,-47.44503925060318,-46.91040682806601,-46.13445050389067,-44.92659826144333,-43.09564849123815,-40.5207514931674,-37.1984766870067,-33.249527256878046,-28.88955397515127,-24.38103798710038,-19.98072422973329,-15.898521101671344,-12.27457427761346,-9.168093792745642,-6.551450005328449,-4.308310449986807,-2.247950047600352,-0.1665707093171076,2.061890732826053,4.44283904238193,6.876821553305035,9.192842657852818,11.187106110378114,12.655934263098024,13.436862442124744,13.436986017414288,12.656291854918225,11.187670848867812,9.193578271259613,6.877680400074451,4.443752342228488,2.0628928410850333,-0.1655067337596853,-2.246961457095824,-4.307295490778032,-6.550379807056302,-9.167076116489294,-12.273592919118409,-15.897575338418903,-19.97984239493646,-24.380233289220293,-28.88883021152736,-33.248878487499155,-37.19789464637015,-40.52020368179634,-43.0951216843764,-44.92613021402545,-46.13398836310599,-46.9099431959041,-47.44457481102328,-47.8374864175241,-48.00560901517932,-47.68422228020041,-46.49719446350552,-44.00085765267773,-39.522418633881855,-31.977069064384946,-22.99286825494332,-13.630245786193074,-2.177902703577703
-1.990155557384584,-13.496500138905304,-22.918504175270492,-31.98631656909929,-39.57132093773465,-44.07053682064957,-46.57096151150629,-47.75359071532544,-48.06673580137296,-47.8897092646381,-47.48870901827447,-46.94638355510009,-46.16176840733681,-44.94330345941578,-43.09993409070319,-40.51217194113989,-37.17864323861618,-33.2219567002513,-28.85849806256433,-24.35039986552177,-19.953361053340185,-15.875982897673248,-12.257383505194351,-9.156010198768112,-6.543879145385049,-4.3046611052877,-2.2478639893607832,-0.1699546691119676,2.0550370126629742,4.432746613509106,6.864105609649024,9.17844798626993,11.17220540497736,12.641345373003732,13.42274798914338,13.422872147982934,12.641704696216063,11.172773166513016,9.179187206957817,6.864966846946761,4.433662662035433,2.056042318403838,-0.1688949577533368,-2.246873389962404,-4.303648065775892,-6.542814590989535,-9.154993483671197,-12.25640611758615,-15.875040882833574,-19.9524823202384,-24.349597868932094,-28.85777778890892,-33.22131386724475,-37.17807113206334,-40.511640334934974,-43.09943230364834,-44.94286594754176,-46.16134010115325,-46.94595806059285,-47.48828640827568,-47.88930936454784,-48.06636227792346,-47.75332172353668,-46.5707318102761,-44.07042482276353,-39.5713994334468,-31.98658854968128,-22.918782839036176,-13.497084689360136,-1.9911795345629808
-1.803543554533873,-13.364359375862382,-22.84815432234196,-31.99712604761945,-39.61955675214908,-44.13832678134801,-46.64233314560396,-47.820552530328605,-48.12565843566448,-47.940096886862776,-47.53137845588428,-46.98174805047859,-46.18893203301923,-44.96044839499022,-43.10540098781984,-40.50557186295105,-37.16147994991737,-33.19741807389611,-28.83041531593891,-24.32227151933172,-19.927786214096468,-15.854455513122245,-12.240493593737156,-9.143642881408796,-6.535570340732383,-4.299922150862166,-2.24640472297315,-0.1717291248155037,2.0499696531774667,4.424505594597132,6.853120178416226,9.165441583767356,11.158134781654288,12.6269714461754,13.408425928662508,13.408551542675664,12.627334411938955,11.158706488665974,9.166183961315708,6.853983460928044,4.42542496379609,2.0509772078874686,-0.1706733290917811,-2.2454124452834683,-4.298911390118087,-6.53451162590116,-9.142628179424312,-12.239520096289237,-15.853517479781493,-19.92691084880281,-24.321472322138067,-28.829698328188343,-33.19678069724858,-37.16091726862357,-40.50505570893485,-43.10492287181182,-44.960039141409545,-46.18853607207111,-46.98136065179123,-47.53099831415574,-47.93974278947906,-48.12533367032119,-47.82033278158629,-46.64215498171247,-44.1382654820948,-39.619685248658975,-31.99744418305004,-22.848481721097592,-13.36499932952123,-1.8046212546835425
-1.6180293956555496,-13.23429192052571,-22.78227373422976,-32.00969131652977,-39.66716061635884,-44.20428484128819,-46.71135990068423,-47.885121836389246,-48.18244824280614,-47.98871987765195,-47.57265780564709,-47.01609851240905,-46.21552596597121,-44.97760026037947,-43.11158744442008,-40.50044804798584,-37.14643835541917,-33.17534799607466,-28.804773485888308,-24.2962093344411,-19.90369324102929,-15.833780891815586,-12.22388192301128,-9.131080489413826,-6.526697758961712,-4.294335413542922,-2.243869733852004,-0.1722397957553304,2.0463017663407204,4.417703683731239,6.843452510440764,9.153442339233054,11.14458113086568,12.612582520434788,13.393719859343056,13.3938459631395,12.61294735381808,11.145155797141827,9.154187799297915,6.844317891339599,4.418625945694767,2.04731046189276,-0.1711879135961463,-2.2428760175601,-4.293327177825749,-6.525644860418102,-9.130068294091345,-12.222912627816289,-15.832847209357224,-19.90282158758926,-24.29541324488362,-28.804060011397823,-33.174716017752324,-37.14588446746673,-40.49994619318626,-43.11113160013753,-44.97721842094252,-46.21516123955779,-47.0157470786578,-47.57231765706784,-47.98840945060602,-48.18217127397605,-47.8849502554708,-46.71123230091502,-44.20427321871696,-39.66733781651886,-32.010053606150585,-22.782647366798383,-13.234984901332504,-1.6191591026886187
-1.4349819052538495,-13.107123413409,-22.721230225855663,-32.02414425584872,-39.7139312950302,-44.26803881733749,-46.777566401874346,-47.94676937310332,-48.23654615992208,-48.03500036074926,-47.61195843578505,-47.04883946719124,-46.24095023524651,-44.99415434134512,-43.11788188109028,-40.496177050101736,-37.13288065574967,-33.15510861038987,-28.780988212850144,-24.27175915263613,-19.880805746228216,-15.813873831382944,-12.207635047004938,-9.118554576679552,-6.517608813058936,-4.288342403210882,-2.2407809664074425,-0.1720835240768591,2.043366594269416,4.411617349701397,6.834367092884608,9.14176377784895,11.130976003636148,12.597762040285142,13.378341018408545,13.378467136148185,12.598127289322598,11.13155069795779,9.142508378675224,6.835230271295348,4.41253881148172,2.0443722261181048,-0.1710388979300033,-2.2397888975894773,-4.287339417733788,-6.516564102212941,-9.117547292824456,-12.206671778330543,-15.812946243741566,-19.879939341411724,-24.27096762971818,-28.78027945289085,-33.154482856364055,-37.132336065663374,-40.49568952276208,-43.11744720128892,-44.99379719287174,-46.24061356959129,-47.04852105520262,-47.611654844053845,-48.03472978491312,-48.23631161091576,-47.94664261915384,-46.77748667447954,-44.26807427618205,-39.714154469184855,-32.0245479587352,-22.721646334643047,-13.107866195011642,-1.4361622717148377
-1.254395358724009,-12.983539000457704,-22.66563093512642,-32.04094617725061,-39.76020015923224,-44.32990178629424,-46.84122988797525,-48.00573385039293,-48.28815227049376,-48.07911566003064,-47.64943450672795,-47.08010517253225,-46.26531403339701,-45.0101799862954,-43.12429369191106,-40.4926959916632,-37.12068093959847,-33.13654766705732,-28.758898005542516,-24.24874740160585,-19.85895079302902,-15.79455984362879,-12.191581392620028,-9.105891846280782,-6.508128258768891,-4.281764888159745,-2.236954727176682,-0.1710646604647549,2.041378289141408,4.406489448829794,6.826129302265317,9.130674310706784,11.117573769367072,12.582733935617604,13.362467098787642,13.36259337862536,12.58310001818514,11.118148640922978,9.131418291487638,6.826991335202538,4.4074105449997,2.042380398853204,-0.1700273244444672,-2.2359628819528354,-4.2807666122046175,-6.507092241609943,-9.104889637711508,-12.19062388839931,-15.793638052434998,-19.85808950691121,-24.24796021312616,-28.758193608519058,-33.13592757005219,-37.120145212386326,-40.49222223382647,-43.123878003304334,-45.00984638621282,-46.265003287441495,-47.079820864375584,-47.64916862681015,-48.07888197825751,-48.28795806336862,-48.00565072578157,-46.84119576546189,-44.32998306909158,-39.76046831179879,-32.04138949919852,-22.666087185931914,-12.984328877779108,-1.2556242700629892
-1.0776438000844684,-12.864165077477992,-22.615646785941006,-32.06007441341284,-39.80570481859436,-44.38947286352526,-46.90189782999069,-48.061540002269446,-48.33678642800805,-48.12057250924536,-47.68458608020136,-47.10938625935776,-46.28809779372954,-45.02515304964373,-43.13029960095541,-40.48948113881315,-37.10931866716816,-33.119156295014406,-28.73804788072021,-24.226836405445688,-19.83793795191783,-15.775804534253789,-12.175824874491122,-9.093315965775778,-6.498575491840746,-4.275000953161988,-2.2328575139123665,-0.1697153027663048,2.0397420058841447,4.40167309660775,6.818083654647874,9.11957489387363,11.103895232611633,12.567170190570192,13.345898006184466,13.346023827046798,12.567535581572873,11.104467982374814,9.120314933293738,6.818941186781839,4.402591593218754,2.040736496748604,-0.1686892126404951,-2.231867270164982,-4.274009028680188,-6.497551324288318,-9.092320912087706,-12.174874569926748,-15.774890244018309,-19.837083466292743,-24.226055086347923,-28.737349311972267,-33.11854285355713,-37.10879309675512,-40.489021911346114,-43.12989851709396,-45.02484411017017,-46.287815504241706,-47.10913497782906,-47.68435386507316,-48.12037203803428,-48.33662679242302,-48.06150360643431,-46.90190772565644,-44.38959717832718,-39.80601432103127,-32.06055356398456,-22.616137643757668,-12.8649966194238,-1.0789176700409828
-0.9051383791516404,-12.749602829540216,-22.57166936215367,-32.081777162483846,-39.85057221201085,-44.4468324686634,-46.95961943657195,-48.11420542753308,-48.38245157710758,-48.1593521060175,-47.71737730624172,-47.13662827699813,-46.30922968509592,-45.038973420745656,-43.13577447772842,-40.48636533408835,-37.09860054821414,-33.102733627376615,-28.718246119490043,-24.20585610113306,-19.817629929051503,-15.757501946183426,-12.16028835098007,-9.080771380814284,-6.48891134759321,-4.268029576101373,-2.2284804492367405,-0.1680318877890262,2.038452727065207,4.39716492796401,6.810234523507808,9.108484608366002,11.089977571810657,12.551119174345134,13.328678010505175,13.328802852951917,12.551482429364436,11.09054631018928,9.10921868162332,6.811086271662657,4.398080949907757,2.039436830040224,-0.1670236858334752,-2.227488301010795,-4.267040805974962,-6.487904752898625,-9.079784940139035,-12.159344342336563,-15.756595648536935,-19.81678293693772,-24.20508096176104,-28.717553578547577,-33.10212664138333,-37.0980850610709,-40.48592014824392,-43.13538558165782,-45.03868871270113,-46.30897502583553,-47.13640788031328,-47.71717579936902,-48.15918226858869,-48.38232314928341,-48.11421456393719,-46.95967106899175,-44.44699807163309,-39.85092222372635,-32.082290375050526,-22.572193527607563,-12.750473887478948,-0.9064552302603144
-0.7376803298544613,-12.640370933545066,-22.53393336135352,-32.10613562714297,-39.89475516657361,-44.50185733659124,-47.014266416660746,-48.163623223339066,-48.42502162034995,-48.19531807147227,-47.74766436591393,-47.161677562426114,-46.32854159982482,-45.05144629597182,-43.14048111819318,-40.4831113152008,-37.08828071759923,-33.087040046594055,-28.69927478692409,-24.185634006610325,-19.79791254880845,-15.739597014453992,-12.14496578488093,-9.06829560764787,-6.479212631550505,-4.260947638759758,-2.2239460436599376,-0.166171299204011,2.0373372928810856,4.3927785274563576,6.802410927617625,9.097264083245578,11.075744795398233,12.534563326667737,13.310845631437203,13.31096999780272,12.53492577197051,11.07631153262293,9.097994008086255,6.803257587632529,4.393692993739102,2.038311094701684,-0.1651762658385673,-2.2229499144172737,-4.25996968147498,-6.4782209850113,-9.067315244204933,-12.144029776197444,-15.73869980805501,-19.79707329618417,-24.184865794412683,-28.698589002864345,-33.08644104671074,-37.08777594684364,-40.48267914873667,-43.14011401034374,-45.051187789064585,-46.32830927818579,-47.16148846422752,-47.74749594226144,-48.19519046540222,-48.42492882139514,-48.16367133936047,-47.0143606018076,-44.50206253696207,-39.89514199448838,-32.106678784450395,-22.53448777603808,-12.641278097747987,-0.7390373153669223
-0.5760217932407986,-12.537061447572672,-22.502704212436644,-32.133274993162246,-39.93827774557965,-44.55446237167055,-47.06573820667308,-48.20967720545544,-48.4643762724773,-48.22834536721655,-47.77529946141252,-47.18437301941024,-46.34585096210429,-45.06238214113504,-43.144219190398736,-40.47950116181692,-37.07813143545624,-33.07184756719072,-28.680925138283172,-24.1660044446566,-19.778671814141653,-15.722024823837026,-12.129836422469412,-9.055902832240896,-6.469522424987306,-4.253827780557834,-2.2193450743020557,-0.1642429512337929,2.036267559190132,4.388380479606591,6.79448392586354,9.085819764429592,11.061137580124214,12.517478018013415,13.292382632451975,13.292506119865436,12.51783845268809,11.06170134046354,9.086544970556195,6.795323958958455,4.389290899839218,2.037233301528983,-0.1632612212363546,-2.218355822474132,-4.252854915424548,-6.468545327602948,-9.054932444466663,-12.128908829524784,-15.721137552002476,-19.777841275028376,-24.1652441179976,-28.68024701274857,-33.071257384373595,-37.07763800300192,-40.47908299800409,-43.14387436697277,-45.06214861087187,-46.345644013741534,-47.18421366886232,-47.77516403576697,-48.22825536573413,-48.46432128752926,-48.20976313246706,-47.065873098665854,-44.55470504133771,-39.93869823389996,-32.13384489511563,-22.50328504635023,-12.538000752504647,-0.5774163166552737
-0.4202544568031633,-12.440300550340313,-22.47841346557253,-32.16351264307266,-39.981431772596686,-44.60488316478924,-47.11425712675314,-48.25256406282306,-48.50069053960792,-48.25858006750387,-47.80040956061583,-47.20481964799074,-46.361242853112174,-45.07183649452146,-43.14701527028876,-40.47552830247534,-37.06812086817896,-33.05710355328193,-28.663127667716875,-24.146880233480147,-19.75980326682277,-15.70466024795672,-12.1147552269334,-9.043429901817715,-6.459660802471448,-4.246475633658962,-2.214474378053786,-0.1620261710884405,2.035481576104852,4.384227721176985,6.786721528101003,9.074414197587686,11.046385053598131,12.50003473799622,13.27340606520584,13.273528687502765,12.500392979743935,11.046945344059155,9.07513398153885,6.787554561352216,4.385133257464182,2.0364380057299214,-0.1610579339980083,-2.213491745078048,-4.245509236530324,-6.458698201390583,-9.04246988140168,-12.11383647631805,-15.703783102227948,-19.7589816167745,-24.14612794950497,-28.662457205338708,-33.056521948413824,-37.067638345240816,-40.4751240614204,-43.14669227956991,-45.0716267243209,-46.3610607578994,-47.2046887078016,-47.800305669063015,-48.25852610499345,-48.500672040162506,-48.25268678919179,-47.11443183776493,-44.60516221953065,-39.98188446581808,-32.16410741004924,-22.47901833452572,-12.441268803331903,-0.4216839470741119
-0.2705059686798917,-12.350714993791618,-22.46145900122735,-32.19714111786821,-40.02449633320631,-44.653333484322665,-47.16001764127969,-48.29244641179718,-48.53409705014331,-48.28612852221352,-47.82307935748464,-47.22308479036342,-46.37476674144413,-45.07983737075416,-43.14887451043157,-40.47117236929933,-37.05820485744917,-33.04274293925559,-28.645802561373305,-24.12817002260396,-19.741203523134587,-15.687386559070994,-12.099591709210914,-9.030733487261829,-6.449472032595441,-4.2387236342797765,-2.2091539105823785,-0.1593288063346014,2.035185124592023,4.380539819092445,6.779345855729804,9.06325793732401,11.031665632254832,12.482369736908064,13.254019053218917,13.254140697468188,12.48272535713878,11.032221740729971,9.06397164560793,6.780171794790107,4.38143927370912,2.036131502070905,-0.1583733431453749,-2.208179161191621,-4.237764928309766,-6.448523234227742,-9.029784195592947,-12.098682214009283,-15.68651967134457,-19.74039097479954,-24.127425991179447,-28.645140032050627,-33.04217020080419,-37.057733145513446,-40.4707816153262,-43.14857193821607,-45.07964935924405,-46.37460805644327,-47.22298110897743,-47.82300617221932,-48.28610785419971,-48.534113507182205,-48.2926038395389,-47.16023040437136,-44.653647677053904,-40.0249796390534,-32.1977590090669,-22.4620852496688,-12.351708811912149,-0.2719681564346425
-0.1276360743975102,-12.268841822990998,-22.452036437135305,-32.23423860155707,-40.067478546135085,-44.69973299390139,-47.20292372237372,-48.32922106460126,-48.56448228434586,-48.31086445767444,-47.84317061706879,-47.23901807094781,-46.38625780423868,-45.08620568474716,-43.149603421206166,-40.46623203541379,-37.04817523860187,-33.02856761034872,-28.628774371486983,-24.10973559734976,-19.72277718243385,-15.670152420617786,-12.084334980883712,-9.017836599771387,-6.439007088500909,-4.230639847512611,-2.203466380848915,-0.156250353356828,2.035271410750424,4.377202855633452,6.772250146838714,9.052259380286232,11.016927124804786,12.464482573592091,13.234273998782012,13.23439461098995,12.46483568836493,11.017479579289375,9.052967849722805,6.773069750392548,4.378095570812769,2.0362079098007904,-0.1553041016104875,-2.2025020515134632,-4.229690450852132,-6.438069775985036,-9.016898789128993,-12.083435399648126,-15.66929606565115,-19.721974094366992,-24.10900021865703,-28.62812020976072,-33.02800413463776,-37.04771462830687,-40.46585524649794,-43.14932111136612,-45.08604002855985,-46.38612388372711,-47.238941539752936,-47.84312800328995,-48.310876833130784,-48.56453448270823,-48.32941312895992,-47.20317393826554,-44.70008141266568,-40.06799059629373,-32.23487699821847,-22.452680788932767,-12.269856481098298,-0.1291267739276889
0.0081801606635636,-12.195250889032954,-22.450498854187583,-32.27506051251691,-40.1106214911629,-44.74430303422678,-47.24316427925415,-48.36304139618761,-48.591967819762615,-48.33288534433751,-47.860764579700735,-47.25268658932764,-46.39577000283358,-45.09097676724577,-43.14921379285652,-40.46068954028653,-37.03799133951872,-33.01452118906664,-28.611978350669556,-24.09150097495044,-19.70443521604369,-15.652854365768512,-12.06886708499268,-9.004606943348142,-6.428116152670377,-4.222066580567818,-2.197243564333831,-0.1525985078724852,2.035939731651852,4.374426532376372,6.76564709867212,9.041613995095938,11.002340415310565,12.446517536256971,13.214298508270897,13.214418462167451,12.446868956229093,11.002889860273523,9.042317235950442,6.766459888520305,4.375315238992762,2.036866916790649,-0.1516700197241875,-2.196281677002484,-4.221121446487508,-6.4271963010106345,-9.003679901759762,-12.067975888033189,-15.652008081155047,-19.703641313124127,-24.09077384318844,-28.6113320941524,-33.01396653019815,-37.03754141604442,-40.46032651440649,-43.14895119513912,-45.09083229702108,-46.39566040859592,-47.25263681763666,-47.86075215456129,-48.332930437426015,-48.59205444964695,-48.36326710151757,-47.243449451200405,-44.7446840003761,-40.11116150583309,-32.275718360640376,-22.451161406069083,-12.196285993762476,0.0066612033118995
0.1358489125153357,-12.130487635043217,-22.456987048711227,-32.3196211665478,-40.15385681409669,-44.78690981775389,-47.28058226530246,-48.39374490525877,-48.61638105381058,-48.352012998639694,-47.875675773808965,-47.2638996414768,-46.4031061724539,-45.09394853346477,-43.1474954191759,-40.45432816772957,-37.02742291006147,-33.00038441727641,-28.59522672155966,-24.073325987315165,-19.686089539132688,-15.63545572761948,-12.0532000893858,-8.991097488560408,-6.4168877943946505,-4.213107929304768,-2.190604776451574,-0.148523957872099,2.0370348998566103,4.372047775612183,6.759369711320522,9.031184042875005,10.98781745477022,12.428470995539922,13.194153410752742,13.194272928751314,12.42882096586363,10.988364017033796,9.031882390195491,6.760176581260208,4.372929889014445,2.037951964569916,-0.1476044747881474,-2.189653194809533,-4.21217232808926,-6.415979483803895,-8.990182141310873,-12.05231889567515,-15.634619976384483,-19.6853052532848,-24.07260765955361,-28.59458904731501,-32.99983921886124,-37.02698408084196,-40.45397938053665,-43.14725238778583,-45.09382540450406,-46.40302072529219,-47.26387569783236,-47.87569205528333,-48.35208872625965,-48.61650092114042,-48.394002583838194,-47.28090070211229,-44.78732145429365,-40.1544226679538,-32.320296394139504,-22.45766494077752,-12.131539628650623,0.1343042094935704
0.2551419617225114,-12.075095590288386,-22.47180810546542,-32.36813299543462,-40.19738856037003,-44.827750628364015,-47.31533171575447,-48.421451312276304,-48.63781095799626,-48.36831832890022,-47.887964061116605,-47.27270933538849,-46.408310444417694,-45.095153261504414,-43.14446198705799,-40.44713359213513,-37.01642995941507,-32.98610135077354,-28.57845898305666,-24.05514392930996,-19.66766345958849,-15.617867326797043,-12.037229839383066,-8.97718980865999,-6.405188508347149,-4.203623743975427,-2.1834008333696087,-0.1438562019129539,2.038730897100481,4.370250202354216,6.753594927390173,9.021137116766337,10.97350754814558,12.410479555941189,13.173959263805475,13.17407799727402,12.41082704134892,10.974049999231465,9.02182963176597,6.7543952148118205,4.371124310868006,2.0396377803685004,-0.1429450700336804,-2.1824602623782896,-4.202697866238602,-6.404290241805457,-8.976285712871368,-12.036358398600592,-15.617041339448988,-19.6668881536737,-24.05443383358531,-28.57782924562993,-32.985564723390006,-37.01600100838024,-40.44679788222447,-43.14423679695304,-45.09504917669472,-46.40824752066703,-47.27270933275189,-47.88800793170944,-48.36842337467147,-48.63796373602105,-48.42173985776677,-47.315683321870864,-44.82819338731255,-40.19798031446719,-32.36882528718046,-22.47250042450492,-12.07616221139318,0.2535737564881971
0.365372594167104,-12.029547315737744,-22.495176259312267,-32.42070663948725,-40.241286673533246,-44.86686701576875,-47.347430691460815,-48.44616815169062,-48.656253148667474,-48.381781001549385,-47.89759739049866,-47.27906858864129,-46.411321332434426,-45.094505532711565,-43.14000518408553,-40.43897892824294,-37.00488175088255,-32.971548464794274,-28.561563884519742,-24.03685833901972,-19.649078684384577,-15.600027003416258,-12.020908630990204,-8.962845697078059,-6.392986866185137,-4.193588586727306,-2.175610691051755,-0.1385795601009656,2.0410425333729627,4.3690456406732565,6.748354683758241,9.011511319255986,10.959477408488926,12.392627916410184,13.153823495479548,13.15394147817586,12.392973197219373,10.960016286279751,9.012198297334336,6.749148312052145,4.369911778538709,2.0419395453444946,-0.1376771310290506,-2.1746808109937463,-4.192672237068355,-6.39209854040446,-8.961952983985126,-12.020046908406917,-15.599210758944851,-19.64831243098773,-24.03615653899565,-28.560942167375497,-32.97102046136178,-37.00446279554369,-40.438656342837575,-43.139797755288846,-45.094420304693806,-46.41127942599546,-47.27909303101863,-47.89766850120155,-48.38191594307009,-48.65643679418165,-48.446486777851625,-47.347814594627614,-44.8673396473062,-40.24190265394346,-32.42141451360148,-22.49588134450668,-12.03062672818562,0.3637816219273315
0.4659846854783264,-11.99435119822454,-22.527294771415544,-32.47745262023614,-40.2856424055315,-44.90432939050928,-47.37691388243829,-48.46790863072116,-48.67170024660196,-48.392386869584186,-47.90455049301188,-47.28294767025616,-46.41209915835304,-45.09196232460919,-43.13406869838228,-40.42979012009468,-36.99268081158485,-32.95662056760213,-28.544444142897103,-24.01838524539794,-19.63026284191721,-15.581870824256368,-12.004178397420617,-8.948011723491891,-6.380231343960969,-4.182953075341793,-2.1671855337753927,-0.1326431912551019,2.044020577259583,4.368489804111676,6.743694860959962,9.002365973505775,10.945792933735342,12.3750057087554,13.133842364228435,13.133959473744651,12.375348552825631,10.946327950580146,9.003047668109366,6.74448258158644,4.369348582513339,2.044908784442984,-0.1317489621958454,-2.166266291905149,-4.182045738033611,-6.379351950886761,-8.947129967478698,-12.003326163526388,-15.581063799409854,-19.629505231826773,-24.017691428744666,-28.543830136897466,-32.956100862066734,-36.992271326345616,-40.4294802006359,-43.13387826816283,-45.091895346120914,-46.41207920525892,-47.282995273614624,-47.90464835092355,-48.39254973912658,-48.67191496510348,-48.46825723967285,-47.37732996095159,-44.904831925501206,-40.28628236586157,-32.478175166279144,-22.52801162075905,-11.995440849150294,0.4643739855727448
0.5569868175373967,-11.969974988817642,-22.56844096491804,-32.538596525305834,-40.3307076947294,-44.940383334522174,-47.40397082851812,-48.48682222485706,-48.68427192856952,-48.40023800480613,-47.90891821544044,-47.2844338702116,-46.41072690828965,-45.08759722403195,-43.12671030158853,-40.41960368595012,-36.979821944401856,-32.94128844250321,-28.527059979525784,-23.99967484592617,-19.611149529891268,-15.563308722279372,-11.986924277555037,-8.932551664796213,-6.366767277003113,-4.171547344338393,-2.157943041817893,-0.1258516206079529,2.047868033765743,4.368795850851168,6.739805224731489,8.993888166156546,10.932611302637916,12.357756640091525,13.114135329350876,13.11425214506212,12.358098428093928,10.933144359385196,8.994566609683147,6.740588882040676,4.36964908094713,2.0487495399172464,-0.1249642030683763,-2.157032931996169,-4.170647301893321,-6.365895236346514,-8.931679796712228,-11.986080598038212,-15.5625099708081,-19.610399785522645,-23.998988281453496,-28.526452962773607,-32.94077632154759,-36.97942112418508,-40.41930560492534,-43.12653600618545,-45.08754731753696,-46.41072815857311,-47.28450471025818,-47.90904277256023,-48.400429484964654,-48.684518366356194,-48.48720033640299,-47.40441868623471,-44.94091536223048,-40.33137131426307,-32.53933375522839,-22.569168877394475,-11.971073360452912,0.5553575809613255
0.636462701981543,-11.956868645927656,-22.61858654130816,-32.603960461067494,-40.37620637861793,-44.97470526283172,-47.42831028025891,-48.502647616210425,-48.693722485781215,-48.40508336358107,-47.91043760954519,-47.2832493119806,-46.4069072355015,-45.08108669526545,-43.11758686407854,-40.40807148359698,-36.96598939781855,-32.925278486287006,-28.509187285528515,-23.980566340282707,-19.591656011082897,-15.54433991412486,-11.96922608923255,-8.916609505942269,-6.352790543418808,-4.159607002183848,-2.148150038914449,-0.1185022883076126,2.052271749352154,4.36963822121609,6.736414735938225,8.985857926003124,10.919823745045562,12.340869177802244,13.09478087557843,13.094897526601835,12.341210236819895,10.92035525291523,8.986533619768837,6.737194733719926,4.370486596400162,2.0531477374075684,-0.1176213683434512,-2.1472491788340515,-4.158712999910575,-6.351925425241815,-8.91574767493573,-11.96839053578084,-15.543548997493112,-19.59091389298646,-23.9798868096383,-28.508587032594814,-32.924773801128204,-36.96559718204482,-40.40778529162124,-43.11742859872099,-45.08105394679657,-46.40692934304544,-47.28334341785039,-47.91058892447738,-48.40530358520111,-48.69400025938005,-48.50305479642758,-47.42878938292353,-44.97526653891003,-40.376893243881824,-32.60471161244916,-22.61932477505289,-11.95797406573741,0.6348169556324591
0.704093351050477,-11.95545248105978,-22.67792512718072,-32.67367665335993,-40.42229431516303,-45.00744923095935,-47.4500589432074,-48.51548312659349,-48.70012944957396,-48.40698679051746,-47.90916024981226,-47.27943503126042,-46.4006691559546,-45.07244777908008,-43.10669804581005,-40.39517328791245,-36.95114487515961,-32.9085398394589,-28.490771273935803,-23.961002575273223,-19.571719778782423,-15.524893718967864,-11.951002702093929,-8.900093880738282,-6.338201262541058,-4.14702418526919,-2.137691383161281,-0.1104711403626704,2.057360886113911,4.371154776720492,6.733657320424841,8.978416079249758,10.907560451974296,12.324464901095691,13.07588894531012,13.076005685703612,12.324805892189431,10.908091388397851,8.97909037168821,6.734434939355199,4.371999929017232,2.058233479138052,-0.1095961851147843,-2.136799265393355,-4.1461346152630485,-6.337341505692988,-8.899241901967239,-11.950174788552273,-15.524110005697205,-19.57098493116664,-23.960329777201437,-28.490177485065743,-32.90804224222584,-36.95076085328746,-40.394898775298174,-43.10655548598401,-45.072432018725294,-46.40071343314033,-47.27955264032001,-47.90933854225101,-48.40723528364668,-48.700439504927765,-48.51592062775531,-47.4505699274502,-45.0080400479807,-40.42300407268071,-32.67444086748526,-22.678672548462043,-11.95656268951554,0.7024338801096002
0.7601551088650015,-11.966023425898568,-22.746652323415628,-32.74792531411193,-40.46921075674128,-45.03886323816676,-47.46943032894853,-48.52550577736958,-48.70364885772333,-48.40609514732621,-47.9052255912481,-47.27312589835336,-46.39214079481128,-45.0618008618258,-43.09414656290655,-40.38098598126967,-36.935336466844745,-32.89109324420926,-28.471812740906767,-23.94096545123049,-19.55129686654689,-15.504895695552232,-11.93214743045316,-8.882869723269717,-6.322840281173329,-4.133620277491656,-2.1263729044696267,-0.101551443231764,2.063349382518248,4.373562910198635,6.731738412822774,8.971760635626849,10.895982539011571,12.30867600011912,13.05756511934596,13.057681702041464,12.309016536514225,10.89651319570819,8.972434505986095,6.732514699242865,4.374405943478875,2.0642198789180197,-0.1006812816701473,-2.125488614989939,-4.132733560835829,-6.321984656957907,-8.882026421962845,-11.931325980867747,-15.504118280634138,-19.550568450752625,-23.9402985825285,-28.471224573548845,-32.89060169914958,-36.93495948680026,-40.38072271077153,-43.09401827112638,-45.06179967729563,-46.39221017623307,-47.27326718159155,-47.90543186218521,-48.40636939496007,-48.70399326474086,-48.52597541139198,-47.46997397822734,-45.03948421887182,-40.46994335854586,-32.74870254533156,-22.74740861118953,-11.967137460160432,0.7584825005181147
0.8031137029121046,-11.989022970973725,-22.82478396337921,-32.82661657624454,-40.516833234070994,-45.068810907774186,-47.48630468737702,-48.53260297445846,-48.70416138298605,-48.40226967208953,-47.89847964578254,-47.26414912411034,-46.38113087982503,-45.04892600921982,-43.07969283997111,-40.36526040147261,-36.91833218816199,-32.87273207860671,-28.452136430566977,-23.92032249357942,-19.530303926007385,-15.484317622844676,-11.912681646655589,-8.86500032847071,-6.306801916356051,-4.119512290596118,-2.1143288723838976,-0.0918910019940078,2.0700856861195227,4.376713079243027,6.730543504276787,8.965814360720874,10.88508062775151,12.293554499484085,13.03991171561635,13.040027905979237,12.293893763212548,10.88560938102867,8.966485439467391,6.7313154244158,4.3775509204718,2.070951126622569,-0.0910284566787682,-2.113454421175002,-4.118631132621837,-6.3059530863384445,-8.864167562122681,-11.911868532612262,-15.483548144418114,-19.52958345754236,-23.91966307262504,-28.45155547097957,-32.87224828769726,-36.91796378394413,-40.365009521000815,-43.07957873752589,-45.04893846765407,-46.38122501600594,-47.26431173943234,-47.898710678147495,-48.402564277290764,-48.70453655013265,-48.5331005617462,-47.48687693820492,-45.06945914338667,-40.51758614869486,-32.82740452018643,-22.825546038861592,-11.990137057812408,0.8014317055736244
0.832841300741947,-12.024700463194243,-22.9124256690438,-32.909838292748375,-40.56530434546866,-45.09744972811577,-47.50081724465849,-48.53689627089605,-48.70177116329255,-48.39559924026418,-47.88900104296136,-47.25257206807069,-46.36769639107844,-45.03386460145883,-43.06336085895444,-40.34800312860077,-36.90012140803353,-32.853434794824864,-28.43171340346177,-23.899039203424863,-19.50869511861634,-15.463103675987556,-11.89253557251741,-8.84640528133542,-6.289994938394558,-4.104600194555026,-2.101453280855482,-0.0813753139784443,2.077691893394843,4.380733663163232,6.7302067228445335,8.960708282855768,10.87497785391028,12.279208893754303,13.023021782660985,13.023136622753489,12.279544158361494,10.875500691487392,8.961372119680798,6.730969825164427,4.381562001368517,2.0785479181337507,-0.0805232540839233,-2.100590497365003,-4.103728608434203,-6.289155779638899,-8.845583708172205,-11.891732238045543,-15.462343454360791,-19.507983638132224,-23.898388293787903,-28.43114076479985,-32.852959850360016,-36.89976237574695,-40.34776441427413,-43.06325966985743,-45.03388982262232,-46.36781013153109,-47.252753318208114,-47.88925288974066,-48.39591299173015,-48.70217246853111,-48.537417587674575,-47.50141394355771,-45.09812137737311,-40.56607518251243,-32.910635561662794,-22.913191589329816,-12.025812732907832,0.831151081055636
0.8485194510761609,-12.07336490307558,-23.0096182835698,-32.997580500534795,-40.61464257677748,-45.12479743563957,-47.51298506703602,-48.538410873967,-48.69648348294149,-48.38607277218922,-47.87675621150757,-47.23834576311405,-46.35176716274075,-45.016529989424114,-43.045045689931285,-40.32909493055536,-36.88058746462826,-32.833095042034785,-28.41044905141006,-23.87703469792344,-19.4864089843628,-15.4412131363042,-11.871687636935569,-8.827074468947023,-6.27242181061749,-4.088893767516063,-2.0877583424030384,-0.0700198445792252,2.0861606349813866,4.385618175849847,6.7307551943728,8.95646201230717,10.865732916710138,12.265722865360162,13.006993859334573,13.007106775230373,12.266052384735088,10.86624714654696,8.957115186302913,6.731505660248983,4.386433038272976,2.087003482338152,-0.069181082578092,-2.086909585649804,-4.088034345701424,-6.271594814337554,-8.826265247092207,-11.87089541159803,-15.440463352301713,-19.48570741237854,-23.876393253870194,-28.409885724039544,-32.832629722022894,-36.88023808328014,-40.32886830860117,-43.04495605264224,-45.01656583780155,-46.35190059513663,-47.23854295898474,-47.87702568502095,-48.38639971384253,-48.696907660368986,-48.538952235645006,-47.51360242377987,-45.12549018521863,-40.615430005702926,-32.99838622781278,-23.01038671025699,-12.07447349763658,0.8468232123987288
0.8484306324865004,-12.135494216055111,-23.1163764803433,-33.089751650557766,-40.664765144637336,-45.15074990861263,-47.52272416950387,-48.53706497813036,-48.68819996324368,-48.37356132051419,-47.86159216526034,-47.22129121522725,-46.33314128507623,-44.996691706656456,-43.02450000793817,-40.30828330875405,-36.859496606938464,-32.81150800423859,-28.38817110695221,-23.85417129194241,-19.46336107837255,-15.418610854582962,-11.85015196990082,-8.8070589779949,-6.254161246329628,-4.072491232193974,-2.073355940520164,-0.0579426367772117,2.0953753822425494,4.391266798483032,6.732115932783194,8.953031537702813,10.857364439226648,12.253171701325426,12.991943379069353,12.9920540080118,12.253494575421067,10.857868875983748,8.953672808645594,6.73285275684147,4.3920670694354405,2.0962038735873403,-0.0571179161684186,-2.072521760713605,-4.071645289778063,-6.253346860625765,-8.806262424235046,-11.849371385410157,-15.417871864104583,-19.46266977444172,-23.853539739323104,-28.38761753551997,-32.81105268728507,-36.85915740469794,-40.3080693840953,-43.0244221838534,-44.99673857509291,-46.3332922467757,-47.22150347890568,-47.8618775300566,-48.37390135128511,-48.6886447224569,-48.53762519161711,-47.523360592182186,-45.15146232922609,-40.66556778157585,-33.090564933670244,-23.117146458355563,-12.136597798741589,0.8467298683010679
0.8331801526086492,-12.211150889509948,-23.232736223263892,-33.186457620942946,-40.71589681797067,-45.17555355853671,-47.53024989728896,-48.533046870206014,-48.67709735510405,-48.3582414136287,-47.84368589213639,-47.20158729663836,-46.31199589611161,-44.97452293126469,-43.00187871461681,-40.28569380766066,-36.83693012173295,-32.78872470529228,-28.364910817902462,-23.83045986682448,-19.43953839125368,-15.395248918520862,-11.827845904357693,-8.786244231272637,-6.235071619381482,-4.055229358606551,-2.0580662489716888,-0.04495050048359,2.1055329532728058,4.397879007005676,6.734459963633771,8.950578904729626,10.849989328719811,12.2416667800737,12.977960243242045,12.978069028987514,12.241984108691158,10.850485012706082,8.951208722377745,6.735183373350322,4.398664845713898,2.106347254535475,-0.044139564990161,-2.057246146589537,-4.054396597819538,-6.234269614789397,-8.78545993433803,-11.827076784257168,-15.394520703771322,-19.438857419013267,-23.82983834010906,-28.36436728260924,-32.78827981106875,-36.83660161351741,-40.28549285768143,-43.00181249580381,-44.97458064890095,-46.31216434010649,-47.20181451257151,-47.84398675314748,-48.35859435136867,-48.67756282472636,-48.53362674931448,-47.53090547186198,-45.17628531421413,-40.71671381345368,-33.18727747143561,-23.233506733369307,-12.21224752075245,0.8314778335123293
0.8020439520412947,-12.300575316896186,-23.358664469351435,-33.28765611463845,-40.768068524476256,-45.19924176787611,-47.53560034599685,-48.52638082877277,-48.663193777964594,-48.34011847251904,-47.82303212619365,-47.17921579921708,-46.288299041471234,-44.94997194474492,-42.97710899196582,-40.26123495613268,-36.81279207785834,-32.76465179695531,-28.34058669049174,-23.805834886556703,-19.414892909844063,-15.371096234191423,-11.804750588297962,-8.764619797108573,-6.215146745233768,-4.037104367822207,-2.0418869570172244,-0.0310395213667841,2.1166377433185035,4.405467054578643,6.737799420309812,8.94914499689154,10.84366474380482,12.231288747466634,12.965144716091151,12.96525186381397,12.231601107788922,10.84415222604724,8.949763657668932,6.738509609396033,4.406238556899415,2.1174377527972696,-0.0302421039523095,-2.041080326555147,-4.036285016041369,-6.214356845500033,-8.763847528621504,-11.803992956162126,-15.370378719773514,-19.41422218207772,-23.80522334806152,-28.340053180849782,-32.764217143408914,-36.81247394035147,-40.26104645274787,-42.97705409074483,-44.95004089045242,-46.28848477481804,-47.17945834746443,-47.823348095894346,-48.34048415801268,-48.66367839528861,-48.52697951314358,-47.53627448772545,-45.19999259797,-40.76889951939118,-33.28848227155408,-23.35943543976037,-12.301664294551724,0.80034149502086
0.7552623330385523,-12.40376642395884,-23.49408874106695,-33.39335512150778,-40.821399070702114,-45.22196700738069,-47.53891930538082,-48.51720113853042,-48.646618387353136,-48.319320498262734,-47.79975572778825,-47.1542983558629,-46.262165059337896,-44.92314117754812,-42.95027116793008,-40.234959066299496,-36.7871090856839,-32.73929923839614,-28.31520167669494,-23.78029424849077,-19.389410796711942,-15.346124837380376,-11.780820897681856,-8.742125613484284,-6.194313286790715,-4.018032852141374,-2.0247267290601827,-0.016112852640078,2.128788994628095,4.4141291471745765,6.7422279543322885,8.948824683836323,10.838478498293306,12.222124005061664,12.95357992472011,12.953684976324432,12.22243047927874,10.838957041747122,8.949432174705887,6.742925501555798,4.414887086469976,2.1295750498227664,-0.0153285786363108,-2.023932871833952,-4.017227160679313,-6.1935354462628,-8.741365015237468,-11.78007450532558,-15.345417701817134,-19.38875006813501,-23.77969250900309,-28.3146780110861,-32.73887473767094,-36.78680152477854,-40.23478333784374,-42.95022769682946,-44.92322116481083,-46.26236833289077,-47.15455613611597,-47.800086455087296,-48.3196979845354,-48.64712161500524,-48.517818078276825,-47.53961103927757,-45.2227358991748,-40.822243442113226,-33.39418736514296,-23.49486009202813,-12.404847349836247,0.7535606046108214
0.6925837361950209,-12.52076551342425,-23.63890439281516,-33.503503315646334,-40.87592799867373,-45.24380595598432,-47.540291342668205,-48.50558953793482,-48.62744587480301,-48.29591143973592,-47.77391084438201,-47.12687873749746,-46.23362468641104,-44.89404308876978,-42.92135716260829,-40.20683928138419,-36.7598448564766,-32.71262837496584,-28.28872128688458,-23.75380952950879,-19.36306654803252,-15.320313172107312,-11.756036287287804,-8.718742440920208,-6.172551505121731,-3.99799447992867,-2.0065641388645834,-0.0001475138478538,2.1420124469032618,4.423895331483476,6.747783048427783,8.949667602054992,10.834495875554373,12.21424102522946,12.94334336706062,12.943446566139023,12.21454201900232,10.83496582348727,8.950264205863732,6.748468291042901,4.4246400183735135,2.1427842947557507,0.0006237614178016,-2.0057822089429163,-3.9972028060315727,-6.171785506791122,-8.717993011408721,-11.755301040718802,-15.319616370716918,-19.362415800913045,-23.75321761035917,-28.288207560529937,-32.71221414645386,-36.759548089518205,-40.20667642161546,-42.92132514170437,-44.89413422595801,-46.23384493511982,-47.12715142240135,-47.77425577711961,-48.29630090306323,-48.62796744863309,-48.50622471127506,-47.540999786364175,-45.24459168212811,-40.87678471466622,-33.50434115141459,-23.639675672492874,-12.521837831821546,0.6908838439546157
0.6119690133989995,-12.652061281474325,-23.793162359722512,-33.61805311212101,-40.93162949499415,-45.26471415034097,-47.53969258468885,-48.491497441992784,-48.605595498626464,-48.26976012704762,-47.74532835906318,-47.09674901089821,-46.20243529911447,-44.8623967285192,-42.890069339722906,-40.17658996377988,-36.73074898582204,-32.68442227361749,-28.260961390046067,-23.726234708382805,-19.335758262360944,-15.293611537541404,-11.73039097051443,-8.694503984649343,-6.1499235856213055,-3.9770729917709633,-1.987495805328907,0.0167562626654724,2.1562160880016297,4.434703476934484,6.754437373545982,8.951699750267133,10.8317969702336,12.207726056395932,12.93453974045904,12.934640974081669,12.20802140580046,10.83225833449706,8.952285595327798,6.755110464309908,4.43543518947378,2.1569737181941107,0.0175148607643221,-1.9867249205025,-3.976295780801091,-6.149169385639197,-8.693765640388866,-11.729667057306685,-15.292925084424848,-19.335117492763207,-23.72565263974074,-28.26045763610898,-32.68401828301548,-36.73046299958448,-40.17643925169238,-42.89004898993754,-44.86250088287127,-46.20266868218002,-47.09703700300722,-47.74568674967149,-48.27016540051378,-48.60613249086596,-48.49214887614776,-47.54041654271258,-45.26551525602321,-40.93249794811763,-33.61889660222869,-23.79393389816439,-12.653125393136497,0.6102708330563601
0.515906225291476,-12.796939378577845,-23.956483904679654,-33.73694640247914,-40.98863936470431,-45.28497707582961,-47.53740213202915,-48.47523757240086,-48.58139728033415,-48.2412380506736,-47.71440108912291,-47.0643268810579,-46.16902836006872,-44.82864796782489,-42.85683241750016,-40.1445807994657,-36.700119522026526,-32.65492322924626,-28.23212147106278,-23.697722869359964,-19.30757911740748,-15.266042767287615,-11.70384560299992,-8.669314501941763,-6.126290770422397,-3.955096126735725,-1.9673283118734897,0.0348017562451292,2.171601230239765,4.446723040717932,6.762337761781938,8.955012575662067,10.830429160568402,12.202619195422663,12.927194035401492,12.927293545721268,12.202909448137826,10.83088244592934,8.95558807000249,6.762999304035352,4.447442565592628,2.1723443464112906,0.035548278832,-1.9665666521130385,-3.954334141334879,-6.12554807335298,-8.668586015146914,-11.7031324641333,-15.265366203735752,-19.306947917937386,-23.697150296206367,-28.23162741028576,-32.654529223986266,-36.699844023495466,-40.144442126036,-42.85682337120033,-44.82876378877752,-46.169277105278425,-47.06462917778704,-47.71477257139347,-48.24165525937431,-48.581949824661336,-48.47590462381785,-47.53814119691681,-45.28579389684173,-40.98951997225087,-33.73779600135216,-23.957256676067693,-12.79799612920081,0.5142100959027445
0.401785899910691,-12.956025785759484,-24.1289629112872,-33.86013655315734,-41.04692062483023,-45.30452799371474,-47.53337400708711,-48.45672291628628,-48.55471795778372,-48.21014884608003,-47.68088678157034,-47.02932629930917,-46.13307928241033,-44.79243291252996,-42.82126929000626,-40.11045434422149,-36.667644205839615,-32.62386041553492,-28.201969791824,-23.668089732555103,-19.278402642049823,-15.237546520991025,-11.676397426047396,-8.643221484370349,-6.1017368281078745,-3.932173732582537,-1.9461871376095847,0.0538596222459829,2.1880484250226138,4.459870029580173,6.7714441021374485,8.959630120142663,10.830475933466046,12.199016440880392,12.92142123997804,12.921518995063444,12.199301566806136,10.830921256062496,8.96019542357483,6.772094347842554,4.460577749193284,2.188776644073346,0.0545946229553099,-1.945433283174619,-3.931427932840682,-6.101005693384098,-8.64250238728881,-11.675695250486784,-15.236879946400444,-19.2777810795032,-23.667526780497063,-28.20148559929356,-32.62347663017405,-36.66737953541963,-40.11032773479212,-42.82127152096872,-44.79256049839315,-46.13334231881,-47.02964295483149,-47.6812707802524,-48.21057882064366,-48.555285931980045,-48.457405967730175,-47.53412821516433,-45.30535958317138,-41.04781213901577,-33.86099160880064,-24.129736363522863,-12.957074405227964,0.4000929384771087
0.2709677120098459,-13.128810175028155,-24.310241829111973,-33.98750955924883,-41.106523655004224,-45.32353485760422,-47.52779224096842,-48.436165562673175,-48.52577908655146,-48.17673048708005,-47.64502982322885,-46.991998206054845,-46.09484034830884,-44.75400246926156,-42.78361259059317,-40.07440958475441,-36.633484762358194,-32.59136593178314,-28.17061511149372,-23.637418892736665,-19.24828172481772,-15.208142168272772,-11.648036785001,-8.616188636810312,-6.076204441274313,-3.908232029790187,-1.9239875418413068,0.074019963197664,2.205647692387322,4.474219817330734,6.7818232705219526,8.965593658915472,10.831966818529777,12.196948243728407,12.917255107759608,12.917351383171562,12.197228923510558,10.832404882971089,8.966149354476459,6.782462746720983,4.474916251246811,2.206360682153808,0.0747441351571364,-1.9232399745875588,-3.907503200635026,-6.075484753976926,-8.615477997409908,-11.6473453716028,-15.20748529744345,-19.247669469336927,-23.636865302740336,-28.17014054974804,-32.590992108154296,-36.63323065366493,-40.07429490229666,-42.78362567314414,-44.75414102073325,-46.09511893492749,-46.99232864321419,-47.64542678184271,-48.17717115543326,-48.52636199975642,-48.43686352950269,-47.52856070099972,-45.32438122771048,-41.10742641619839,-33.98837052307686,-24.3110168954032,-13.12985140682532,0.2692783203264166
0.1234883306466309,-13.31511312164541,-24.50008765582233,-34.118959690203624,-41.16746368985197,-45.34208065666702,-47.52075766913856,-48.4136734618948,-48.49467947425738,-48.14107459758225,-47.60690850230672,-46.95241080761513,-46.05436534330072,-44.71339855749604,-42.7438875017336,-40.0364573446324,-36.5976440571185,-32.55743908965802,-28.13805495997271,-23.605707208431888,-19.217213634507928,-15.177828093199082,-11.618763933705033,-8.588216290507928,-6.049694263957663,-3.883270812709654,-1.9007249139914688,0.0952887458008235,2.2244071266463905,4.489783253476753,6.793497047061766,8.972930500653717,10.834939859377732,12.196461530246934,12.914748940138027,12.914843355010298,12.19673686963248,10.835369642660629,8.973475919895074,6.794125798182935,4.490468901253095,2.2251054983069607,0.0960027577026175,-1.8999834499999244,-3.882558639307013,-6.048985860880669,-8.587513810967323,-11.618083255788578,-15.17718076182069,-19.21661054737927,-23.605162908829445,-28.13758999393749,-32.5570751855805,-36.59740034165416,-40.0363548144452,-42.74391054168777,-44.71354586479909,-46.05466296292988,-46.95275440002693,-47.607318621632274,-48.141521452125886,-48.49527907769719,-48.414386915680815,-47.52153939535242,-45.34294109498222,-41.16837717621127,-34.119826508201925,-24.50086466916983,-13.316147302841545,0.1218027812433625
-0.0401231027029002,-13.514562683076734,-24.69816189703182,-34.25433679838552,-41.229740939055056,-45.36025100498942,-47.51239034854199,-48.38938527588945,-48.46156177004836,-48.103319278594775,-47.56665712549918,-46.91069125894661,-46.011774467161054,-44.67072861028954,-42.7021875299609,-39.99667581236779,-36.5601865998465,-32.52213279553008,-28.104331404493237,-23.57298690242887,-19.185221747582904,-15.14662049528923,-11.588589094800032,-8.559309000695064,-6.02220703755986,-3.857288017105155,-1.8763912806717051,0.1176754773481676,2.2443371005006103,4.506571776248625,6.806477476092989,8.981651705403946,10.839412897163784,12.197582110154428,12.913936225808463,12.914028810770889,12.197852253551549,10.839834838412296,8.982187509093967,6.807095878410915,4.507246835977012,2.24502199085502,0.1183791535989723,-1.8756574178301704,-3.85659041277274,-6.02150921959745,-8.558615092841514,-11.58791880941191,-15.14598232481957,-19.184627743003865,-23.57245186109814,-28.10387604579815,-32.52177898900203,-36.55995361757223,-39.99658610788888,-42.70222032918555,-44.67088409829116,-46.01209237460378,-46.91104792801452,-47.5670800307084,-48.10377067400544,-48.46217860617091,-48.39011495615736,-47.51318462882279,-45.36112462430075,-41.23066412255173,-34.25520895382166,-24.698940793236545,-13.51558974914502,-0.0418042780965362
-0.2221645171666567,-13.727754128128442,-24.90461472063608,-34.39367984962921,-41.29341909587519,-45.378065333735286,-47.50271504918992,-48.36326030152973,-48.42633198251246,-48.06330351359582,-47.5240745353395,-46.86659932581209,-45.96679721768226,-44.62568894325511,-42.658202193588295,-39.95477483380592,-36.52084817074225,-32.48520859781449,-28.06923389474453,-23.53908679013431,-19.1521838633545,-15.114448039924085,-11.557482913324025,-8.529473091736914,-5.993774474048714,-3.830334111291024,-1.851048282142216,0.1411192421823563,2.265389679198865,4.5245779223927975,6.820786171297051,8.991839424574563,10.84549706659914,12.200425297373,12.914925458950975,12.91501609516522,12.20069000592407,10.845911178557238,8.992365849644143,6.821394465614885,4.525242541843659,2.2660624477406883,0.1418126014325426,-1.850323773354445,-3.829648745197199,-5.993086982990653,-8.52878838042239,-11.556822649737985,-15.113818829408416,-19.15159882145089,-23.53856087600513,-28.068788002610912,-32.48486468566631,-36.52062562499296,-39.95469728236465,-42.658244918215374,-44.62585466365441,-45.96713191474399,-46.866969657208365,-47.52450921902609,-48.06376300379039,-48.42696314855024,-48.36400479124197,-47.50352102545833,-45.37895127345856,-41.29435185033642,-34.39455777004346,-24.905396357184834,-13.728775310271972,-0.2238421482668366
-0.4217312304988677,-13.954191647922292,-25.11904742711131,-34.53681901862471,-41.358491804979984,-45.3956193575077,-47.49185691531032,-48.3354493857597,-48.38914747078936,-48.02119653690474,-47.47932918768736,-46.820306513000936,-45.91960164312896,-44.57844758740083,-42.61208611478625,-39.91088784304269,-36.47974010026385,-32.44675932189021,-28.032839123390296,-23.5040676923306,-19.11814456680327,-15.081339002054216,-11.525460678882116,-8.498712343282858,-5.964391430241344,-3.802396126246491,-1.824677718344366,0.1656410453334997,2.287585960184394,4.543814501093667,6.836434544526731,9.003492051002592,10.853191398569807,12.204997911658872,12.917728942298424,12.917818203625288,12.205258326583689,10.853598645399378,9.004009614330313,6.837032882758126,4.544468625912919,2.288247827991809,0.1663241433059493,-1.823964170015609,-3.8017208741818087,-5.963713939237332,-8.498037383420144,-11.524810119615411,-15.08071858011877,-19.11756840719184,-23.503550848445368,-28.03240267044308,-32.44642537710975,-36.4795282003306,-39.91082246070586,-42.61213862418216,-44.57862344711889,-45.91995196925612,-46.82069004316377,-47.47977512485661,-48.021664409346585,-48.38979250370069,-48.33620843871153,-47.4926740337564,-45.39651671708757,-41.359433584899215,-34.53770287594997,-25.11983230594249,-13.955207856659325,-0.4234058988441293
-0.6395275592734088,-14.19394754255407,-25.341379391612936,-34.68372840303232,-41.42501993302418,-45.41299095252549,-47.47989840137669,-48.3060078897564,-48.35003633780292,-47.977007060131456,-47.43240414117269,-46.77177924646723,-45.87013241488207,-44.52894027278141,-42.56376194070674,-39.86493437666044,-36.43677996970812,-32.40670637474091,-27.99507637842424,-23.46787165129513,-19.083062110187832,-15.047266776354183,-11.492508331572742,-8.467021816000099,-5.934059260766096,-3.7734793939438775,-1.7972869609608877,0.1912364766407481,2.310928042192236,4.564299765978703,6.8534530939800025,9.0166637804399,10.862558264181532,12.211367230752622,12.922409116929964,12.922497106563643,12.211623839354926,10.862959601861478,9.017173765751206,6.854042406004267,4.564943553239762,2.311579729938988,0.1919095758552387,-1.7965853130347131,-3.772813046692761,-5.933391365254424,-8.466356560320383,-11.491866973752485,-15.046654890784271,-19.08249456378795,-23.46736363012669,-27.994649139018875,-32.406382100070296,-36.43657837966147,-39.86488083373772,-42.56382396045467,-44.52912624559762,-45.87049833759053,-46.77217615274665,-47.43286130637498,-47.977483321134926,-48.3506945643774,-48.306780865542365,-47.48072622701438,-45.4138994087108,-41.42597078488507,-34.684618525853566,-25.34216846128784,-14.194959883930936,-0.641199648108137
-0.8750774615744661,-14.446646761628443,-25.57127636979876,-34.834263830248474,-41.493006094424814,-45.43025630464531,-47.4669492001501,-48.275056441535945,-48.30912910072728,-47.93083111937791,-47.38341628022597,-46.721124438357656,-45.81851318233847,-44.47725501927131,-42.51331654116338,-39.81699480389791,-36.39202977719525,-32.36509681187476,-27.95598226925277,-23.43052795829074,-19.046959397534973,-15.012249630421818,-11.458639452932536,-8.43441065401,-5.902784316619141,-3.74358645479889,-1.7688769295003035,0.2179011818725604,2.3354178046476117,4.586042240331508,6.8718454777548335,9.031363952314452,10.873609769755122,12.219546095140403,12.928981391502973,12.929068016500532,12.21979850763312,10.874004665197395,9.031866081016403,6.872426556619863,4.586674170447774,2.3360598573585247,0.2185713630117526,-1.7681920416442232,-3.7429309808235063,-5.902121323851398,-8.433755258969441,-11.458007351793237,-15.011646207423802,-19.04640042342849,-23.43002868994665,-27.955564329658973,-32.364782453637794,-36.39183889929618,-39.81695235866393,-42.51338911206621,-44.47745463564332,-45.81888653367288,-46.72153486818535,-47.38388279776657,-47.93132356686393,-48.30979617315644,-48.27584159935867,-47.46778849862516,-45.43117568521775,-41.49396603570728,-34.83516056292971,-25.572070559236007,-14.44765633568104,-0.8767472739606713
-1.1281860327326647,-14.712017357930034,-25.808436886954308,-34.9882998935746,-41.56245104497991,-45.447495704913145,-47.453104288726834,-48.24269216112622,-48.26650303717963,-47.882759457125054,-47.33243603301717,-46.66841467610725,-45.76479974943015,-44.42345994138481,-42.46080439125238,-39.76710398654944,-36.345518012157925,-32.321947276786474,-27.91556336000196,-23.392039646639155,-19.00984046350923,-14.97629420031249,-11.423863950855074,-8.400893143738129,-5.870580608589306,-3.7127317902417616,-1.7394630031138854,0.2456288118589548,2.3610469660243654,4.609023524475047,6.891616201949601,9.047589221847185,10.8863614045509,12.22955682259266,12.9374751258739,12.937560526103915,12.229805605257289,10.88675046890164,9.048083977281417,6.892189357324062,4.609644566430185,2.361679785562856,0.2462937772484745,-1.7387912285657303,-3.712086674239381,-5.869924130843441,-8.40024662481791,-11.42324079330882,-14.975699066668982,-19.009289838347577,-23.391548991197688,-27.915154534026687,-32.32164267117952,-36.34533781091192,-39.76707215517402,-42.46088766661836,-44.42367306050028,-45.76518013457287,-46.66883808406242,-47.332911877807305,-47.88326760268935,-48.2671781699701,-48.243488080428136,-47.45395503186524,-45.448425603161205,-41.56342009928163,-34.98920374047921,-25.80923703441049,-14.713025089876584,-1.1298542772497615
-1.3962600808301822,-14.988774868374476,-26.052036645054503,-35.14545536624126,-41.63323029291276,-45.46476198037658,-47.43850156058555,-48.20913883351188,-48.2224326183567,-47.833108558270695,-47.27979977109924,-46.61400404426715,-45.70935543687576,-44.36792792052965,-42.40658931620534,-39.71560405699167,-36.29755178104149,-32.27753129746769,-27.87405400388372,-23.35259792254116,-18.971856074554616,-14.939513127498572,-11.388264665440962,-8.366528464602194,-5.837491259315526,-3.68094602929923,-1.7090677900492235,0.2743957615879818,2.3877862081186003,4.633194961206234,6.912693189719093,9.06523921783547,10.900705010272354,12.2413065044969,12.94780416146869,12.947888329568032,12.24155154738859,10.901088310309165,9.06572688859586,6.913258872470999,4.633805633292601,2.388410329446691,0.2750557107181603,-1.7084083137709187,-3.680311044293548,-5.836841027155272,-8.365890428086812,-11.387650298462114,-14.938926030733302,-18.971313538115687,-23.352115694139243,-27.87365409880011,-32.27723613983656,-36.297381882995126,-39.71558217986482,-42.40668291548582,-44.36815349368792,-45.70974280216946,-46.61443943905205,-47.28028503618924,-47.83363143036011,-48.22311600381301,-48.209944764034574,-47.4393635570422,-45.46570233938051,-41.63420859053876,-35.14636687199586,-26.05284377440995,-14.989782094672195,-1.3979271091338226
-1.682558833441236,-15.27801726077467,-26.302575321955107,-35.3059839972834,-41.70554202476072,-45.48213958776471,-47.42316424975659,-48.17429609182767,-48.17673398327423,-47.781622533922175,-47.22520353904345,-46.55754982904684,-45.65180457256012,-44.310257666113664,-42.35026048973176,-39.6620938988584,-36.24774984358002,-32.23149340166549,-27.831141820620765,-23.31194898205126,-18.93281468083586,-14.901774836779616,-11.351757152715978,-8.331267115206796,-5.80349180708363,-3.648222756351145,-1.677692698007522,0.3042039340486319,2.4156521049029984,4.6586188993792765,6.935176994851237,9.084479764926838,10.916821787905077,12.25496327061071,12.96012408184666,12.96020714207179,12.255204737627984,10.917199508344352,9.084960710153414,6.935735458643596,4.659220023389991,2.416268720181872,0.3048574822666338,-1.6770442906160408,-3.647595918624429,-5.802848811036503,-8.330637194224204,-11.351150924401434,-14.90119554125362,-18.93228004941592,-23.311475022212733,-27.83075070282697,-32.23120761293973,-36.247590240090055,-39.66208181957064,-42.35036442281637,-44.31049517145178,-45.65219924598365,-46.557996518257255,-47.2256982280956,-47.78215906889401,-48.17742560301768,-48.17511125920995,-47.4240370644414,-45.483090020927406,-41.706529594274336,-35.30690374204307,-26.30339044930951,-15.27902547541006,-1.6842256826953197
-1.985415804143578,-15.578843688494484,-26.559451316338567,-35.46961542824757,-41.77930966245901,-45.49968309238216,-47.40720021583633,-48.13832844839629,-48.129600629168216,-47.72851772952052,-47.16887674264655,-46.49929114109386,-45.59239239728186,-44.25069548457533,-42.292055930485546,-39.60679300912331,-36.1963075250193,-32.18400578551499,-27.7869733573894,-23.27021255095825,-18.89281216270476,-14.863153104836025,-11.314398067556771,-8.295153164404933,-5.768616230016146,-3.614585967602627,-1.6453584138926962,0.3350338095046201,2.444623126096212,4.685257626477737,6.959019307286868,9.105241534780935,10.934641097419323,12.270468535802936,12.974382106505752,12.97446394958174,12.270706357725228,10.93501328867765,9.105716003850818,6.959571016211822,4.685849821008063,2.445232231499217,0.3356817385548277,-1.644719458425764,-3.613967994048108,-5.767979720854735,-8.294530443602776,-11.31379959999033,-14.862581231617412,-18.89228506325538,-23.26974655973079,-27.78659071261346,-32.18372896512468,-36.19615783523494,-39.6067906392702,-42.29217047470019,-44.25094471752696,-45.592794901762254,-46.49974847499779,-47.16938065757648,-47.729066638572256,-48.13030049067488,-48.13915259395588,-47.408084260200674,-45.50064418967915,-41.78030687243425,-35.47054394264679,-26.56027550599481,-15.57985393528416,-1.9870826490210396
-2.303217628542983,-15.890319692594046,-26.82202576362576,-35.63604379826017,-41.85441568454885,-45.5174181170248,-47.39069981195565,-48.10138455189286,-48.08120990599895,-47.673993262921776,-47.11103011758868,-46.439447714329695,-45.531345392258864,-44.189472582876526,-42.23220348497248,-39.54991623511384,-36.14341865359189,-32.135238493900246,-27.74169238196589,-23.22750749481227,-18.851947855220185,-14.82372996439392,-11.27625689164599,-8.258246620461653,-5.732917809589583,-3.5800850347661983,-1.6121097737790917,0.3668389867727014,2.474648440288363,4.713047890500723,6.984148282985511,9.12743792194133,10.954077117664156,12.287746187332946,12.990505696501884,12.9905862793829,12.287980451338669,10.954443961291506,9.127906381213172,6.984693753219552,4.713631545217225,2.4752504044537136,0.3674818957135861,-1.6114806418536531,-3.579475862230343,-5.732287425035033,-8.2576310087578,-11.275666062400616,-14.82316541612339,-18.851428202605693,-23.2270494211074,-27.74131817044097,-32.13497066176565,-36.143278846723625,-39.54992342646902,-42.23232819973344,-44.18973256215888,-45.53175611016646,-46.43991546614191,-47.11154374253351,-47.67455390394248,-48.08191818130016,-48.10221674899439,-47.3915936463788,-45.51838850199836,-41.8554220299983,-35.63698141234965,-26.822859662381006,-15.891333213360008,-2.304885978136154
-2.6349583005524893,-16.211743523374313,-27.0898109233718,-35.80503534550604,-41.930786363500914,-45.53537428868295,-47.37374957641384,-48.06358118425681,-48.03169720439024,-47.61819228454719,-47.051812244420894,-46.37817051265801,-45.46881612701805,-44.12673972168484,-42.170849609185744,-39.49160054408989,-36.089203675998064,-32.08529378886154,-27.69538481317474,-23.183907013309565,-18.810285713349785,-14.783562314995097,-11.237385238927654,-8.220594546988801,-5.696440363614693,-3.544762059056958,-1.5779883086691904,0.3995786575378553,2.5056854410476235,4.741945894770732,7.010514013799313,9.151018451978544,10.97507756774792,12.306747458182771,13.008448106290013,13.008527246807237,12.306977765177074,10.975438639439924,9.151480629642595,7.011053230250516,4.742521507399872,2.5062810207888875,0.4002168568190426,-1.5773681551874703,-3.5441610575823272,-5.695816126558903,-8.219985891901137,-11.236801906467036,-14.783005009863905,-18.809773371022118,-23.183456748783264,-27.69501894501496,-32.08503479377496,-36.08907340755365,-39.49161700470834,-42.17098411750276,-44.12700961286008,-45.4692358617793,-46.37864792517633,-47.0523352572942,-47.61876291897557,-48.03241421593513,-48.06442156776905,-47.37465326579396,-45.53635421067871,-41.9318018391253,-35.80598227004365,-27.09065536162866,-16.212761499751014,-2.6366285822498066
-2.983694033953645,-16.544244225676188,-27.363378379183,-35.97691221702286,-42.00865527879593,-45.55366725676785,-47.35638511798106,-48.02483764350199,-47.98090246478025,-47.56088982393037,-46.99095490708615,-46.315154891784665,-45.40446890568886,-44.06213216608357,-42.107614332570606,-39.43146428577669,-36.03329758839575,-32.033830153278885,-27.64775053025741,-23.13916497872532,-18.767633117371027,-14.742508928820946,-11.19768063203458,-8.182121499399729,-5.659126618136052,-3.508570431970324,-1.5429507696599047,0.4333006105862697,2.5377963526601297,4.772049385007571,7.038247211100946,9.176159174918128,10.997829971891568,12.327649049915411,13.028380910294487,13.02845903411854,12.32787622355016,10.998186263958484,9.17661589815168,7.038780554679319,4.772617177018966,2.5383860949355,0.4339337295826852,-1.5423398666023542,-3.507976643337261,-5.658508235188572,-8.181519779159487,-11.197104615539889,-14.741958776100764,-18.767128106034782,-23.138722551543587,-27.647393124131668,-32.03358018465835,-36.033176864201664,-39.43148993653875,-42.10775788742902,-44.06241075187536,-45.4048977251088,-46.31564136795551,-46.99148699557144,-47.561468980237066,-47.98162767048828,-48.02568554556949,-47.35729789032922,-45.55465630584155,-42.00968010495274,-35.97786939485247,-27.364234573000388,-16.545268572452365,-2.9853680429372083
-3.3465739077783714,-16.88632531332335,-27.641796492442165,-36.15121039239948,-42.08779447151827,-45.5722793657344,-47.338692351586594,-47.98534701931455,-47.92908384535594,-47.502386130425634,-46.92878312937046,-46.25074800437491,-45.33866621278971,-43.996030963953,-42.04287241169106,-39.369870360130754,-35.97603617947197,-31.981151083597275,-27.59905242500232,-23.09350037094075,-18.724171393664708,-14.700716076523426,-11.157262730893011,-8.142929281272153,-5.621065209105664,-3.4715902151338325,-1.5070751750236622,0.467925037573568,2.570891716868129,4.803242552899494,7.067209460173344,9.202691618268815,11.0221602904542,12.350290518763696,13.050148414419612,13.050225994066906,12.350515988498548,11.022513457399354,9.203144183551258,7.067737632207781,4.803802764517922,2.571475330272697,0.4685532709750006,-1.506472474160174,-3.471004439602617,-5.620452516277563,-8.14233394021882,-11.156693754714736,-14.700172959658168,-18.723673608908985,-23.09306568390378,-27.59870340790549,-31.98091006352793,-35.975924770502544,-39.3699051522035,-42.04302528105663,-43.99631679992382,-45.33910388582552,-46.25124401667756,-46.92932533871193,-47.50297507764305,-47.92981716720969,-47.98620352055226,-47.33961382761858,-45.57327644098581,-42.08882749609568,-36.15217737025247,-27.642664463903127,-16.887356434115226,-3.348251853839023
-3.721692064781352,-17.23685953978662,-27.92435113680473,-36.327560814223496,-42.168030694680006,-45.59119268357129,-47.32074797490373,-47.945256684888186,-47.87642467185693,-47.4428965009927,-46.8655296670727,-46.18519204383165,-45.27165906612032,-43.92868531563806,-41.97688157398682,-39.307066940618434,-35.9176461797898,-31.927459181937824,-27.54946623571496,-23.04706237029278,-18.68002681984436,-14.658289958097,-11.116223043338268,-8.103097884238,-5.582329173000257,-3.4338930942411494,-1.4704321326255103,0.5033793095393371,2.604890990629458,4.835436424802018,7.097295811758007,9.230498492692888,11.04794516988839,12.374550695020408,13.073630463902528,13.073707417756516,12.374774211397996,11.048295171663453,9.230947365057606,7.097819211617017,4.835989471938691,2.605469487852665,0.504002892272305,-1.4698371693619576,-3.4333142794965936,-5.581721861105968,-8.102508845821847,-11.115660481994237,-14.657753553826923,-18.67953598836217,-23.046635053946748,-27.549125212030955,-31.927226617362887,-35.91754348992025,-39.30711039506579,-41.977042607999024,-43.92897872920161,-45.272106554675474,-46.18569621879024,-46.86608047943161,-47.44349208247881,-47.87716676288647,-47.94612035087289,-47.321677856780326,-45.59219889402591,-42.16907332634827,-36.3285389386924,-27.92523265410693,-17.237899588059975,-3.72337517616788
-4.112212674421873,-17.597101728577407,-28.21172069933568,-36.5063604553522,-42.24963784172588,-45.61054275208616,-47.30259690765491,-47.90448314857868,-47.822762527219,-47.38218704982352,-46.800918042740925,-46.11817341916105,-45.20310211808388,-43.859716323793606,-41.90924152995755,-39.24265025007352,-35.85774411515294,-31.87239481783156,-27.49867645166992,-22.999591670632515,-18.63498948396312,-14.61507236049217,-11.07444276961045,-8.062529302814685,-5.5428366444840025,-3.3954033247765016,-1.4329592131714457,0.5397340921057155,2.6398809336943967,4.868758924435636,7.1286580622736695,9.259774169433658,11.075391779536488,12.400624745424167,13.09902140012586,13.099097126938888,12.4008448087949,11.075737030162069,9.260218691330758,7.129177022135178,4.869306657586702,2.6404556477783774,0.5403515103162723,-1.4323686937296956,-3.394830463964821,-5.542235665033412,-8.06194629394548,-11.073885285926286,-14.61454185132794,-18.63450522646085,-22.999171168988862,-27.498342786854217,-31.87217008870276,-35.85764971865691,-39.24270234905985,-41.90941034294157,-43.86001684257611,-45.20355958545384,-46.11868557173385,-46.80147726581934,-47.38278851274105,-47.82351338694952,-47.90535316342722,-47.30353431139846,-45.611557760891664,-42.25069029200071,-36.50735088691128,-28.21261725360414,-17.598152252884265,-4.113901984805291
-4.520960062251825,-17.968211784163007,-28.50449261279532,-36.68796858442725,-42.33283218870144,-45.63046542142277,-47.28428262855727,-47.86295932705767,-47.767945660274606,-47.32004721328365,-46.73470030691954,-46.049415528631165,-45.132695180030034,-43.78879905043849,-41.839615158574425,-39.17626095199848,-35.796000756490464,-31.815641182369053,-27.446393040788795,-22.950846098749256,-18.58886747860118,-14.57091566266843,-11.031796679274818,-8.021135429192432,-5.502514447988796,-3.356058161869173,-1.3945796415239966,0.5770571497438282,2.67595079517124,4.903303826392156,7.161444602706564,9.290699239264816,11.104681322993285,12.428684325299749,13.126498496677195,13.12657381234752,12.428902930904838,11.10502401154456,9.291140111756407,7.161958216823984,4.903846035476276,2.676521838872216,0.5776668048007844,-1.393995847865435,-3.3554880471027984,-5.5019202035770185,-8.020558244983244,-11.03124492168119,-14.570391468973884,-18.58838998833877,-22.95043288826248,-27.446067333687843,-31.815425053153717,-35.79591548784431,-39.17632196889112,-41.83979258886922,-43.7891086129383,-45.13315932754181,-46.0499359441781,-46.735267004474935,-47.32065796982846,-47.768703590744174,-47.86383619754052,-47.28522816933118,-45.63148873268424,-42.333893440004594,-36.68897060216055,-28.505403868835195,-17.969273215602847,-4.522656590538098
-4.944331856312291,-18.348319630449343,-28.80154933710045,-36.8717921074424,-42.41729520397236,-45.65088611310309,-47.26586890938067,-47.820896296092485,-47.71226612754746,-47.25683502304079,-46.66726667181803,-45.97933832077275,-45.060877245736,-43.71639712995245,-41.76846670923722,-39.10835546040691,-35.73283710419648,-31.757586872489263,-27.392956498723574,-22.901111100647825,-18.541896364770945,-14.526007927267894,-10.988447662049424,-7.979044985741364,-5.461479956174315,-3.315970362264819,-1.3554068141351092,0.6152331630227278,2.7129608416954745,4.938916804927919,7.195462158132229,9.323042668694091,11.135575936437071,12.458503413133784,13.155832719362508,13.155907141667049,12.458719498873627,11.135915194159914,9.323479695849713,7.195970951979511,4.939454808880284,2.713528420332729,0.6158364015959796,-1.3548281000982725,-3.3154041276356963,-5.460892020337029,-7.978472957531529,-10.987901342154466,-14.525489981901492,-18.54142539176175,-22.900704996902203,-27.392638523202724,-31.757378994189494,-35.73276054923171,-39.10842458317434,-41.76865240715703,-43.71671568532246,-45.06134579785925,-45.97986594961806,-46.66783956999076,-47.25745542723706,-47.71302952959423,-47.821778747690495,-47.26682308117586,-45.65191853449743,-42.4183662263886,-36.87280680197863,-28.802476871938783,-18.349393659272604,-4.94603619797892
-5.382525987018073,-18.737355718859664,-29.10282712380794,-37.05782018056215,-42.50305034922505,-45.671851922214096,-47.24740021246421,-47.77833873344199,-47.65575979978247,-47.19257419364875,-46.598633355199,-45.907949374181406,-44.98764815540009,-43.64249948008642,-41.69577421973949,-39.038910711295,-35.66821911342574,-31.698201131795148,-27.338339276068005,-22.85036077440555,-18.49405520922616,-14.48033143815664,-10.944387057355154,-7.936253119328975,-5.419729543849842,-3.2751333948603105,-1.315439631294938,0.6542664102032626,2.750916104597968,4.97559641503969,7.2307199816056595,9.356811007081657,11.168082581714568,12.490096655814863,13.187036212540203,13.18710987469481,12.490310318590303,11.168418889418586,9.35724470562614,7.231224605668629,4.976131152802025,2.7514806562984355,0.6548636384400408,-1.314865852658579,-3.274571124451568,-5.419147706504967,-7.935686010341901,-10.943845774566832,-14.479819406029977,-18.493590466528424,-22.84996152415537,-27.33802870227812,-31.698001009108925,-35.668150639454446,-39.03898717127515,-41.69596730107885,-43.64282581647416,-44.98812084580311,-45.90848344801911,-46.599212337494,-47.19320331305742,-47.65652871145081,-47.77922560919063,-47.24836207171565,-45.67289291809211,-42.50413144053974,-37.05884878515375,-29.10377243950687,-18.73844411520672,-5.384239491209375
-5.827501450471563,-19.13117934778221,-29.40589051960533,-37.24467420422453,-42.58932771362467,-45.69309056421514,-47.22893515569525,-47.7356443571707,-47.59899033973287,-47.12797213197633,-46.52960224182046,-45.83612373266039,-44.913945827118965,-43.56810100592257,-41.62255647729129,-38.96894867118906,-35.60309399099271,-31.638354624497428,-27.283318143699216,-22.799257561326,-18.44589742836202,-14.434342090522309,-10.899998670209364,-7.893099543882673,-5.377576472035091,-3.233850019252656,-1.2749801485665435,0.6938416780863206,2.7894725609555477,5.012943039129013,7.266746336869747,9.391470558721634,11.20163452958023,12.522890481205506,13.21952407947782,13.219597242240088,12.523102508627126,11.201968259230698,9.391900654375725,7.267246199454248,5.013474025904792,2.790033617149778,0.6944330138044899,-1.2744111414518855,-3.233290946540362,-5.377000180600778,-7.892537279123187,-10.89946247790044,-14.433835880916652,-18.445438824398234,-22.798865080288444,-27.28301491074476,-31.638162109060808,-35.60303315831464,-38.9690319812694,-41.62275634668772,-43.56843430420394,-44.91442412507704,-45.836664591612255,-46.53018821703888,-47.12860895370885,-47.59976439396229,-47.73653366113353,-47.22990176681781,-45.69413836821803,-42.59041881661416,-37.24571765510189,-29.40685481523052,-19.132284190331184,-5.829226202519812
-6.287046150079916,-19.533424607539786,-29.712829737737263,-37.43356225790251,-42.67685476702196,-45.71491672028648,-47.210497957999046,-47.6925492142615,-47.54149777027624,-47.06241752507386,-46.45946026231755,-45.76306470161271,-44.8389005706068,-43.49226246791283,-41.54783979880354,-38.89748232154211,-35.53652963349532,-31.57718490790313,-27.22712298236217,-22.747145569421363,-18.39687889720253,-14.387599674444209,-10.854917991794792,-7.8492723988011806,-5.334741375585654,-3.191855801545991,-1.2337675319221784,0.7342326308311468,2.828933818738171,5.051325003638831,7.303971282884791,9.427521936679817,11.236766940870025,12.5574197439454,13.253836535753493,13.253909384471868,12.557630696099828,11.23709879101635,9.427949248028977,7.304467184910647,5.05185259660278,2.8294914462535594,0.7348182824253745,-1.2332030330390185,-3.19130019145104,-5.334170318259954,-7.848714763216639,-10.854386664734104,-14.387099033007384,-18.396426223439317,-22.74675966845401,-27.22682685430653,-31.57699966167541,-35.53647605586188,-38.89757228691138,-41.54804645501946,-43.492602870046106,-44.83938487674848,-45.76361196815773,-46.4600525029801,-47.06306073510846,-47.54227644458875,-47.6934414620908,-47.21147065578694,-45.71597285086224,-42.67795663934641,-37.43462082216828,-29.713813656277207,-19.534546721757536,-6.288782540305426
-6.755998014837635,-19.941358177103567,-30.022038150841635,-37.623571117855775,-42.76513177629408,-45.73715507822777,-47.1921321493549,-47.64928647067532,-47.48364411998262,-46.99636606137119,-46.38872383356065,-45.689336964818935,-44.76311690192495,-43.41562411786413,-41.47227544018356,-38.8251604157661,-35.46912860006875,-31.51524473499905,-27.170248076990752,-22.69444820255655,-18.347355675881992,-14.34040124920087,-10.809399651929446,-7.80499736307243,-5.291434945935805,-3.149355843172363,-1.192008791964697,0.7752230668743756,2.8690638590269213,5.090475026799743,7.342083810587274,9.464612905106302,11.27310483484714,12.593300045006297,13.289578870264776,13.289651437894134,12.593509753450588,11.27343475713418,9.465037350844602,7.3425755917199025,5.090998632938856,2.8696176724576894,0.7758030566966623,-1.1914486589152975,-3.1488039755318917,-5.290869038215298,-7.80444439416477,-10.808873243289948,-14.339906373104684,-18.346909281559643,-22.694069240226856,-27.169959550542817,-31.515067668922907,-35.469083590711364,-38.82525845445263,-41.47248943581697,-43.4159709161005,-44.76360740300305,-45.68989044485813,-46.38932314278485,-46.9970163130452,-47.484429470802446,-47.65018354235014,-47.19311044497631,-45.73821781117688,-42.766242315984144,-37.62464323774238,-30.0230405630733,-19.942497228461992,-6.757747033301591
-7.232992156335357,-20.354092650223635,-30.332985440063197,-37.81439084637182,-42.85401357912961,-45.75975294113483,-47.17387080293892,-47.6059390663704,-47.42554731426831,-46.92995604965953,-46.31754439287005,-45.61510056133396,-44.68676229782812,-43.338357567321566,-41.396035396812174,-38.7521479553024,-35.401050320187736,-31.452679123714887,-27.11282245441549,-22.641278975418437,-18.297426679457367,-14.292835766786482,-10.763521546534315,-7.760348533294023,-5.247728265234057,-3.1064221101107004,-1.1497769213564022,0.8167358765880642,2.9097816754173467,5.130300889439979,7.38098901124931,9.50263671507356,11.310528830507463,12.630405048557751,13.326621160210545,13.326693196848636,12.63061287153698,11.31085628552836,9.503058081125063,7.381476650251002,5.130820284438999,2.910331332437249,0.8173101006341762,-1.149221380408817,-3.105874393867328,-5.24716771761383,-7.759800694533785,-10.76300045846307,-14.29234676770482,-18.296986572711777,-22.64090694960655,-27.11254147960425,-31.45251002783676,-35.401013343519715,-38.75225357420317,-41.39625688446644,-43.338711428311,-44.687259892457874,-45.61566072200978,-46.31815063250863,-46.93061267797592,-47.42633831798614,-47.6068407413093,-47.174854200511305,-45.76082229557374,-42.85513302205363,-37.81547655190294,-30.334006630556605,-20.35524977989614,-7.234755185679388
-7.716936485121323,-20.770876020943213,-30.64520936767067,-38.00575966241933,-42.94336957740889,-45.78268414376248,-47.15574220012507,-47.562577173344486,-47.367300916822536,-46.863298860587626,-46.24604458193205,-45.54048723697503,-44.60997607917745,-43.26060713115063,-41.319264357147446,-38.67857615933896,-35.33241442165631,-31.38959540133528,-27.05494040190988,-22.58772332974145,-18.24716978648259,-14.244971603655593,-10.717351327668108,-7.71539226090565,-5.203689417014678,-3.063123545424528,-1.1071422856457398,0.858698733856882,2.951011802667179,5.170723333229613,7.420604934316833,9.54150740024426,11.348943596210075,12.668627169731186,13.364848399717712,13.364919288615967,12.668831673985007,11.349266476311945,9.54192393312547,7.421087763002995,5.171238694180787,2.9515579221744788,0.8592680268049252,-1.1065911807669078,-3.062579722966793,-5.203134154671036,-7.714849556722926,-10.716835273667582,-14.244488135402928,-18.246735716505597,-22.587357981497725,-27.054666716146283,-31.389434026027374,-35.33238544721236,-38.67868981723244,-41.31949365333966,-43.26096797428512,-44.61048200184255,-45.54105357544515,-46.24665712436735,-46.86395970114472,-47.36809766167194,-47.563484728938086,-47.1567320881714,-45.78376161993911,-42.94449848052231,-38.006858655578974,-30.64624929594665,-20.772051503858968,-7.718713646838434
-8.20622221227068,-21.19069707570228,-30.958114834827267,-38.19732637814651,-43.03302652290067,-45.80589192100488,-47.13777148834372,-47.519284193349066,-47.30902869415768,-46.7965517206888,-46.174394237188565,-45.46568075943304,-44.53294825328043,-43.182577510586185,-41.24216668759545,-38.60464323547709,-35.263401005521274,-31.32615907456533,-26.996751594533144,-22.53391412895079,-18.196701727895007,-14.19690938915075,-10.670982556840311,-7.670217594920177,-5.159403403852699,-3.01954604238689,-1.0641924358269677,0.9010210061383728,2.992660855557139,5.211641923285551,7.46081086082621,9.581095326378762,11.38821122006705,12.707818401107572,13.404106321331923,13.404176612156148,12.708020838246696,11.388530901635852,9.581507913966512,7.461289241786621,5.212152459170314,2.993201946101387,0.901585587033981,-1.063645867424012,-3.01900642188684,-5.158853925913052,-7.669679862491098,-10.670471557020957,-14.196431623453496,-18.19627381717118,-22.533555566601805,-26.9964852924421,-31.32600547294097,-35.263379972530814,-38.6047651796299,-41.24240287821603,-43.18294324175353,-44.53346427089961,-45.466252532519526,-46.17501323499411,-46.79721400972179,-47.30983222875075,-47.52019735077889,-47.13876623677285,-45.80697647076062,-43.03416442861492,-38.19843886726374,-30.959173959755063,-21.191891989490877,-8.208014503497969
-8.702288253095105,-21.61411254138156,-31.27201594747234,-38.3892854050033,-43.12311684808803,-45.82945080134678,-47.11998829532058,-47.4760351573588,-47.2506707618099,-46.72961473817899,-46.10247903361424,-45.3905461496276,-44.45553279704618,-43.10409665948109,-41.16456019968657,-38.53016416122934,-35.1938317273722,-31.262201154089997,-26.938104641239363,-22.479722553640872,-18.14591622366316,-14.14856777670018,-10.624346755353791,-7.624770267725473,-5.114825908605195,-2.975649901073024,-1.020888481347506,0.9437444610174092,3.034775726705532,5.253117796985152,7.501677655809152,9.621485235663416,11.428420929654637,12.748062510532517,13.444478273528471,13.444547923460084,12.74826313177456,11.428737996419656,9.621894878078583,7.502152932875224,5.253624622667154,3.0353126171640263,0.944305236802528,-1.0203459917300242,-2.9751139644927376,-5.11428176927865,-7.624237590183071,-10.62384041017282,-14.148095421747698,-18.145494498258834,-22.47937076820325,-26.93784574250612,-31.262055822942447,-35.19381954842585,-38.53029587296019,-41.164803454070025,-43.10446666688871,-44.456061255261886,-45.39112369416458,-46.10310477813142,-46.73027643746338,-47.2514817995396,-47.47695456704319,-47.12098688952693,-45.83054188173782,-43.124263657459984,-38.39041136087538,-31.2730944106355,-21.61532769789381,-8.70409686489496
-9.199884703708957,-22.03822571065944,-31.58521398474032,-38.58060724060046,-43.2130813439589,-45.85311571536263,-47.10239104264595,-47.43302394858547,-47.1925607257761,-46.662920294949295,-46.030797116610096,-45.3156337051517,-44.37832544817254,-43.02580237660818,-41.08710290680464,-38.455795807623474,-35.124320144981326,-31.198291886717264,-26.87951932524532,-22.42560312549152,-18.09520533761856,-14.100280771512544,-10.577742304398498,-7.5793190256182115,-5.070210031506237,-2.931681116618112,-0.9774780290907966,0.986611418826292,3.0770784086580503,5.2948339854642,7.542853326601737,9.662280929442792,11.469145877385154,12.788917460672282,13.48550765043266,13.485577089600053,12.789116929079537,11.469461105252856,9.662687958281854,7.543325906174465,5.295337317189283,3.077610598233558,0.9871692765122068,-0.9769387671162671,-2.9311481423382517,-5.069671211261976,-7.578791466342053,-10.577240057904604,-14.099813443507957,-18.09478940572498,-22.42525757501644,-26.87926713074134,-31.198153630022787,-35.124315087222435,-38.45593585273068,-41.08735257552723,-43.02617751716481,-44.37886678087027,-45.3162180649142,-46.03142946670329,-46.66358196455305,-47.19337940972768,-47.43395172648599,-47.10339558047173,-45.85421501038059,-43.21423757002225,-38.581746448561546,-31.586311553273017,-22.03946092036264,-9.201709736004313
-9.703615974137964,-22.465256688786127,-31.898994416730293,-38.77208286210614,-43.30338177259871,-45.87711792507001,-47.08502403157247,-47.3901219614778,-47.1344456844702,-46.59612538110772,-45.95894237725235,-45.24048736996034,-44.30082361720937,-42.94714884664067,-41.0092212352602,-38.38095572140486,-35.05431355789116,-31.13391168604648,-26.82052455210648,-22.371147491591064,-18.04422257698305,-14.05176375956816,-10.530924235922356,-7.533652813327363,-5.025364285443002,-2.887456641115927,-0.933779086324828,1.0298120662404238,3.119776137084469,5.33703254057619,7.584616583040792,9.703798017278189,11.510721287394652,12.830721460283888,13.527539241680069,13.52760852613462,12.830920499576528,11.511035285329232,9.704203238337954,7.585087551496291,5.3375330275860255,3.120304060780147,1.0303675179240044,-0.9332426084413016,-2.886926520322335,-5.024829256732871,-7.533130616070047,-10.53042584018387,-14.051300849189309,-18.043812507460707,-22.37080824368186,-26.82027918954579,-31.133781013339824,-35.05431622910897,-38.3811044908043,-41.00947671168192,-42.94752804350253,-44.30137793836317,-45.24107895678587,-45.95958246957618,-46.5967884812021,-47.13527429163694,-47.39105959450706,-47.08603408209855,-45.87822432499958,-43.30454653392316,-38.77323473632918,-31.9001107832502,-22.46651207491164,-9.705458128891014
-10.206991210739542,-22.89164464559959,-32.211273656275864,-38.96244105216224,-43.3933262554137,-45.901140813638136,-47.06787883853816,-47.34755685841088,-47.07672629458239,-46.52975188404686,-45.88751834283711,-45.16577494087196,-44.22375222595589,-42.86891307370096,-40.93172091368165,-38.3064480265373,-34.9845756187701,-31.069772075318117,-26.761770172141023,-22.31692834568012,-17.993462862122737,-14.00343952210229,-10.48426698212194,-7.488108602463056,-4.980603823803754,-2.8432847505096177,-0.8901012203423313,1.073023985562326,3.1625217619934203,5.379322895077603,7.626531270438042,9.745546247805535,11.552616652690132,12.87292414723879,13.570008631830692,13.57007800104094,12.873123417137842,11.552930727143124,9.7459507313691,7.627001103346721,5.379820858561341,3.1630452217421405,1.0735768425957115,-0.8895669109988107,-2.842756574225288,-4.980072484047497,-7.487591615511182,-10.483771995653942,-14.002980891534367,-17.99305843769171,-22.316595051379483,-26.76153137404191,-31.069648594982773,-34.98458532398001,-38.30660434117029,-40.931981694454215,-42.86929780645215,-44.224316486864815,-45.16637472109666,-45.88816534333442,-46.530419537293824,-47.077562439714725,-47.34850354451746,-47.06889491717654,-45.902254981525296,-43.39450047965703,-38.963606379657264,-32.21240940050232,-22.89292105712309,-10.208851130520731
-10.717269491732964,-23.321067076310715,-32.52420256268655,-39.153015327071394,-43.483669126381976,-45.925558145302325,-47.05100922777665,-47.3051189516111,-47.01899768152512,-46.46325382595439,-45.81588147385744,-45.09077433555377,-44.14631759037674,-42.79023315952611,-40.8536987797887,-38.23136116550542,-34.9142379560165,-31.005059174614164,-26.702512555071408,-22.26229334656053,-17.942366918989293,-13.954838840824936,-10.437363308788967,-7.442327832542437,-4.935597335833266,-2.7988464618873814,-0.8461265692558708,1.116576841081897,3.20567222066416,5.422110729748725,7.669057287021068,9.78804206832904,11.595385639145134,12.916093539823034,13.613495153806626,13.613564231194802,12.916291721779352,11.595698303415007,9.788445041869462,7.669526528375395,5.422606730799139,3.206192002922944,1.1171284807292203,-0.8455937665332335,-2.798319932303859,-4.93507011710243,-7.441815345030263,-10.436871426208125,-13.954384050143618,-17.94196775477478,-22.26196570588823,-26.702279816256716,-31.0049423473814,-34.91425464003073,-38.23152583784249,-40.85396529449883,-42.7906229633273,-44.1468945481237,-45.09138224437966,-45.81653592496198,-46.4639235645709,-47.01984273391603,-47.30607532042136,-47.05203100933101,-45.9266800053252,-43.48485284613589,-39.154194257111136,-32.525357935816096,-23.3223650249706,-10.719147914874974
-11.230414962356422,-23.751271204905223,-32.83646587720224,-39.34300335981403,-43.57397630730356,-45.95017084262917,-47.03441072417597,-47.2629496023893,-46.96150799014004,-46.3969531342325,-45.74440519766727,-45.0158986074609,-44.06896872944627,-42.71158870721539,-40.77565181583678,-38.15619013692909,-34.84377171376067,-30.9402121605213,-26.643153875877516,-22.207598291654264,-17.891243318307254,-13.906226424189349,-10.390448731357196,-7.396522718248089,-4.890546383785807,-2.754338825540722,-0.8020539181217974,1.1602636900469123,3.249003668242457,5.465145691376446,7.711915809216225,9.83097052642218,11.638684642439,12.95987148688629,13.65763301879508,13.657702303013782,12.960070161326628,11.638997278565762,9.831372866824596,7.71238448107801,5.465640187761725,3.249520662427077,1.1608137655946282,-0.8015221244603496,-2.753813672829587,-4.890022285733849,-7.396014727027823,-10.389959871254485,-13.905775352086062,-17.890849276106337,-22.207276169469704,-26.642927188558257,-30.94010204002122,-34.84379542531382,-38.15636290478158,-40.77592354506315,-42.71198348479793,-44.06955719804252,-45.01651443221729,-45.74506647632884,-46.39762527968692,-46.962361217958055,-47.26391554951823,-47.03543861661991,-45.95130117875168,-43.57517063220454,-39.34419670173736,-32.837641437493595,-23.752591483566988,-11.232312435220631
-11.750539745520143,-24.184334432416957,-33.149281987240165,-39.53317228937207,-43.6646770828972,-45.97520225068367,-47.018121625339774,-47.22094190059255,-46.9040400389153,-46.33055337763622,-45.67273629732873,-44.94074894330334,-43.99126432376923,-42.63249870989194,-40.69707273616166,-38.08042083211337,-34.77268256392329,-30.874764894539613,-26.583264376100164,-22.15246321792981,-17.83976474521199,-13.857326076446252,-10.343283617963396,-7.350482262503819,-4.845255829214666,-2.709574452395463,-0.757697273195385,1.2042767201824385,3.292723430423087,5.508661398484695,7.755369700584906,9.874625673379269,11.682829591463122,13.00458247308548,13.702751156351306,13.702820178234663,13.00478059175191,11.683141576965712,9.875027801091784,7.755838965791786,5.509155387217583,3.293239010479642,1.2048260321805917,-0.7571660550095667,-2.7090506242602603,-4.844734792700809,-7.349977914420844,-10.342797462765956,-13.856878076515397,-17.839375140302362,-22.15214609132162,-26.583042961544365,-30.87466047526847,-34.77271248356575,-38.08060132025732,-40.69735036971866,-42.632900071375374,-43.99186329665103,-44.94137298973264,-45.67340353543052,-46.33122900143867,-46.904900823023766,-47.22191910927912,-47.01915894460218,-45.97634367276061,-43.6658830346238,-39.53437977500904,-33.15047738449585,-24.18567637252795,-11.7524560543617
-12.272037485797702,-24.617161459870733,-33.460841037369526,-39.72240148922695,-43.75516221931051,-46.00035919058696,-47.00211989645516,-47.17927503858528,-46.84692032344525,-46.26448805254287,-45.6013794096528,-44.8658885744065,-43.91381864659185,-42.55362698553661,-40.61865275579535,-38.00474324661939,-34.701630032658834,-30.809334930110147,-26.523412054477603,-22.09739126321937,-17.788367116510162,-13.80851113949205,-10.296200619003072,-7.304503662252819,-4.800006516345386,-2.664827888893372,-0.713334549910629,1.2483259279066372,3.336517652164736,5.552309861609944,7.799027318261977,9.918565996175,11.727341096033442,13.049729057992453,13.74834314368995,13.748411884257653,13.049926530305791,11.727652075291044,9.918967202749991,7.799495647291352,5.552802025426924,3.3370310151925326,1.248873581556777,-0.7128045889048037,-2.664306212707133,-4.79948903154996,-7.304003071836654,-10.29571759115599,-13.808067265179591,-17.787982465234247,-22.09707963870845,-26.523196700409112,-30.809237084352123,-34.70166704915915,-38.00493091450605,-40.61893672355891,-42.55403704244024,-43.91442157460727,-44.8665210843346,-45.60205161679057,-46.26517342873105,-46.84778551028344,-47.18026028937622,-47.00316422776055,-46.00150816263352,-43.75637789688113,-39.7236229276748,-33.46205651553239,-24.618526248630083,-12.2739735962032
-12.800861235962325,-25.052857109949883,-33.772978542057224,-39.91185720118787,-43.84607161618703,-46.02597938191505,-46.98646441982948,-47.13778942013857,-46.78983873098006,-46.19832804685099,-45.529825499958086,-44.79073870785256,-43.83599054225403,-42.47426884428727,-40.53964950789321,-37.92841803588022,-34.62990388266764,-30.74325411807073,-26.46297333912536,-22.04182647493524,-17.73657033893373,-13.759377125455966,-10.24883924062072,-7.25826671506548,-4.754501607538349,-2.6198136428626904,-0.6686819864850607,1.29270728203439,3.3807041920878462,5.596459104753156,7.843278182623494,9.963231318451776,11.772703392291069,13.095804845728455,13.794909343256537,13.794977576764888,13.096000793579464,11.773012320167028,9.963631599708837,7.843746355824857,5.596948101473581,3.381215792786429,1.293253838356427,-0.66815262117721,-2.619294672242867,-4.7539882875468304,-7.257769435993409,-10.248359766470742,-13.758936564191456,-17.73619051991667,-22.041520641980537,-26.462763788308795,-30.74316260612527,-34.62994791866856,-37.92861113831271,-40.53994081812828,-42.47469139882853,-43.83658898344319,-44.79137972992485,-45.53050067745048,-46.19903067803256,-46.79070347720857,-47.13877920690143,-46.9875168525215,-46.02713563488497,-43.84729696914954,-39.91309287806319,-33.77421483661052,-25.054245338675,-12.802817312087765
-13.34627221468044,-25.49635686594857,-34.088598158202565,-40.10339740699549,-43.93840191055904,-46.05259853233487,-46.97123594383021,-47.09624463436244,-46.73228883961351,-46.13138671457406,-45.45726915036635,-44.714397275216726,-43.75679398003373,-42.3933452294417,-40.45893077879536,-37.850279051287245,-34.55640122212341,-30.67547250995628,-26.40096370868456,-21.98489910716352,-17.683616932875896,-13.7092767052395,-10.2006320110164,-7.21127671910597,-4.7082771459718975,-2.574084798299118,-0.6232837748965768,1.3378891900825047,3.425797144124932,5.641642982436563,7.888765354482849,10.009326700866836,11.819664414788797,13.143581510895698,13.843219416967838,13.843290670565109,13.14378603330714,11.819985659426113,10.009742968965025,7.889253447255815,5.642149460430279,3.426322851535411,1.338452117692852,-0.6227403556209357,-2.5735534841234182,-4.707755960678078,-7.210773582097213,-10.20014707695758,-13.70883240003476,-17.683236136258536,-21.98459306479352,-26.40075343743891,-30.675379575892684,-34.55644420613311,-37.85046783768507,-40.45922299497023,-42.39377892843015,-43.75737521805733,-44.71504763323325,-45.45795030571802,-46.13212343661889,-46.733156374877545,-47.097241264105975,-46.97231111161397,-46.05377629672083,-43.939652205595166,-40.10466193356962,-34.0898667319385,-25.497773076429635,-13.348248000557469
-13.900888362216982,-25.94363747735067,-34.40534842465652,-40.29553514677394,-44.031363336489534,-46.07980858169205,-46.95639592296095,-47.0548688857987,-46.674691716192974,-46.06423807620968,-45.3843679336461,-44.63760341889188,-43.67702817855612,-42.311740501970576,-40.3774133648997,-37.771242256189936,-34.48197239553961,-30.606789080452742,-26.33813375127068,-21.927270616704075,-17.630080867823647,-13.658692423921432,-10.152019271027248,-7.163917794151161,-4.6616950752403925,-2.527987792706873,-0.5774941424691282,1.3835017685015858,3.4713861781733137,5.68740997449965,7.934985805128842,10.05628281682065,11.867593524929063,13.192408034447556,13.892607709893166,13.89268148071901,13.19261941624192,11.86792472321292,10.05671208767285,7.93548980942129,5.687930434606443,3.4719235328102838,1.3840771849375382,-0.5769395550914513,-2.5274476778751667,-4.661167574204721,-7.163410693338067,-10.151530669929612,-13.658246222365952,-17.629700310595403,-21.926965588659744,-26.33792438630396,-30.60669613950939,-34.482015342700755,-37.77142989045097,-40.37770561739036,-42.31217639396433,-43.67761006595952,-44.638258913196296,-45.3850577875973,-46.06498785316579,-46.675569607511065,-47.05587344646818,-46.95748834924585,-46.081004951214254,-44.0326357615296,-40.29682631449433,-34.406647653882224,-25.945081946487377,-13.902885000983249
-14.457869161615813,-26.390950207012544,-34.72105160635791,-40.48688018773608,-44.12421118283224,-46.107212075294775,-46.94189049433889,-47.013846913856696,-46.61743409220285,-45.99738755127852,-45.311725207764965,-44.5610268400534,-43.59743184751086,-42.23024319900584,-40.29592407515234,-37.69216028443935,-34.4074296496408,-30.537972704464064,-26.275195527397305,-21.86956883361617,-17.57650904001304,-13.60809514355084,-10.10340501041813,-7.1165552236400655,-4.615099303185247,-2.481863820543936,-0.5316572322900133,1.4291875602789876,3.517084617009328,5.73333493563973,7.981427128712991,10.103540939945937,11.915897022108254,13.241670738504595,13.942464258696573,13.942540332824402,13.24188839563194,11.916237279340423,10.103982162924082,7.981945246259723,5.733866801803525,3.517632101092089,1.4297748087925233,-0.531093158831142,-2.481315850814629,-4.61456776661763,-7.116044722243776,-10.102913048272114,-13.607648025351631,-17.576129060379884,-21.869264964419997,-26.27498729573147,-30.537880410887603,-34.407473469701664,-37.69234789705091,-40.29621912550978,-42.2306836901354,-43.59801624735644,-44.56168922993915,-45.31242505983232,-45.998151834786,-46.618323260411536,-47.01486302257916,-46.943001675307386,-46.10842778643585,-44.12550461097717,-40.488194937086256,-34.72237809664525,-26.39242056800878,-14.459887126941496
-15.02461579576403,-26.842254442143865,-35.038049780831805,-40.67894863992412,-44.217761512366685,-46.13525636588128,-46.92780789270244,-46.9730028269462,-46.56013142549728,-45.9303102038722,-45.23871287269268,-44.48395949134103,-43.5172207703871,-42.147999546065286,-40.21356064212732,-37.61210864422221,-34.33187851504941,-30.4681690884482,-26.211349920920664,-21.81108257742937,-17.522281051834582,-13.556954962653124,-10.054327316048653,-7.068775077125276,-4.568102132602405,-2.4353327799193893,-0.4853926534915513,1.475340468253309,3.5633125422910297,5.77988207738272,8.028613355253725,10.151677526178537,11.96519548823778,13.29200367176543,13.993413904881304,13.993490674437377,13.292223541085558,11.965539512672944,10.152124816888032,8.029139171880134,5.780421058655336,3.563866213345216,1.4759329490280315,-0.4848243306991312,-2.4347819444263594,-4.567569286814461,-7.068263800766584,-10.053835233657145,-13.556509018704965,-17.521903283582756,-21.81078163315064,-26.21114477636316,-30.468079816672905,-34.3319257477852,-37.61229882308877,-40.21386057917967,-42.14844465947661,-43.51780922349104,-44.48462713534206,-45.23942088256591,-45.931084243281255,-46.56102978029089,-46.97402803444346,-46.92893262844144,-46.13648663396427,-44.21907128170799,-40.68028341270867,-35.03940107987578,-26.843750653939203,-15.026656147430158
-15.593829440480867,-27.29354665197315,-35.354012502212015,-40.87025541980624,-44.31120795877632,-46.1635173793445,-46.91408303425477,-46.93253529854694,-46.50318108592694,-45.86353868576247,-45.16596144308027,-44.40710671728949,-43.43717194251416,-42.06584742013406,-40.13120781974384,-37.531981709522775,-34.25619854295697,-30.398211165135947,-26.14735897979609,-21.75248839948397,-17.467985710970474,-13.505778068064169,-10.00522975299704,-7.020973614587621,-4.52107712986637,-2.388759910712427,-0.4390695741003602,1.5215734368508589,3.609650303758404,5.826576954261893,8.076012486726393,10.20009514467519,12.014848231173408,13.342751018369963,14.044800306023156,14.044877310128845,13.34297198673407,12.01519473588855,10.200544405259707,8.07653834285593,5.827120282278202,3.610206941197203,1.522166181240447,-0.4385014079733239,-2.388209813007488,-4.520545821008781,-7.02046304013919,-10.004739045823063,-13.505336139989469,-17.467611802317105,-21.752191900331564,-26.14715848265454,-30.398127158350327,-34.25625097861904,-37.53217494268608,-40.13151541669779,-42.06629940640055,-43.437765565850334,-44.40777998841238,-45.166676948358905,-45.8643216562925,-46.50408722348253,-46.933569961681656,-46.91521835880928,-46.16475901254741,-44.31253055650026,-40.87160632382,-35.35538532576411,-27.29506750157557,-15.595892958191012
-16.169303694084935,-27.74683672492393,-35.67013266358133,-41.06157118023306,-44.40497401536927,-46.19222300739436,-46.900757958090566,-46.892381284465685,-46.4463911615645,-45.79680529087166,-45.09314816290629,-44.33010779788761,-43.35689163869921,-41.983362222643656,-40.04842152609024,-37.45129929736509,-34.17991871686441,-30.327650229929688,-26.08280634244631,-21.693414621314133,-17.413300305550344,-13.45428733995087,-9.955863473997612,-6.972937089210703,-4.473824717515239,-2.341952896576843,-0.3924958554487132,1.5680861736203175,3.6563075105553127,5.873666725318968,8.123882067750136,10.249085388255594,12.065164762040066,13.39422349694674,14.096932297184804,14.097009246600864,13.394444065922023,12.065509404426978,10.249533472498795,8.124408857846323,5.874208510919966,3.656862018848106,1.5686747150158251,-0.3919269095883513,-2.3414028090604035,-4.473296240062847,-6.972430571077349,-9.955377336673012,-13.453849149777296,-17.41293151369434,-21.693124086127227,-26.08261273402393,-30.32757301564544,-34.179977329024446,-37.45149708210028,-40.04873397210869,-41.98381863923839,-43.35748664845333,-44.33078271711775,-45.09386689056765,-45.79759210959723,-46.44729968661469,-46.89341506433991,-46.90189633673854,-46.19346991810625,-44.40630614773556,-41.06293912693575,-35.67152996480686,-27.74838621493516,-16.171391312526264
-16.749672631398735,-28.201342614552143,-35.98596582856901,-41.252617998789766,-44.49890799222136,-46.22129628779583,-46.88783340172225,-46.85255185274272,-46.38984289462144,-45.73021978558303,-45.02040362515182,-44.253103961927394,-43.27652526115229,-41.900698742402405,-39.96534870310726,-37.37024713292407,-34.10319053509321,-30.256623137045477,-26.01782968828628,-21.633980919056448,-17.358325690473787,-13.402563798973464,-9.906309840748952,-6.92473448431084,-4.426410902846834,-2.294979879612863,-0.3457419918434268,1.6148033942550009,3.703203717134768,5.921046596995691,8.172121035686786,10.29852760146098,12.116003727964998,13.446277979225725,14.1496693682724,14.149746190451143,13.44649810663756,12.11634762319705,10.298974604258454,8.172647013600134,5.921590014342586,3.703756774745271,1.6153865262778562,-0.3451722140536196,-2.294429496400677,-4.4258861400196485,-6.924231626333844,-9.905827079839009,-13.402129962000862,-17.357962101607487,-21.63369641780459,-26.0176427669028,-30.256552448500397,-34.10325539418444,-37.37044980322664,-39.96566498914487,-41.90115864768372,-43.27712170422115,-44.25378054640096,-45.021125709019,-45.73100997951977,-46.39075340119216,-46.85358319191423,-46.88897417010794,-46.22254835111631,-44.500249842886,-41.25400378566799,-35.987388346820445,-28.202921649354263,-16.751784953532898
-17.334033436136973,-28.65655308603201,-36.30123932906519,-41.44322734441051,-44.59291143733533,-46.250688518307335,-46.87530439332773,-46.81307753778562,-46.33358760769679,-45.66384846175796,-44.947804777062224,-44.17617957783517,-43.19616542820796,-41.81795299461934,-39.88209397256176,-37.2889258786516,-34.02612711221202,-30.18523486722844,-25.952513186333263,-21.57426065690279,-17.303125314290615,-13.350665457974502,-9.856614220224213,-6.876404940815577,-4.3788751141081175,-2.247878381146712,-0.2988464598494203,1.6616780525917152,3.750287346120007,5.968657512674997,8.220648280319566,10.34833215502084,12.167279001581656,13.498825735045056,14.20291973946291,14.202996472201807,13.49904547647882,12.167621612498838,10.348778088509132,8.221173576060998,5.969198912909957,3.750838883979255,1.66226155835288,-0.2982825665144376,-2.2473315458028047,-4.378348922165098,-6.87590767472842,-9.856136548946871,-13.350235156835211,-17.302767187126335,-21.5739825342656,-25.952332801160768,-30.18517104057653,-34.026198962455645,-37.28913443413676,-39.88241631719018,-41.81841832266959,-43.19676483766264,-44.17685904477363,-44.94853111726752,-45.66464324081048,-46.33450169244766,-46.81411011484888,-46.87644960463022,-46.25194697520535,-44.59426255174202,-41.4446288217986,-36.30268451785545,-28.65815967467628,-17.33617073153883
-17.92400844488783,-29.11332324532982,-36.616474410445626,-41.633737629990605,-44.68717612762485,-46.28050130650557,-46.86319297557458,-46.773931750484735,-46.27754843767739,-45.59758468812614,-44.8752213323943,-44.09918795328022,-43.11564914649591,-41.73494814291915,-39.79846683338722,-37.207128630342496,-33.948516027904866,-30.11328013724604,-25.8866694489874,-21.51408425553198,-17.24754978846214,-13.298460260498144,-9.8066614277602,-6.827848014608097,-4.33112184256131,-2.2005590842493192,-0.2517240945420348,1.7088010413762629,3.797652481116531,6.016601248239069,8.269577694675748,10.39862071282522,12.21911072181198,13.551986973553982,14.256806336447658,14.256882614303048,13.552205594038147,12.219451585653212,10.39906490549814,8.270100658793078,6.017140676562516,3.798202335537488,1.7093807523590896,-0.2511637519338565,-2.2000155038111617,-4.330598258123721,-6.827354656172232,-9.806188680540712,-13.29803462645018,-17.247197110486663,-21.51381235256993,-25.886495887569605,-30.113223563736632,-33.948595260990274,-37.20734381283099,-39.79879656704057,-41.73542008900897,-43.11625306837638,-44.09987155739731,-44.87595299687828,-45.59838503930966,-46.27846711706864,-46.77496790948601,-46.86434340182946,-46.28176643112948,-44.68853611732609,-41.6351532760594,-36.61794058409691,-29.114956166244983,-17.92617113640763
-18.512931993693453,-29.567948364968693,-36.92948165933742,-41.82275055596952,-44.78094593709137,-46.31033251533874,-46.85141373345464,-46.73528123922625,-46.22207416617538,-45.53190548096372,-44.80321868175558,-44.02276399372428,-43.03567511611594,-41.65244121663857,-39.715265117537776,-37.12566776725039,-33.87115398113753,-30.04152879736824,-25.82101761598908,-21.454089520617707,-17.19215290997893,-13.246423743950071,-9.756870137499329,-6.779446421181136,-4.283520071807741,-2.153386191567312,-0.204742858690354,1.755789164807364,3.84489446316964,6.064436546047224,8.318418886170628,10.448849123892533,12.270902254478523,13.605137909353328,14.310718219347724,14.310794095531874,13.60535551419745,12.271241448976031,10.449291314700892,8.318939602559922,6.064974657030162,3.845441743453245,1.7563655789264483,-0.204185993580598,-2.1528458384405886,-4.282998954344311,-6.778957524599038,-9.756402041375091,-13.246002760772532,-17.191805548282662,-21.45382363446304,-25.82085059320713,-30.04147908240548,-33.8712400292162,-37.12588911480706,-39.71560241236674,-41.65292019429312,-43.03628424274706,-44.02345232585514,-44.80395595936564,-45.53271167271918,-46.22299771508645,-46.736322237997534,-46.85257067390648,-46.31160563847524,-44.782315595202206,-41.824180207999845,-36.93096815756071,-29.56960679773095,-18.515119814716208
-19.10703104240392,-30.02384705587685,-37.24232023294781,-42.01160313483278,-44.874934095780674,-46.34057359744556,-46.84005902440823,-46.69698307256012,-46.16685055363217,-45.46637499783096,-44.73127697280209,-43.94632062413156,-42.9555942152026,-41.56972388838741,-39.63173849313936,-37.04377547149834,-33.79328556871355,-29.96924623972657,-25.75486415406473,-21.39365700073673,-17.136392857936137,-13.19408970005208,-9.706829787156463,-6.730825506405652,-4.235712389658545,-2.10601000544907,-0.157551823357545,1.8030035185157915,3.892390466588263,6.112570571149197,8.367618199270034,10.499505889816918,12.323187086996183,13.65883292684115,14.365196010448384,14.365271887969577,13.659050289457769,12.32352534603394,10.499946400255755,8.368136159017054,6.113105914863595,3.892935091502212,1.803576138757552,-0.1569988216133256,-2.105473157660545,-4.235194038092359,-6.730340907822258,-9.706366865096449,-13.19367374119374,-17.136051194320398,-21.39339752604657,-25.754704188011097,-29.96920412400581,-33.79337914439652,-37.0440035216032,-39.63208338376475,-41.570209676869474,-42.95620840051143,-43.94701378301656,-44.73202013374402,-45.46718733382699,-46.167779137713055,-46.69802865522992,-46.84122136925895,-46.341853527711,-44.876312636828544,-42.01304644175461,-37.2438268310301,-30.02553134345056,-19.109244534676105
-19.702367303119853,-30.478813785751125,-37.55368584793722,-42.19946024706911,-44.96869128516473,-46.370982615043225,-46.82907348671121,-46.65913418676608,-46.11208332443889,-45.40127561968257,-44.65973041364653,-43.87023265354092,-42.87581798085024,-41.48724166129702,-39.548355089480005,-36.9619288749801,-33.715377463396955,-29.8968857435056,-25.688633551907216,-21.333161183616117,-17.080593370077498,-13.141735863646318,-9.656786397478893,-6.682212710353244,-4.187919067101757,-2.0586495819914563,-0.1103736581114909,1.8502129594670964,3.939896943017781,6.160738839330465,8.41688330479098,10.550265467627913,12.37560332536514,13.712688417790805,14.41986448650458,14.41994019848708,13.712905091389572,12.375940242494565,10.55070402970537,8.417398566193095,6.161271767505929,3.9404389245853912,1.850781873866808,-0.1098243914828595,-2.058116220511879,-4.187403716808372,-6.681732507185483,-9.656328481571792,-13.141324848618632,-17.080257338763644,-21.33290803031706,-25.68848051285333,-29.89685117420771,-33.71547866586918,-36.96216389813768,-39.54870801321797,-41.48773461934175,-42.87643742125432,-43.870930936542095,-44.66047970877054,-45.40209455882343,-46.11301733902391,-46.66018479076723,-46.83024124202139,-46.37226907476542,-44.97007842042669,-42.20091692318859,-37.55521229825202,-30.480523788099624,-19.70460657853713
-20.299139060687605,-30.932950773184984,-37.86366195229846,-42.386387928711976,-45.06224270452229,-46.40157808095985,-46.81846377069243,-46.62173250150045,-46.05776436473771,-45.33659396638749,-44.58856187930832,-43.79447940169851,-42.79632239959612,-41.404966950461045,-39.46508584190781,-36.88009925812384,-33.63740337280276,-29.824419676026587,-25.62229418680069,-21.272571576534784,-17.02472602266665,-13.089337662535046,-9.60671819883757,-6.633588472434738,-4.140122254835733,-2.011287826611968,-0.0631924573150011,1.8974313956466249,3.987425988844402,6.2089509952729065,8.46622145681115,10.601133648342952,12.428158632536512,13.766711440067814,14.474727668251104,14.474803072975622,13.766927067858637,12.428493891184898,10.601570122312292,8.466734341409502,6.209481659238833,3.987965212859312,1.8979971353970024,-0.0626471672332377,-2.0107582758643257,-4.139609721736982,-6.633112867590681,-9.606265221970794,-13.088931524959325,-17.024395612539955,-21.272324703140928,-25.6221479971774,-29.824392471788208,-33.63751197594637,-36.88034113291417,-39.46544675375105,-41.4054671542714,-42.79694708921923,-43.7951828951993,-44.58931724131904,-45.33741955772784,-46.05870372101692,-46.6227882134364,-46.81963729077516,-46.402871498086576,-45.06363877345412,-42.38785792963963,-37.865208110147314,-30.934686245697485,-20.30140406812768
-20.899806893162637,-31.38760835792451,-38.17307700289516,-42.572922779456185,-45.1558808190031,-46.43251841188946,-46.80826933794586,-46.58472667516124,-46.0037738259847,-45.27216284387284,-44.51757076227515,-43.71883408005282,-42.71685594563464,-41.32262487319475,-39.38163696177055,-36.79798107062107,-33.5590563378519,-29.75154726581816,-25.555562665594493,-21.211632534827285,-16.968565286545186,-13.036699039533332,-9.556452293397038,-6.584795409399115,-4.092172456539037,-1.96378037388412,-0.0158644977127176,1.9448063979545336,4.035130196198106,6.257369805016689,8.515809067092583,10.652299948383773,12.48105394345072,13.821108425275073,14.52998771817562,14.53006294628202,13.82132338336979,12.481387958186112,10.6527345591955,8.516319314096508,6.257897958979892,4.035666763010237,1.9453683749918247,-0.0153226170390317,-1.9632540467955744,-4.091663122103893,-6.584324079968709,-9.556004225976915,-13.036297944198497,-16.968240569876986,-21.211392015798964,-25.555423430687263,-29.751527539601827,-33.559172312214535,-36.7982297069175,-39.38200571801847,-41.32313224109559,-42.71748598008036,-43.7195430418989,-44.51833245299965,-45.2729954341474,-46.00471883513106,-46.585787742043394,-46.809448656558985,-46.43381855823317,-45.15728567551098,-42.57440606004937,-38.17464284261174,-31.3893693224736,-20.902097813581975
-21.503864963162265,-31.84250573340366,-38.48178528794784,-42.75897618922629,-45.249554220657416,-46.46377732748222,-46.79848788854955,-46.5481324863725,-45.95014129132768,-45.20802058124525,-44.44680139131447,-43.64334511411471,-42.63747072820958,-41.24027017947991,-39.29806514510298,-36.71563186133913,-33.48039273730361,-29.67832051034935,-25.488483406909324,-21.15038068681023,-16.9121407741097,-12.983844510499615,-9.506009787646477,-6.535852951397384,-4.044089819086348,-1.9161472684898515,0.0315883485796157,1.9923119202927448,4.082980394500175,6.30596009821727,8.565604141385235,10.703715086336718,12.534234212557571,13.875820065472825,14.585584091297962,14.585659165713023,13.876034317136844,12.534566904258108,10.704147701729298,8.566111805739268,6.306485671982291,4.083514026182218,1.992870773855577,0.0321265182542015,-1.9156245535893488,-4.043583391406178,-6.535386123801019,-9.50556658629356,-12.983448412435104,-16.911821752760964,-21.15014650162702,-25.488351100938583,-29.678308293628856,-33.48051590862805,-36.715887271060765,-39.29844275052881,-41.24078461313284,-42.63810566724794,-43.64405913199481,-44.44756916455916,-45.20886015697283,-45.95109221806924,-46.54919822119278,-46.79967360737274,-46.46508523636756,-45.25096849361264,-42.76047300462715,-38.48337060196342,-31.844291959790308,-21.50618170625429
-22.107892865147345,-32.29573154728985,-38.78865298029259,-42.94382986722808,-45.34286467974535,-46.495144641087954,-46.78906994063701,-46.512028713789256,-45.89704042164612,-45.1444052471944,-44.37653600096758,-43.56832895899283,-42.558515001656,-41.15828099892447,-39.21477240259456,-36.63346592981635,-33.401824278523215,-29.60514017457475,-25.421428059665526,-21.089144107321854,-16.855736922824967,-12.931021086261888,-9.455610909838317,-6.486965522634725,-3.996070833425578,-1.8685836513605647,0.0789687398404741,2.0397451246232823,4.130761896193385,6.35449047146071,8.6153515030223,10.75509632478458,12.587389086137158,13.930516169225315,14.641190133620675,14.64126514110784,13.930730056549834,12.587720827545256,10.755527218756075,8.61585653926292,6.355013503308785,4.1312928276574485,2.0403004121275194,0.0795035422145156,-1.86806424132945,-3.995567713230838,-6.486503039293441,-9.455172607177158,-12.930630084670852,-16.855423652294142,-21.08891631441461,-25.42130274156976,-29.605135447473828,-33.401954809191025,-36.63372821392056,-39.21515794231353,-41.15880287761439,-42.55915516646245,-43.56904854963702,-44.3773100194321,-45.14525196975383,-45.89799674241651,-46.51309982986081,-46.79026175058409,-46.49645974986823,-45.344288170371904,-42.94533999579639,-38.79025772414828,-32.29754297622507,-22.110235472848995
-22.715795858354795,-32.74946830065864,-39.0950190499861,-43.12834566371718,-45.43628029451374,-46.52687158243529,-46.78007965481665,-46.47633060092833,-45.8442767131583,-45.08104714719057,-44.306452921152434,-43.493423318234846,-42.47958851506785,-41.076221290127776,-39.13129415615416,-36.551002137285,-33.32287046100576,-29.531532542140244,-25.35394891917772,-21.027521183688243,-16.79900074012119,-12.87792043292205,-9.404980592637225,-6.4378787792524985,-3.947872838961629,-1.8208516698037864,0.1265137842525944,2.087345938747903,4.178722735668359,6.403221392814183,8.665331414377306,10.806747720012106,12.640848047326916,13.9855430790499,14.69714342923742,14.697218185852034,13.985756138355075,12.641178616572,10.807176995187486,8.665834437418532,6.403742399201256,4.1792505534059705,2.0878981651427435,0.1270450037515665,-1.8203358179009936,-3.947372697333642,-6.437420956559987,-9.404547025233736,-12.877534400869273,-16.79869320111763,-21.027299743875872,-25.35383045862925,-29.531535258346995,-33.32300857199129,-36.551271728555264,-39.13168785116186,-41.07675059970924,-42.48023384015416,-43.49414831333149,-44.30723304067603,-45.08190089977279,-45.84523858787534,-46.477407396897775,-46.781277906375024,-46.52819400600079,-45.43771299229314,-43.12986905562428,-39.0966430956634,-32.751304843673275,-22.718164411161275
-23.32770647791786,-33.20379801091549,-39.40095741223671,-43.31257283145773,-45.52983022603173,-46.55897373455024,-46.77152507967852,-46.44104016743955,-45.79184823534018,-45.017941109404674,-44.23654463794984,-43.41861846693033,-42.400679354673706,-40.99407646316367,-39.04761319613575,-36.46822022635627,-33.243508105509704,-29.457471674109108,-25.28601827428882,-20.9654837584054,-16.741905003106066,-12.824517177510044,-9.354095288515754,-6.388571812327837,-3.899476445621251,-1.7729336681795858,0.1742395820047668,2.1351287632893428,4.226874896214516,6.452163800993135,8.715551930225013,10.85867400840236,12.694612859252722,14.040900159057085,14.75344245422537,14.753516880898164,14.041112216736495,12.694941978483142,10.859101612163256,8.716052737199346,6.452682190801408,4.227400296144222,2.135677975801692,0.1747670315979026,-1.7724215140060686,-3.8989792945198536,-6.388118173529846,-9.353666622027616,-12.82413611427334,-16.74160319353627,-20.96526867499336,-25.28590666066518,-29.457481798377117,-33.24365376084012,-36.4684971913146,-39.04801521632841,-40.99461337850926,-42.40133000312317,-43.41934909204564,-44.23733115077073,-45.018802209118085,-45.79281593710327,-46.44212272041538,-46.77272972690431,-46.56030328912734,-45.53127196231349,-43.31410938521624,-39.40260073428301,-33.205659651862575,-23.330101108432554
-23.94295561276196,-33.658355025217475,-39.70626808166769,-43.496385407017335,-45.623446400016775,-46.59141459833432,-46.76339985616288,-46.40617510247187,-45.739790154289445,-44.95513470896452,-44.16686674923846,-43.34397654353468,-42.32185515872132,-40.91191970154512,-38.96380590931615,-36.38519739519671,-33.16381148880112,-29.383027642993174,-25.217698920816385,-20.90308421343092,-16.684492652803353,-12.770847528471268,-9.30298724988712,-6.339074702027099,-3.850911788869223,-1.7248611498062256,0.2221128703467212,2.183058361469971,4.2751796433491664,6.501272669521543,8.765961152602749,10.910813398240188,12.748611742422748,14.096508312662612,14.810007720460112,14.810081941787852,14.096719652990473,12.748939621845894,10.911239075639584,8.766459207322143,6.501788360273698,4.275701870296649,2.1836039340773614,0.2226368514033799,-1.7243524296891493,-3.850418230816704,-6.338625613651044,-9.302563581302218,-12.77047183531191,-16.684196831927036,-20.90287572709081,-25.21759445875909,-29.383045374591717,-33.16396465640675,-36.38548148194008,-38.96421584521606,-40.91246383482167,-42.32251123448929,-43.34471300221316,-44.16766002930815,-44.95600344669937,-45.74076390525644,-46.40726319813206,-46.76461029943746,-46.592750708922,-45.62489689285293,-43.49793502936984,-39.70793062723119,-33.66024190714033,-23.94537648967646
-24.56006379533412,-34.112328840766324,-40.010479933287016,-43.67948841803827,-45.716958393473824,-46.62410375714338,-46.755680433020814,-46.37176757073667,-45.688174423710734,-44.89272726924057,-44.09753745772032,-43.2696303336587,-42.243262447464566,-40.8299103203676,-38.880042573092034,-36.30211118297796,-33.08395825841112,-29.30837252207581,-25.14914769191041,-20.840458989682112,-16.626880676295716,-12.717012537497943,-9.251746385272035,-6.289471061017222,-3.802259563234085,-1.676713726248207,0.2700524015925811,2.2310485649678933,4.323544239856301,6.550446045565292,8.816444261940294,10.963038483171909,12.802705444757644,14.152219123548,14.866692711224294,14.866766743049284,14.152429888699247,12.803032186578672,10.963462479657087,8.816939805639223,6.55095884692727,4.324063691798266,2.23159091288712,0.270572654595366,-1.676208735175639,-3.801769412415926,-6.28902630648814,-9.251327787945494,-12.716642185320822,-16.626590841498906,-20.84025709777305,-25.1490503696531,-29.30839786079503,-33.08411895914347,-36.30240252924429,-38.880460718692575,-40.83046200716205,-42.24392410697181,-43.27037264631253,-44.09833730896888,-44.89360338637327,-45.68915402314133,-46.37286140822557,-46.75689737729135,-46.62544713286477,-45.71841800740817,-43.68105105391992,-40.01216140884856,-34.114240539256734,-24.562510741789364
-25.179856417178783,-34.5661936993064,-40.313902572294616,-43.86208069119176,-45.81047787592687,-46.65710074968769,-46.74838476658999,-46.33780257977556,-45.63696211442173,-44.83066350642492,-44.02849019946856,-43.19550433310992,-42.16481742028751,-40.74795658439304,-38.79622453514056,-36.21885690208816,-33.0038408122094,-29.23339752722745,-25.080259409601886,-20.777510663011803,-16.568981145073458,-12.662934041444526,-9.20030238451933,-6.239695797968947,-3.753458439740663,-1.628432726175052,0.318115285270155,2.2791562165107657,4.372025461943854,6.599740711432218,8.867060003345102,11.015409065164382,12.856954733785594,14.20809404197475,14.923556114751916,14.923629997037684,14.208304258294836,12.85728050183339,11.015831421958309,8.867553075669013,6.600250822922369,4.372541681554443,2.2796953965802467,0.318631781774684,-1.6279314637149518,-3.752971542194604,-6.239255627848698,-9.199888877021271,-12.6625691037822,-16.568697384308688,-20.777315470316523,-25.080169380115446,-29.233430699551004,-33.00400918732137,-36.21915549778967,-38.79665069905473,-40.74851558770394,-42.1654846142453,-43.19625257212764,-44.02929685036453,-44.83154732359716,-45.63794787525675,-46.33890214734895,-46.749607870882805,-46.65845099028461,-45.81194648678524,-43.86365646606881,-40.31560310686893,-34.56813039467417,-25.182329486219658
-25.805016963573003,-35.02148051823215,-40.61749406153935,-44.044771179049725,-45.904348222916646,-46.690587042241255,-46.74156507001766,-46.30422755194337,-45.58602679056263,-44.768765052647176,-43.95951109813326,-43.121356429196894,-42.086251547338186,-40.66576380641406,-38.71203555753389,-36.13510231338004,-32.92312265387184,-29.15776772888124,-25.01071554855508,-20.713950884984584,-16.510538159828737,-12.608384716393624,-9.14844935023073,-6.189557686586011,-3.7043255206699097,-1.579840239590926,0.3664774225142885,2.327557791491188,4.420802067242741,6.649342452948441,8.918003699281064,11.068133851306142,12.911583940592177,14.2643698895748,14.980830588792438,14.980904258842427,14.264579453228222,12.911908573704542,11.068554483173122,8.918494205678988,6.649849801643262,4.421315510468901,2.328093569110869,0.3669900823461935,-1.5793428695526024,-3.7038421497662566,-6.189121912000843,-9.148041001865671,-12.608025152970525,-16.510260450814684,-20.713762357565216,-25.010632727270306,-29.157808736813887,-32.92329894257443,-36.1354085548162,-38.7124700481654,-40.666330278202,-42.086924321685565,-43.12211061452253,-43.96032453424576,-44.76965653043295,-45.58701880889512,-46.30533316965695,-46.742794766500445,-46.69194450353688,-45.90582593846133,-44.04635997597744,-40.6192133795824,-35.023442017739484,-25.807516231915574
-26.429531166401503,-35.474824386032275,-40.91921370116674,-44.22627099452568,-45.99784024332208,-46.72417915940126,-46.73511921262491,-46.27116859629906,-45.53565625398807,-44.7074333088517,-43.89107923018727,-43.04772755452603,-42.00816326256904,-40.583986916956505,-38.62817665407962,-36.0515797256956,-32.8425399805352,-29.08220536096608,-24.941190462627542,-20.650379501318294,-16.45207615816454,-12.553826155324666,-9.096603788843902,-6.1394447864754245,-3.655233767788109,-1.5313029407777785,0.4147718157587248,2.3758795166323448,4.469486776053325,6.698839631230981,8.968830075351846,11.120724674669829,12.966060160805934,14.320477326718004,15.037952290555978,15.038025767512003,14.320686157185726,12.966383616201924,11.121143412633971,8.969317751669232,6.699344278851554,4.469997213120679,2.3764113700107576,0.4152807585650479,-1.5308093533722145,-3.654754470578572,-6.139013555903052,-9.096200611584464,-12.553472158739751,-16.451804583703584,-20.650197703439996,-24.941114888355624,-29.082254183251727,-32.84272410964843,-36.05189365550029,-38.62861970321746,-40.58456106526912,-42.00884188862708,-43.04848776508395,-43.89189943642271,-44.70833237391424,-45.53665440759063,-46.27228023342115,-46.73635547789012,-46.72554381128877,-45.999326993838494,-44.22787263268005,-40.92095150423242,-35.476810339780904,-26.432056444646605
-27.05916402099883,-35.92950395619131,-41.22109399825851,-44.40786968142085,-46.09167899526583,-46.75825847345887,-46.72915158589443,-46.238507092811645,-45.48557404916479,-44.64628128377935,-43.822732390286085,-42.97409539412947,-41.92997484524803,-40.50199365204564,-38.54397142190528,-35.96758071837454,-32.761377400964776,-29.006001633473765,-24.87101354902309,-20.586192807131667,-16.39306195675768,-12.498784925464456,-9.044336412084975,-6.088956565316533,-3.6057999545616704,-1.4824461649600746,0.4633698499249432,2.4244943958797958,4.518460196248443,6.748628389904721,9.01995897512188,11.17363545677883,13.0208742292447,14.376938305728324,15.095436061619049,15.095509298907482,14.377146222495265,13.021196248118695,11.174052158573751,9.02044402194268,6.749130348972341,4.518967559649458,2.4250227613107294,0.4638748704239421,-1.481956619323916,-3.605324473966338,-6.0885300074267965,-9.043938493264957,-12.498436502491597,-16.392796592141437,-20.58601779869014,-24.87094527814505,-29.00605829560617,-32.76156933360032,-35.96790222469841,-38.5444230225634,-40.50257566340889,-41.93065942132755,-42.974861796809485,-43.82355940896635,-44.64718795727137,-45.4865782699501,-46.23962472511624,-46.73039459090335,-46.75963058780592,-46.09317507255511,-44.40948433442057,-41.22285033205629,-35.93151432083209,-27.0617153264334
-27.691673008360013,-36.38428174694207,-41.52239581937145,-44.58910097465638,-46.18560230022141,-46.792687586639424,-46.723627193209786,-46.2062919974983,-45.43588802156121,-44.58545863178264,-43.754648874978926,-42.900661320130006,-41.85190892858704,-40.420027467867655,-38.459679980163685,-35.88337577547291,-32.679905376672664,-28.92941994245841,-24.80042819198328,-20.52160494418664,-16.333681130546914,-12.443423341313022,-8.991793685867282,-6.0382300220509615,-3.556156107777882,-1.433400422092286,0.5121401006618095,2.473267714632552,4.567581210838916,6.798557113818193,9.071224171620187,11.22668139074653,13.075822339082956,14.433533182971413,15.153064061177464,15.153136801299668,14.433739680952089,13.07614246064717,11.22709586942318,9.071706571593626,6.799056214451284,4.56808542527765,2.4737927026263424,0.5126408172459656,-1.432915324202876,-3.5556844867355166,-6.037808322292563,-8.99140119833501,-12.443080560575837,-16.33342208446386,-20.521436819830225,-24.800367244385694,-28.92948444035057,-32.68010504124508,-35.883704820613055,-38.46014034487505,-40.42061750450879,-41.85259948218514,-42.901433928626176,-43.755482668851336,-44.586373037421374,-45.43689843380078,-46.207415890393605,-46.72487710872248,-46.79406721642018,-46.18710767026992,-44.590728396992375,-41.52417048123718,-36.38631622630341,-27.69425033093885
-28.328967562745543,-36.84026675874477,-41.823822144401866,-44.7704069788938,-46.27986484506337,-46.82759966460884,-46.71858579995839,-46.17448744401207,-45.38650952524636,-44.52483994139401,-43.68667794943715,-42.82725465343263,-41.77377604189722,-40.33788070999942,-38.37507857693506,-35.798728591184755,-32.59788151371918,-28.85221668536596,-24.729200862449275,-20.456402254410577,-16.273742011440177,-12.387569455772065,-8.93881889114819,-5.987119146516029,-3.5061633166892663,-1.3840317789078864,0.5612141761938262,2.522330455961358,4.616981443397134,6.848760593891943,9.122764393066394,11.280008354258252,13.131058990890978,14.49042375477817,15.21099561136694,15.211068191165598,14.490629687852495,13.131378023821949,11.28042086421213,9.12324373044084,6.84925656003976,4.617482404048667,2.522851379847647,0.5617107816263637,-1.3835509513885649,-3.5056961063477994,-5.986702265080121,-8.938432060107667,-12.387232665867344,-16.2734895498328,-20.456241261618967,-24.72914755846491,-28.85228946174969,-32.59808923262989,-35.799065218481935,-38.37554762952187,-40.33847848442188,-41.7744725162062,-42.82803351309087,-43.68751880101953,-44.52576237785383,-45.38752641595365,-46.17561762813252,-46.71984226671732,-46.82898644020734,-46.281379234790926,-44.77204711228383,-41.82561502996736,-36.842325502494624,-28.331571036157257
-28.96958898348988,-37.29666679594605,-42.12490526804053,-44.95149347865,-46.37430083938106,-46.86290837307072,-46.71400746292949,-46.14312316508492,-45.33750814960562,-44.46452170280179,-43.618934768568494,-42.75400498207317,-41.69571913472144,-40.25570970610767,-38.29033404348234,-35.7138151582416,-32.51547982134784,-28.774558143663068,-24.65748525347225,-20.390718888393828,-16.2133595807396,-12.331325022458422,-8.885501394656059,-5.935707746386864,-3.455903705743109,-1.3344225662786509,0.6105080922687086,2.571596471790966,4.666571502878831,6.899143571798241,9.174469584891344,11.33349309681708,13.18644916406554,14.547463235671945,15.269081465407693,15.269153856484492,14.547668435459066,13.18676702045373,11.333903513953102,9.174945711554171,6.899636439425644,4.667069282605365,2.572113436573392,0.611000240718831,-1.3339463273406058,-3.455440829446589,-5.935295597237651,-8.885120263581086,-12.330994304992466,-16.2131137472358,-20.39056499936293,-24.657439506137685,-28.77463912565072,-32.515695427570606,-35.71415927151143,-38.29081208211084,-40.25631554689386,-41.69642195801373,-42.754790298827615,-43.61978272577115,-44.46545198346284,-45.3385314816822,-46.14425993310333,-46.71527087437974,-46.86430278762157,-46.37582463978858,-44.95314632740367,-42.1267161869667,-37.29874931668829,-28.9722184726042
-29.611360693304874,-37.752278460785824,-42.42492020838586,-45.13190625465412,-46.46865027689041,-46.89847836006271,-46.7098589076526,-46.11223936781175,-45.28898350363436,-44.40464394394188,-43.55158832217761,-42.68110394964564,-41.61795091271578,-40.17374785018952,-38.20569628443078,-35.62890004402952,-32.43296413553696,-28.6966987822964,-24.58552001182437,-20.324767430663297,-16.152718855689812,-12.274852817861795,-8.831990618057006,-5.884136056567089,-3.4055119457373677,-1.284704216332837,0.6598907542670729,2.6209310794881477,4.716211315048988,6.9495552530816935,9.22618355162892,11.386955966664688,13.241795268347373,14.604442805193145,15.327106579792352,15.32717860611715,14.604646936856213,13.242111463190216,11.387363828322728,9.226656592015065,6.950045218376966,4.716705433632499,2.6214445966110533,0.6603783595380393,-1.2842327590479332,-3.405053193148837,-5.8837290369888935,-8.831615111432047,-12.27452810795296,-16.15247967334213,-20.324620607517133,-24.585481724885057,-28.696787901516384,-32.43318770067082,-35.62925186152301,-38.20618344127465,-40.174361946816745,-41.61866026223434,-42.68189587449007,-43.552443484961664,-44.405582225491976,-45.290013480541255,-46.11338290833113,-46.71112939813329,-46.89988029595045,-46.470183310895,-45.13357164300984,-42.4267488950874,-37.754384544899374,-29.614016035051844
-30.25838007088223,-38.209467105457385,-42.72534975672629,-45.31257781556556,-46.56344920210794,-46.9345893493062,-46.70621869477422,-46.081760710035056,-45.24074663159504,-44.34494012748509,-43.48431802444349,-42.6081883986873,-41.54006825508662,-40.09155235084632,-38.12068848155101,-35.54347778669723,-32.349819097011206,-28.61812668618222,-24.51281624461924,-20.25810255295178,-16.091422607673536,-12.217796288238176,-8.777961817914933,-5.832100552181585,-3.354696734156992,-1.234594004697043,0.7096405072741631,2.670612390138679,4.766179096587514,7.000281684134968,9.278204893657469,11.4407189600988,13.29744098321594,14.66172535490383,15.385434393824676,15.385506300399598,14.661929078965851,13.297756257446556,11.441124909346694,9.278674863972174,7.000768556692961,4.766670043183988,2.671121393398189,0.7101239149451473,-1.2341268865810289,-3.354242648304797,-5.8316981171416735,-8.777592015122526,-12.217477835757927,-16.09119026322572,-20.257962966040385,-24.512785729344674,-28.618224436238343,-32.35005104082818,-35.54383754476897,-38.12118474673581,-40.09217449194284,-41.54078402190599,-42.60898687789014,-43.48518046258884,-44.34588654636086,-45.24178354134484,-46.08291132661165,-46.707496495320655,-46.935998928476046,-46.56499146824923,-45.314255666812,-42.72719612006157,-38.21159675932661,-30.261061326234405
-30.90981041671692,-38.66780307866962,-43.02594699342388,-45.49335740150831,-46.65860849542921,-46.97119636335213,-46.7030764780509,-46.05170491468325,-45.19283563282252,-44.28546312660937,-43.41718738357171,-42.53533040741557,-41.46215148431463,-40.00921132804459,-38.03540553580933,-35.45764735278009,-32.26614224367177,-28.53893365515064,-24.43945573423965,-20.190794529399916,-16.029530336250822,-12.16020610317298,-8.723459497537737,-5.779641640279692,-3.303498390339265,-1.1841314274549264,0.7597162394194301,2.720594841592328,4.8164262379320295,7.051266742258691,9.330469183126596,11.494710662146764,13.353305972693263,14.719223640342086,15.44397576559136,15.444047332996064,14.7194262948625,13.353619761693446,11.49511430238949,9.330936203185994,7.051750502991715,4.816913323869439,2.721100277279684,0.7601948493913063,-1.1836693202315214,-3.3030485175558884,-5.779244417524108,-8.723095513238146,-12.159893911571451,-16.02930499784477,-20.19066226428238,-24.439432981518088,-28.53904001301417,-32.2663824617507,-35.458014896050315,-38.03591114822434,-40.00984187664985,-41.46287383652454,-42.53613561671282,-43.41805713285844,-44.286417704474886,-45.19387930233899,-46.05286240303226,-46.704361246994345,-46.972613452076494,-46.660160183369214,-45.4950479296632,-43.027811212314845,-38.66995626966562,-30.912517601483717
-31.56491301509838,-39.12690814062957,-43.32649512367338,-45.674108115654725,-46.75405092444445,-47.00825674836027,-46.70041905257812,-46.02209010537458,-45.14528519567166,-44.22626159338003,-43.35025331002296,-42.46259443027772,-41.3842718319754,-39.92680366778284,-37.94993188551339,-35.37149333486835,-32.18201558469354,-28.45919909919067,-24.36551015725317,-20.122902702125028,-15.96709019397679,-12.102123279743514,-8.66852143821034,-5.726795875975038,-3.251951929039311,-1.133352985150328,0.8100802902164455,2.7708398741061155,4.866909259954218,7.102461901489969,9.382921126385796,11.548865795793557,13.40931411386622,14.776852009141557,15.502645444381894,15.502716928476428,14.777054263972712,13.40962698811698,11.549267401084414,9.383385054673408,7.102942364596583,4.867392801587316,2.7713408075875807,0.8105544990992881,-1.132895472373998,-3.2515069040824884,-5.726403506086742,-8.668163449738751,-12.101817587624316,-15.966871919665984,-20.122777910065096,-24.36549542654114,-28.459314185138027,-32.18226426090776,-35.371869133111,-37.950446667348594,-39.92744243736311,-41.38500104572655,-42.46340646606985,-43.35113064240842,-44.22722427939266,-45.14633597519849,-46.02325434901019,-46.701710900453705,-47.009681428451294,-46.755611954792464,-45.67581136289644,-43.32837705289819,-39.12908485215452,-31.567646062269706
-32.22201703919186,-39.58587178029498,-43.62644597788236,-45.85449396475684,-46.84957768920732,-47.045668293467486,-46.69822107346128,-45.992950522208695,-45.098171872043984,-44.167441926009765,-43.2836439446399,-42.39012589078726,-41.30659195428371,-39.84450813822362,-37.86446100625372,-35.28521535571141,-32.09764202356896,-28.379119545397607,-24.291160658538,-20.054589387774275,-15.904245204364788,-12.043672949341772,-8.613259177212045,-5.673667220896837,-3.200158245377039,-1.0823581119430048,0.8606328981177062,2.821245737212465,4.917523289587945,7.153755730392386,9.43543718825562,11.603049093355606,13.465319141584716,14.834454888392,15.561282872177156,15.561354242053692,14.834656759988569,13.465630901864529,11.60344830526998,9.435897811894849,7.15423280271222,4.918003194771757,2.821741977686322,0.8611025411213585,-1.0819053736190218,-3.19971827557608,-5.673279846467927,-8.612907305330884,-12.043373935249091,-15.904033994580756,-20.05447215770753,-24.29115404358548,-28.37924314771061,-32.09789903496433,-35.28559958480226,-37.86498461181295,-39.84515504634016,-41.30732827666375,-42.39094503191019,-43.28452910717308,-44.16841263672558,-45.09922964382218,-45.99412113702289,-46.69952013917973,-47.04710078939219,-46.851148214865866,-45.856209994989634,-43.628345591068914,-39.58807175447616,-32.22477577646567
-32.884853108637635,-40.046871913227605,-43.92717343666085,-46.03537801978582,-46.94568843508667,-47.083690589337145,-46.696557256864565,-45.964217026190376,-45.05132719322688,-44.10876561341994,-43.21707241479857,-42.31759841029215,-41.22874762214057,-39.76192196187938,-37.7785553758242,-35.19835233025717,-32.01254757193281,-28.298222219709565,-24.21595504723974,-19.98544027475388,-15.84062345306887,-11.984519499372894,-8.557364631236128,-5.619966385670388,-3.14784085088683,-1.030878219210147,0.911636818959721,2.872070906969965,4.968525863448835,7.205409607156701,9.488289237423876,11.657551740550248,13.521630647608465,14.892357020193858,15.620214111769696,15.620284623397918,14.892556664526262,13.521939674202928,11.657947901066825,9.488746745825866,7.205883517628234,4.969002449062927,2.8725629428412223,0.9121013502669773,-1.030430904755817,-3.147405822810333,-5.619584123740166,-8.557018899445172,-11.984227141879556,-15.840419346811167,-19.985330588691625,-24.215956466131075,-28.298354367829365,-32.012813178081345,-35.19874529469213,-37.77908825942489,-39.76257736735882,-41.22949096620828,-42.318424637078365,-43.21796527605229,-44.10974450702311,-45.0523922170301,-45.96539453437338,-46.69786395837119,-47.08513117472225,-46.94726844555102,-46.037106657408906,-43.92909038728726,-40.04909489070945,-32.88763757662504
-33.54976918990359,-40.50786545293619,-44.22741585728638,-46.2159786011516,-47.04192357698525,-47.122082857139645,-46.695362768688526,-45.935957940514896,-45.004915906064575,-44.05046451135037,-43.1508179285839,-42.245329154844704,-41.151092290095406,-39.67943401748801,-37.69263511251846,-35.11134282471408,-31.927179847969715,-28.2169464956573,-24.140307180705165,-19.915830123907064,-15.776555798142548,-11.92495546286086,-8.501104985273809,-5.565944291465416,-3.095241701764936,-0.979151075099868,0.9628563742288913,2.9230800091766858,5.019677751724216,7.2571730849800895,9.541208688252148,11.71207486731387,13.577924716619687,14.950215076003298,15.679085904231842,15.679156113238228,14.950413872898126,13.578232244280048,11.712468497000543,9.541663028787,7.257643446472016,5.020150382225738,2.923567555132653,0.9633160902953428,-0.978708875842082,-3.0948117913537985,-5.565567553772754,-8.500765600039681,-11.92466995597751,-15.776358992877352,-19.91572828280042,-24.140316904793128,-28.21708718568092,-31.9274537587476,-35.11174415531642,-37.69317700213976,-39.68009802373157,-41.15184278756561,-42.24616272259783,-43.15171859910316,-44.05145175817014,-45.00598799596177,-45.93714211984486,-46.69667722000762,-47.123531698552185,-47.04351327080428,-46.21771989769958,-44.22935016336017,-40.51011126130511,-33.55257919960505
-34.21911724417807,-40.97023991361696,-44.5280629552919,-46.39685260099587,-47.138609370483934,-47.16101199529656,-46.6946868760576,-45.90813345405183,-44.95883546662144,-43.99239289734482,-43.08470361414295,-42.17311644885765,-41.07339947367398,-39.59679312772898,-37.60642486535741,-35.02389294449308,-31.841234904194856,-28.134989582219387,-24.06392658320051,-19.84549000950084,-15.71179863640893,-11.864760215082397,-8.444275588671529,-5.511409079635651,-3.042177912825521,-0.926999740196233,1.014463868697666,2.9744414256199176,5.071145555895476,7.309215192560395,9.59436781134674,11.76680176192127,13.634395487147447,15.008230898871595,15.738101020760958,15.738170813366544,15.008428568361063,13.634701245816103,11.767192719914611,9.594818985854095,7.309682098098273,5.071614197443501,2.9749245157425435,1.0149185471535271,-0.9265628562069252,-3.0417531479959288,-5.511037824711015,-8.443942593265032,-11.864481653687651,-15.711609133747476,-19.84539605037462,-24.063944664245795,-28.135138910533534,-31.841517512608124,-35.02430313868874,-37.60697589270608,-39.59746560068172,-41.07415730312516,-42.17395734947343,-43.08561223507719,-43.99338849786161,-44.95991496609788,-45.909324568963925,-46.69600924012428,-47.16246924234541,-47.14020876829764,-46.39860650126096,-44.53001448398911,-40.97250829803542,-34.22195280824037
-34.89257734354888,-41.43385953441418,-44.82904507256062,-46.577964155297785,-47.23572055273822,-47.20046365836089,-46.69452792449954,-45.88075168275744,-44.91310248555873,-43.93457274922754,-43.0187551043803,-42.10098813650095,-40.99569902931284,-39.51403043906043,-37.51995630019452,-34.936034396885326,-31.75474303397505,-28.05237881911053,-23.98683653929273,-19.77443799473831,-15.646364326293744,-11.803941469925531,-8.38688225333891,-5.456366028502923,-2.988654865539052,-0.8744313716826039,1.0664503900231803,3.026144459190672,5.122914849247854,7.361516566000377,9.647742637928534,11.82170135637934,13.691005279246143,15.066361907826789,15.797212779725548,15.797281976634627,15.066558137306895,13.691309011185677,11.8220895770534,9.648190604795598,7.361980123790041,5.123379795377022,3.026622501641788,1.0669000826096149,-0.8739997684032594,-2.988235832077853,-5.456000265605188,-8.386555751354155,-11.803669964631188,-15.646182167849933,-19.774351955443937,-23.986862939094827,-28.052536650630188,-31.75503422097564,-34.93645351662458,-37.52051660862765,-39.51471156720874,-40.99646449073376,-42.10183644445134,-43.01967168520874,-43.93557663187581,-44.91418960864362,-45.88195003845188,-46.69585847612088,-47.2019294952103,-47.2373297023572,-46.57973063333944,-44.83101366860873,-41.43615033747951,-34.89543837515927
-35.568148074905054,-41.89763391325631,-45.12968392280988,-46.75890834670493,-47.33300449715165,-47.24030988353034,-46.69484740742847,-45.8538469636967,-44.867802156292655,-43.87712494961367,-42.953118819863406,-42.02911125017079,-40.91817819748864,-39.43135336246517,-37.43345541311293,-34.84800823004629,-31.6679502857773,-27.96935665045422,-23.909264579593703,-19.70287816529376,-15.580432527168565,-11.742658313728032,-8.329068991895122,-5.400949238741902,-2.934801778138242,-0.8215717672970981,1.1186906816850255,3.07806155777994,5.174854964357472,7.413938685601025,9.701183166127048,11.87661020178808,13.747576793937467,15.124420677506114,15.856233683212642,15.856302611350744,15.124616198567184,13.747878991039808,11.876995639360894,9.70162774770343,7.41439840607291,5.175315642497789,3.0785353831591773,1.1191349772441577,-0.8211458478408387,-2.934387791702443,-5.400589291897729,-8.328749094930302,-11.742393965453614,-15.580257889117949,-19.70280020965952,-23.90929950343575,-27.969523236561955,-31.66825025488325,-34.848436247447054,-37.43402490920478,-39.43204315288301,-40.91895110930992,-42.02996715130009,-42.954043520156965,-43.87813747012878,-44.86889681543784,-45.85505237384493,-46.69618600095007,-47.241784334138494,-47.33462355225242,-46.760687536402784,-45.13166961674965,-41.89994707292095,-35.57103440165701
-36.24723560192465,-42.362403083856336,-45.4305315148565,-46.94002734420785,-47.43066614437314,-47.28065154377624,-46.69567817890847,-45.82739775229341,-44.82287647136075,-43.81996578056136,-42.88769229590838,-41.957367933985886,-40.84070333210738,-39.34861179860407,-37.34675569883059,-34.759633312903354,-31.580669456760663,-27.885735497095983,-23.831030284430582,-19.630642719756768,-15.513848742342944,-11.680768480733215,-8.270704141017559,-5.345035568641373,-2.880501364942089,-0.7683090474694456,1.1712931432928246,3.130299213658569,5.227069704507154,7.466585131724689,9.754793512076212,11.93163386113434,13.804219511969334,15.182519687817202,15.915271035263531,15.91533957052392,15.182714178373589,13.804519995927022,11.932016623602252,9.7552348497333,7.467041246861426,5.22752628885466,3.130768191685702,1.1717321749194756,-0.7678885992414146,-2.880092969072933,-5.344681442237743,-8.270390920569707,-11.68051141946932,-15.513681720318631,-19.63057296305728,-23.83107382189908,-27.885910992907,-31.58097848620909,-34.7600705510427,-37.34733451017001,-39.349310238717656,-40.84148395293957,-41.95823157142881,-42.88862535092432,-43.82098710329957,-44.82397893764497,-45.82861019344873,-46.697024462945,-47.282134122177744,-47.43229475275186,-46.94181925382368,-45.4325344614682,-42.36473888502051,-36.25014717539265
-36.928887716740185,-42.82766270414783,-45.73128314468352,-47.1211423060639,-47.5285929343897,-47.32143056264709,-46.697006146167645,-45.80142320894242,-44.77836917802108,-43.763155829889335,-42.82254773995288,-41.88583954703999,-40.7633644446697,-39.26590411442607,-37.25996274488692,-34.67101981661113,-31.49301277780592,-27.80162466640209,-23.75223555564492,-19.557822335396544,-15.446691016810474,-11.61833933381129,-8.211848194311273,-5.288681628488252,-2.8258082912151563,-0.7146971511159251,1.2242036005105024,3.1828019977777133,5.279501222101532,7.519393287970496,9.808504148551949,11.986693368822904,13.860845742294163,15.240565692731211,15.974225303029266,15.974293504944251,15.240759410487472,13.8611448231019,11.987073624922903,9.808942131721563,7.5198456915462994,5.279953897636126,3.183265795692112,1.2246375149219162,-0.7142819593951177,-2.82540580214245,-5.288333290816204,-8.211541771030113,-11.618089700974664,-15.446531694723047,-19.557760871416225,-23.752287834925465,-27.80180913403824,-31.49333084949802,-34.671466242999315,-37.26055085588997,-39.26661131294991,-40.76415318327898,-41.88671116961993,-42.82348932014861,-43.764185878963474,-44.77947955912865,-45.80264288749153,-46.69836044613061,-47.322921648482726,-47.530231249634674,-47.1229468248629,-45.7333030851049,-42.83002073605247,-36.93182438668655
