-28.41744633000004,-11.354566723533056,-1.3304103800699427,3.548621879770587,4.843462022256362,3.820244998805797,1.4855882301259002,-1.380637378883236,-4.194962648564583,-6.542319313387967,-8.150300945388603,-8.865603367267534,-8.632562310261028,-7.47370607188603,-5.47224092866881,-2.756387058963849,0.5145172690298846,4.162225488948208,8.000188752529423,11.842640415363386,15.512241237014711,18.846367540413304,21.70212457540468,23.960167331353443,25.527411043692503,26.338713639310992,26.35761236567397,25.57619684856652,24.014200823355317,21.71739478466067,18.755361799331588,15.218738727617197,11.216005097427075,6.869901876573621,2.313562387889144,-2.313562387889154,-6.869901876573621,-11.216005097427102,-15.218738727617197,-18.75536179933158,-21.71739478466067,-24.014200823355317,-25.57619684856652,-26.35761236567397,-26.338713639310992,-25.527411043692503,-23.960167331353453,-21.70212457540468,-18.846367540413304,-15.512241237014711,-11.842640415363386,-8.000188752529436,-4.162225488948208,-0.5145172690298846,2.756387058963849,5.47224092866881,7.47370607188603,8.632562310261028,8.865603367267534,8.150300945388603,6.542319313387967,4.194962648564583,1.380637378883236,-1.4855882301258778,-3.820244998805797,-4.843462022256362,-3.548621879770573,1.3304103800699427,11.354566723533116,28.41744633000004
-28.21619774246102,-11.320412765370806,-1.3821333309628054,3.504389306340721,4.828226787675984,3.826107110167224,1.5044721701919337,-1.3667836015788142,-4.167256903780003,-6.488207197780131,-8.06832635263501,-8.776260311821853,-8.565315452606564,-7.442126687197962,-5.478631689336878,-2.795010998716714,0.451717622277221,4.080830963534687,7.901635631343173,11.723798833981515,15.36695879961919,18.667988250663573,21.48617576906557,23.706378403754165,25.24143254720208,26.03364905234261,26.054816334388992,25.29758241552772,23.77440799670943,21.524004722097462,18.609899548848222,15.117614884731168,11.152371899651309,6.836047459936559,2.3030607793094235,-2.303059610896596,-6.83604624277578,-11.152370573151863,-15.117613416001676,-18.609897946061277,-21.52400238552769,-23.77440580552878,-25.297583444033123,-26.054812197303804,-26.03364937780026,-25.241441082579342,-23.70638072043288,-21.48617970960196,-18.667992709983,-15.366962380974485,-11.723802084567838,-7.901638698152097,-4.080833936843553,-0.4517209301671271,2.7950074169059227,5.4786293086891815,7.442121526450524,8.565312446964668,8.776259793427815,8.068328905863499,6.4882115327129695,4.16726108774104,1.3667860256452824,-1.5044698883240903,-3.826104968833802,-4.8282240156372005,-3.50438581195088,1.3821372593649404,11.320416712390893,28.21620166586105
-28.019635861055345,-11.28792951604378,-1.433174239016593,3.461282436949747,4.812360313558255,3.829621507885488,1.5181189436463722,-1.3566149870894024,-4.142574821004666,-6.436911574303693,-7.989666757699042,-8.69012477836413,-8.49980742301662,-7.411014046469223,-5.484620001947236,-2.832941105959163,0.3894215940825318,3.9995612548148136,7.8027126340063315,11.604087140987588,15.220391694668418,18.488088900469357,21.26872465656824,23.451515787680314,24.955084062689373,25.728943853426475,25.75243829999844,25.01877264408143,23.53374592041733,21.329318139174333,18.46298096514853,15.015153809638646,11.087687176060411,6.801464301891428,2.2923220294332944,-2.292318756182716,-6.801460761874427,-11.087683155995618,-15.015149200679431,-18.462975688786653,-21.329311944514156,-23.533740810801323,-25.018771175749144,-25.75243340107737,-25.728946882982704,-24.955103454654257,-23.451522684940628,-21.26873430377445,-18.488099452098133,-15.220400050162128,-11.604094626391245,-7.802719568650168,-3.999567804768733,-0.3894290454193425,2.832933129930015,5.484616301025916,7.411000832680954,8.499800415002547,8.690124624308115,7.989673903457017,6.436922646828057,4.14258587246025,1.3566222653096185,-1.5181142052776462,-3.8296171978209386,-4.812356222097948,-3.46127704477752,1.4331814704689485,11.287937885155042,28.019645137542028
-27.82930300413648,-11.257797703044304,-1.483550424393965,3.4194242286655143,4.796176036300551,3.831213376132869,1.5273308981368692,-1.349704806454277,-4.120591354788548,-6.388212084829005,-7.914137342410369,-8.607056690150948,-8.436023705308246,-7.380429574102731,-5.49032317009254,-2.8703313374318324,0.3274728526427804,3.9182726231186336,7.703348643676268,11.48352618100612,15.072641284673162,18.30684871238087,21.050039047627656,23.19586949606681,24.668634381436863,25.424775624698437,25.45057134137392,24.739776778564604,23.29213089551029,21.13314132967975,18.31435269854425,14.911073032351332,11.021678978616595,6.765966736572404,2.281263229089777,-2.2812585119307167,-6.765961605562955,-11.02167312982379,-14.911066327886044,-18.31434505354633,-21.13313275026899,-23.29212419925213,-24.73977446152647,-25.4505666462144,-25.424781107662653,-24.66866078239563,-23.19587968736783,-21.05005226762733,-18.306863222540088,-15.072652709229368,-11.483536426718429,-7.70335816041059,-3.918281632674408,-0.3274833134743224,2.8703205446805047,5.490319001485694,7.38040897076415,8.43601561160662,8.607057924279525,7.914147335490773,6.3882266722461925,4.1206064654199706,1.349714888363252,-1.5273239679755062,-3.831207543740307,-4.7961702908374,-3.419416703118132,1.4835605174273427,11.257809384092742,27.82931597620405
-27.64549826097605,-11.230085937348058,-1.5332301006779476,3.378870252730432,4.779889375568886,3.8312336649321774,1.532778494893104,-1.345652487887472,-4.100999164373056,-6.341898414633572,-7.841560822054391,-8.52691176294429,-8.373914574247472,-7.350353085774276,-5.495710247692846,-2.9071045679431644,0.2660225194761671,3.8371861204494073,7.603837192051407,11.362496081641444,14.924192122832563,18.124863035639088,20.83081988913117,22.94020077464739,24.38286549760116,25.121901921900317,25.14995792058171,24.461324567468687,23.050240595571218,20.93605135748278,18.16446792388048,14.805695728880004,10.954557104305096,6.729689607840675,2.269926016572368,-2.2699206795540263,-6.729683883579446,-10.95455069313399,-14.805688512112791,-18.164459852637037,-20.93604213914356,-23.05023349120383,-24.461323224403017,-25.149952341490486,-25.12190875596204,-24.382894677704662,-22.94021298031796,-20.83083480380593,-18.12487969212988,-14.924205346240308,-11.362508017216534,-7.603848408519425,-3.8371969190405126,-0.2660352867223223,2.907092038496708,5.495705321209965,7.350325402184016,8.373908407398426,8.526914688601929,7.8415710970212285,6.341912802547151,4.101015303365787,1.3456629348717015,-1.5327692996229685,-3.831226288054519,-4.779880286557139,-3.3788588675704303,1.5332437859733743,11.23010066620792,27.64551365931956
-27.468382383681256,-11.204804216038168,-1.5822198293413812,3.339613752016106,4.763634657202041,3.8299527449034367,1.534999010002679,-1.3441235353644885,-4.083552359990971,-6.297810217704623,-7.771802796630872,-8.44958296240288,-8.313457417724385,-7.320779843764731,-5.500762438972983,-2.943187660681533,0.2052234526942842,3.7565269024115824,7.504475602394847,11.241377640985805,14.77552608853099,17.942723621944047,20.611761717226432,22.68524482340355,24.098533392496183,24.8210625915857,24.85133797054817,24.184160689732696,22.80878397199887,20.738665818111038,18.013835697177374,14.699401949740158,10.886588235561302,6.692802812330038,2.25836767197283,-2.258363269228939,-6.692798238637117,-10.886583307722494,-14.699396563168522,-18.01382983169984,-20.73865829474136,-22.808778096238857,-24.18416180756462,-24.85133051304559,-24.821067592237146,-24.098558364400617,-22.685255739757302,-20.61177442284125,-17.942738527845616,-14.77553804857486,-11.241388524555653,-7.504485973222786,-3.756537084095254,-0.2052355866595626,2.943176292323284,5.500756508653365,7.320753179804303,8.313454085434588,8.449586167387453,7.77181049978328,6.297821148062944,4.083565787530817,1.34413174746917,-1.5349896379512096,-3.829945542274839,-4.76362370618513,-3.3396006480361025,1.58223400906439,11.204818457198972,27.46839628530024
-27.298359361898004,-11.182129629742125,-1.6305216500039654,3.301674129316537,4.747571534874555,3.827619836421853,1.5344569380325714,-1.3448091777136937,-4.06801747820193,-6.255781716262876,-7.704713255289742,-8.374946277828695,-8.254617193633807,-7.291714682132437,-5.505488118566872,-2.9785619282556324,0.1451445413103906,3.676420188852396,7.405447867459756,11.120429428101362,14.626986821048886,17.76085276771487,20.39335547149763,22.43153778910161,23.816178396236182,24.52277534808445,24.55521328571121,23.90878602923628,22.56822430507109,20.54137843034577,17.862745892249844,14.59237122878382,10.817864467958012,6.655352555199912,2.2465990506117643,-2.2465958732502136,-6.655349395671818,-10.81786123251148,-14.592367825906177,-17.86274234846147,-20.54137291253923,-22.568220085779053,-23.908788755413894,-24.55520498289771,-24.52277821421272,-23.816197676856824,-22.431546474331977,-20.39336491520983,-17.76086460284436,-14.626996379384597,-11.120438186148226,-7.4054563109909886,-3.676428605118797,-0.1451545820827579,2.9785530049647093,5.50548178813739,7.29169332270385,8.25461569777072,8.374948650407015,7.70471800150456,6.255789336051643,4.068027771670005,1.3448149872585544,-1.53444834449752,-3.827613808185572,-4.747560891706517,-3.301661937467691,1.630533961265173,11.182141565242524,27.298370420802147
-27.135549857404108,-11.16208543817841,-1.678172520580614,3.2650121602071565,4.731787893205764,3.824414270751423,1.5315219496269712,-1.347458257138996,-4.05421432896993,-6.21569422395861,-7.640184151584455,-8.302911396832831,-8.19737687402423,-7.263167022349661,-5.509884392848853,-3.0131825514443893,0.0858933109003414,3.5970362555004063,7.306986889523708,10.99995385790223,14.478956400177816,17.579710554119853,20.176128811602624,22.179659185482464,23.536384973104443,24.227608252399413,24.26214877431385,23.635778918927844,22.329129022581284,20.34469447766289,17.7116175453405,14.484920158425052,10.748601240893292,6.617465208726364,2.234663300650798,-2.234660534816459,-6.617462335620242,-10.748598142920844,-14.484916795947251,-17.71161402936359,-20.3446895401381,-22.329125980890787,-23.63578129263985,-24.262144455196943,-24.227612299024216,-23.536402447143644,-22.179666882254217,-20.17613656836097,-17.579720411995776,-14.478964063313509,-10.999960825265806,-7.306993554511925,-3.5970428027429038,-0.0859011181413541,3.013176229400695,5.509879702026007,7.263150466023876,8.19737496141858,8.302913921336714,7.640189156204815,6.215702123723943,4.054224650122159,1.3474644580339863,-1.5315140022868052,-3.824409929789404,-4.731780990533908,-3.265004213353744,1.6781812863765078,11.16209470792688,27.13555915694649
-26.97996919954161,-11.1446455940585,-1.7252176700520565,3.229560244028342,4.7163299970097805,3.820468308010492,1.5264971422710172,-1.3518618858290716,-4.042000860331009,-6.177461250452144,-7.578136022677847,-8.23341159371644,-8.141732171315041,-7.235153239076286,-5.513957447282415,-3.0470069181146653,0.0275741040176454,3.518536656992638,7.209315131593408,10.880228388998765,14.331785182988911,17.39973646383636,19.960573351704845,21.93013764768204,23.2596916756783,23.936087545465547,23.97267484910812,23.36568222729938,22.092028351146137,20.149101998851645,17.560859358448255,14.377378888986952,10.679036142924357,6.579276448729271,2.222611837168015,-2.2226101064421915,-6.579274565028594,-10.679034002176763,-14.377376560539544,-17.56085710046336,-20.149098712441013,-22.09202738762716,-23.365685809395163,-23.972672649912568,-23.93609184689897,-23.25970211522151,-21.93014123046923,-19.96057590178928,-17.399740619846785,-14.331787871390484,-10.880230831193442,-7.209317513368083,-3.518538871073849,-0.0275768390952304,3.04700583554722,5.513955896106396,7.2351468837610575,8.14173160587157,8.233412987198527,7.578137962428287,6.177465690759456,4.042007535502444,1.351865288720671,-1.5264910225900723,-3.820468424435153,-4.716328902683154,-3.2295594315561624,1.7252192510892317,11.144648446072871,26.97997284208681
-26.83184603842104,-11.12990893370152,-1.7717081882784622,3.1953023122075623,4.701271219954847,3.815912834190777,1.519653954206364,-1.3578184787349694,-4.031229667940872,-6.140975387202781,-7.518460269092303,-8.166352067814884,-8.087656395806336,-7.207685424479455,-5.517725943399168,-3.0800351646205133,-0.0297771470343053,3.4410071993567595,7.112564587996407,10.761441120566529,14.185717829128595,17.221218690800217,19.74702783732705,21.683333706776992,22.98645716212863,23.64855129686767,23.687121129103616,23.098837049479314,21.85724869168293,19.954903127526755,17.410704918472945,14.269902435678556,10.60925776719934,6.540834474709929,2.210454435370973,-2.210453325147609,-6.540833042886002,-10.609255863222954,-14.2699002593484,-17.41070287040065,-19.954900609580708,-21.857249628673785,-23.098841062190896,-23.687120832338437,-23.648558349839444,-22.98646307691805,-21.683334214497226,-19.74702695886028,-17.221218711452764,-14.185716807032,-10.761440119842028,-7.11256362617754,-3.441005910499255,0.0297785204815531,3.0800382033146168,5.517727636513142,7.207686218309355,8.087656800113605,8.166352323301716,7.51846053246573,6.140978467904157,4.031235387933785,1.3578209168758957,-1.5196494764634834,-3.815916306072781,-4.701275986351726,-3.195308398170388,1.7717035242102832,11.12990657694444,26.831845653391863
-26.691432661345623,-11.11801018997951,-1.8176856613189936,3.1622494433747312,4.686705401902104,3.810878932303442,1.5112362557647387,-1.3651457208379143,-4.0217662535792105,-6.106129037563109,-7.461038692599143,-8.101620641601988,-8.035099153241958,-7.180753057008006,-5.52119960214379,-3.1122750704748547,-0.0861411602409273,3.3644931625891688,7.016816794656206,10.643716775843824,14.040905899333955,17.04434814090145,19.535725539812915,21.43949586721424,22.71692390446288,23.365217803888903,23.40569157786342,22.835448998563912,21.62499246595836,19.762261266020467,17.261287473010896,14.162544255168214,10.539264492918194,6.502131290106524,2.198179994206054,-2.198177951643549,-6.502128713521542,-10.539261117325076,-14.162540222661558,-17.26128322136962,-19.76225704927104,-21.62499138734215,-22.83544957638993,-23.40569266393036,-23.36522430600936,-22.71693077246261,-21.439497535086048,-19.53572552146736,-17.04434893152637,-14.040905479114572,-10.643716091236865,-7.016815919677039,-3.364491743254899,0.0861426270936226,3.11227775509603,5.521202159270922,7.180753711555748,8.035096846033404,8.101619602465433,7.461039585509136,6.106133683453579,4.02177326923732,1.3651494101378094,-1.5112325367633257,-3.8108828387438014,-4.6867128783353085,-3.1622583927303736,1.8176790467174715,11.11800652443318,26.691431794929382
-26.55853286573891,-11.108819697183378,-1.8632181792014435,3.130291784350983,4.672599527250742,3.805408211330635,1.5014160230441873,-1.37371592660088,-4.013532352993416,-6.072880394077701,-7.405827597961912,-8.039180995910597,-7.98407186136192,-7.154386888445385,-5.524392764714232,-3.1436971960840423,-0.1414352976485623,3.2891313160281745,6.922255983014263,10.52728162052424,13.897634952881058,16.869467849126007,19.327039735080064,21.199025207621947,22.45149357193849,23.086478825704848,23.12879177851233,22.57595258211443,21.395707386774976,19.5716188808913,17.113000260855713,14.0556479243083,10.469325392846594,6.4633328961196845,2.1858501357615703,-2.185846861505002,-6.463328929845512,-10.46932033794712,-14.055641871761468,-17.1129936869527,-19.571612565508,-21.395704018629782,-22.575950076834268,-23.1287922529764,-23.08648606084411,-22.451502384203728,-21.199029085868244,-19.32704196392682,-16.869470797085437,-13.897636394998,-10.527282444246538,-6.922256334784919,-3.289130936689256,0.1414348899956256,3.1436981911572106,5.524397209057806,7.154379874073521,7.98406764531357,8.039180732902672,7.405831160801188,6.072886521275221,4.013538791565336,1.3737197263728989,-1.5014084532046592,-3.805412869146746,-4.672607048707613,-3.1303007313412268,1.8632120388382496,11.108816659992405,26.558532837503545
-26.433011491367232,-11.10224521863001,-1.9083632186775443,3.0993411960553225,4.658926982671842,3.799537181212445,1.490347080809138,-1.3834059111748485,-4.006448851877146,-6.0411805173959285,-7.352773199448894,-7.978986679689307,-7.934575050664955,-7.128606990657614,-5.52732630035057,-3.1742853890927187,-0.1956024012802198,3.215027154066381,6.82902580493218,10.41231736893936,13.756140758838248,16.69684955897892,19.12127500767628,20.962237078217623,22.19047669639981,22.812631831024365,22.856722309791945,22.320677705320566,21.16973636595846,19.383318535041887,16.966136534777544,13.949472508871828,10.399644009171473,6.424563166240997,2.173509195774932,-2.173505579432016,-6.424558720099071,-10.399638254139678,-13.949465581230957,-16.966128812156146,-19.383311425196432,-21.1697323602758,-22.320673444242345,-22.85672493703283,-22.812639969811247,-22.190488777790787,-20.96224350973921,-19.121279687171267,-16.696854982888716,-13.756144277782658,-10.41231992281698,-6.829027603371056,-3.215028088756952,0.1955997279572832,3.174285171168908,5.52733249635809,7.128590852447458,7.934570346083666,7.978989567594038,7.352781626788863,6.041189421714815,4.006455053290082,1.3834106078368698,-1.4903319107203468,-3.799543456464488,-4.658933804221735,-3.0993492637970923,1.908358848428525,11.102244109735867,26.43301372926846
-26.314675687950672,-11.098157508004585,-1.9531801369842572,3.0693107973306706,4.645641930924318,3.793283666212456,1.4781550731017803,-1.394111442993347,-4.00045023746682,-6.010989237554989,-7.301829543895513,-7.920998287817201,-7.886613460644802,-7.103440177500662,-5.530024025364837,-3.204030770734873,-0.2485865449076223,3.142290844434887,6.7372799573400535,10.299021792286858,13.616671044639604,16.526764555294058,18.91874056294459,20.729438790748933,21.934182228937303,22.54397494083093,22.589796392109022,22.069963258361504,20.947440233472893,19.197714841865142,16.821018110532137,13.844299427081603,10.330446755498736,6.385971226142308,2.161206035862675,-2.161201904585853,-6.385966088259341,-10.33044003946597,-13.84429126193701,-16.821008750114423,-19.197706579517536,-20.947435283718,-22.069957095356106,-22.589800396610443,-22.5439846131523,-21.934199663002627,-20.72944848924647,-18.918749045538185,-16.52677397707498,-13.616677882505094,-10.299027220367272,-6.737284218775476,-3.142294015268492,0.2485804096640322,3.204028353307272,5.530031824990426,7.1034123912831335,7.886607824124701,7.921004967284716,7.301844281165334,6.01100238585836,4.000457178298741,1.3941179217160091,-1.4781307246883306,-3.7932913333725327,-4.6456475592820885,-3.069317217023701,1.9531788580868947,11.09815976267431,26.31468179627558
-26.203594676965263,-11.096622534458351,-1.9976834730824693,3.0402057252039887,4.632810349451149,3.786732372396069,1.4649834329976303,-1.4057151744958536,-3.9954464878977127,-5.982225206116837,-7.252897451536923,-7.865115682773272,-7.840128351813518,-7.078862179943698,-5.532490029733073,-3.232950189364589,-0.3003962074896724,3.0709121819866323,6.647024280232364,10.18741488086579,13.479242826563375,16.359262147000823,18.719480080187186,20.500691048014616,21.682646508514196,22.280521191099457,22.328014082778743,21.8238138856088,20.72883138581024,19.01481084268412,16.67765689860879,13.740099296364154,10.261677188330795,6.347513458557914,2.148922493232006,-2.1489192134970403,-6.347509217489205,-10.261671493523409,-13.740092396876102,-16.67764850875655,-19.01480399074988,-20.728829374100844,-21.823808379678468,-22.328018679184957,-22.280531364286198,-21.68266751752377,-20.500699461586976,-18.719488915376104,-16.35927241766063,-13.479249970074555,-10.18742074804751,-6.647029002699687,-3.070915856030489,0.3003890463747872,3.2329482934168787,5.532498236478312,7.078830664642446,7.840124825227765,7.865125399173618,7.252915099988643,5.982239482595166,3.9954522172745857,1.4057220850595178,-1.4649524676672594,-3.786742020770793,-4.632814719365848,-3.0402109253737226,1.9976836486464336,11.096626280068993,26.20360245055476
-26.099599076267044,-11.09754385145299,-2.041913289841416,3.0119626626495104,4.620407845566949,3.779903525478649,1.450935780475219,-1.4181270853469463,-3.9913778460555847,-5.954842958148936,-7.20592001397922,-7.811286180824359,-7.7951068150019776,-7.054888037135069,-5.5347411844667285,-3.261044132229435,-0.3510011166307481,3.00095503655877,6.558353124694082,10.077620062309744,13.34400685606784,16.194510266327498,18.52368260912106,20.276179730442283,21.43603783660772,22.022433256359022,22.07154356813104,21.582430016332168,20.514118641323165,18.834820354617257,16.53625818892318,13.637048911814055,10.193472684131685,6.309279219685373,2.1366888948311518,-2.136686666829812,-6.30927614944265,-10.193468364865373,-13.637043688782096,-16.536251477282157,-18.83481545255497,-20.51411918296084,-21.582426484383262,-22.0715480662328,-22.02244334213317,-21.43605946536888,-20.27618650834111,-18.523690406534016,-16.194519875009465,-13.344013168159288,-10.077625381636068,-6.558357428082304,-3.0009583646430498,0.3509938444161449,3.2610437633431704,5.534751073827431,7.054853521128134,7.795106382036225,7.811298898630464,7.205939388468323,5.954856159306284,3.9913804582234578,1.41813484940283,-1.4509018158660711,-3.7799139514081417,-4.620411527812392,-3.011967546056269,2.041913607554258,11.097547813695805,26.09960706928421
-26.002512741142105,-11.10084081712737,-2.0858836700828127,2.984527791650184,4.608422098391091,3.772823156771529,1.4361115755036575,-1.4312609181012348,-3.988185547366939,-5.928794740610784,-7.160835657087611,-7.7594500326873455,-7.751524366661492,-7.031521417671084,-5.536792848597257,-3.288318064644416,-0.4003887272803308,2.932449156372393,6.4713090392903725,9.969695348487225,13.21104238763165,16.03260345726167,18.331454329936296,20.055997833937774,21.19445005277872,21.769784407058197,21.82046669586976,21.345907730543598,20.303428691965884,18.65787128081609,16.396940121911488,13.535257066535776,10.125917071767985,6.271318283567776,2.12452389857772,-2.124521836758868,-6.271315460149464,-10.12591313172334,-13.535252362252582,-16.396933958707386,-18.65786714939312,-20.30342976140465,-21.345905183207226,-21.82047099336552,-21.76979413507333,-21.19447214057529,-20.05600457097231,-18.33146195968901,-16.032613309928028,-13.211048892192425,-9.96970094888106,-6.471313673706446,-2.9324529130876926,0.400380511946703,3.2883182467774827,5.536803161895702,7.031481892844064,7.751527568938543,7.759465517627438,7.160856037548738,5.92880577422114,3.988185353654528,1.4312728727506774,-1.4360785174126902,-3.772832914002383,-4.608424808623512,-2.984531634496539,2.085884711444627,11.10084540848086,26.002521269905788
-25.91220014511469,-11.106453846920362,-2.1296142551461226,2.957867521585517,4.596854328482796,3.7655183475623946,1.4206009680344227,-1.4450419393142613,-3.9858121752803433,-5.904028020681615,-7.117577952106658,-7.709542540911588,-7.709351094519802,-7.0087577850378295,-5.538658143522746,-3.31478417276327,-0.4485591872915582,2.865408911265221,6.385923873032256,9.863687220737042,13.080404628668695,15.87361131980519,18.14286261185428,19.8402120969583,20.957934897268625,21.522609779857348,21.5748175731579,21.114297258480764,20.096831506248623,18.48404723036011,16.25978410550119,13.434791034163707,10.059056995822738,6.233658660077347,2.11243636242985,-2.112434038475945,-6.233655633776137,-10.059052925804652,-13.434786209510529,-16.259777842632413,-18.48404301696476,-20.096831712696403,-21.11429484040401,-21.57482082632066,-21.52261830901569,-20.957956717086656,-19.84021941497831,-18.14287034531713,-15.873621682119335,-13.0804117273598,-9.863693402809629,-6.385929077494062,-2.8654133193349627,0.4485499296741369,3.3147842129277167,5.538667680903907,7.0087152394295416,7.709355528931523,7.709559188621632,7.117598537757124,5.904037686864771,3.9858105174763097,1.4450563424733358,-1.4205691087399877,-3.765527233950718,-4.596856374852183,-2.9578704954932244,2.129615745322383,11.106458761968849,25.91220891004198
-25.828509368361527,-11.114317829773336,-2.173120285270236,2.931950176834916,4.585702754866569,3.7580127001521024,1.4044821074393048,-1.4593992292599232,-3.9842054067439023,-5.880493862432101,-7.0760827685186936,-7.661500535588412,-7.668555094136763,-6.986594698514343,-5.540349997637144,-3.340457552373171,-0.4955204922424986,2.799837790269132,6.302214860343791,9.759623999968625,12.95212793776397,15.717577853960933,17.95794825260832,19.628860083335336,20.72651185505308,21.28091309958445,21.33459792766979,20.88761707876269,19.894364918589563,18.31340407884673,16.124848605288634,13.33569991046664,9.992928551620269,6.196322758933526,2.1004333510184643,-2.100430782223395,-6.196319565850564,-9.992924417729038,-13.33569499081628,-16.12484221138891,-18.31339927182632,-19.894363437716464,-20.88761461718361,-21.33459872504793,-21.280919072751846,-20.72653264059372,-19.628867439876576,-17.957955550442787,-15.717588444520295,-12.952135482522776,-9.759630565183809,-6.302220400004896,-2.799842582364037,0.4955105810739472,3.340457435197124,5.540358219234827,6.986550440478833,7.668559835732159,7.661517329667292,7.076102507097917,5.880501823586586,3.984202610304077,1.4594158376904292,-1.404452802074423,-3.758020626562144,-4.585704896802558,-2.931953108439169,2.173121443472898,11.114322369449136,25.828517666411106
-25.751310565486744,-11.124392914198143,-2.2164072115248388,2.9067517997612504,4.574974927619541,3.7503337186078807,1.387831186929315,-1.4742677407284803,-3.9833156109010033,-5.858142287962973,-7.036283213093587,-7.615257140103577,-7.629099830505504,-6.965026726552149,-5.541885431630964,-3.365366314863712,-0.5413061011020363,2.735699928699144,6.220145260425618,9.657469479675608,12.826177800568033,15.564470654979525,17.776675857165202,19.4218973492347,20.50011376910997,21.044612193234887,21.09972376109784,20.665799858238927,19.695981477939643,18.145913008184195,15.992115665604976,13.237970045306302,9.927519051578855,6.159298743788749,2.088511674953988,-2.0885086552896848,-6.159295128381651,-9.92751453262055,-13.237964674096911,-15.992108949850824,-18.145906960740888,-19.695978027081317,-20.66579959556468,-21.09972069700571,-21.04461469535989,-20.500135363105024,-19.4219040213104,-17.776682002727192,-15.56448105296901,-12.826185256634696,-9.657475931908367,-6.220150682523773,-2.735704640278448,0.5412961177653293,3.3653665174634337,5.5418929870322735,6.96498183149992,7.629104343663107,7.615273641973432,7.036301695893735,5.858148495985185,3.983311521963281,1.474285386738741,-1.3878042475598338,-3.750341250779875,-4.574977890495555,-2.906755581805265,2.2164071323617804,11.124396287565796,25.751317754132646
-25.68036600395268,-11.136559944628669,-2.25948790997503,2.882223987500084,4.564640347758447,3.7424841745002095,1.3707003688925687,-1.4895949633167518,-3.983104733959488,-5.836936966968871,-6.998129260873206,-7.570762959677617,-7.590961621314285,-6.944053888617635,-5.543272265275458,-3.3895154752740297,-0.5859064103672846,2.673023354992969,6.139759148783174,9.557281479163484,12.70262226482001,15.414360216382969,17.599114998936635,19.21937877273664,20.278785483309672,20.81374025802801,20.87023478859228,20.448907145185007,19.501763349115844,17.9816749920432,15.861692359737436,13.14170326281756,9.862914595982923,6.122645269900708,2.076690877366799,-2.0766876522163336,-6.122641390555848,-9.862909691440134,-13.14169739842777,-15.861685502196176,-17.981667834449116,-19.501758564651496,-20.448909920885335,-20.87022767223484,-20.8137397357091,-20.278807464724263,-19.219383488125853,-17.59911865309519,-15.414368978698928,-12.702628216758873,-9.557286552757002,-6.139763249503797,-2.6730267123966023,0.5858978671666655,3.389517735165359,5.543280685302384,6.944009846840904,7.590966824426576,7.5707793606995395,6.99814583911746,5.836940010333652,3.9830980451117663,1.489615425696725,-1.3706777576518596,-3.7424922362136113,-4.564646341833311,-2.882231287191007,2.259484465853928,11.136560407330414,25.68037069632516
-25.61546239903936,-11.150720783387646,-2.3023671398493355,2.8583314224158816,4.554681389540254,3.734471203447196,1.3531424276976125,-1.50533075557661,-3.983534477316296,-5.816839361577071,-6.961568139763808,-7.527965377686209,-7.554112648256932,-6.923674244595194,-5.544524803119514,-3.4129211588480386,-0.6293317866688825,2.611807704776862,6.061066459577488,9.45907824469061,12.581484600971288,15.26727033407948,17.425284108479957,19.02131008547877,20.062519614665668,20.588276343039823,20.646112488487987,20.236938283554675,19.31173224612358,17.82073058331368,15.733630836336108,13.04695162140849,9.799161432655035,6.086394986975036,2.0649817221686844,-2.0649786601562368,-6.086391169903292,-9.799156457441052,-13.04694561042096,-15.73362419432629,-17.82072269720463,-19.311726985208143,-20.23694405746838,-20.64610191438724,-20.5882731084686,-20.06253980819082,-19.021311473208907,-17.425283670363637,-15.267275613698056,-12.581487425419068,-9.45908049250019,-6.061067873258616,-2.611808297198568,0.6293263506349155,3.4129273971843546,5.544535413462665,6.923632282725493,7.554120565534288,7.527981645926761,6.961581380923185,5.816836816856097,3.9835235769737376,1.505356568285752,-1.353127523622868,-3.734480546690596,-4.554692404927322,-2.858344567348852,2.302358161772075,11.15071639341655,25.61546293351688
-25.55643719171076,-11.166817050002155,-2.3450439828165117,2.835054261894771,4.545098179213589,3.726311938427248,1.3352120976879234,-1.521427096964964,-3.9845650810278457,-5.797806853514978,-6.92654192798664,-7.486806422523077,-7.518519384679283,-6.903883256710133,-5.545663268611915,-3.4356168068071864,-0.6716241374623478,2.5520062681500555,5.9840181117637,9.36280868576648,12.462711407647916,15.123143160026148,17.255116476634914,18.82761260806071,19.8512182859712,20.36810762494225,20.427243333394536,20.029795665891253,19.125813038632455,17.66302392004496,15.60789471748942,12.953689798101651,9.736243046423793,6.050537535980317,2.0533811416294694,-2.053378641318228,-6.050534210357395,-9.736238509568496,-12.953684243024968,-15.607888884483716,-17.663016040525424,-19.125808234848453,-20.02980376946141,-20.427230238459654,-20.36810178502164,-19.851234266975293,-18.82760969329968,-17.25511068908492,-15.12314335362533,-12.462709805183154,-9.362806988155988,-5.984015799332719,-2.5520030578432955,0.6716231004238837,3.435628406233238,5.5456766124592844,6.90384469496932,7.518531896551552,7.486821724587152,6.926550306157759,5.79779693006373,3.984550026681335,1.521458382325573,-1.335206860476525,-3.726322780640065,-4.545115228484387,-2.8350745485486706,2.3450280201586304,11.166806455923709,25.55643222922704
-25.503047292729264,-11.184724319146996,-2.3875206561779643,2.8123644217702384,4.5358683820928105,3.718004849463102,1.3169488549990362,-1.5378470045900354,-3.986164230307299,-5.77980335758809,-6.893001471661286,-7.447236583518064,-7.484154103782719,-6.88467107672738,-5.546691239934511,-3.4576051213704218,-0.7127744251550321,2.4936453125624203,5.908658390304525,9.26852926280136,12.346362777189492,14.98203491108519,17.088660474569206,18.638323101663502,19.64490286708056,20.153245750269168,20.21364232837329,19.82751290270661,18.944061187093173,17.50862830881413,15.48456913053967,12.86199740181883,9.674228219743709,6.015122786004259,2.0419050241413723,-2.0419034824222773,-6.015120472248821,-9.6742248018282,-12.86199311808181,-15.484564866327643,-17.508621313033842,-18.944057548162828,-19.827521943955603,-20.2136275774567,-20.15323727110187,-19.64491219629212,-18.638315351215244,-17.08864886518122,-14.982029223291937,-12.346356189664228,-9.268523185046508,-5.90865204404304,-2.493638092589824,0.7127781714702616,3.4576220361550627,5.546706620655812,6.8846392501129445,7.48417037292249,7.447250233812176,6.893004223471984,5.779786201234301,3.986145172962592,1.5378809412789352,-1.316953673329467,-3.718016864473221,-4.535890593300208,-2.812391209248964,2.387497517613188,11.184707155516897,25.503036222692025
-25.45514216552932,-11.20440746766368,-2.4297838579661653,2.790235356823261,4.526994329382,3.709571181119504,1.2984005066336497,-1.5545480457644367,-3.988297899640085,-5.762788309900213,-6.860890504823319,-7.409200192372328,-7.450985397567808,-6.866039805563406,-5.547637689350834,-3.478938536850285,-0.7528554163082763,2.43663106295445,5.834871934286622,9.176110370646168,12.23230434690752,14.843802009977844,16.925762045111256,18.453268209809774,19.44337620743563,19.943481486343988,20.00510049605316,19.629898988697807,18.766305926294876,17.357399665111366,15.363535994089904,12.771792761101343,9.613057169251435,5.980106953582634,2.030542265686522,-2.030541556074262,-5.980105501054671,-9.613054696126456,-12.77178960556553,-15.363533173609165,-17.357393994631636,-18.76630415221976,-19.62990839905625,-20.00508622817572,-19.94347218473257,-19.44337959693322,-18.45325654979657,-16.925745605611798,-14.843791006529091,-12.232293198883973,-9.1761002837575,-5.834861933418774,-2.436620263013754,0.7528635075471968,3.478960368402764,5.547655152170116,6.866015065366104,7.4510055027392,7.409212670349503,6.86088880512351,5.762765083327892,3.9882751148648823,1.5545849607263047,-1.2984151598432967,-3.709583569324264,-4.527020728843111,-2.790267704348751,2.429754503564147,11.20438458882701,25.455125790540524
-25.412514208061957,-11.22577028764774,-2.4718332101364284,2.768647008081038,4.518461770762241,3.701012764288975,1.2796022149321735,-1.5714952782487637,-3.990937007029668,-5.746727893738829,-6.830161056666489,-7.372648209484371,-7.418983110245804,-6.847984629992134,-5.548512886196644,-3.499635085711058,-0.7918850808990964,2.3809512415796137,5.762654927038312,9.085552524076135,12.120533928229078,14.708435611360487,16.766401720016074,18.272414479554943,19.24659012787177,19.73875660835737,19.801562161391548,19.43691248677606,18.592527885767485,17.209339490704,15.24481466876338,12.683099141983096,9.552755135365242,5.94551148722354,2.019299543178908,-2.0192991284523383,-5.945510176343186,-9.552752644565883,-12.68309599544965,-15.244812130053663,-17.209334678301587,-18.592527949920303,-19.436921922425046,-19.80155055835479,-19.73874898018976,-19.24659068379409,-18.27240106728817,-16.766382787316957,-14.70842137552675,-12.12051982874092,-9.085539743599938,-5.762642409531152,-2.380937940039107,0.791896088301097,3.4996608706962826,5.54853287496099,6.847962186378639,7.419008204004093,7.372661511138405,6.830157460145332,5.746700002763788,3.990911296745184,1.5715383176089184,-1.2796246594991814,-3.701025304884946,-4.518491859041417,-2.768683959089909,2.471799715265524,11.22574359978635,25.412494671371253
-25.374895685344285,-11.24867029242669,-2.513661309096649,2.747575097297384,4.510242122519897,3.692327849779708,1.2605769653637262,-1.5886636171362527,-3.994051448965257,-5.731586589884566,-6.800767659643994,-7.337536325769906,-7.388120416921642,-6.830492294989624,-5.549306261336778,-3.5196857660364405,-0.8298367475383276,2.3266551488728395,5.6920764575355385,8.996938669102894,12.011138780749498,14.576017104530084,16.61065113494816,18.095819574755463,19.05458948654059,19.53910688694436,19.603067712311567,19.24860808667973,18.42280426624954,17.064538433745764,15.1285049065605,12.596012836067112,9.493403891466144,5.911395157317996,2.008195000304919,-2.00819473798768,-5.911393850885033,-9.49340125870039,-12.596009550574792,-15.128502338008822,-17.06453426952802,-18.42280575988945,-19.248617018144216,-19.60305915809608,-19.539101569869068,-19.054589296917595,-18.0958063906784,-16.610631963753708,-14.576001890986891,-12.011123738162878,-8.996924971038052,-5.69206304721217,-2.326640927104413,0.8298488604158039,3.51971321013024,5.549327238631581,6.830471219672081,7.388148186213018,7.337550946932441,6.800763988272405,5.731557451651237,3.994025754187646,1.5887106233664012,-1.2606031982125343,-3.692339395518931,-4.510274049042141,-2.7476143472313392,2.5136264307242797,11.248642336532049,25.374875326260117
-25.34213290152998,-11.27306078471182,-2.5552616114125577,2.727007052419978,4.502335238746183,3.683524182795368,1.241358501138656,-1.6060211864394494,-3.997618223903296,-5.717333978712791,-6.772663110939331,-7.303813621527922,-7.358362391416922,-6.813555603422432,-5.550042193291903,-3.539133571613359,-0.866772601286681,2.273663319033308,5.623046889930712,8.910169544521619,11.90400819830954,14.44642354675335,16.458369761530804,17.923330355692084,18.867206472794027,19.34435009077681,19.409432962819096,19.06481402534657,18.256985775252765,16.922880871518565,15.014515290341194,12.51046055567202,9.4349559101107,5.877730910751157,1.9972195354246676,-1.997219123609832,-5.877729204490325,-9.43495260154413,-12.51045652390344,-15.014512057493796,-16.92287711236301,-18.25698856683995,-19.064821737660356,-19.409428411567585,-19.34434813025212,-18.867205105030024,-17.923317576725356,-16.458350512333972,-14.44640721735263,-11.903992020929088,-8.910154681838273,-5.623032311260959,-2.2736479452733165,0.8667860669398137,3.539163269530388,5.550064861547769,6.813534334899591,7.358393567499538,7.303829981217984,6.772659591364887,5.717302846362451,3.9975915340803447,1.6060734390205802,-1.241388396921849,-3.683535763715703,-4.502369522824197,-2.727049284405633,2.555224787581142,11.273031008941665,25.34211130787843
-25.31401599672056,-11.29884774226074,-2.5966209854994853,2.70692549329555,4.494730961182847,3.674605407607471,1.2219757214188285,-1.6235424031523304,-4.0016103769136695,-5.703935922971456,-6.745802299612507,-7.271435332613082,-7.329682359711514,-6.79716637419417,-5.550731714934969,-3.5579944764085383,-0.9027109812093792,2.221960710906605,5.555554370235147,8.825233896690206,11.799128726535695,14.319633952008791,16.30952508079551,17.754895585145334,18.684373425175007,19.154410395049062,19.220584811864875,18.885471337902505,18.09503191954274,16.784344436225737,14.90284074026184,12.426454671417716,9.377425798409153,5.844528962194514,1.9863778899741624,-1.9863774230124407,-5.844527059867252,-9.377422138258408,-12.426450245400265,-14.902837010337466,-16.784341126679372,-18.095035538429524,-18.88547679205329,-19.220583527827923,-19.154411148268768,-18.68437036993012,-17.754883685163865,-16.309506428131815,-14.319617147784394,-11.799112134491306,-8.825218539136133,-5.55553924267346,-2.2219448665589137,0.9027250820595296,3.558025232764973,5.550754830321608,6.797146023639814,7.329714534883803,7.271452736576361,6.745799039819357,5.703904480492426,4.001583622421236,1.62359739346103,-1.222007309029899,-3.674616676422525,-4.494766338838212,-2.7069693624808946,2.596583163239487,11.298816952989576,25.3139936904698
-25.29038798458528,-11.325982821754858,-2.637728623632249,2.6873104178631864,4.487424567410677,3.6655829394109056,1.20245487550599,-1.6412022806242437,-4.006004577190175,-5.691361632810918,-6.720141905430588,-7.240358107721898,-7.302054125883821,-6.781325233881844,-5.551399154954111,-3.576316075409635,-0.9377184662670864,2.171464372727475,5.489501863518058,8.742022531930683,11.69638200104568,14.19552024832232,16.163972793458008,17.59035200464597,18.50590962100118,18.969096337219604,19.036333257138875,18.710402686572404,17.936787381663557,16.64879794439536,14.793381161777136,12.343926063973528,9.320767434251328,5.811760547655263,1.9756628909734264,-1.9756623907789088,-5.811758565091836,-9.32076363997453,-12.343921463628137,-14.79337702794502,-16.64879502317222,-17.93679129934374,-18.710405453139813,-19.036334411673423,-18.96909899847148,-18.50590466973592,-17.59034103684004,-16.16395508556552,-14.195503482348178,-11.696365555633408,-8.74200718191941,-5.489486660681246,-2.1714485833828565,0.9377326295750352,3.576346993391643,5.551421756972948,6.781305652649654,7.302086332354271,7.2403764693261214,6.720139046912361,5.691330409442786,4.005977911600975,1.6412591211479557,-1.2024878547160425,-3.6655936143249472,-4.487460058455788,-2.687354705461445,2.6376905905021526,11.325951595986451,25.29036530010729
-25.271046212461776,-11.354372257772033,-2.678574415643119,2.668149158650687,4.4804022419657565,3.6564574510667023,1.1828151448796382,-1.658980073606812,-4.010779319805513,-5.679581675357969,-6.695640213152656,-7.210538063503221,-7.275445923540404,-6.766016764205745,-5.552042749482964,-3.594105187142951,-0.9718016251019548,2.1221717399098505,5.424892387913352,8.660540048469628,11.595767541668485,14.074071900809376,16.021688984767042,17.429660671371682,18.33176082741267,18.78834634202154,18.85661879649462,18.539560546783765,17.78222345162877,16.516231938467584,14.686143441671751,12.26289066702675,9.26499941874972,5.779441319411941,1.9650795083386192,-1.9650791258263909,-5.779439481170418,-9.264995803574443,-12.262886261927347,-14.686139247784173,-16.51622932842006,-17.782227234989826,-18.53956156549689,-18.856620822975408,-18.78834947444456,-18.3317545402066,-17.429650074161998,-16.02167189714653,-14.074055149612452,-11.59575123870159,-8.660524731476482,-5.424877155066582,-2.1221560785765416,0.9718158069862712,3.5941359778223307,5.5520644696253685,6.765998906135528,7.275477002392431,7.210557109893389,6.695637699567761,5.679551054199455,4.010752349505469,1.6590380406588283,-1.1828496634311254,-3.6564673821496863,-4.4804374854519615,-2.6681935215409625,2.6785361928730165,11.354340601230485,25.2710230045386
-25.255845692061488,-11.383972367636902,-2.7191479342181277,2.6494253188217964,4.473660281138458,3.647240558263973,1.1630803406672765,-1.6768546822479,-4.015913070045962,-5.66856757006388,-6.672258264278593,-7.181937211327655,-7.249835974539052,-6.7512451593834655,-5.552691142846223,-3.611413532712055,-1.0050308514327473,2.0739966456590766,5.361625676787558,8.58067635564762,11.497167110352672,13.955158669983534,15.88252866708562,17.272657898790992,18.161747107612303,18.611969865565285,18.681251716097,18.37276851256102,17.631182898765154,16.386514919705782,14.581023213558185,12.183278399694988,9.21007607903858,5.747541313874615,1.9546213610790284,-1.954621206189091,-5.747539759642265,-9.210072779918429,-12.183274308014044,-14.58101913933386,-16.38651264529874,-17.631186402462202,-18.372768140868946,-18.68125392288548,-18.61197281525484,-18.161739605265552,-17.27264736016933,-15.882511960869504,-13.95514182000357,-11.497150844248855,-8.580660996168538,-5.361610340716826,-2.073981045631748,1.0050451344761813,3.6114441884442754,5.552712061992864,6.751229016303989,7.249866058619641,7.181956651636179,6.672255863668795,5.668537332220435,4.015885736957298,1.6769135309554934,-1.1631165822275158,-3.647249695421329,-4.4736952428711225,-2.6494697675597214,2.719109381827867,11.383940169839171,25.255821796122596
-25.244587315979803,-11.41469115563498,-2.7594396771953327,2.6311235499005114,4.467180458827483,3.637929251094168,1.1432643020248423,-1.694809445712842,-4.021387565362554,-5.658292529133304,-6.649957438163031,-7.154514657486184,-7.2251941981103025,-6.736996616722304,-5.553344069475084,-3.628248809067817,-1.0374154166435057,2.0269325793925423,5.299699615354092,8.502429752658246,11.400573111789102,13.838762142436035,15.74645968018042,17.119297574261783,17.995808905738336,18.439899259129326,18.51016582100872,18.209972177051416,17.483629482331917,16.259630538012573,14.478022281976695,12.105098947422151,9.156013134442574,5.71607848052121,1.9442915761538284,-1.9442918195361203,-5.716077436922313,-9.156010488292477,-12.105095540543475,-14.478018654733184,-16.25962873316,-17.48363271121758,-18.209970702988752,-18.51016768882637,-18.4399013702197,-17.995799901850372,-17.11928660990656,-15.746442914445172,-13.83874487983025,-11.400556627860135,-8.502414145947082,-5.299684003152887,-2.0269168833463564,1.0374299571543937,3.628279463991637,5.553364210650594,6.7369823517221885,7.225223854859692,7.15453429524748,6.649954722045157,5.658262041030074,4.021359323393293,1.694869940505456,-1.1433036144004054,-3.637937359758907,-4.467215026027142,-2.6311680488407547,2.759400574220728,11.41465822015209,25.24456247981202
-25.23713360297925,-11.446485018864616,-2.799440333661678,2.6132319887645594,4.460959677607071,3.6285333152255994,1.123387337044658,-1.7128275677049467,-4.027183470720186,-5.648729901230364,-6.628701479169992,-7.128234814775038,-7.201499598587216,-6.723272547911102,-5.554025461618399,-3.644655522934072,-1.069017007753944,1.9809044646868847,5.239027590415302,8.425705132342932,11.30588204331417,13.724766438992567,15.613350881673286,16.96943091459236,17.83378179801155,18.271961290947424,18.343188894962413,18.05101112798693,17.339421190302534,16.13546075067711,14.377047874292847,12.028290420620785,9.10277119173094,5.685027089723723,1.934085484646432,-1.934086204377299,-5.685026642671562,-9.102769305073634,-12.028287839385271,-14.377044857879008,-16.135459456895227,-17.339424161320018,-18.05100903562941,-18.34319029343344,-18.271962326816904,-17.833771550486386,-16.96941929022757,-15.613333843669851,-13.724748701145874,-11.305865257794654,-8.42568920423946,-5.2390116375670175,-1.9808886004344863,1.0690318915034511,3.644686279164486,5.554044858495897,6.723259809121002,7.201529532459815,7.128254648439095,6.6286984220341205,5.648698818021943,4.02715466526274,1.712889611075286,-1.1234297022445092,-3.628540571421871,-4.460993895403622,-2.6132765576448533,2.799400681894249,11.44645132553108,25.237107822107344
-25.23332818494801,-11.479292145290971,-2.839141723341315,2.5957384493620164,4.4549873515528375,3.619054979523778,1.103463484688892,-1.7308953506324372,-4.03328423809808,-5.639854732602216,-6.608455858906513,-7.103062978423589,-7.178730339684148,-6.71006968426313,-5.554750522452106,-3.660663493805896,-1.0998751148049393,1.9358675200296145,5.179561283802466,8.350450251510916,11.213034536565248,13.613100550649053,15.483116613731822,16.822957018969184,17.67555219629774,18.10803515268651,18.180202379408207,17.895778226493192,17.198468935436484,16.01393757138357,14.278053354358835,11.95282607161345,9.050337811836703,5.654382356606103,1.924002542776421,-1.9240037617825632,-5.654382520745144,-9.050336675794943,-11.952824310955853,-14.278051021877738,-16.0139368066302,-17.198471702772977,-17.89577585577498,-18.180203178817838,-18.108035048598992,-17.67554105965993,-16.82294477164464,-15.483099313920526,-13.61308235646518,-11.213017424913309,-8.350434014121403,-5.179545010558494,-1.9358515031545604,1.0998903331502388,3.6606943473900215,5.554769245157915,6.710058461397146,7.178760587466015,7.10308288680912,6.60845247154288,5.639823163499112,4.033255101244144,1.7309586745375507,-1.1035084247010454,-3.619061579418129,-4.455021165527444,-2.5957830438773035,2.8391016236617723,11.479257801985144,25.233301581842223
-25.233005831289372,-11.51304256582005,-2.8785334792521047,2.5786325370789127,4.449252348801514,3.609495934756652,1.083505581880024,-1.748999480083658,-4.039673428405599,-5.631642098719473,-6.589185416227409,-7.078962192877048,-7.15685927753332,-6.697376327353156,-5.55552220043615,-3.676286845499164,-1.130010457790826,1.8917983312863091,5.121275879279798,8.276637267266711,11.1219955068936,13.503717421825304,15.355694858591042,16.679798330045212,17.521029588264117,17.948022482395338,18.021109397497995,17.744186961791183,17.06070332856539,15.895011013654484,14.181008042324864,11.878691066528717,8.998709225618432,5.624145807261584,1.9140435281861856,-1.91404526151332,-5.624146593355099,-8.998708834645576,-11.878690094173752,-14.1810064001689,-15.895010780784505,-17.060705967299963,-17.74418453341461,-18.021109601100125,-17.94802129821101,-17.521017803395676,-16.679785501926975,-15.355677341937946,-13.503698833716731,-11.121978080319288,-8.276620730953649,-5.121259296157978,-1.8917821578020408,1.1300260146990002,3.676317762628093,5.555540302050849,6.697366617129916,7.15688987231364,7.07898221477931,6.5891817553600776,5.631610193619216,4.039644074870846,1.7490639254732818,-1.083552656597694,-3.609502089551908,-4.449285733027111,-2.57867713475794,2.878493017937597,11.51300764920624,25.232978486237517
-25.236028228774387,-11.547685910861803,-2.9176076685368986,2.5619034082356498,4.443746586881687,3.599860503677874,1.063526197230499,-1.7671281232016662,-4.046336051874019,-5.624068879662348,-6.570858030768684,-7.055900106857868,-7.135865730908765,-6.685190286668219,-5.556357202380586,-3.691558638979701,-1.1594686777752468,1.848642537761949,5.06411021970285,8.20419907144185,11.032689924419316,13.396529904242236,15.230983543910318,16.539837204730503,17.37008343733509,17.79178521461249,17.865773299379484,17.59611100926214,16.926015372749145,15.778593214747858,14.085846845015425,11.805843122928833,8.947861473213162,5.594305152519095,1.904205790965172,-1.9042080129070729,-5.594306528508779,-8.94786177697044,-11.805842881086084,-14.085845854079173,-15.77859346868132,-16.926017910633927,-17.596108636795424,-17.86577297899128,-17.79178309273069,-17.37007121771651,-16.539823847937555,-15.230965847384214,-13.396511033828254,-11.032672260010864,-8.20418227886945,-5.064093359562961,-1.848626223816555,1.1594845695385587,3.6915895759471073,5.556374682453799,6.685181987630837,7.135896688759189,7.055920463575329,6.570854281417111,5.624036773139877,4.046306505885587,1.7671935714197846,-1.063575027982924,-3.5998664622117658,-4.443779625415596,-2.5619479973205936,2.9175669567824736,11.547650519238196,25.236000249941004
-25.24223475494555,-11.58315189680366,-2.956353856648774,2.545544920160424,4.438459920253021,3.5901494240378145,1.0435351918648803,-1.7852704314040193,-4.053257357333454,-5.617111768026024,-6.553440774578384,-7.033841843447375,-7.115722987498098,-6.67349823352886,-5.557254960755715,-3.70648757289174,-1.1882626888245298,1.8063870128052903,5.008052757705695,8.133122538306852,10.945097407758633,13.291506134952678,15.108936679593624,16.403013768163174,17.22264208264692,17.639245233774304,17.714117404019266,17.451483055990156,16.794353161982908,15.66464946927065,13.9925521508099,11.734275887894311,8.897796328159261,5.5648663056862295,1.8944905758444937,-1.894493305296544,-5.564868283525437,-8.897797365559342,-11.734276422017606,-13.992551849925636,-15.664650226548003,-16.79435569680799,-17.451480930303823,-17.71411663976448,-17.63924229863271,-17.22262965877024,-16.402999981060347,-15.108918856720912,-13.29148704530992,-10.945079526214055,-8.133105515812662,-5.0080356411007285,-1.806370569646888,1.1882789077398328,3.706518509869915,5.557271860386575,6.673491504263248,7.115754273754554,7.03386253678259,6.553436969613773,5.617079667790648,4.053227682632497,1.7853369497658405,-1.0435853890648314,-3.590155189664405,-4.438492489107347,-2.545589533926327,2.9563129287174754,11.583116108341144,25.24220623012765
-25.25149736147173,-11.619395145960873,-2.994763427628598,2.5295479312302467,4.433385367246198,3.580367238256441,1.0235434808891677,-1.8034163878185283,-4.060423597768031,-5.610748702240751,-6.53690331378828,-7.012756891069696,-7.096411373286916,-6.66229758243018,-5.558230843764722,-3.7211047681618834,-1.2164359679686017,1.7649796550380268,4.953044213778992,8.063342659138607,10.859145536104966,13.188561497828136,14.989454515348683,16.26921265935363,17.078577710613214,17.490267563164544,17.56600795944096,17.31017885270686,16.66560839142776,15.55309152515172,13.901057015438846,11.663946247483018,8.848488881590482,5.535815140618143,1.8848955837835308,-1.884898786883296,-5.5358176682005125,-8.848490552965067,-11.663947449618115,-13.901057354754547,-15.55309274039751,-16.665610941486833,-17.31017697153146,-17.566006811561525,-17.490264000397865,-17.078565234500203,-16.269198574667456,-14.989436646060312,-13.188542273176685,-10.859127510376798,-8.063325470466458,-4.953026893882104,-1.7649631221748323,1.216452496887036,3.7211356462559486,5.558247227199327,6.662292470935649,7.09644252661483,7.012778063151069,6.53689970338086,5.610717056877256,4.060393568094155,1.803483831459191,-1.0235945678487677,-3.5803730540231555,-4.433417491911834,-2.5295925294850763,2.9947223747350966,11.619359035279269,25.251468383227223
-25.26370309802436,-11.656380119052452,-3.03282994069649,2.5139005065932483,4.428516724397452,3.5705205020883404,1.0035632277859965,-1.8215567015658567,-4.067821208624603,-5.604958449532591,-6.521217749550721,-6.9926186172806775,-7.077916705780034,-6.651591455403403,-5.559306911182827,-3.735449960992373,-1.2440428072128218,1.724355709946536,4.899009699354604,7.994778455799503,10.774747885577185,13.087598418153515,14.872424605732084,16.13830645834996,16.937752922350715,17.34470610650058,17.421300542142433,17.17206452959686,16.539660688506743,15.443818884823031,13.811281199667608,11.594803414595324,8.799908605779862,5.50713189906536,1.8754184676644292,-1.8754219310798412,-5.507134694514517,-8.79991057163731,-11.594804879988349,-13.811281600169336,-15.443820549745752,-16.53966362059285,-17.172060561077522,-17.42130039981744,-17.344704254882963,-16.937738348548073,-16.138292499129772,-14.872407154256514,-13.087578932786862,-10.77472963185076,-7.994760981501797,-4.8989920378902045,-1.7243388800700905,1.2440598439977304,3.735480799127608,5.559323974054341,6.651588292745927,7.077945568502321,6.992640609380911,6.521215222271688,5.604928497889112,4.067790089399678,1.8216228223665696,-1.0036136408176024,-3.570526703545682,-4.428549046229021,-2.513945705713978,3.032788334111446,11.656343366135696,25.26367347629097
-25.278708755027026,-11.69404544593672,-3.0705465026052137,2.498596695031617,4.42384228102108,3.560607179859008,0.9835983826093768,-1.839684283110241,-4.075438950537529,-5.599722507941687,-6.50635525763535,-6.973394908938403,-7.060210732867963,-6.641365483961373,-5.56048093327492,-3.749530523563839,-1.271095910671712,1.6844999912229257,4.845935309509919,7.9274123042075795,10.691876486490946,12.988577082338637,14.757793925192988,16.01022984699016,16.800090178478477,17.202478895227575,17.279913861105346,17.037067407875163,16.416453239255514,15.336791676502708,13.72320526201161,11.526834438431525,8.752052408315581,5.478823471419955,1.8660573344040825,-1.866061012599794,-5.478826465375311,-8.752054582405563,-11.526836069925285,-13.723205576964476,-15.336794082169142,-16.416456777270678,-17.037060181828892,-17.279915969176884,-17.202479750350093,-16.800072170611706,-16.01021614443638,-14.757777056394277,-12.988557096264294,-10.6918578381942,-7.927394423234864,-4.84591720447211,-1.6844827591168536,1.2711135591414866,3.749561548085333,5.5604987201615765,6.64136360908371,7.060238818395978,6.97341747600344,6.506353477614702,5.599693233966251,4.07540743895506,1.8397492336033705,-0.983648509474693,-3.560613939603752,-4.423875032029293,-2.498642607317055,3.070504275329112,11.694007964184047,25.2786784332617
-25.29640561776184,-11.73235535023042,-3.107908505731189,2.4836259304409145,4.419354874257356,3.5506319614796937,0.963657306651798,-1.8577910144586527,-4.083265552312294,-5.595022218447313,-6.492290177521123,-6.955060209623323,-7.04327726720281,-6.631620129768306,-5.561770780100682,-3.763380516877655,-1.2976423739416016,1.6453556459040033,4.793756406954065,7.861173105799692,10.61045255524749,12.891407515657376,14.64545919125352,15.884865716148097,16.66546066284878,17.06345209467285,17.141715124115105,16.905062446174778,16.29587655556838,15.231919514164536,13.636760770896808,11.459993569235191,8.704893686288857,5.450876295494592,1.856808717424532,-1.856812622191605,-5.450879485386391,-8.704896047681776,-11.459995341517809,-13.636760975962597,-15.231922841868382,-16.29588060444968,-16.905051717339862,-17.14172001874484,-17.06345568291487,-16.66543893605358,-15.884852243463142,-14.645442868958105,-12.891386854344791,-10.610433422249724,-7.861154737973652,-4.793737765247171,-1.645337907540462,1.2976606990660795,3.763412074353042,5.561789378765975,6.631618325959753,7.043306419483471,6.955083075798675,6.492288779439493,5.594992504451034,4.083234159086831,1.857855912850158,-0.9637080909399603,-3.55063901070784,-4.419388253645523,-2.4836727941068157,3.10786548422405,11.732317001565615,25.29637447554309
-25.316642659117228,-11.771239834136,-3.144901981456939,2.4689923145677333,4.415048840087929,3.540595553008941,0.9437469849470892,-1.8758702195512045,-4.091288228088123,-5.590835771499694,-6.478992482396881,-6.937581583780999,-7.027088638466809,-6.622334070334127,-5.56316311916625,-3.776990104409242,-1.3236708507592716,1.6069393368975775,4.742496345143355,7.796085434193697,10.530493761938647,12.796096071721689,14.535413525653096,15.76219480738064,16.533833415904194,16.927591296518848,17.006670732295134,16.776020747776478,16.177914486471437,15.129198374304655,13.551953367121852,11.39429057101558,8.658443373386646,5.423300844423487,1.8476753350544093,-1.8476795789811025,-5.4233043738152,-8.658446080566684,-11.3942926612543,-13.551953767513558,-15.129202490428584,-16.177918656227202,-16.776008743001146,-17.00667704264146,-16.927595961670292,-16.533810255279292,-15.76218123166088,-14.5353975850487,-12.796075048174686,-10.530474310203603,-7.796066707832212,-4.742477299108912,-1.6069212269130129,1.3236897117355335,3.7770219754517536,5.5631819587026765,6.622332880674916,7.027118896923443,6.937604485377059,6.478991265293925,5.590805879279332,4.091257956223645,1.875934540373604,-0.9437975506789612,-3.5406029232070484,-4.4150825125808,-2.4690398412720844,3.144858475370583,11.77120091713564,25.316610928867178
-25.339333398513777,-11.810677745137513,-3.181524649226041,2.4546811280343417,4.41091690789529,3.530503021691096,0.9238742852025624,-1.893915816002096,-4.09949795522147,-5.587146747437629,-6.466439547987002,-6.920937275223616,-7.011633486220561,-6.613513911963976,-5.564684263047633,-3.790405525326762,-1.3492452551119076,1.5691727304157643,4.6920638954398015,7.7320493164352575,10.45189318701572,12.702525353484882,14.427526311891151,15.642072952879698,16.405054735782244,16.79473539404958,16.87462075461566,16.6497922601253,16.062430146315446,15.028511710603324,13.468690305531162,11.329661969671996,8.612662267776974,5.396074244525448,1.8386519964911845,-1.8386564912160024,-5.396078023555671,-8.612665246301287,-11.329664294257046,-13.468690816917434,-15.028516478413952,-16.0624342637608,-16.64977910613622,-16.874628271586932,-16.7947409165967,-16.405030358635372,-15.642059259739622,-14.42751072885847,-12.702504019679829,-10.45187346302108,-7.732030294856511,-4.692044508708611,-1.569154313970926,1.3492645566194927,3.7904376421730657,5.564703303344262,6.613513005478905,7.011664806122702,6.920960235744976,6.466438499698015,5.587116627485999,4.099468630879587,1.893979622103952,-0.923924793817423,-3.5305108097401603,-4.410950867073973,-2.4547291408653718,3.1814807742652333,11.810638322220694,25.33930114211853
-25.36433712983485,-11.850605576674091,-3.217765029395182,2.440694656198392,4.406953041074555,3.520355496660362,0.9040448091121156,-1.9119217010173235,-4.107883354586519,-5.583935535683142,-6.454603544424488,-6.905096310510707,-6.996884458357368,-6.605138688818173,-5.566319749844087,-3.8036156308008464,-1.374352994116062,1.5320723266990917,4.642480836661373,7.669086253227358,10.3746646060485,12.610698242643512,14.321788182339931,15.524478854345418,16.279093474895216,16.66484853721962,16.74553018746295,16.526347753312425,15.949405875757863,14.929853357241676,13.386976322242417,11.26611606560858,8.567560003003464,5.369207186266365,1.8297402130144431,-1.8297449852681555,-5.36921125972452,-8.567563308602157,-11.266118697063057,-13.38697708696262,-14.929858688098882,-15.949409830822804,-16.52633438417459,-16.74553831012455,-16.664854320116767,-16.27906880546448,-15.524464923318105,-14.32177290559024,-12.610676774345608,-10.374644698243332,-7.669067022606866,-4.642461209762405,-1.532053709783439,1.3743726457660674,3.803647800858757,5.566338652832385,6.605138523343204,6.996916444242198,6.905119389553689,6.454602681794899,5.583905512098411,4.107855184072062,1.9119846000938248,-0.9040947594560856,-3.5203638038960943,-4.406987047002946,-2.440742890186018,3.217721013417259,11.850565857844584,25.36430453772349
-25.391559703759004,-11.890993661723543,-3.2536186277483146,2.427023553449507,4.403150535253899,3.510156230454874,0.8842634939734139,-1.9298833280666237,-4.11643571691656,-5.58118603836544,-6.443461930113964,-6.89003589563864,-6.982826413983747,-6.597207619837415,-5.568084610938198,-3.816650714620176,-1.3990370248930188,1.495585935915222,4.593687220260114,7.607130085941528,10.298734918606147,12.520531297530455,14.218102866963994,15.40930376622491,16.155831197639404,16.537806593976757,16.619275707395875,16.405571824173155,15.838738562162323,14.833137600804507,13.306744984655875,11.203608418625654,8.523110054002027,5.342685018556712,1.820936683875257,-1.8209417178539284,-5.342689371010283,-8.523113677956855,-11.203611356419731,-13.306746026287778,-14.833143413731795,-15.83874231222323,-16.405558520462108,-16.619284232286873,-16.53781245873757,-16.155806518241135,-15.409289596083264,-14.21808788760528,-12.520509781053512,-10.298714869624206,-7.607110690269649,-4.593667409701225,-1.4955671731788456,1.399056950712968,3.8166828377944015,5.568103297407476,6.597208268149961,6.982858871728128,6.890059128945729,6.443461287610514,5.581156257895499,4.116408680621394,1.9299451830968384,-0.8843127044715388,-3.510165083141692,-4.403184498283513,-2.427071893253309,3.2535745696989804,11.890953742126326,25.391526852251975
-25.42088396165076,-11.931794204212354,-3.28907588934284,2.413667818966903,4.39950495816393,3.499908178573687,0.8645355617712798,-1.947795643221597,-4.125145109957706,-5.578880645341257,-6.432989939466669,-6.875729199660416,-6.969436941433492,-6.589706770770529,-5.56997403449408,-3.8295130067152856,-1.4233027396799005,1.4597074460227368,4.545677612082503,7.546173306864486,10.224089676553705,12.431999910843318,14.11643371812213,15.29649937445027,16.035210079921296,16.413546852410278,16.49579506253552,16.28740773383719,15.730382128998505,14.73833070859142,13.227975147963972,11.142127553945436,8.479307861131856,5.316507949894497,1.812240992667416,-1.8122463351726763,-5.316512641258409,-8.47931187923958,-11.142130878448697,-13.227976602789695,-14.738336957715836,-15.730385668460247,-16.28739514680453,-16.495803550583727,-16.413552485829864,-16.035186110293466,-15.296484904314273,-14.116418943051851,-12.431978473131691,-10.22406956655418,-7.546153800415825,-4.545657659253244,-1.4596885729691054,1.4233229486627752,3.8295450082737146,5.56999233925778,6.589708676478697,6.969469522884984,6.87575249629923,6.432989573982487,5.578851523916268,4.125119529015091,1.9478561368724647,-0.8645834728407322,-3.499917597737748,-4.399538769187028,-2.41371621655854,3.289031851341337,11.931754166473972,25.42085091078666
-25.45223047013397,-11.97298600541232,-3.324137619120698,2.400613818335951,4.396007622934374,3.489613836370858,0.8448649418636073,-1.965655226828365,-4.13400429782376,-5.577005529918144,-6.423168239167154,-6.862157161904158,-6.956704802975468,-6.582639658964167,-5.5720084453102015,-3.8422399096306536,-1.4472016810438797,1.4243736127931557,4.498378902404872,7.486135015312575,10.150640723486037,12.34500669532436,14.016671891115354,15.18594550433021,15.917100899263628,16.291935198171558,16.374955018890994,16.17172987831918,15.624223618437972,14.645337827273377,13.150593262473134,11.081623344501214,8.436123322653424,5.29066008618485,1.8036486738139732,-1.8036542641065767,-5.290665060814319,-8.436127686363085,-11.081627006984704,-13.15059510461074,-14.645344380512132,-15.624226917290123,-16.171718249181936,-16.37496319271646,-16.291940324035128,-15.917077879634236,-15.185930757346352,-14.01665728090308,-12.34498539785536,-10.15062057526043,-7.486115447500556,-4.498358881511617,-1.4243547105817065,1.4472220626511023,3.842271638302103,5.572026290414145,6.582642799570512,6.956737391278617,6.86218041614749,6.423168096113966,5.576977110763397,4.133980168521361,1.9657141914633471,-0.8449115155033432,-3.4896239620265086,-4.396041216296823,-2.4006620507275147,3.3240937537820345,11.972945963949694,25.452197332783232
-25.48549987611372,-12.014531525626008,-3.358796719834515,2.3878591228225003,4.39265456426645,3.479276379043224,0.8252556056916682,-1.983458276686915,-4.143005009768838,-5.575545187020842,-6.413975040546719,-6.849296609197692,-6.944611950800431,-6.575997978287555,-5.574190212475059,-3.854842940671829,-1.4707515879576292,1.3895635331218137,4.45176802227511,7.426988784192656,10.078355559361649,12.259509810651704,13.918762931119016,15.077577146742131,15.801429684677167,16.1728928705574,16.256677071628637,16.058465800924797,15.520200391752516,14.554109981060533,13.074563262968375,11.02207367940536,8.393544574267768,5.265135739595302,1.795158512186964,-1.795164334760844,-5.265140984081219,-8.393549256408878,-11.022077635244369,-13.074565481314892,-14.554116776420344,-15.52020346430494,-16.058455208134554,-16.256684859733888,-16.17289745561825,-15.801407698365876,-15.077562140008856,-13.918748453224683,-12.259488718713753,-10.07833540956511,-7.426969165335202,-4.451747941705141,-1.3895446009019488,1.4707721473517898,3.854874320400088,5.574207560284578,6.576002392361733,6.944644468607482,6.849319874670492,6.413975089631727,5.575517533492994,4.142982247342885,1.9835156503231968,-0.8253007340322506,-3.479287195360293,-4.392687926581165,-2.3879071885999457,3.3587530340183496,12.014491511002788,25.48546668560333
-25.520620125500308,-12.056411767598297,-3.3930565797918617,2.3753889214599493,4.389436295190162,3.4688967550251344,0.8057096910121456,-2.001202724224195,-4.1521410295347545,-5.574486989972366,-6.405392699670411,-6.837130415566256,-6.933148686034556,-6.569786098439828,-5.576540192607332,-3.8673593543540585,-1.4940036611583332,1.355214681566303,4.405772848691709,7.368654458128668,10.007147596969208,12.1754152661921,13.822601892630166,14.9712794468945,15.688073087183929,16.056292246747056,16.14083445067324,15.947495878652628,15.418204519691216,14.464556674317707,12.99981443399527,10.963430769125312,8.351543071716861,5.239919747763459,1.7867659180247053,-1.786771965841925,-5.239925243216055,-8.351548042139203,-10.963434992312884,-12.999817015501964,-14.464563687405905,-15.41820740281118,-15.947486085684478,-16.14084194228408,-16.056296440834984,-15.68805198447131,-14.9712642922575,-13.8225875212006,-12.175394347713032,-10.007127439643,-7.368634791884703,-4.40575269699471,-1.3551956970159509,1.4940244108726382,3.8673904804035137,5.5765572500053855,6.569791534972442,6.933181174032311,6.837153615328508,6.405393015615104,5.57446011816792,4.152119561382334,2.0012587957367867,-0.8057534911643296,-3.4689080833329395,-4.3894695680859925,-2.3754370011773687,3.393012941726824,12.05637169535004,25.520586812181456
-25.55747622132336,-12.098576886668289,-3.426905461160804,2.3632091878696,4.386351992656896,3.4584754842835777,0.7862301115403894,-2.0188850462365133,-4.161402824750645,-5.573813988484792,-6.397397906057175,-6.825632422033616,-6.922291167349584,-6.56398349522255,-5.579041962411317,-3.879772362790706,-1.5169415494037948,1.3213487686384036,4.360420199587214,7.311157256651092,9.937036101273472,12.09273421380154,13.728186581993263,14.867039982116545,15.577009928738216,15.94210862736825,16.02740273326933,15.838799172530408,15.318223663974171,14.376674472576113,12.92634772624007,10.905700937603315,8.310125248303594,5.215017677591362,1.778472105604487,-1.7784783681456473,-5.215023436257424,-8.310130543422153,-10.905705487400642,-12.926350782832682,-14.376681561492834,-15.318226321314034,-15.838791205995513,-16.027409218680354,-15.942111787603276,-15.576990687295796,-14.867024561287485,-13.728172232579825,-12.092713638103705,-9.937016014094006,-7.311137618434637,-4.36040009605133,-1.3213298581687556,1.5169624225637417,3.879802919893684,5.579058217919587,6.5639909637802285,6.922323007455353,6.825655421580929,6.3973983124045,5.573788357394768,4.161382988708898,2.018939077666209,-0.7862717960598099,-3.4584876735920087,-4.386384867189186,-2.363256936659829,3.426862147524547,12.09853699101313,25.55744298443725
-25.59600335837581,-12.141010025314738,-3.4603459998544377,2.3513074980858524,4.383397445770679,3.44801249308948,0.7668177041536484,-2.0365021475278127,-4.170783347235866,-5.573514374758819,-6.3899756343288825,-6.814789604844072,-6.912034364938633,-6.558599079542622,-5.581718592364348,-3.89211758958003,-1.5396263730824642,1.2878987109059503,4.315636288687679,7.254414636519633,9.867932727526489,12.011369433892677,13.635413540347209,14.764744071497732,15.468117926766398,15.83021437919673,15.91625539830202,15.732257231561215,15.220150151238435,14.2903712254361,12.854091373321946,10.848833244203323,8.269260575661159,5.190412824540379,1.7702728368328884,-1.770279229923429,-5.190418747260176,-8.269266073348895,-10.848837983517331,-12.85409475485416,-14.290378294605988,-15.220152605740312,-15.7322505525602,-15.916261092988735,-15.830216736268111,-15.468100068181071,-14.76472854428833,-13.63539921883207,-12.011349163423402,-9.867912715452356,-7.254395038229842,-4.315616241723219,-1.2878798747887965,1.539647340714567,3.8921475900096594,5.581734239004252,6.558607955794941,6.9120658091766645,6.814812374392828,6.389976145123043,5.57348968704923,4.17076494226764,2.0365543278336773,-0.766857617764792,-3.4480254779754205,-4.3834300563842135,-2.351354953840517,3.460302957897877,12.140970267823892,25.595970179074065
-25.63609078776207,-12.18366332274779,-3.4933669252303936,2.339694281998612,4.380570581043732,3.4375120959265355,0.7474754092142776,-2.054051564256952,-4.18027669365136,-5.573574841490751,-6.383105010396396,-6.804576883515638,-6.902352877927113,-6.553609786706209,-5.584548085363142,-3.904375047632774,-1.5620353861861285,1.2548909687949972,4.271453957330289,7.198461939536829,9.799864256502016,11.931332404791402,13.544287445692405,14.66438680626705,15.361385065305074,15.720592300982153,15.80737461078302,15.627855331916347,15.123977181201008,14.205647358726155,12.783056029076812,10.79283129632448,8.228953237214245,5.166113167021455,1.7621688760253151,-1.7621753422002808,-5.166119184763245,-8.228958840354808,-10.792836091058737,-12.783059574139342,-14.205654345217695,-15.123979444154832,-15.627849322252343,-15.807379760753324,-15.720594091836611,-15.361368016066598,-14.66437129148066,-13.544273153073105,-11.931312367147845,-9.799844283541256,-7.19844235136263,-4.27143391886829,-1.2548721440985655,1.5620564194989526,3.904404611724607,5.584563593545275,6.553619023539465,6.902384336455205,6.80459954849827,6.383105714915652,5.573550724262832,4.180259187649794,2.0541024172183238,-0.7475142482076987,-3.437525516421897,-4.3806031273805965,-2.339741654407937,3.4933239608707862,12.183623571521675,25.63605757028007
-25.677651033286327,-12.22650428650594,-3.5259630034522678,2.32836854415194,4.3778642028710095,3.4269792253148283,0.7282063392262912,-2.071532727820557,-4.189878789406548,-5.573983786916596,-6.376767527764616,-6.794972922666954,-6.893227715613116,-6.549004036338056,-5.587528287502221,-3.916554309182344,-1.5841735814357236,1.2223132265432028,4.227857651731936,7.143283282425549,9.732808277231817,11.85259115858786,13.454765583916757,14.565917159912289,15.25675314405309,15.61318032552929,15.700698119187493,15.52553494712716,15.029654555414735,14.122463496599286,12.713215084458822,10.737676866319967,8.189192886299232,5.142114959599935,1.7541588234585777,-1.7541653524619574,-5.1421210484104805,-8.189198579078832,-10.73768172398781,-12.713218749683213,-14.122470334855176,-15.02965658722326,-15.525529293611404,-15.700702942587448,-15.61318176350166,-15.256736600834186,-14.565901665664176,-13.45475127946683,-11.852571309837453,-9.7327883334559,-7.143263663332212,-4.227837552191352,-1.2222943253985417,1.5841947112761297,3.9165836216104415,5.587544051725966,6.549012987128175,6.893259254137898,6.794995606217571,6.376768666956137,5.573960256764463,4.189861809292497,2.071582699295392,-0.7282444744337468,-3.426992815829427,-4.377896926099076,-2.32841610009912,3.525919899318737,12.226464375486142,25.677617630764036
-25.72060761517131,-12.269507153713738,-3.558132100583245,2.3173247339519154,4.375272356379686,3.416416025381553,0.7090120653708087,-2.0889448781712767,-4.199584615176822,-5.574729597398756,-6.3709461052662935,-6.785959005428011,-6.8846439251150064,-6.5447753225270375,-5.59066306436582,-3.928669090410784,-1.6060575809772764,1.1901425944396415,4.184819391568831,7.08884662555564,9.66672715756507,11.775101346942204,13.366792652967137,14.469270321493992,15.15414995078622,15.507902644987746,15.596150575392691,15.425225235813675,14.937119675823888,14.040768198314767,12.644529421032136,10.683346041898744,8.149965492603934,5.118410568766907,1.7462406985858776,-1.746247222498977,-5.118416658263162,-8.149971162728848,-10.683350791250351,-12.644533040019164,-14.040774841395718,-14.93712146544775,-15.425219646819372,-15.596155029576614,-15.507903705146957,-15.154133658151034,-14.469254912125852,-13.366778372532996,-11.775081656195905,-9.666707218931828,-7.088826971177455,-4.184799248035057,-1.1901236316700254,1.6060787080542105,3.928698095715053,5.59067913659534,6.544783594810167,6.88467562337264,6.785981869411182,6.370947548769411,5.574706362995594,4.199567635702641,2.0889941055925862,-0.7090499061095386,-3.416429748551288,-4.3753052295783466,-2.3173723780177817,3.5580888949994,12.269467119363116,25.720574077525157
-25.76489221985808,-12.312649751985129,-3.589874784587725,2.30655511617746,4.372789439281315,3.405824073626155,0.6898942356085912,-2.106286897789028,-4.209388889454086,-5.575801618096608,-6.365626219279997,-6.777520940623695,-6.876592772181573,-6.54092474532373,-5.593965964944673,-3.940744379790713,-1.6277215796741522,1.1583383933981233,4.142293415604188,7.035101541150931,9.601565564405185,11.698801837531962,13.280298754417904,14.374367714903585,15.053490171013118,15.40467099101695,15.49364476630636,15.326843717310648,14.846299502586296,13.9605003906997,12.576951725824152,10.62980804841689,8.111252918479307,5.0949902065548205,1.738411992243275,-1.73841850853646,-5.094996284289219,-8.11125857161121,-10.629812743511678,-12.576955337084613,-13.960506726423665,-14.846300927660014,-15.326838432934052,-15.493648728445867,-15.404671589274932,-15.053474379218104,-14.374352294623794,-13.280284423856369,-11.698782329869095,-9.601545666323064,-7.0350818555794925,-4.142273208237601,-1.1583193382005534,1.627742739893581,3.9407731862597193,5.593982385700611,6.540932294396604,6.876624441308875,6.777543947367716,6.365628149224718,5.575778877895342,4.209371940522586,2.1063354576741435,-0.6899317241685827,-3.405837885502166,-4.372822559269338,-2.306602997337817,3.589831361169534,12.312609509666952,25.76485846790976
-25.81043684224285,-12.35590897190011,-3.6211911271963,2.2960521935226725,4.370409264385342,3.395203745979836,0.6708528269308054,-2.123558686992914,-4.219287406647444,-5.577189900120722,-6.360793539250592,-6.769643663797106,-6.869063558079245,-6.5374507184850295,-5.597446302407941,-3.952799817087501,-1.6491937061549626,1.1268666784707668,4.100240554091708,6.982003958099496,9.53727430461385,11.62363671224292,13.195218968098082,14.281135818915685,14.95469369037576,15.30340171868307,15.39309750566347,15.23031226208541,14.757123989347344,13.881601753722224,12.51043722027052,10.577033201080145,8.073037564083004,5.071844175698815,1.7306702357842318,-1.7306766707453736,-5.071850164554797,-8.073043082843213,-10.57703768017578,-12.510440661482916,-13.88160769189023,-14.75712501170121,-15.23030707069251,-15.3931008871262,-15.30340178091936,-14.954678216714887,-14.281120438137531,-13.195204617643332,-11.623617358504188,-9.537254420961249,-6.981984234954274,-4.100220299936658,-1.1268475503873898,1.649214816739072,3.952828367200063,5.597463029207377,6.537457322472043,6.869095224731421,6.769666842525991,6.360795770288593,5.57716736857907,4.219270188423373,2.1236065283144145,-0.6708902071077029,-3.3952177009423044,-4.370442587508279,-2.296100206975681,3.62114752030233,12.355868545352786,25.81040291598629
-25.857151790544208,-12.39924958433381,-3.652072780633855,2.2858230378745503,4.368131444195984,3.3845564806536568,0.6518889163691491,-2.140758834304411,-4.229274187698468,-5.578881837333912,-6.356429401111353,-6.762305146844873,-6.86203388442154,-6.534331395025193,-5.601082595252049,-3.9648120488838265,-1.6704496623152376,1.0957554542169468,4.058692597682485,6.929584463786739,9.47387723243983,11.54962104929568,13.111559174834698,14.189570873126296,14.857749631486035,15.204080243174545,15.294494020983954,15.13561817641624,14.66958639785696,13.80407057543763,12.444987951728068,10.525024879471376,8.035322012784798,5.048976335314967,1.7230156223353268,-1.7230219983887698,-5.048982263891218,-8.035327439641918,-10.525029208555924,-12.444991314988924,-13.80407606129497,-14.669586985113966,-15.135613636564248,-15.294496446234731,-15.20407944665112,-14.857735043575104,-14.189555431431424,-13.11154470515414,-11.549601893999196,-9.47385738631333,-6.929564717221238,-4.058672305208606,-1.0957362598965623,1.670470742537295,3.964840359067992,5.601099462110018,6.534337407158587,6.86206542281664,6.762328421517661,6.356431905080543,5.578859685415512,4.229256871541619,2.1408059823080507,-0.651926007499445,-3.384570642086923,-4.368164973190769,-2.285871205351755,3.652029000339225,12.399208990404658,25.85711769919348
-25.90498317079621,-12.44265512957733,-3.682524476526038,2.275854735519027,4.365947623884905,3.373882431504561,0.6330020144818124,-2.157887637655755,-4.239346295284093,-5.58086963307735,-6.352522951438319,-6.7554955118164255,-6.855500213272922,-6.531575497135266,-5.604898272308701,-3.976819653885295,-1.6915403091339782,1.0649444992060777,4.017581392500963,6.877769333590999,9.411296800009186,11.476672154876814,13.029229495247463,14.099576262143309,14.76255571739219,15.106601552713814,15.19773014183627,15.04266292874131,14.583597013760514,13.727830889343146,12.380544515930405,10.473742204181724,7.998082096011415,5.026372786870216,1.715444813789097,-1.7154511150568847,-5.026378634243583,-7.998087399814487,-10.47374634482108,-12.380547758505934,-13.72783581895482,-14.583597114298282,-15.042659162829407,-15.197731404925312,-15.106599723933272,-14.762542172481911,-14.099560736696173,-13.029214843336652,-11.476653209628026,-9.411277001022023,-6.877749562016212,-4.017561055329843,-1.064925230621628,1.6915613383539874,3.9768477721598474,5.60491531108696,6.531580650380704,6.855531699921193,6.755518965208935,6.352525739118378,5.580847735746114,4.239328566619087,2.157934485736841,-0.6330391236901751,-3.373896718373301,-4.365981379622423,-2.2759031014113744,3.682480470944705,12.442614334697128,25.90494889001155
-25.95385111488444,-12.486094930913367,-3.712538765140125,2.2661532161028592,4.363857622772709,3.363183780892513,0.6141931135967688,-2.1749443333528826,-4.249498740840157,-5.583142106726705,-6.349057351166133,-6.749194769232126,-6.849442332605387,-6.529163837632939,-5.60887491933057,-3.988803477529904,-1.7124454496982784,1.0344564971696053,3.9769320090253855,6.82658236869579,9.349550688475436,11.404799222954818,12.948229653236938,14.011142601687071,14.66909607049079,15.010945435046631,15.102785044448936,14.95142808149015,14.499142177941136,13.652874096982757,12.31710279208148,10.42318361993249,7.961316914554791,5.004034691488225,1.7079576328730626,-1.707963865010612,-5.004040464245487,-7.961322112548878,-10.423187609027286,-12.317105937190062,-13.652878458536849,-14.499141830067328,-14.951425051756544,-15.102785203634992,-15.010942622385908,-14.669083530996328,-14.01112700430745,-12.948214794725626,-11.404780479343268,-9.34953093525367,-6.826562561521072,-3.976911608638423,-1.0344371332892344,1.7124664511750878,3.988831459702372,5.608892110969186,6.529168198681592,6.8494737228699885,6.749218455306375,6.349060460400666,5.583120517554122,4.2494805144861,2.1749910552795138,-0.6142302568145447,-3.363198182018396,-4.363891685374959,-2.266201859148238,3.71249449805688,12.486053913507886,25.953816624958137
-26.003703762421207,-12.52955163785664,-3.742121214773901,2.256705326584354,4.361852975451915,3.352460318266664,0.5954613814633529,-2.1919297226522154,-4.259728943610309,-5.585692114851167,-6.346022758318259,-6.743394320284299,-6.843857946970943,-6.527106281615125,-5.613036758994988,-4.00080290180342,-1.7332165480102153,1.004230970797043,3.93667630883154,6.7759500221498135,9.28856223683299,11.333921467303592,12.868472171098496,13.924176398039076,14.577273496394003,14.917011630011965,15.009559624379454,14.861818780069129,14.416136799861444,13.57912801333361,12.2546061100061,10.37331009836504,7.925003695711362,4.981948705922019,1.7005509554535796,-1.7005569691615432,-4.981954217645599,-7.9250085471692335,-10.373313637033846,-12.254608803335616,-13.579131482380657,-14.416135740169754,-14.86181595040356,-15.009558595035204,-14.917007781842871,-14.577261621917025,-13.924160738759111,-12.868457097871085,-11.333902917422405,-9.288542537737555,-6.77593017272974,-3.9366558249667847,-1.0042114782802258,1.733237463891399,4.000830758122995,5.613054408725096,6.527108879681572,6.843889116091405,6.743418258871048,6.346026244452247,5.585670546373006,4.259709561565303,2.1919762568099816,-0.5954990684718943,-3.352474675565942,-4.361887499110792,-2.2567543838337527,3.742076473805649,12.529510240355483,26.003668957935258
-26.05447047678737,-12.57299737909527,-3.7712665037440014,2.2475135663091,4.359932078147753,3.3417132652727624,0.5768071271283954,-2.208843908591256,-4.270033020196084,-5.588510342447171,-6.3434051573629295,-6.73807788282765,-6.838731542179039,-6.525390045370325,-5.617374856382895,-4.012811303478126,-1.7538487269802516,0.9742728433006348,3.896819796230673,6.725876147951697,9.228329991088684,11.26402979615784,12.789940086186878,13.838653228525589,14.48705598622478,14.824765956102844,14.91801904582946,14.773804186627553,14.334553601838996,13.50657183978241,12.19304062547294,10.32411256704509,7.889136798772612,4.960112970556073,1.693223943832152,-1.6932297080403782,-4.960118177726588,-7.889141225033479,-10.32411554960787,-12.193042732406036,-13.506574360237115,-14.334551792844278,-14.773801164560185,-14.91801695574109,-14.824761218660884,-14.487044455472317,-13.83863758044437,-12.789924823124702,-11.264011405754696,-9.228310346513544,-6.72585624211304,-3.8967991974600458,-0.974253182974594,1.753869594900786,4.012839095750774,5.617392872834997,6.525390918393649,6.838762472493978,6.738102010072304,6.34340890299125,5.5884886523533055,4.270012452802344,2.208890291427854,-0.5768454082139199,-3.341727634442797,-4.359967167244085,-2.2475631880501767,3.771221161919371,12.572955505040357,26.05443528274269
-26.10609472998814,-12.616410764588716,-3.799975959429656,2.238571567596801,4.358089589656398,3.3309429618089963,0.5582297087998657,-2.2256870353736176,-4.2804079762845895,-5.591589439624135,-6.341194036940833,-6.733234863128524,-6.834056327803754,-6.524016366548114,-5.62190061329505,-4.024849430239549,-1.7743702718539642,0.9445488753005012,3.857325410369514,6.6763201765881695,9.168809661229949,11.195074551959271,12.712577321842671,13.7545111427452,14.398375182307705,14.734138420365296,14.828093621232687,14.68731925054833,14.254333224509718,13.43515629253149,12.132368826869069,10.2755650982106,7.853700829408327,4.93851909113067,1.685974355669486,-1.6859799337743486,-4.938524066281073,-7.853704928468992,-10.275567654587196,-12.132370472946077,-13.435158030876304,-14.25433081705927,-14.687315980253416,-14.828090753102556,-14.734133032159868,-14.398363776356184,-13.754495573260336,-12.712561916577483,-11.195056270519116,-9.16879004292885,-6.676300197832691,-3.857304682157032,-0.9445290458024158,1.774391102044752,4.024877298406054,5.621918798405892,6.524015640524286,6.834087520724768,6.733259235197541,6.341197948101977,5.591567342966211,4.280386341638737,2.2257339648423224,-0.5582687803931701,-3.330957420241552,-4.358125197102313,-2.2386217188742767,3.7999300989118514,12.6163684682505,26.1060591859576
-26.15850796461484,-12.659765534754326,-3.8282422696031873,2.2298863400809266,4.356326048474654,3.320151208322616,0.5397293017799633,-2.2424597341886865,-4.290850049054969,-5.594919521931015,-6.339373947906085,-6.728846217958174,-6.829811960010832,-6.522963982233546,-5.626591379626464,-4.036892149715206,-1.7947536516911045,0.9150893411169504,3.818225813394393,6.627313603256494,9.110026640186309,11.127073098960382,12.63639204520268,13.67174922929305,14.311224987712515,14.645118074244364,14.739771691054194,14.602352545979066,14.175468900658036,13.364877633421,12.072589477674825,10.22766763473816,7.818695121238377,4.9171682628227895,1.6788019205437206,-1.678807346050872,-4.917173048988046,-7.818698943784068,-10.22766982768142,-12.072590731786017,-13.364878720776636,-14.175466026212655,-14.602348982578915,-14.739768204057803,-14.645112169312108,-14.31121361405012,-13.671733773195776,-12.636376532366322,-11.12705489455207,-9.110007032720718,-6.627293546251947,-3.8182049617300815,-0.9150693551490297,1.7947744516394195,4.0369201012806,5.626609587617788,6.522962027334696,6.82984343081339,6.728870784439714,6.339377959921159,5.5948970540342895,4.290827689175064,2.242506955071464,-0.5397688886979625,-3.3201658516992163,-4.35636209951749,-2.229936974038837,3.828195951027317,12.659722865195253,26.158472110780977
-26.211655705135037,-12.703040007992188,-3.856065990321103,2.2214524539790244,4.354636458781085,3.309338033880596,0.5213050410993973,-2.2591628481168238,-4.3013566895452575,-5.598493339839819,-6.337934383976859,-6.724901016812546,-6.825990783271086,-6.522231927155205,-5.631454593214969,-4.048955061962519,-1.8150209145814036,0.8858677853979553,3.779490906511844,6.578822861445952,9.051943589418494,11.0599828345345,12.561335184468644,13.590312369140618,14.22554551791514,14.557642570921123,14.652991223679496,14.518845259890725,14.097908134932462,13.295692086647628,12.013668865557936,10.180396922345508,7.78410583678357,4.896052796042956,1.671704669428111,-1.6717099361293697,-4.896057387983303,-7.784109379415457,-10.180398750841698,-12.013669720421843,-13.29569255622772,-14.097904816775626,-14.518841342456383,-14.652987193347869,-14.557636212842825,-14.225534110759025,-13.59029703081738,-12.561319582995951,-11.05996469409908,-9.05192398774965,-6.5788027230887405,-3.779469931555504,-0.8858476473450803,1.8150416986195657,4.048983078249103,5.6314727322800175,6.522228975837474,6.826022399341938,6.724925737389016,6.337938451335992,5.5984705572989695,4.301333778091809,2.259210041419525,-0.5213449303913632,-3.309352962048554,-4.354672935243444,-2.221503542179335,3.856019235773789,12.702996984887095,26.21161956331296
-26.26548467594002,-12.746211310329388,-3.8834489420280014,2.213262014735588,4.353014964561934,3.2985033602496854,0.5029562036909306,-2.275796744448027,-4.3119252962634205,-5.60230418722434,-6.336866208484079,-6.721390719960352,-6.822588732326813,-6.521824967188154,-5.636505822898477,-4.061064480782766,-1.835206697040984,0.8568441838801443,3.741076469813725,6.530800464561516,8.99451043233399,10.993749429451851,12.487347059295828,13.510135911438674,14.141268206531148,14.471641540572818,14.567682682798038,14.436731619684474,14.021592076673835,13.227550529293088,11.955569110803774,10.13372690628336,7.749917988904146,4.875163906451775,1.6646806108824863,-1.664685661390899,-4.875168235021805,-7.749921164346154,-10.133728268710511,-11.955569439690375,-13.227550270472364,-14.021588197268851,-14.436727215225195,-14.567678062802695,-14.47163470003811,-14.141256691366552,-13.510120681203883,-12.487331373908908,-10.993731344120985,-8.994490843022104,-6.530780242230627,-3.741055359710081,-0.8568238797129676,1.835227469512843,4.061092555391089,5.636523920335079,6.52182089862117,6.82262037271483,6.721415525495303,6.336870286308501,5.602281049542344,4.311901731359763,2.275843781185868,-0.502996415277987,-3.298518599124293,-4.353051938812429,-2.213313631333476,3.883401663680826,12.746167871221555,26.26544820144405
-26.31994229578145,-12.78926088776296,-3.910388537603314,2.205317757281624,4.351459896786404,3.287647675419867,0.4846817819438122,-2.2923624069995,-4.322553292181143,-5.606344092525461,-6.336156665028231,-6.718299748456518,-6.819589649486714,-6.521727678293275,-5.641730330192076,-4.073205546160732,-1.855295957448416,0.8280338892234953,3.7029979706522105,6.483259614461439,8.937734744872925,10.928373458322325,12.414420956979596,13.431205694242491,14.05837308943759,14.387091638804364,14.483821913830324,14.355989143869817,13.946501801095808,13.160438445826642,11.898279834453602,10.087650545812206,7.716126514760054,4.854500043619026,1.6577285539243845,-1.6577333775389118,-4.854504091325153,-7.716129298330332,-10.0876514148284,-11.898279596597243,-13.160437427119277,-13.94649731223248,-14.355984205137574,-14.483816710597678,-14.38708431644376,-14.058361431408906,-13.431190553074456,-12.414405191194474,-10.92835542194869,-8.937715164768067,-6.483239295295279,-3.7029767079378746,-0.8280134018461954,1.855316738768069,4.073233683372627,5.641748368402651,6.5217225531449525,6.819621207700413,6.718324619469642,6.33616072775151,5.606320626104398,4.322529049592744,2.292409195669777,-0.4847222676564309,-3.2876632618695405,-4.351497406646192,-2.2053699491366108,3.9103406912551,12.78921700060258,26.31990546339885
-26.37497845814149,-12.832167041410862,-3.9368869786300023,2.197612321998927,4.349965469731573,3.276770391729793,0.466480515791063,-2.308860679713021,-4.333238497489482,-5.610606931320266,-6.335797234003552,-6.715619966939385,-6.816989380716388,-6.52194385820461,-5.64714195740589,-4.085402199963806,-1.8753206619641112,0.7993995445760503,3.665213852496049,6.436155309194457,8.881568544699153,10.863802606163594,12.342499521329652,13.353459666894318,13.976794555413452,14.303925709141607,14.40134272371238,14.276555382486238,13.87258151468376,13.094309275922852,11.841765113142923,10.042142995742337,7.682716891582965,4.834052887378434,1.6508464845821298,-1.650851029485186,-4.834056585457897,-7.682719193278874,-10.042143260075148,-11.841764167681186,-13.09430735432458,-13.872576265626154,-14.276549787747305,-14.401336856633394,-14.303917837962672,-13.976782691387845,-13.35344459216253,-12.3424836710379,-10.863784608382788,-8.881548974531759,-6.436134882643573,-3.66519241325979,-0.7993788462036526,1.8753414667096944,4.085430421362943,5.647159961201733,6.521937493721616,6.817020757337213,6.715644873833703,6.335801232335777,5.610583053367515,4.33321336151685,2.3089072344228083,-0.4665213980548298,-3.276786359790439,-4.350003607825197,-2.1976651857863185,3.936838453883354,12.83212261815981,26.374941208995143
-26.43054275409734,-12.874910173583444,-3.962937135508254,2.1901542810200416,4.348533975250371,3.265874210974658,0.4483529935308239,-2.3252921190223144,-4.34397746307666,-5.615083665832945,-6.335773513534186,-6.713332936993606,-6.81476681739153,-6.522449163850018,-5.652712816202472,-4.097621494101457,-1.895243654810616,0.7709814032109372,3.6277666165282025,6.389528979369743,8.826046836461543,10.800063876134958,12.271601352857958,13.276907646460664,13.89653525688318,14.222142086257277,14.320241374278948,14.198426779693566,13.799828685151732,13.029161775361212,11.786024732364991,9.997203944915691,7.649687187918872,4.813822884281024,1.644033670951616,-1.644038000344319,-4.813826315868662,-7.6496891176789,-9.997203743844782,-11.78602324266654,-13.029159154515222,-13.799822869979042,-14.198420672861207,-14.320234979589747,-14.22213376430753,-13.896523243865795,-13.276892647925791,-12.271585438423692,-10.800045897323336,-8.826027257094465,-6.389508446538057,-3.6277450208255946,-0.7709605262303444,1.895264508915764,4.097649723586259,5.652730624519838,6.52244233824483,6.81479767038567,6.713357793745784,6.335777455211295,5.615059760779729,4.343951913284274,2.325337841846,-0.4483937104754155,-3.2658906817686657,-4.34857260252548,-2.190207693407214,3.962888063239777,12.874865322574902,26.430505169872568
-26.486590489170265,-12.917471538195535,-3.988543970566976,2.1829332913426733,4.347158069619529,3.254957641266353,0.4302973554161511,-2.3416573074304736,-4.354768354335635,-5.619768919610262,-6.336078274990333,-6.711432480228543,-6.81292050900382,-6.523251776478442,-5.658462550928764,-4.109895189952892,-1.915106117578232,0.7427318692821084,3.5906034403795943,6.3433238107939145,8.771110761839052,10.737095055550078,12.201660269176548,13.201480280167944,13.817523775201478,14.14166865941962,14.2404475294023,14.121537260325598,13.728184826739078,12.96494764816244,11.731021679031189,9.952808174547863,7.617023596182333,4.793801588551033,1.6372883530532736,-1.6372924225648358,-4.793804697388595,-7.617025080690128,-9.95280741575357,-11.73101953526798,-12.964944221574369,-13.728178327573422,-14.12153055148924,-14.240440542798725,-14.141659832654495,-13.81751157078811,-13.201465337946487,-12.201644288118793,-10.737077093641371,-8.771091174385147,-6.343303165112062,-3.590581674583309,-0.742710799345362,1.915127027167132,4.10992340641069,5.658480199290267,6.523244373905052,6.812950715274473,6.711457241794878,6.336082117885171,5.619744960526953,4.354742181476143,2.341702207745382,-0.4303379947354882,-3.2549746206479915,-4.347197234645757,-2.1829873142905503,3.9884942715735145,12.91742620268072,26.486552533285455
-26.543078480173538,-12.959833676300924,-4.013703998254516,2.1759525521048007,4.345837433422439,3.244022156674408,0.4123134633360259,-2.357956914313191,-4.365608162538532,-5.624654766195372,-6.336699287014611,-6.709903724168865,-6.811434754538808,-6.524335989977641,-5.664375829711372,-4.12220740830198,-1.9348916413230428,0.7146677112216616,3.5537411106250283,6.297554716711614,8.716769999412168,10.67489934578795,12.13267250345456,13.127166626698315,13.739743316251143,14.062485228905643,14.161939713343896,14.045866324000324,13.657631728275229,12.90165193623718,11.676744620237336,9.908947521939131,7.584719940478302,4.773986423320513,1.630609289015105,-1.6306131370105597,-4.7739892594147095,-7.584721052807778,-9.908946298754186,-11.67674192427081,-12.901647822110547,-13.657624653768588,-14.045859105769877,-14.161932222993048,-14.062475961406948,-13.739730954588318,-13.127151744343534,-12.132656468448522,-10.674881387486392,-8.716750388637708,-6.2975339546265605,-3.553719180969165,-0.7146464598052511,1.9349126303203563,4.122235565711949,5.66439327373206,6.524328469525542,6.811464088270343,6.709928316136368,6.3367030583914286,5.624631026235497,4.365581636769527,2.358000667619196,-0.4123536940751384,-3.244039697638794,-4.345877082237694,-2.176007133737613,4.013653733429704,12.95978790445824,26.54304018566119
-26.59996284266899,-13.001978114883114,-4.038419426981358,2.169206456776689,4.344567591008969,3.233067452174488,0.394400114070242,-2.3741915732176166,-4.376494823559433,-5.629735358019844,-6.33762821751343,-6.708738173753895,-6.81030389541356,-6.525702246427602,-5.670460863119027,-4.134574451197384,-1.9546230892744965,0.6867614453636088,3.51714837449548,6.252186977281087,8.66298652521031,10.613434318092503,12.064590916274136,13.053915426596124,13.663139789915096,13.984536581737538,14.084663845187237,13.971363298071113,13.5881246741117,12.839237794382642,11.623165502989972,9.865602786438393,7.552765158428101,4.754371134568894,1.6239949846193331,-1.623998609758004,-4.754373696115833,-7.552765892016388,-9.865601091957677,-11.623162251970182,-12.839233004816698,-13.588117023154531,-13.97135557044916,-14.08465585878924,-13.984526870631012,-13.663127268776853,-13.053900593854715,-12.064574825236562,-10.61341635590643,-8.662966885953521,-6.252166096271871,-3.517126279598762,-0.686740015437979,1.9546441717056555,4.134602501144443,5.670478089004248,6.525694747282099,6.81033217080027,6.708762571184623,6.3376319191930754,5.629711952259419,4.376467886117737,2.3742340719869213,-0.3944398602049948,-3.233085571003406,-4.344607687642564,-2.169261583026208,4.038368601042064,13.00193191579005,26.59992422329816
-26.657202812610382,-13.043889936771173,-4.062693069683654,2.162689829336823,4.343343837735373,3.222092677745904,0.3765558508698436,-2.39036223691752,-4.3874262618017,-5.635004787434056,-6.338856595907325,-6.707926931304557,-6.809521226287276,-6.527348963597243,-5.676722750891988,-4.1470081945109385,-1.9743178151699667,0.6589918460131197,3.480800808479231,6.207192975502915,8.609729369769099,10.552664614059989,11.997375545572256,12.981682646560389,13.587666259509676,13.907774582101531,14.008572677005771,13.897984039763717,13.51962486339046,12.777673474028983,11.57026028367434,9.822757459802364,7.521149521764803,4.734950348410044,1.6174440129599956,-1.617447382173927,-4.734952598989411,-7.521149837356808,-9.822755248403418,-11.570256421524968,-12.777667960907438,-13.519616584616978,-13.89797576390118,-14.008564164003705,-13.907764394971023,-13.587653553256605,-12.981667854481412,-11.997359399522908,-10.552646639747849,-8.609709698867837,-6.207171976655553,-3.4807785523923345,-0.6589702427658796,1.974338990956901,4.147036083947315,5.676739770395294,6.527341563726655,6.809548256172652,6.707951044625599,6.338860187983922,5.634981800478735,4.3873988414743215,2.3904033652413443,-0.3765950847465759,-3.22211141673365,-4.343384393772647,-2.1627455007505723,4.062641661895624,13.043843298133618,26.65716386434193
-26.714755538905187,-13.085554513877902,-4.086528263391348,2.156397498040084,4.3421619960361335,3.2110975613807247,0.3587796720405543,-2.4064695842133776,-4.398400548014855,-5.640457771115103,-6.340376952500776,-6.707462443458922,-6.809081743168783,-6.529276432107619,-5.683168763772957,-4.15952312971372,-1.99399640826516,0.6313338949928408,3.444669889161988,6.162540872343802,8.556963248862592,10.492550592345744,11.930982469912376,12.91042073615546,13.513272839820544,13.832148711350346,13.933617125631212,13.825683035147804,13.45209255207824,12.71692659229326,11.51800460009794,9.78039492677663,7.48986331426134,4.715718837596608,1.6109550189417587,-1.610958122865758,-4.715720759529354,-7.489863181673334,-9.780392156867066,-11.518000076112576,-12.716920302252984,-13.452083574122256,-13.825674162024828,-13.933608065443726,-13.832138025855643,-13.51325992287189,-12.910405956211134,-11.930966246008063,-10.49253259651849,-8.55694354512424,-6.162519740482165,-3.4446474429168688,-0.631312083134788,1.994017724689616,4.159550855875581,5.683185639833349,6.529269178819127,6.809107322702203,6.707486202958576,6.340380466280131,5.640435342356916,4.398372553274763,2.4065093064483,-0.3588183632081493,-3.211116933285558,-4.342203126663032,-2.1564538376169997,4.0864761736774495,13.0855073609101,26.71471620020061
-26.77261039539326,-13.12696563106547,-4.10991442739875,2.150346663820184,4.341029873855261,3.200087286261025,0.3410728133446346,-2.422513624082096,-4.409413529445704,-5.646083036963761,-6.342170077300334,-6.707318038075116,-6.808950870161923,-6.531439614305373,-5.689739959984923,-4.172044394985346,-2.0135704113917745,0.603884867011064,3.4088579478251586,6.118332317009642,8.504781357879244,10.433176474103906,11.865485193075418,12.84019135196528,13.440010654963285,13.757702280336964,13.859834508746966,13.754493125850669,13.385555946269854,12.657020072239575,11.466415520628024,9.73852605320631,7.458909602973001,4.696679998139682,1.6045272819745413,-1.604530216590076,-4.696681717900272,-7.458909202090989,-9.738522961750649,-11.466410607981883,-12.657013299967709,-13.385546549576969,-13.75448388807714,-13.859825104109865,-13.757691241553996,-13.439997619531807,-12.840176608208246,-11.865468912068364,-10.433158437327773,-8.504761598373738,-6.118311058820625,-3.4088353467068986,-0.6038628975291108,2.0135918644437965,4.172071896504475,5.689756615199894,6.531433063107115,6.808974944965292,6.707341463866972,6.342173616641201,5.646061457166581,4.409385359219755,2.422551736970972,-0.3411106164740724,-3.2001072821094576,-4.341071381797043,-2.1504034608998297,4.109861878063668,13.126918133855549,26.77257079851552
-26.830715775474616,-13.168108569441817,-4.132863065781603,2.144520189705746,4.339936589718749,3.1890579086087496,0.323432320300539,-2.438495875834038,-4.42046476681544,-5.651878504504251,-6.34423449593541,-6.707495593616037,-6.809137840549591,-6.533860653686133,-5.696475554271991,-4.184629838275887,-2.0331134673015123,0.5765600165151974,3.373272199785164,6.074469603614698,8.453085250011402,10.37444223343864,11.80078302095746,12.770894733104278,13.367781992493724,13.684340533851003,13.787135041660417,13.68433173266466,13.319943032176674,12.597895157629347,11.415448849587872,9.697120983418634,7.428272692895741,4.67782424434647,1.5981592380377108,-1.5981620083831494,-4.677825772359568,-7.428272041809904,-9.697117585694077,-11.4154435681205,-12.597887939672958,-13.31993324298165,-13.684322156781931,-13.787125323701588,-13.68432914645109,-13.367768836457383,-12.77088001665648,-11.800766679978986,-10.374424150141412,-8.45306542046004,-6.074448208662277,-3.373249439826723,-0.5765378871374729,2.033135066140137,4.184657073357036,5.696492028635594,6.533854906118224,6.809160324450813,6.707518670151765,6.344238078441545,5.651857878694573,4.4204363834127,2.438532377035889,-0.3234692004609145,-3.1890785246046485,-4.339978482199888,-2.1445774419200534,4.13281006466882,13.168060734398663,26.83067592592252
-26.889040359676788,-13.208973510896373,-4.155376218932131,2.13891606720651,4.338880387634624,3.1780103531066617,0.3058578371724023,-2.4544167392606933,-4.431551959060627,-5.657838268262815,-6.346561445339482,-6.707985195164678,-6.8096334651692585,-6.536532992746573,-5.703372415653651,-4.197279649392477,-2.0526285943686844,0.5493540531331157,3.337905129937607,6.030942468903088,8.401860818117934,10.316329167548544,11.736852427214563,12.70250291864441,13.296555612933496,13.61203066679604,13.715486148159808,13.61516838103213,13.255227063282232,12.53953002836246,11.36508817323591,9.6561684665656,7.397945591240002,4.659147964211205,1.5918497982507946,-1.5918523983063022,-4.659149300471628,-7.397944700628544,-9.656164791342654,-11.365082558819209,-12.539522409885974,-13.25521691875296,-13.615158503469692,-13.715476156405654,-13.612018947170933,-13.29654233444402,-12.702488225264416,-11.7368360261876,-10.316311027275512,-8.401840915503765,-6.030920945125645,-3.3378822306288134,-0.5493317879014743,2.0526503236639084,4.19730656307989,5.7033887122945295,6.536528127329185,6.80965431415078,6.70800785155084,6.346565088107728,5.657818660267796,4.431523421735891,2.4544515531877544,-0.305893758473249,-3.178031594824088,-4.338922617091849,-2.138973700994321,4.155322827164478,13.208925391961785,26.88900030570899
-26.947546061423324,-13.24955182723168,-4.177459908209872,2.1335271530396525,4.337856092286745,3.1669430984967386,0.2883473268171204,-2.470277673285681,-4.442674201073666,-5.663958522378172,-6.349145517003895,-6.708781736538552,-6.8104354258805095,-6.539460026893557,-5.710441533724139,-4.210012877364539,-2.072141835190343,0.5222357098705267,3.3027212865160096,5.987711978638715,8.351066213575725,10.2587917453174,11.673644547446887,12.634964674258873,13.22627918079987,13.54072064134178,13.64483793009222,13.546957223730052,13.191368438743469,12.481892825313674,11.315309823012068,9.61565263583532,7.3679193370667875,4.640646263631254,1.585597806008756,-1.5856002175533237,-4.640647389749385,-7.367918189473604,-9.61564866826454,-11.31530386031839,-12.48188479049784,-13.191357908877984,-13.546947028434358,-13.64482767277864,-13.540708586070291,-13.226265764301065,-12.634949982647033,-11.673628070082538,-10.258773547871735,-8.351046246499498,-5.987690329420255,-3.3026982491539325,-0.5222133079030472,2.072163704105787,4.21003944973999,5.710457687864867,6.539456007617625,6.8104545971878485,6.70880393170769,6.349149249164169,5.663939973477921,4.442645472663116,2.4703108141317918,-0.2883823173703528,-3.166964967718798,-4.337898693536887,-2.1335851912604387,4.177406105413161,13.249503410100488,26.94750579096792
-27.00622206685031,-13.289839807328066,-4.199111850056287,2.128359965128456,4.336866542358483,3.1558590337572903,0.2709010402357985,-2.486078949864354,-4.453828592937112,-5.670231175879259,-6.351973394240282,-6.709867664534693,-6.811522593082102,-6.542616707011804,-5.717652697664662,-4.22279339678556,-2.0916119369332207,0.4952492336683827,3.2677659652251547,5.944821358604017,8.300738948553766,10.201861635908369,11.611184040793956,12.568297325944354,13.156963658944,13.470416821385037,13.575193738771045,13.479699978243476,13.128368004564734,12.424983799769294,11.266113540800786,9.575572666539424,7.338191670052326,4.622318528411359,1.57940225903825,-1.5794045147928806,-4.62231948503848,-7.33819032320977,-9.575568479173333,-11.266107318568665,-12.424975447320875,-13.128357175506949,-13.479689544544506,-13.57518328801024,-13.470404463778172,-13.156950126445064,-12.568282647091053,-11.611167489615625,-10.201843364099323,-8.30071889974388,-5.9447995805396445,-3.2677427942957675,-0.4952267027273635,2.091633944872513,4.222819614071746,5.717668743135723,6.54261363399137,6.811540127768486,6.709889395473339,6.351977258132105,5.6702137548932585,4.453799761433247,2.486110457137205,-0.2709350529478515,-3.155881471559741,-4.33690946412527,-2.1284183804936148,4.199057671429228,13.289791124245935,27.00618160351402
-27.065028834002813,-13.329829682724467,-4.220338896843889,2.1234064850292524,4.33590657708436,3.1447569187039663,0.2535173232887092,-2.501821943180842,-4.465014450439081,-5.67665339971424,-6.355041238796932,-6.7112399904057405,-6.81289522601737,-6.546009650251578,-5.725020947263069,-4.235645181207016,-2.1110707584913224,0.4683568717615488,3.2329968861550054,5.902224971299076,8.250830813247893,10.145487403152972,11.549416865806432,12.502445071545717,13.088552653464042,13.40106369565916,13.506500624701228,13.413348153996576,13.066183673277378,12.36876886178852,11.21747394177281,9.535911417278312,7.308752889244577,4.604159415408169,1.5732620364354235,-1.5732641237170388,-4.604160201797496,-7.308751351471009,-9.53590702286216,-11.217467490142727,-12.36876025603054,-13.066172605379442,-13.413337522967744,-13.50649001236078,-13.401051053394,-13.08853901020509,-12.50243040062534,-11.549400244304778,-10.145469060507285,-8.250810683690027,-5.902203074133047,-3.2329736086502,-0.4683342445397704,2.111092868379185,4.23567098168305,5.725036850512446,6.546007511367929,6.812911245827185,6.711261209477299,6.355045217312394,5.676637029916716,4.464985630465611,2.501851757354874,-0.2535503633697863,-3.144779923223065,-4.335949743913148,-2.123465161445687,4.220284440126748,13.329780814212569,27.06498825133157
-27.1239488403532,-13.369516985481336,-4.241142144935767,2.1186674135369765,4.334975973915268,3.133637721172418,0.2361954099552652,-2.517507383385783,-4.476229617059137,-5.683218827208173,-6.3583389874008205,-6.712886274681617,-6.814539726895446,-6.549625014897127,-5.73253218712076,-4.248553645927053,-2.1305033101092907,0.4415734806691964,3.198427917336117,5.859934288690648,8.201349245963316,10.089671872244365,11.48834068379028,12.437400624349287,13.021034871268007,13.33264741860646,13.438743718158465,13.347887324700084,13.004802663077529,12.31323758465327,11.169383111531966,9.496663284876794,7.279599062396748,4.586166942725231,1.5671763329634971,-1.567178259608331,-4.586167572795804,-7.279597372488952,-9.49665875359674,-11.169376502083749,-12.31322877901798,-13.004791401840391,-13.347876552228971,-13.438733015424848,-13.33263454393217,-13.02102112078471,-12.43738594902011,-11.488323985419855,-10.089653451611223,-8.201329034671877,-5.859912276404886,-3.1984045430223653,-0.4415507700989314,2.130525517224958,4.248579043064444,5.732547963731635,6.549623783002241,6.814554374406036,6.712906942326432,6.358343138665283,5.683203477412993,4.476201002212287,2.517535493981684,-0.2362274622901074,-3.133661272466357,-4.335019388476098,-2.118726318980902,4.241087454525262,13.369467969606788,27.123908164979863
-27.182946975347686,-13.408899624027027,-4.261531238498002,2.114134287696716,4.334069229940863,3.1224999037128884,0.2189333194725503,-2.5331370746946127,-4.487474608245744,-5.689926223180139,-6.361864981815816,-6.714806020103378,-6.816459191213877,-6.553472245206968,-5.740204240216438,-4.261545464086584,-2.1499438254472616,0.4148591732600828,3.1640149550926413,5.81790187276702,8.15224452200438,10.034362844475613,11.427901139682277,12.37310839517824,12.95435463265972,13.265113152376426,13.371870640692215,13.283269177044414,12.94418296224977,12.258355650816736,11.121814942442487,9.457810184367254,7.2507193882488465,4.568335126035157,1.561143482325315,-1.5611452352383914,-4.568335588985782,-7.250717523232122,-9.457805479136583,-11.12180815656737,-12.25834665666962,-12.944171507083146,-13.28325825610035,-13.371859842242454,-13.26510000629754,-12.954340767357058,-12.373093726378157,-11.427884360982326,-10.03434433731361,-8.152224221697448,-5.817879745479584,-3.163991491675028,-0.4148363860450237,2.1499661059244914,4.261570430511348,5.740219918875304,6.553471855971173,6.816472515852976,6.714826108334774,6.361869268829307,5.689911852390928,4.487446139115982,2.533163572911,-0.2189644567346453,-3.122523947878027,-4.334112873781439,-2.11419343387613,4.261476298258161,13.408850455753916,27.18290620756463
-27.24200090182793,-13.44797258875464,-4.281507969832905,2.1098062996019817,4.333185633642349,3.111344010429406,0.2017299833273866,-2.5487121147471377,-4.498747923759792,-5.6967706141337375,-6.365611260434593,-6.716989583403029,-6.818643594703807,-6.55754219459044,-5.748029208867296,-4.274613920022464,-2.169386898003645,0.3882179354561541,3.1297601193327185,5.776127384611725,8.103512541255915,9.979551709897672,11.368085076119833,12.309551027122938,12.888491470059432,13.198438938672233,13.305859411908626,13.219473248230932,12.88430673861354,12.204108687503297,11.07475880213998,9.41934485488744,7.222109226941013,4.550661639741152,1.5551628240746442,-1.555164400637843,-4.550661937069831,-7.222107203623734,-9.419340007538596,-11.074751875218004,-12.204099538933528,-12.884295111723327,-13.219462209548,-13.305848559891905,-13.19842553053283,-12.888477494634444,-12.309536370431442,-11.3680682113986,-9.979533099156756,-8.10349214437469,-5.776105150398897,-3.1297365785562827,-0.3881950846745296,2.169409237539934,4.274638474592614,5.748044813012517,6.557542555070491,6.818655754069166,6.717009094336245,6.365615696145608,5.696757144401895,4.498719682565712,2.548737066419136,-0.2017602313856172,-3.111368517693086,-4.333229511576448,-2.10986567828302,4.2814527968443326,13.447923285683729,27.241960056111346
-27.301083092401218,-13.486735363071784,-4.301080468474726,2.1056772267890014,4.332321066275637,3.100169030865,0.1845836851646625,-2.564234304912977,-4.51004979222769,-5.703750368449239,-6.369575122503172,-6.719434645384972,-6.821092806917036,-6.5618391145832895,-5.756017087057062,-4.287774983414853,-2.1888536555881384,0.361624620992212,3.0956350658591947,5.7345795938676565,8.055119378302642,9.925201765329977,11.308853189248037,12.246687191045702,12.823402836325217,13.132582272912796,13.240668914992352,13.156461358535164,12.825140240808835,12.150468664607631,11.02819294271577,9.38125172421202,7.193758609139338,4.5331409541303405,1.5492326181964942,-1.5492340157350857,-4.533141086657941,-7.19375643884315,-9.381246747993435,-11.028185886739925,-12.15045939007397,-12.82512847594221,-13.156450227106395,-13.240658021420158,-13.132568614570598,-12.823388746385112,-12.24667254893838,-11.308836242538822,-9.9251830507995,-8.055098875595034,-5.734557247967903,-3.095611453472891,-0.3616017149441751,2.1888760314040763,4.287799131077309,5.756032627084108,6.561840136419298,6.821104019548726,6.719453526510942,6.369579679577391,5.703737666259409,4.510021955259596,2.5642577220496245,-0.1846130655810715,-3.100193960695361,-4.332365170313236,-2.105736836600277,4.30102506834775,13.4866859362236,27.30104217382356
-27.360178376817075,-13.525186678082877,-4.320252098047125,2.101746411046938,4.331474726973528,3.088975333482535,0.1674932302199505,-2.579704854520867,-4.521379190719449,-5.710860968025836,-6.373749184991448,-6.722132092114183,-6.823797303744821,-6.566354017938813,-5.764159729000295,-4.301021213193901,-2.208337162575771,0.3350854838573262,3.0616449136598125,5.693261327795121,8.007064484834993,9.871308695487937,11.25019684234584,12.184504204908508,12.759072904307704,13.06752522750905,13.1762805417157,13.094215440981133,12.766667329134288,12.09742204595386,10.982106701333864,9.343522998849274,7.165662166505647,4.515770127179679,1.5433517789131592,-1.543352971692212,-4.515770071465162,-7.165659831672893,-9.34351788316877,-10.982099513245611,-12.097412644500276,-12.766655410707292,-13.094204216156658,-13.17626962864534,-13.067511315776963,-12.759058690533918,-12.184489563959714,-11.25017980227896,-9.871289877238048,-8.00704388617228,-5.693238879826254,-3.0616212394256577,-0.3350625327905324,2.208359558990053,4.30104496602408,5.764175188915743,6.566355555160994,6.823807717255491,6.722150360457861,6.373753847842896,5.710848906802323,4.521351775979468,2.5797268064345857,-0.1675218191136164,-3.0890006958349017,-4.331519083683747,-2.1018062279457546,4.320196497278015,13.525137149146971,27.360137408322984
-27.41926104108277,-13.563325575354844,-4.339029754138754,2.0980085618955067,4.330643087526147,3.077761805581073,0.1504566873370116,-2.5951256892772587,-4.532736516641956,-5.718100753185435,-6.378130512431718,-6.725079008610664,-6.826755837203677,-6.571089167954978,-5.77246411234534,-4.314364657677673,-2.2278540052381235,0.3085802919861626,3.027766339681915,5.652146374548,7.959318656427705,9.817840015466745,11.192080444951849,12.12296402510527,12.695462302166424,13.003228225879097,13.112655911390496,13.032699711558054,12.70885641159784,12.044942485062696,10.93647950897569,9.306143868283453,7.1378103273303655,4.498543827147989,1.5375186792482332,-1.5375196511000735,-4.498543567751796,-7.137807808259679,-9.30613858958441,-10.936472176939091,-12.044932957794073,-12.708844325746997,-13.032688389552233,-13.11264499713448,-13.003214038391016,-12.69544795420527,-12.1229493938341,-11.192063311081798,-9.817821094365945,-7.95929796669937,-5.65212383063732,-3.027742614305295,-0.3085573066200231,2.2278763934434385,4.314388016988921,5.772479494734895,6.571091083459976,6.826765579071984,6.725096665760632,6.378135268709511,5.718089245407048,4.532709516082912,2.5951462690517646,-0.1504845457439075,-3.077787595945826,-4.330687691000419,-2.098068580725456,4.338973954773215,13.563275950479454,27.419220031450557
-27.478311501822034,-13.601150598834296,-4.357418073343537,2.094460674248841,4.329824851937659,3.066529085992172,0.1334735094159116,-2.61049761358541,-4.544120798343911,-5.725466382383424,-6.382714091140185,-6.72826990443569,-6.829963791751017,-6.576042315165732,-5.780930808604064,-4.327808507417508,-2.2474097360296303,0.2821014302179432,2.993989591635086,5.61122280027026,7.91186711556388,9.764777389129051,11.1344822393823,12.06204177647473,12.632543724770656,12.939663155812426,13.049767285621048,12.971888369807257,12.651684489674734,11.993010932004143,10.891296679643496,9.26910373485811,7.110196137560865,4.481458203336856,1.5317322008827423,-1.5317329435522724,-4.481457734842163,-7.1101934419485735,-9.269098318100369,-10.891289231317907,-11.9930012949183,-12.651672252010608,-12.971876975310408,-13.049756399163162,-12.939648731474897,-12.632529244048463,-12.062027150470438,-11.134465017177645,-9.76475836873332,-7.911846342872419,-5.611200174926736,-2.9939658314286857,-0.2820784292004504,2.2474320916780783,4.327831502477014,5.780946099085145,6.576044457743608,6.829973054751838,6.728286976982302,6.382718951865883,5.725455291415338,4.544094297054378,2.6105168646126287,-0.1335006508028136,-3.066555273540194,-4.329869646973962,-2.094520864674918,4.357362097247987,13.601100904027442,27.478270473163555
-27.5373128073882,-13.638662150006551,-4.37542284194049,2.0910995278111986,4.32901757718195,3.055276125324592,0.1165419285640936,-2.62582254973401,-4.555532179214013,-5.732955181252219,-6.38749519420751,-6.731699208448431,-6.833416207909476,-6.58121060995755,-5.789559417146817,-4.341355450432389,-2.267009670316149,0.2556414260652149,2.960305059081062,5.570478404761251,7.864694711367987,9.712102279639693,11.077380081985478,12.001712309267909,12.5702899858789,12.876801660964473,12.98758638945304,12.911754379517678,12.59512725572634,11.941606665147518,10.846541433883695,9.232390014054,7.082811013424375,4.464508282845259,1.5259906583359035,-1.5259911503806,-4.46450758415038,-7.082808119082824,-9.2323844351232,-10.846533846312548,-11.9415969104501,-12.595114840138644,-12.91174290162944,-12.98757556188492,-12.8767869547224,-12.57027536289846,-12.001697699937436,-11.077362768329388,-9.712083166345472,-7.864673861823186,-5.570455701066987,-2.9602812695970875,-0.2556184148020295,2.267031954550598,4.341378092714143,5.7895746620191,6.581212711224165,6.833425129468949,6.731715795199876,6.387500175365213,5.732944406955819,4.555506003058793,2.625840592839758,-0.1165683292505061,-3.0553027593197646,-4.329062559347757,-2.091159885965157,4.375366693507945,13.638612394732718,27.537271768593666
-27.596229808218787,-13.675864006648888,-4.393057713858578,2.0879133054246397,4.32821435019489,3.044000511770263,0.09965914157859,-2.641102480787619,-4.5669723453226805,-5.740569580228608,-6.3924781706921525,-6.735374386406879,-6.837126021179159,-6.58661479665015,-5.798382344870279,-4.355048654883018,-2.286706612423578,0.2291401225507397,2.9266468811265223,5.529844138918555,7.817730679230647,9.659740533892233,11.020698114097408,11.941899638569833,12.508624536784982,12.814570012329346,12.926042572321744,12.85223314318826,12.539125899145237,11.890680286151037,10.80217427740818,9.19597322285816,7.055635542960896,4.447682760873436,1.5202906548739703,-1.5202908765816292,-4.447681810685623,-7.055632434662574,-9.195967468545057,-10.802166522587209,-11.890670373722749,-12.53911326540348,-12.85222155199513,-12.926031798577934,-12.814554963954684,-12.508609743326131,-11.9418850381125,-11.020680694671164,-9.659721301896717,-7.817709733962757,-5.52982135626821,-2.926623048104992,-0.2291170749608734,2.286728728847592,4.355071043498193,5.79839792893138,6.58661607210607,6.83713468835994,6.735390712130186,6.3924835777648665,5.740559137720554,4.566946099621133,2.6411188299200394,-0.0996840088587132,-3.044027981329301,-4.328259443334257,-2.087973887662941,4.393001309856031,13.675814136492267,27.59618870987745
-27.65511793147966,-13.712743611711389,-4.41029838196584,2.0849303678881794,4.327433557744761,3.032713666531729,0.0828291443343325,-2.6563341644477294,-4.5784314300156295,-5.748288096305083,-6.397628125936895,-6.7392465824668575,-6.841027665073909,-6.592167250129502,-5.807285340555574,-4.368745676680137,-2.306333482706054,0.2027814539309882,2.893210070292416,5.489516242450618,7.7711643373387425,9.607878029334108,10.964613815291653,11.882768677107542,12.447701692666104,12.753109830521996,12.865267281413134,12.79344341685956,12.483788047164428,11.840322707977808,10.758269824160717,9.159909802285473,7.028706475069919,4.431003959414217,1.514638724232259,-1.514638687024888,-4.431002780440072,-7.028703180163941,-9.159903913914722,-10.75826198260024,-11.84031273278148,-12.483775287900752,-12.79343178474861,-12.86525655303768,-12.753094575682535,-12.44768676014197,-11.882754064593756,-10.964596300195067,-9.6078586940384,-7.771143313278541,-5.489493395994297,-2.8931862295432067,-0.2027584260051538,2.306355510365845,4.368767775481047,5.807300717988523,6.592168693201399,6.84103606486272,6.739262388438428,6.397633582166001,5.748277918512581,4.578405828272899,2.6563493085184384,-0.0828533836829083,-3.0327415261228183,-4.327478917348434,-2.0849910905813807,4.410241845994386,13.71269371315086,27.655076848331568
-27.713897589098124,-13.749315648824044,-4.427179677004528,2.0821169967548467,4.326653286698972,3.021403495872021,0.0660456220861,-2.671523443918032,-4.589918655224478,-5.756126357234646,-6.40297005033136,-6.74335296182691,-6.8451755337464455,-6.59794803181563,-5.81637850762934,-4.382589335452052,-2.3260614198222838,0.1763741750564268,2.8597889246269195,5.449282921879851,7.724784627584956,9.556300899156067,10.908914456862412,11.824112400707213,12.38732185781472,12.69223057325464,12.805080279491367,12.735218573974198,12.428964118586244,11.790406625187828,10.71472387603074,9.124121215918468,7.0019718238581925,4.414440759383936,1.5090254062061177,-1.5090250765696356,-4.414439318196702,-7.001968312645221,-9.124115157718196,-10.71471590745162,-11.790396556050176,-12.42895119759747,-12.735206894728131,-12.805069630422592,-12.692215054032449,-12.387306782510668,-11.824097812076792,-10.908896865487112,-9.55628147753998,-7.724763539837125,-5.449260026152558,-2.859765093418968,-0.1763511874711488,2.32608331306441,4.38261112884866,5.8163936948517385,6.5979492942491005,6.845183901178847,6.743368399255448,6.40297551891431,5.756116249389714,4.58989338493748,2.6715377728077474,-0.0660693694951038,-3.0214316802806307,-4.326698834873205,-2.0821778580836594,4.427123004028605,13.749265731278925,27.71385653477008
-27.772582075889066,-13.785576457300298,-4.443696717463768,2.0794811979196943,4.325879227582812,3.0100739146622657,0.0493091812045795,-2.6866703124488307,-4.6014304141471,-5.764075138413516,-6.408488916710734,-6.747673094204489,-6.849543514284296,-6.603923832957131,-5.825620402435344,-4.3965294824810375,-2.3458328301698512,0.1499807357209109,2.8264486630839207,5.409208530951172,7.678651943405213,9.505066424154707,10.85365286384758,11.765978144637236,12.32752623250969,12.631969329663988,12.745514823958258,12.67758915742322,12.374680889724432,11.740955230241015,10.671556184154744,9.088622602154672,6.975441555462897,4.3979994214713525,1.5034525121160465,-1.503451898570075,-4.39799772623202,-6.975437841532153,-9.08861639814656,-10.67154810921796,-11.74094507796112,-12.374667807324585,-12.677577447632034,-12.745504288766655,-12.631953544614513,-12.327511014745989,-11.765963578954128,-10.853635186118131,-9.505046916427844,-7.678630799402493,-5.409185584520575,-2.826424833241441,-0.1499577800010799,2.345854603332617,4.396551017575047,5.8256354072182175,6.603924892153003,6.849551898533653,6.747688226894844,6.408494425295079,5.764065100769539,4.601405476233054,2.686683945475182,-0.0493324493556513,-3.010102385489774,-4.325925010385994,-2.079542270984197,4.443639862262993,13.785526493138518,27.772541023598567
-27.83114385527428,-13.82153196586913,-4.45986265433764,2.0770121325315247,4.32510502487098,2.998722379361978,0.032617817540765,-2.7017760913517663,-4.6129680088207925,-5.772136001929215,-6.414187658730605,-6.752212674684108,-6.854142204699766,-6.610113198888557,-5.8350392422950925,-4.41060432376208,-2.365694864930955,0.1235470471414145,2.79312933861666,5.369229636363376,7.632700736735068,9.45410513251976,10.798756796970542,11.708292430633614,12.268241711803638,12.572254280150045,12.686501775207551,12.620490238251644,12.320879774235769,11.691918040016162,10.6287250167019,9.053382087404222,6.949093907197134,4.381666966300626,1.4979159923938612,-1.497915065832652,-4.381664988943746,-6.9490899729629305,-9.053375720786262,-10.62871681524763,-11.691907786010386,-12.320866462160376,-12.620478489024748,-12.686491447292402,-12.572238135326575,-12.2682263473464,-11.708277922489083,-10.798739029184611,-9.4540855528902,-7.63267955598491,-5.369206659981924,-2.7931055306101946,-0.1235241490923187,2.365716470880004,4.4106256364091925,5.835054110346799,6.610113588645872,6.8541508521565015,6.7522277019690025,6.414193260765307,5.772125848650848,4.612943013158264,2.70178946215259,-0.0326407253760347,-2.9987511621973737,-4.325150988952585,-2.077073386136057,4.459805635594832,13.821481975317568,27.831102820408717
-27.889577806605487,-13.857184566615825,-4.475682350596874,2.074707677097248,4.32432976478204,2.9873490287621665,0.0159705252214248,-2.7168418707483424,-4.6245304854552405,-5.780305541313497,-6.420060870327588,-6.756965105603659,-6.858964687681239,-6.616509561269227,-5.844629535175671,-4.424809326154627,-2.385644057901068,0.0970752350279361,2.7598313035702904,5.329344361224723,7.586926094385784,9.40340862959696,10.74421467551119,11.65104065029042,12.209450568455804,12.51306685370982,12.628022171885988,12.56390409155896,12.267543946383478,11.643280665892442,10.586218910515669,9.0183908654075,6.922922619234272,4.365439831404065,1.4924146635173865,-1.4924134160721725,-4.365437565423825,-6.922918445071981,-9.018384306899817,-10.586210576904236,-11.643270328877636,-12.267530384191485,-12.5638922905896,-12.62801206682656,-12.513050253040577,-12.209435050339488,-11.651026229770713,-10.744196795004218,-9.40338894609754,-7.586904860715058,-5.329321356770123,-2.759807519821657,-0.0970523989758253,2.385665479725434,4.424830457355121,5.844644284095194,6.616509106999107,6.858973764625341,6.756980108181405,6.420066525872369,5.780295131061604,4.624505296895355,2.7168552003977235,-0.015993164797772,-2.98737815020894,-4.324375955079101,-2.0747691350020485,4.475625155321548,13.85713453831928,27.88953677964397
-27.94788310469978,-13.892537034490209,-4.491160561236554,2.072566875264378,4.323553516734757,2.9759545810632,-0.0006333339859514,-2.7318682397228047,-4.636116775667872,-5.788579957043491,-6.426102520496138,-6.761922946193321,-6.864002996885809,-6.623105032250363,-5.854383766314776,-4.439137160309769,-2.40567313929357,0.0705723556431432,2.7265608790491798,5.28955746542108,7.541330619658082,9.35297675750646,10.690023243012398,11.594216696385248,12.151144039666928,12.454396812471137,12.570064705340789,12.507819767175295,12.214663272424522,11.595034628503868,10.544031137998328,8.983643924514713,6.896924225348965,4.3493160004220695,1.4869477315420678,-1.4869461487835502,-4.349313432451497,-6.896919796636382,-8.98363715327082,-10.5440226683684,-11.59502422639982,-12.214649320226652,-12.507807912097046,-12.570055097377669,-12.45437942225755,-12.151128332184166,-11.59420245969174,-10.690005194466035,-9.352956952431642,-7.541309331423589,-5.289534427845079,-2.7265371174409028,-0.0705495838938643,2.405694355174238,4.439158146007431,5.854398390011386,6.623103571378483,6.864012587286129,6.761938037103222,6.426108212278554,5.78856916415957,4.636091112173083,2.731881838298889,0.000610773262503,-2.975984011440884,-4.323599910762389,-2.0726285545367613,4.491103162044215,13.892486956585929,27.94784208166693
-28.00604978732401,-13.92759639704578,-4.506307385497114,2.070582959698928,4.322772018922554,2.964537276125874,-0.0171954631922055,-2.7468567160361004,-4.647726866856149,-5.79695842382554,-6.432311676480215,-6.767086169156402,-6.8692593849251615,-6.629905415715489,-5.864313371173983,-4.453604719541431,-2.425803891766875,0.0440125732300964,2.693288410225774,5.24983612105707,7.495878618034764,9.302770090237818,10.636139908072886,11.537775717208868,12.093276172500303,12.396198153300944,12.512584164706125,12.45219434236108,12.162198496188518,11.54714558571007,10.502132963902929,8.949118953058779,6.871083012037304,4.333286092303937,1.4815120456171966,-1.4815101131506987,-4.333283205030108,-6.871078309722104,-8.949111945922414,-10.502124362152362,-11.547135158287036,-12.162183900572064,-12.452182458317344,-12.512575594508393,-12.396179391595831,-12.093260238877402,-11.537761866982557,-10.63612159054959,-9.302750133290084,-7.495857277937002,-5.249813034327174,-2.6932646542582948,-0.0439898520094769,2.4258249282206417,4.453625570727374,5.864327781807957,6.629903298402284,6.869269292959777,6.767101217254254,6.432317318448135,5.79694731581399,4.647700932918912,2.746870457136457,0.0171728219961548,-2.964566953940198,-4.3228186899593135,-2.0706449123791364,4.506249735073869,13.92754623253942,28.006008734504352
-28.06408099031668,-13.962357777039934,-4.521119454310526,2.0687613818793578,4.321990368242418,2.95310102546836,-0.0337149271299173,-2.761807505328965,-4.659358161851088,-5.805434165826727,-6.438677185044741,-6.772439663479202,-6.874714611401081,-6.63688664833367,-5.874388708599435,-4.468176776753909,-2.445996338571402,0.017438699466421,2.660058772908889,5.210224601480923,7.450611472811056,9.252828926825678,10.582602225879368,11.48175117267416,12.035877851173048,12.338498240660154,12.45560627535935,12.397051046715882,12.110172190193664,11.499633324245792,10.460542043846306,8.91483022134857,6.845409124055413,4.317356566090041,1.4761098306894849,-1.4761075340780505,-4.317353344986709,-6.845404133675688,-8.91482294927338,-10.46053332079968,-11.499622928693189,-12.110156748827889,-12.397039218995005,-12.45559916855098,-12.338477669191388,-12.03586165721225,-11.481737910417433,-10.58258357222447,-9.252808787399031,-7.450590074813967,-5.210201458443577,-2.66003501989163,-0.0174160286749356,2.4460172284927,4.468197479756634,5.874402780886781,6.6368844139440695,6.874724596833588,6.772454406259065,6.438682663950395,5.805422850270822,4.659332543286967,2.761820825021952,0.0336922803509734,-2.953130928455469,-4.322037351570963,-2.068823634990706,4.521061523592354,13.962307506508138,28.06403989398525
-28.121964538895163,-13.996831549861538,-4.535609998778872,2.0670923863863884,4.321202399864271,2.9416428931021983,-0.0501941119602131,-2.7767222564737377,-4.671011869050559,-5.814008072907258,-6.4452007183644335,-6.777987051140419,-6.880375996501912,-6.644062380471167,-5.884631169165959,-4.482883019236882,-2.466287600648033,-0.0091923463469993,2.626823562712783,5.170670550929418,7.405473663592972,9.203093648154896,10.529347470411617,11.426078492119442,11.978883938398024,12.281232545965109,12.399068231328872,12.34233034574397,12.058529693376125,11.452449924155134,10.41921808298272,8.880746330798482,6.819880407045597,4.30151417597262,1.4707367198992638,-1.4707340512621982,-4.301510613292226,-6.819875127540371,-8.880738781007674,-10.419209246910135,-11.45243961043422,-12.058513180692897,-12.342318666317087,-12.39906306760772,-12.281209670381044,-11.978867427337985,-11.426066052487268,-10.52932838931813,-9.203073290520738,-7.40545221400156,-5.170647335276803,-2.626799792109584,0.0092149881685397,2.466308384875302,4.482903578540148,5.88464488886695,6.644060220107828,6.880386023446913,6.778001376763829,6.4452059714237615,5.813996580968905,4.670986845264356,2.776734899559396,0.0501715470822691,-2.9416730110012024,-4.321249770929958,-2.067155019672601,4.535551736155228,13.996781133193045,28.12192336054855
-28.179700327169183,-14.031018953634412,-4.549781892081834,2.0655760149664046,4.320409049939128,2.9301640430393183,-0.0666333832294468,-2.7916016241980297,-4.6826870219153935,-5.82267644329477,-6.451876092347037,-6.783720273049531,-6.886234211838752,-6.651422228383096,-5.895029391278099,-4.4977113112035445,-2.486664963915745,-0.0358678600249611,2.593595203046151,5.131184843796685,7.360473534225402,9.153570659741964,10.47637943048061,11.370758776352766,11.92229349683771,12.224398230151854,12.342966902980589,12.288028682388314,12.00726809062206,11.40559305749879,10.378159689200476,8.846866487499877,6.79449639858184,4.285758805027116,1.4653926975296667,-1.4653896297534734,-4.285754875381107,-6.7944908041387055,-8.846858629971644,-10.3781507388961,-11.40558283303322,-12.007250407828108,-12.288017255460554,-12.342963771838509,-12.224372945304925,-11.922276584041075,-11.370747267790094,-10.476359909830215,-9.153550062913256,-7.360452035406062,-5.131161557957271,-2.593571427717532,0.0358904543009143,2.486685636528919,4.49773168405032,5.895042712876653,6.651420295307294,6.886244179093244,6.7837341079232685,6.451881052201352,5.822664790338916,4.682662747520891,2.7916132913128267,0.0666109977219359,-2.930194412797751,-4.320456732671817,-2.0656389811842546,4.549723313700287,14.030968402144566,28.17965908255174
-28.237291264724917,-14.064912040017864,-4.563629682415951,2.064219091755579,4.319615540014697,2.918667742747536,-0.0830321505911414,-2.8064453726829868,-4.694380797103814,-5.831431945328887,-6.458691366357877,-6.7896231508977,-6.892268642519164,-6.658940225382795,-5.905550751289891,-4.512622066209279,-2.50708258320225,-0.0625374218075796,2.56042755946211,5.091822582593883,7.315665831079496,9.104314472411083,10.423750837483755,11.315842078954896,11.866153509900512,12.168039406844988,12.287344188084251,12.23418548559923,11.956424336882044,11.359096300428307,10.33739623681713,8.81321441334733,6.7692743414205285,4.270100897589301,1.4600812704225028,-1.460077800309621,-4.270096594506533,-6.769268422073093,-8.813206239487617,-10.337387191019964,-11.35908615239787,-11.95640547468818,-12.234174404213642,-12.287343006264358,-12.168011828353691,-11.866136123927856,-11.315831513340882,-10.423730889833918,-9.104293617432097,-7.315644272844273,-5.0917992185047645,-2.5604037749259154,0.0625599723254334,2.5071031644128645,4.512642244123839,5.90556370178861,6.6589386738159,6.892278434704578,6.78963645470815,6.458696022433069,5.831420234693847,4.694357373468069,2.8064558736632628,0.0830100577953177,-2.918698364942913,-4.319663564536678,-2.0642824405605764,4.563570755326028,14.064861332820804,28.237249934778028
-28.294726111306044,-14.098527275786344,-4.5771714106020704,2.0630081870295056,4.318813502308817,2.9071499878440163,-0.0993931569814385,-2.821255532753151,-4.706095292447245,-5.840277679276623,-6.465651870771565,-6.795704478031736,-6.898493595931361,-6.666639206743947,-5.916229078451424,-4.527660619561612,-2.527596253846183,-0.089265180775028,2.5272490058982067,5.052506839947245,7.270969782700054,9.055239280061793,10.37137263468658,11.261237996013522,11.810373442366028,12.112067289552844,12.23211366507323,12.180719080742303,11.905922830575957,11.312892997171714,10.296871205353812,8.779745671099157,6.7441825794506975,4.254521452102111,1.454796100516812,-1.4547922071169224,-4.254516753306368,-6.744176307050446,-8.779737141422167,-10.296862058178572,-11.312882919344403,-11.905902683072496,-12.18070843411224,-12.232114575083427,-12.112037258002962,-11.81035551635194,-11.26122847266534,-10.371352227491686,-9.055218121395736,-7.270948155997699,-5.052483387196847,-2.5272251982753127,0.0892877023093381,2.527616777798059,4.5276806062178805,5.91624168008043,6.666638101354197,6.898503134554383,6.795717233315593,6.465656204979215,5.840265948234521,4.706072728439405,2.8212647534489825,0.0993713966680425,-2.907180922611361,-4.318861963676179,-2.063071957473164,4.57711212397155,14.098476396691574,28.29468468453392
-28.35200645171201,-14.131852260486852,-4.590398180439932,2.0619523069105177,4.318009410145812,2.895614594437231,-0.115715628860169,-2.83603189332041,-4.717827517048472,-5.849205695482936,-6.472744314033338,-6.801945752021283,-6.904884755823223,-6.6744874878004925,-5.927023640226468,-4.542776946711306,-2.548147730985502,-0.1159869202575063,2.494128540967536,5.013308571109275,7.226456255309642,9.006416532268416,10.319314948995675,11.20701401170293,11.755017628974688,12.056542714267763,12.177333808953785,12.127684462641366,11.855814948537722,11.267029447943449,10.256624952720248,8.746492716144658,6.719244723512639,4.2390348219646,1.4495420647603352,-1.4495377452238167,-4.23902972050667,-6.719238091458198,-8.746483829550108,-10.256615704245732,-11.26701938797684,-11.855793664431426,-12.127674343659807,-12.177336441253376,-12.056510664555676,-11.754999118115494,-11.207005400842196,-10.319294125361507,-9.00639503906678,-7.226434525216093,-5.013284998351839,-2.4941046780753995,0.1160094508007912,2.5481682501022287,4.542796770403682,5.927035977369316,6.674486971898081,6.904893980784906,6.801957935179625,6.472748318553379,5.849194049252492,4.7178058402360685,2.8360397633094028,0.1156942770461746,-2.895645838409864,-4.31805838749138,-2.0620166266897373,4.590338448434019,14.131801141418435,28.351964868635303
-28.409126154084067,-14.164902045370832,-4.603325583332325,2.0610406292273447,4.317196587865198,2.884058171501817,-0.1320020706567002,-2.8507762567513386,-4.729578963699787,-5.858217846562786,-6.479972166677895,-6.808353174004194,-6.911452912045987,-6.682502955997871,-5.93796156958074,-4.558007645532248,-2.5687821069130314,-0.1427543374482212,2.461008236952233,4.974165456990615,7.182059952860032,8.957776467534018,10.267505083213935,11.153096517017472,11.7000119459852,12.001392783612792,12.122933865561548,12.075014781058806,11.806038569889498,11.221451354287476,10.216611353185453,8.713419300428184,6.6944348665209805,4.2236253911942505,1.444313863934487,-1.4443090863798962,-4.223619881066951,-6.694427893201323,-8.713410088801052,-10.216601988693684,-11.221441165171022,-11.806016250179727,-12.075005016239176,-12.122937465812065,-12.001359263702843,-11.6999927213861,-11.153088650702252,-10.267484063843895,-8.957754798713786,-7.182038280960175,-4.974141936868523,-2.4609844846966262,0.1427766853513197,2.5688023848157955,4.558026994803739,5.937973391534395,6.682502887835506,6.911461511062745,6.808364735263767,6.479975870805523,5.85820649451397,4.729558160990644,2.8507827008181765,0.1319811004645594,-2.884089698586111,-4.317245742754441,-2.0611050460340827,4.603265671176777,14.164850930215051,28.409084613978816
-28.46608104383059,-14.197679505331038,-4.61595836198926,2.060271200743402,4.316374620092059,2.8724808289101165,-0.1482532465399789,-2.8654893924121505,-4.741348902999548,-5.867311996841434,-6.487332058439359,-6.814922887989179,-6.918194382692985,-6.690682984996889,-5.949041674913573,-4.573352896111178,-2.5895008919157854,-0.1695703972325393,2.427883447239374,4.935071254987323,7.1377728598789325,8.909308921835386,10.215930880683109,11.099471507994666,11.645341178935864,11.94660176148148,12.068898095779746,12.02269522837947,11.756580302810514,11.176147182697266,10.176821098500138,8.6805183354225,6.669748088922858,4.208290299666329,1.4391105946303309,-1.4391053169390298,-4.208284410783575,-6.669740885919028,-8.680508928345796,-10.17681162972718,-11.17613667482262,-11.756556868913496,-12.022685311840222,-12.068901906762692,-11.946567035099104,-11.645321068744442,-11.099464312249728,-10.21591008690834,-8.909287544078941,-7.137751727068005,-4.935048227548501,-2.427860217433474,0.1695920920424021,2.5895203242705125,4.573370995325272,5.949052225400173,6.690682814960743,6.918202058634845,6.814933702616898,6.487335517366936,5.867301129537773,4.7413292871216335,2.865494270670656,0.148232576596216,-2.87251243535433,-4.316422978863217,-2.0603345495919623,4.615898954049215,14.19762903586058,28.46604006718484
-28.52286865268505,-14.230189288048363,-4.628302534585186,2.05964047751654,4.315541678336776,2.860882141981957,-0.1644700806656251,-2.8801721698083536,-4.753137200271065,-5.876486414579654,-6.494821106645259,-6.821651522817901,-6.925106064456903,-6.699025485730559,-5.960263539619283,-4.588814229771319,-2.6103075111984184,-0.1964403283909374,2.3947470851674155,4.8960169660429385,7.093583910076217,8.86100063807588,10.164576884545072,11.046121387714736,11.59098653708632,11.892150419464116,12.015206890620124,11.970707092784757,11.707423390253837,11.13110224946194,10.137242156245588,8.647780590578396,6.6451778471862,4.193025645477947,1.4339309300527316,-1.4339251406903917,-4.193019369413451,-6.6451704034125285,-8.647770975196538,-10.137232579083454,-11.131091410263023,-11.707398841191113,-11.970697030334172,-12.015211015757105,-11.892114395960135,-11.590965575934565,-11.04611487181803,-10.16455635153724,-8.860979567427139,-7.093563323849987,-4.895994438142031,-2.394724386100915,0.1964613628517453,2.6103260943656923,4.588831045474366,5.9602728446765205,6.699025304030937,6.925112717533136,6.82166153566652,6.49482433616499,5.87647611923158,4.753118856423555,2.8801753273154267,0.1644497954900081,-2.8609138395918245,-4.315589251947321,-2.0597027541119184,4.628243645508754,14.230139486059704,28.522828261574684
-28.579487216799414,-14.262442851171226,-4.640369047627037,2.05914152053775,4.314694203992528,2.849260705527065,-0.1806540000242932,-2.8948258168590626,-4.764944421572191,-5.885741281571963,-6.502439922041045,-6.828540948327727,-6.932192334280268,-6.7075390370356445,-5.971641317174447,-4.604411531731016,-2.6312271226931623,-0.2233938136816492,2.36156506691829,4.856965207502454,7.04945303907249,8.812808299713332,10.113397447637528,10.992998974889764,11.536899985923109,11.83799108121249,11.96181387825277,11.919006481017966,11.658527339383626,11.086281092660732,10.097844719039497,8.615182674526027,6.620707335079714,4.17782137916009,1.4287715077085037,-1.428765190994296,-4.1778146971354015,-6.620699628299872,-8.61517283902041,-10.097835022853795,-11.086269888748372,-11.658501680753403,-11.918996240273366,-11.961818287477756,-11.83795377444736,-11.536878201526712,-10.992993119097694,-10.113377207559552,-8.812787554718646,-7.049433028873306,-4.856943217854544,-2.3615429382679536,0.2234141477466094,2.631244826714447,4.604426987184236,5.971649343757768,6.707538915830569,6.932197841256384,6.828550071251117,6.50244288000049,5.885731614305802,4.764927418649124,2.8948270590241805,0.1806341662977861,-2.849292487477704,-4.3147408814482064,-2.059202635228546,4.640310733554117,14.26239377276725,28.57944746655181
-28.635932381749814,-14.294436202077089,-4.652156893840649,2.0587767602803164,4.313834993451879,2.8376187296994035,-0.1968048199485449,-2.9094506915293814,-4.776769569941275,-5.895073031631397,-6.510182368348247,-6.835582831559272,-6.939442766370481,-6.716210961029509,-5.983159429242304,-4.620126355370467,-2.652238861508125,-0.2504087195079031,2.3283606149466003,4.817939264843446,7.005402629121572,8.764753953720774,10.06241357294853,10.94012362587485,11.483099170965756,11.78413981984697,11.90873513025857,11.867608606564504,11.60990686883129,11.041697525005878,10.058641612619358,8.582735216559266,6.596344551772848,4.162682472267106,1.4236341510043256,-1.423627283637992,-4.162675351733321,-6.596336547353689,-8.58272514529995,-10.05863175766432,-11.041685853503353,-11.609880443921089,-11.867598183847589,-11.908739061792298,-11.784102064302116,-11.483076612323703,-10.94011807274528,-10.06239370368738,-8.76473350317502,-7.005383126341077,-4.817917778850108,-2.3283390225205265,0.250428395387596,2.6522557518872807,4.620140504432077,5.983166271470218,6.716210997943817,6.939447099607328,6.8355910251842165,6.510185025935461,5.895064001477566,4.7767539229533,2.909449910051338,0.196785472212216,-2.837650667379686,-4.313880960712319,-2.0588368174094285,4.652099121251728,14.294387810507876,28.63589326096983
-28.692207772731138,-14.32617743556437,-4.663674341221984,2.058541244523007,4.312960655338551,2.825954248095813,-0.2129240758327847,-2.9240483957550145,-4.788612717494101,-5.904480673146291,-6.518046808419738,-6.842775506978339,-6.9468564665470005,-6.725041768992946,-5.994821312520205,-4.635964933538703,-2.673351423461552,-0.2774953719321014,2.29512124492056,4.778924658624176,6.961416766581411,8.716819080004363,10.011604365504263,10.887473381535116,11.429560497182596,11.730572508141655,11.855946402046571,11.816489955900645,11.561539677847932,10.997332395513409,10.01961625621327,8.550425165477323,6.572080004717918,4.147603072410326,1.418516629640783,-1.4185092435527054,-4.147595454222954,-6.572071539430566,-8.550414713219114,-10.019606165971236,-10.997320256960272,-11.561513262128251,-11.816479821329848,-11.85594925796656,-11.730535599624758,-11.429537467539738,-10.887467514325335,-10.011584630899096,-8.71679844817984,-6.9613971949254285,-4.778903176184518,-2.2950997211906787,0.277514941006712,2.6733682533802177,4.63597856073749,5.9948278113215405,6.725043074908212,6.946859670664262,6.842782635353703,6.518048997898347,5.904472247828251,4.788598664037462,2.924044904631679,0.2129057831045928,-2.8259866038968062,-4.313007010243374,-2.0586016311076363,4.663616303151299,14.32612898268388,28.69216867610801
-28.748304076688544,-14.357644582810837,-4.674907837569871,2.058446579346559,4.312079806805326,2.814272332816094,-0.2290114179163341,-2.9386187374496164,-4.800472894990837,-5.91395829106088,-6.526021489793197,-6.850101317508952,-6.954408767583327,-6.733998713521132,-6.006582278321151,-4.6518716807082745,-2.694499449980026,-0.3045813621694072,2.2619277292186277,4.740006008728674,6.917580096197489,8.669092518982772,9.96105945481412,10.835134434428218,11.376369736544309,11.677372585076029,11.803526684867022,11.76572619343095,11.51349894561472,10.95324966320568,9.980825504612278,8.51829857284931,6.547948006459237,4.132604268083523,1.4134265004036717,-1.413418569900076,-4.132596041262442,-6.5479388759319255,-8.51828749020863,-9.98081511458993,-10.953237328665436,-11.513472218711442,-11.765716847765813,-11.803530573498476,-11.677335075694495,-11.37634662418842,-10.835128887468157,-9.961039436494971,-8.66907133874892,-6.917560093850469,-4.739984158313217,-2.2619059228423675,0.3046012230666996,2.6945167110300376,4.651885537422709,6.0065892326543295,6.734001192133482,6.954411643805713,6.850107737087146,6.526023253970244,5.91395006394273,4.8004597470241865,2.938613614465057,0.2289939403857493,-2.814305121770334,-4.312127528883319,-2.05850842580275,4.674848973503464,14.357595520959476,28.748264558728696
-28.80422225204263,-14.388867155712198,-4.685880474955045,2.058476590573043,4.311182512527977,2.802567919984648,-0.2450693151322025,-2.9531630137888807,-4.812351295560771,-5.923509434714369,-6.534114110809441,-6.8575735237205455,-6.962121064179546,-6.743114851221288,-6.018490722418989,-4.6679099396681965,-2.7157599420859726,-0.3317545552923886,2.2286801803404725,4.701075923468037,6.873781261646076,8.62145523826515,9.910655828529295,10.782983819687278,11.32340319738718,11.624418538919862,11.751359061227644,11.715206320879846,11.465679979968607,10.90935770733419,9.942190039136872,8.486292147079098,6.523902027781956,4.117657813291764,1.408354016724737,-1.4083454095200298,-4.117648845217292,-6.523892098001207,-8.486280297652556,-9.942179211557724,-10.909345095657772,-11.46565294768661,-11.715197811872295,-11.751364166510193,-11.624380743756744,-11.3233803596614,-10.78297905933239,-9.910636018351068,-8.621433985548311,-6.87376123205162,-4.701054034138978,-2.2286583783953664,0.331774390132538,2.715777215068346,4.667923651787315,6.018497828166615,6.743117857688562,6.962123839662676,6.857579514743678,6.534115763769141,5.923501612374476,4.812339054216226,2.9531572454419783,0.2450526284702448,-2.802600752366381,-4.311231088439071,-2.0585393821061104,4.68582128478612,14.388817906902124,28.80418265116216
-28.85996447073955,-14.419842009087004,-4.696592443790644,2.0586328264828277,4.310269594594,2.7908409518660107,-0.261099137193711,-2.96768254154693,-4.824247245888706,-5.933130864190189,-6.542319015812672,-6.865184236841618,-6.969983318275837,-6.752377084590358,-6.03053113318061,-4.684061115775127,-2.737111503584988,-0.3589908332070011,2.1954046155721008,4.662161137782536,6.830047350501856,8.573933857712461,9.860418978972456,10.731046362822116,11.270683529935903,11.571731616765694,11.699463159685466,11.66494879322703,11.418099207039267,10.86567190542038,9.903722979070947,8.454416478572972,6.499949883263318,4.102768356930432,1.403300545743845,-1.4032912206948045,-4.102758605028924,-6.499939097813681,-8.454403823776705,-9.903711680489897,-10.86565895427708,-11.418071905000067,-11.664941039837412,-11.69946927414029,-11.571693717250524,-11.27066096292272,-10.731042318438655,-9.86039943168902,-8.57391256630358,-6.83002731747669,-4.662139252292649,-2.1953828545454663,0.359010597853099,2.737128724307373,4.684074663625568,6.030538254109982,6.752380851630081,6.969985807873392,6.865189704137682,6.542320513087947,5.933123556514241,4.824235937700041,2.967676486744963,0.2610826644136429,-2.7908736631085613,-4.31031913933551,-2.058696513258578,4.69653297227094,14.4197926150534,28.859924810102136
-28.915522425140157,-14.450561450206497,-4.7070409890542,2.058918342683436,4.309344203923855,2.77909352637749,-0.2771004857367895,-2.9821788261201427,-4.836160325981231,-5.942819864978665,-6.550630859794733,-6.872925610215203,-6.977985022211188,-6.761771453243012,-6.042685474180328,-4.700303412922665,-2.758528856250821,-0.3862631764444519,2.1621306313210917,4.62329247311938,6.786408695010581,8.526560050237396,9.810380532398382,10.679351275725407,11.218239913902964,11.519339306118304,11.64786570532562,11.614978798245165,11.370782129605123,10.822214435274594,9.86544472215904,8.42268836175412,6.4761042620335205,4.087943688841038,1.3982688799023733,-1.3982592255479815,-4.087933618702053,-6.476093175754996,-8.422675457406609,-9.865433377814483,-10.822201333457668,-11.370754206954242,-11.61497126594096,-11.647872337818848,-11.519299793693662,-11.218216314925584,-10.679346785056644,-9.810359940318728,-8.526537640274054,-6.786387813495689,-4.623269911768441,-2.1621083134031016,0.3862835173597116,2.7585467857129022,4.700317447827086,6.042693182549178,6.7617766775598565,6.977986827157314,6.872929999216681,6.550631487552323,5.942812417922322,4.836149356955629,2.982170708121865,0.2770837387106684,-2.7791267891008733,-4.309395351275844,-2.0589838814843238,4.706979942118068,14.45051090234884,28.915481841603945
-28.97089649916765,-14.481038135284146,-4.717236518920271,2.05932666180508,4.308402991345938,2.7673240113824376,-0.2930749626313387,-2.9966527072707803,-4.848091873337175,-5.952577699844839,-6.559051487018743,-6.880801030385301,-6.986132300394198,-6.771309522381794,-6.054970765538236,-4.71666039052003,-2.780041512587028,-0.413606000693737,2.1288195184501864,4.584427332796478,6.742819209219419,8.479284828081465,9.760488955169732,10.627845782763304,11.16601955180886,11.467188697030268,11.596516188964964,11.565247687207552,11.32368412010382,10.77894579665795,9.827321681117754,8.391081245638839,6.452345989442136,4.073172338137686,1.3932552978585673,-1.3932452684613106,-4.073161925171212,-6.4523345970960175,-8.391068104444322,-9.827310283276654,-10.778932468668952,-11.32365571412116,-11.565240289271838,-11.596522725338843,-11.467148115308015,-11.16599482355718,-10.627840653438492,-9.760467409820809,-8.479261350427821,-6.742797510720532,-4.584404132949181,-2.128796695184857,0.413626841350064,2.780060028352834,4.716674812260278,6.054979110630114,6.771315503724806,6.98613378567152,6.880804616355692,6.55905136080094,5.952569870916169,4.8480807169342,2.9966424320669915,0.2930579425384397,-2.767358082028479,-4.308455315826404,-2.0593936062430034,4.717173980496906,14.4809865246505,28.97085506559883
-29.026078666155204,-14.511259206075929,-4.727172834671867,2.0598630744315702,4.30744949903133,2.7555344058597964,-0.3090225848732577,-3.0111043210254334,-4.860040308268605,-5.962399822096352,-6.567573191101771,-6.8887996180136986,-6.994410658901806,-6.780971751817503,-6.067361859425265,-4.733100549368703,-2.801612337818892,-0.4409777553242877,2.095516755105125,4.545613749915852,6.699328408516696,8.432158798239364,9.710794870403989,10.57657963938006,11.114070226837418,11.415326960702572,11.545459018133474,11.515798975852944,11.276845907708498,10.735903439416594,9.78938697453345,8.359622246295917,6.42869537312144,4.058466684065093,1.388264043470498,-1.3882535717980813,-4.058455845199401,-6.428683580378339,-8.359608761299322,-9.789375447718074,-10.73588991741358,-11.27681689881721,-11.515791848304994,-11.545466141829955,-11.415285046268822,-11.114044666360892,-10.576574355642409,-9.71077257251494,-8.432134467044257,-6.699306083143537,-4.545590047306575,-2.095493537949649,0.4409989755681677,2.801631293724814,4.733115257164887,6.067370764495786,6.780978303077706,6.9944119527384165,6.888802551510847,6.567572476902349,5.962391754089986,4.8600290451755255,3.011092379700505,0.3090054311687553,-2.755569105275309,-4.307502859603006,-2.059931290821782,4.72710903791956,14.511206708118907,29.026036527251176
-29.08107577449614,-14.54124864364958,-4.7368674170176766,2.0605159411921226,4.306476833170071,2.7437214322023644,-0.3249452791289089,-3.025535165546477,-4.8720070209503765,-5.972288937198292,-6.576201101195616,-6.896929951850163,-7.002833948551242,-6.790779679182099,-6.079890789910686,-4.7496664625936456,-2.8232934876521707,-0.4684381603554167,2.0621544239302647,4.5067778113991785,6.655858372265743,8.385098657672287,9.661211879317456,10.525465375495672,11.06230385287138,11.363666969035071,11.49460937235538,11.466551398665484,11.230190931389906,10.693019078422047,9.751581211949736,8.328263514807267,6.405116807379228,4.043805039442337,1.3832875521119938,-1.383276621871361,-4.043793760218765,-6.405104604164172,-8.328249672941919,-9.751569521978192,-10.693005310551968,-11.230161290249194,-11.466544510111351,-11.494617016660802,-11.363623790657932,-11.062277482546818,-10.525460010419769,-9.661188951251386,-8.385073600029836,-6.655835546417945,-4.506753722277251,-2.0621309105530705,0.4684596607823434,2.8233127646343354,4.74968130152316,6.079900054205474,6.790786707041836,7.002834875222541,6.896932194511568,6.57619983014925,5.972280738506327,4.871995808369859,3.025521702578407,0.3249281690034069,-2.743756689392234,-4.3065312018847495,-2.060585328961853,4.736802587253701,14.541195425013443,29.081033088548764
-29.13587754824613,-14.5709887786768,-4.746311452719146,2.0612924434088926,4.305489766123104,2.731887280185622,-0.340843191851238,-3.0399457899034488,-4.883990724672976,-5.982240291904827,-6.584926510602225,-6.9051792561069725,-7.011384564418381,-6.800709415193274,-6.092525683858181,-4.766318124007843,-2.8450376223954192,-0.4959343000976707,2.0287911676290964,4.467981923770908,6.612473482098088,8.338171232226902,9.61180725114841,10.474569400223531,11.01078552699937,11.312271905915342,11.444028573035986,11.417563667480668,11.18377482506023,10.650343220680767,9.713948963726038,8.297041455545749,6.381637694855997,4.029204136575117,1.378331648451412,-1.3783202587085324,-4.029192415635581,-6.381625067483542,-8.29702723648538,-9.71393709684862,-10.650329193310688,-11.18374456218582,-11.417557024915755,-11.44403670178306,-11.31222756173417,-11.010758371230764,-10.474564005367675,-9.611783786362045,-8.338145523570157,-6.61245020437178,-4.467957487178016,-2.028767392375236,0.4959560436740215,2.845057165138797,4.766333034839964,6.092535242272134,6.80071693982851,7.011385086645381,6.905180798742324,6.58492470471886,5.9822320428319085,4.883979683463205,3.039930922153917,0.3408261716115136,-2.731923012052855,-4.30554512768717,-2.061362987897063,4.746245645070698,14.570934878988458,29.135834346717868
-29.19048582157891,-14.600496314113984,-4.755517378120654,2.0621847263261284,4.304484265188797,2.720030225702039,-0.3567179874824747,-3.054337696898473,-4.895993052923997,-5.992256076082816,-6.593752965455006,-6.913553269321169,-7.020071734323916,-6.810775767366478,-6.105288511512796,-4.783085198611515,-2.866881477799786,-0.5235090617839477,1.995378305655336,4.429172756918547,6.569116586852232,8.291315795771146,9.5625180031621,10.423827320463383,10.959450630319504,11.261077967278853,11.393654731234564,11.368776783508842,11.13754275716511,10.607826740906516,9.676448155719518,8.265922271701406,6.358233112445319,4.014648833785858,1.373391220405347,-1.3733793275661097,-4.01463662753391,-6.3582200258550206,-8.26590765329312,-9.67643606863365,-10.607812386670089,-11.137511899099472,-11.368770343191285,-11.393663155898045,-11.26103265853106,-10.959422704080508,-10.423821859331795,-9.562494075806995,-8.291289511219166,-6.56909293207258,-4.429148037982976,-1.9953543281473924,0.5235309802354253,2.8669011966801747,4.783100090452903,6.105298243607432,6.810783630607824,7.020071859586992,6.913554112190124,6.593750629329866,5.992247746217772,4.895982095649201,3.054321580618232,0.3567009319179772,-2.720066403229755,-4.3045404741940505,-2.062256254460812,4.755450719222339,14.600441837310932,29.1904421960363
-29.244897838988024,-14.629765841768837,-4.764483984569019,2.063194463658625,4.303461490715807,2.7081507076143767,-0.3725701663971803,-3.0687114458180718,-4.908013287465895,-6.002333563421763,-6.602675698070141,-6.922045353618192,-7.028886931065929,-6.820967912202479,-6.118165650723407,-4.7999509885938005,-2.8888055357028373,-0.5511404275073745,1.9619398882813208,4.390375571537131,6.525813667268007,8.24455857808962,9.51336982297881,10.373264103255998,10.908323030806091,11.21010788495498,11.343509472299926,11.32021134678879,11.091514217460803,10.565487773799456,9.639094795535154,8.234919254928512,6.334913074446333,4.00014526085954,1.3684682968766115,-1.3684558926307542,-4.000132563989842,-6.334899518612276,-8.2349042198982,-9.639082469153283,-10.565473069326204,-11.091482823620035,-11.320205080182191,-11.34351801835404,-11.21006178060941,-10.908294347629893,-10.37325853543836,-9.513345497301662,-8.244531756412758,-6.525789654751595,-4.390350596944114,-1.961915733017901,0.5511624945427628,2.8888253881364614,4.799965841931782,6.118175524949846,6.820976038705049,7.028886690268088,6.922045535242427,6.602672854354376,6.002325146054269,4.908002384048284,3.0686942281351715,0.3725530175132377,-2.708187301051064,-4.303518548353922,-2.063266948900496,4.764416507388735,14.62971081753938,29.24485381112548
-29.299106661602284,-14.658789104981311,-4.773208533162077,2.064324448169584,4.30242375861435,2.696250039089031,-0.3883998102016035,-3.0830674049806155,-4.920050667278199,-6.012469945218908,-6.611689675620221,-6.930648404576723,-7.037820817623924,-6.831273749939113,-6.131141485711371,-4.8168962283428405,-2.9107872094670446,-0.5788033424839321,1.9285036137671492,4.351619787450504,6.4825949202518185,8.19793068361055,9.464393546464429,10.32290968582202,10.857431867009351,11.15938978682159,11.293619789994022,11.271893287978118,11.045714071307811,10.52334896981807,9.60190902648607,8.204048973096555,6.311690221742472,3.985701156926866,1.363565588384444,-1.3635526657232977,-3.9856879616754153,-6.311676183813268,-8.204033508250056,-9.601896453766187,-10.5233339207434,-11.045682085320715,-11.271887180962484,-11.293628602482109,-11.159342736667115,-10.85740243469921,-10.322904072306182,-9.464368823510965,-8.197903331124825,-6.482570555668075,-4.351594560033449,-1.9284792859607272,0.5788255501854205,2.9108071717325856,4.816911039570674,6.131151497243699,6.831282061205815,7.037820267798753,6.930647951840439,6.611686326165777,6.012461400853672,4.920039759317759,3.0830492337917703,0.3883824938998648,-2.696287019635521,-4.302481657041777,-2.0643978885289,4.773140237498942,14.658733529669238,29.29906222552495
-29.35312407237444,-14.68759726584787,-4.78171123942205,2.065561223357031,4.301362915782007,2.684324035591707,-0.4042095636811689,-3.097407683166116,-4.932107615613159,-6.022669567090389,-6.620802495473737,-6.939374400002756,-7.046891802712036,-6.841721210928329,-6.144256793650861,-4.833974898890999,-2.9328924581467986,-0.6065731113340516,1.894983896615502,4.312811920908176,6.439361451342576,8.151326837919587,9.415480591457433,10.272654331661055,10.80666717134671,11.108815251485083,11.243879943477392,11.223721440015265,11.00004725284726,10.481325328715348,9.564816961204722,8.173251749594822,6.288519794713063,3.971289206464195,1.3586735539495929,-1.3586601111220291,-3.971275511996355,-6.2885052926164375,-8.173235887647113,-9.564804145514278,-10.481309906111886,-11.00001470740521,-11.223715473218322,-11.243888932090996,-11.108767371903731,-10.806636996321098,-10.272648628854588,-9.415455492747936,-8.15129898221426,-6.439336760700745,-4.312786455033591,-1.89495940161818,0.6065954542739252,2.932912523544028,4.833989669053564,6.144266928344527,6.841729712974101,7.046890905801812,6.93937332920262,6.620798685804358,6.022660949965504,4.932096737191658,3.0973885774633887,0.4041921042556242,-2.6843613696975184,-4.301421641680709,-2.065635646190723,4.781642104577437,14.687541130862286,29.353079221257453
-29.406937948661227,-14.716168947434245,-4.789981840304161,2.066912805668752,4.300284595023495,2.6723755951326305,-0.4199989858724275,-3.1117321992792464,-4.944182593125725,-6.0329275591548415,-6.630005246828013,-6.948210132268229,-7.056081390493115,-6.852284833743155,-6.157476796424129,-4.851142797495762,-2.955068598957087,-0.6343908629966569,1.8614467515994948,4.274022966268694,6.396186881677265,8.104824187763118,9.366708981125424,10.22257530906008,10.756105122388089,11.058458528093322,11.194362338372,11.175765154217354,10.95457951216716,10.439476144277744,9.527871000549911,8.142570321326081,6.265434287342375,3.956929289865931,1.3537992279885644,-1.3537852359490965,-3.956915070205984,-6.265419291570344,-8.142554027851375,-9.527857904431633,-10.439460312572656,-10.95454645276634,-11.175759283828604,-11.19437133166076,-11.05840996056456,-10.756074216255206,-10.222569458365705,-9.366683542880644,-8.104795851130502,-6.396161879556732,-4.273997286948064,-1.8614221139257303,0.6344133108705916,2.955088723168353,4.851157521453769,6.157487013771815,6.852293330577569,7.056080256264102,6.948208478625515,6.630000969928953,6.032918760523579,4.9441716130314335,3.111712372331148,0.419981216515762,-2.67241329206691,-4.300344126589991,-2.0669881327612982,4.789911921932743,14.716112294414728,29.406892721602965
-29.46055127986201,-14.74451889658786,-4.798030555708059,2.0683729368174646,4.299185108439955,2.6604029280184407,-0.4357699823932479,-3.12604220156106,-4.956276532554866,-6.043245253032199,-6.63930042353424,-6.957159800128835,-7.065396632983929,-6.862975811637472,-6.17081927574562,-4.868423731464628,-2.9773449246855703,-0.6622901713234723,1.8278532536179468,4.235209954316909,6.353025658349287,8.05837354336845,9.318027606803971,10.172620737416423,10.705693272755363,11.008267909237166,11.145016102084115,11.127976050345032,10.909265409751365,10.397761300966438,9.491036335577798,8.111976726864057,6.242412576247009,3.942608487938378,1.348938025303838,-1.348923484469158,-3.94259374363429,-6.242397092081507,-8.111960012730759,-9.491022958639894,-10.397745063836718,-10.909231855523492,-11.127970245452724,-11.145025131664887,-11.008218649031232,-10.705661687275988,-10.172614742894254,-9.318001851375223,-8.058344755720164,-6.353000365773156,-4.235184077190156,-1.827828484860541,0.6623127110382504,2.977365076498727,4.868438397764769,6.1708295693126045,6.862984259419918,7.065395305062117,6.957157584430767,6.639295699758726,6.043236272125372,4.956265429613955,3.1260217958236094,0.4357518651026429,-2.6604408976786917,-4.299245337459336,-2.0684491760981905,4.797959828407528,14.744461709366185,29.46050565864919
-29.513966273004637,-14.77265023039112,-4.805861096712626,2.0699397664454438,4.298064130620822,2.6484052807610827,-0.4515221827085264,-3.1403392009737097,-4.968390318948396,-6.053622084249775,-6.648686267519201,-6.966221387012521,-7.074835589477824,-6.873793810817837,-6.184282782805162,-4.8858175010569775,-2.9997222162407846,-0.6902722309764403,1.794202016399811,4.19637072047833,6.309874490260333,8.011970918310606,9.269431376805688,10.122784611032085,10.655424932186582,10.958236099281836,11.095833791956434,11.080346635429947,10.864097947104533,10.356174315371865,9.454307483255583,8.08146644389625,6.219451532653472,3.9283248751699777,1.3440893217301135,-1.3440742208103542,-3.92830959278483,-6.219435536382753,-8.081449283495568,-9.454293804060296,-10.356157664333844,-10.864063906523173,-11.080340874070584,-11.095842852481288,-10.958186144586938,-10.655392679545562,-10.122778460695546,-9.269405319502908,-8.0119416913466,-6.309848903717104,-4.19634464735897,-1.79417712080959,0.6902948542774399,2.999742373652809,4.885832136369156,6.184293130383098,6.873802070630188,7.074834179818965,6.96621868818749,6.64868111283781,6.053612807832124,4.968378964804211,3.140318467375522,0.451503541105176,-2.6484435136468947,-4.298125128316766,-2.0700169092117324,4.805789594195947,14.772592535213592,29.51392028074289
-29.56717465087573,-14.80056180753305,-4.813474435255156,2.0716135726801026,4.296921766939418,2.636383288046538,-0.4672575825161076,-3.154623736467345,-4.980523748454261,-6.064057420826993,-6.658161747026471,-6.975393106482036,-7.084396021415456,-6.884735056841885,-6.197865195623094,-4.903321407564159,-3.022197465434169,-0.7183349360548782,1.7604944853500877,4.157506301151151,6.266733652307755,7.965615965693671,9.220919622945663,10.07306507611577,10.605298052591918,10.908360882216144,11.046813950966618,11.032875975979264,10.819077250671318,10.314715690056724,9.417685778778573,8.051041095901462,6.196552369660242,3.914079204636628,1.3392534518403654,-1.3392377675372835,-3.914063362606549,-6.1965358389990834,-8.051023467931994,-9.417671754171826,-10.314698571825836,-10.819042799050337,-11.032870205930596,-11.046822767182174,-10.908310455122365,-10.605265133064734,-10.073058674012737,-9.220893300800071,-7.965586320120424,-6.266707780907409,-4.157480046809564,-1.7604694769346074,0.7183576267972989,3.022217604137932,4.903335979821106,6.197875538752536,6.884743096289026,7.084394508326707,6.975389923652368,6.658156138378359,6.064047819831572,4.9805121390887095,3.154602601584132,0.4672384425768049,-2.63642182867604,-4.296983504810625,-2.071691581500468,4.813402172370901,14.800503621999876,29.567128308229098
-29.620169639597,-14.82823739189442,-4.8208635521014935,2.0733994709806423,4.295761704071468,2.6243386884033435,-0.4829753943948796,-3.1688953719558715,-4.992674946055238,-6.074546435766697,-6.667718713740914,-6.98466356434118,-7.094062544237227,-6.895779246434863,-6.21153873175322,-4.92090036384838,-3.044728907009286,-0.7464308124253963,1.7267838394816033,4.118673992937239,6.2236632169690616,7.919371217683951,9.172555091543686,10.02352461082635,10.55537368395205,10.858701625620672,10.998013645932971,10.985618639786365,10.774254522074251,10.273432129720444,9.38121210586286,8.020734102370378,6.173740589385875,3.8998871723210935,1.3344358374903742,-1.3344195482788477,-3.89987074724397,-6.173723504462755,-8.020715991726197,-9.381197708741592,-10.273414526606604,-10.7742196928899,-10.985612817614047,-10.99802216702131,-10.85865079822861,-10.555340149501172,-10.023517916871173,-9.17252852273714,-7.919341180422272,-6.223637071115522,-4.118647570090168,-1.7267587288039592,0.746453556232482,3.0447489970559647,4.920914887479692,6.211549062030172,6.895786954222944,7.094061029002291,6.984659922671758,6.667712641485596,6.074536430762714,4.992663009013225,3.1688740317366384,0.4829556279015494,-2.624377519525789,-4.295824177118943,-2.073478321983108,4.8207905521099,14.828178729814796,29.62012295760509
-29.672964582148115,-14.855707675184872,-4.828047038503998,2.075285723492531,4.2945771391478615,2.612267898743511,-0.4986781905107455,-3.183156654467987,-5.00484698367399,-6.08509417059061,-6.677365301354155,-6.99404494672714,-7.103853305755563,-6.906953327518913,-6.225342306067966,-4.938605836581347,-3.06737932956076,-0.7746313695337307,1.692989097686121,4.079785118155321,6.180568994944768,7.873136724419832,9.124235028054388,9.97405948022614,10.505548167113377,10.80915620114236,10.94933303469171,10.938478945953488,10.7295397393727,10.23224254483076,9.344815666533732,7.9904877991509,6.150972584437607,3.8857219617022247,1.3296271096488026,-1.3296102228437847,-3.885704956507032,-6.150954946981572,-7.990469213581957,-9.344800898009856,-10.23222446386189,-10.729504544592183,-10.938473031978692,-10.949341299369502,-10.809104985042785,-10.505514076812096,-9.974052482038518,-9.124208206071843,-7.873106305431309,-6.180542581043522,-4.079758530294397,-1.6929638793552892,0.7746541733437377,3.0673993855500457,4.93862036387743,6.225352638009775,6.906960725063375,7.10385179193835,6.994040851205355,6.677358799901552,6.085083795760084,5.004834801521991,3.1831351571899438,0.4986578144890188,-2.612306980538834,-4.294640383472978,-2.075365501556805,4.827973243424379,14.855648490036602,29.67291751680533
-29.725551794229872,-14.882960551596694,-4.835019971987311,2.0772762450776376,4.293371109391125,2.6001726242889704,-0.5143656369614837,-3.197407493579393,-5.017038740472424,-6.095697347697543,-6.687095737280779,-7.003528940564515,-7.113756987562175,-6.918242095674869,-6.239255504708141,-4.956412044908459,-3.090118127237576,-0.8029024926017387,1.6591483109322576,4.040880500116613,6.137493255005687,7.826956435674525,9.076003484030483,9.924713032983716,10.455863965711275,10.759765875083549,10.900812210745014,10.891495358115709,10.684969458468425,10.19118019250653,9.308526040311678,7.960326541471027,6.1282670384918045,3.8715950842418594,1.324831339834356,-1.324813806807236,-3.871577449558441,-6.128248791285927,-7.960307415073118,-9.308510833928064,-10.19116161130098,-10.68493389450934,-10.89148933234812,-10.900820255370224,-10.759714231604814,-10.455829360356198,-9.924705759998387,-9.075976434473064,-7.826925664656988,-6.137466585000486,-4.040853763756897,-1.6591230107672652,0.8029253236473435,3.0901381026425336,4.956426539082626,6.2392657564924425,6.918249102487958,7.113755532018324,7.003524414163588,6.687088759390417,6.095686474127153,5.017026237124473,3.197385907483706,0.5143445528287092,-2.600211968042168,-4.29343507950676,-2.0773568634611936,4.83494545945723,14.882900906364998,29.72550440907523
-29.7779339073042,-14.910011317148788,-4.841791987660164,2.0793656437114034,4.292140199002633,2.588050605372654,-0.5300398468019584,-3.2116500463819246,-5.029252162459502,-6.106358454764069,-6.696913684313249,-7.013121069251239,-7.123782015906792,-6.929658376662342,-6.2532974154726535,-4.97434459506169,-3.11297677895934,-0.8312802450911596,1.6252200174067375,4.001914441311372,6.094387314574229,7.7807780701622145,9.027806706595724,9.875430874622689,10.406266420167904,10.710476869567032,10.852398818582428,10.844617980530437,10.640496702516408,10.150203078997103,9.272306619526448,7.930220571188036,6.1056011678189925,3.857492481889892,1.3200435773012138,-1.3200254025652998,-3.857474219890907,-6.105582308475742,-7.930200899074231,-9.272290957369664,-10.150183993060038,-10.640460845172612,-10.844611817718793,-10.85240652815198,-10.710424959177232,-10.406231359937186,-9.875423286025216,-9.02777946800484,-7.78074698231245,-6.094360397779067,-4.001887564283704,-1.625194639528708,0.8313030999054939,3.112996666133678,4.974359049413012,6.25330757213109,6.92966506164233,7.123780605458883,7.013116103263366,6.696906258702081,6.106347136165176,5.029239472872709,3.2116283199540856,0.5300181342379578,-2.5880901787592454,-4.292204868656789,-2.079447148006353,4.841716721986745,14.909951188167982,29.777886176309288
-29.830106876715305,-14.936848190838,-4.848358966249573,2.0815568062848926,4.29088707499782,2.575903672951166,-0.5457002309641542,-3.225883809409642,-5.041485696807152,-6.117073765220224,-6.706812928131961,-7.022812517888054,-7.133916393786744,-6.941186076999995,-6.26744631250522,-4.992376101424345,-3.135922810902004,-0.8597285602755413,1.5912449301024756,3.962930874123245,6.05129667682426,7.734649521191313,8.979692639503462,9.826260109437325,10.35680180141482,10.661333997753376,10.804136321937978,10.797888307054547,10.596161046454052,10.109346853271,9.2361892059048,7.900195978037709,6.082995300441842,3.8434266532985664,1.3152682855252322,-1.3152494528111771,-3.8434077406375424,-6.082975805716886,-7.900175743880795,-9.2361730636832,-10.109327260248904,-10.596124910010346,-10.79788200199352,-10.804143751928429,-10.661281859409682,-10.356766368086442,-9.82625222418596,-8.979665226350074,-7.734618145245001,-6.051269523977762,-3.9629038581021,-1.5912194687485106,0.859751443862737,3.1359426211180934,4.9923905592865605,6.267456381085427,6.941192429210386,7.133915114548359,7.022807124582624,6.706805083660246,6.11706198272465,5.041472920712533,3.2258620338878226,0.5456778862567365,-2.575943435882484,-4.290952534901885,-2.081639284381514,4.848282922106916,14.936787560573668,29.83005877817381
-29.882073187882053,-14.963483798271064,-4.854728765742334,2.0838456120097986,4.289609495046565,2.5637304320841783,-0.5613483088727244,-3.2401105754547195,-5.053741128535389,-6.127845539190787,-6.716796618576783,-7.03260782610107,-7.144167003309725,-6.952835637510021,-6.281717618246254,-5.010527168664568,-3.1589815352976336,-0.8882763814123619,1.557189895324768,3.9238931156379215,6.008181991923745,7.688528416936924,8.93161754688399,9.77715633523035,10.307425423356614,10.612293147424449,10.755981721805153,10.751265212374443,10.551923692692831,10.068576683030388,9.200143318613828,7.870227931109039,6.060430428646023,3.82938588918016,1.3105013545810875,-1.3104818665527571,-3.829366320769158,-6.060410287916236,-7.870207130655333,-9.200126674955758,-10.06855655959562,-10.551887366232222,-10.751258741190846,-10.75598872555808,-10.612240997563916,-10.307389682579265,-9.777148085516028,-8.931589999985745,-7.688496784466548,-6.008154607649352,-3.923865964829525,-1.5571643494865954,0.8882992965266682,3.159001280177052,5.010541658532632,6.281727589086155,6.952841694289581,7.144165907963591,7.03260200775454,6.716788364821355,6.127833287312885,5.053728443776961,3.240088712290336,0.5613254144283875,-2.5637703644254177,-4.28967578005923,-2.0839291390442,4.854651901287676,14.963422632459595,29.882024687499914
-29.93383339178897,-14.989919224707611,-4.860903543851467,2.086230935776231,4.288307243382452,2.551530667706269,-0.5769848311193604,-3.254331137787066,-5.066018510201938,-6.1386728928907015,-6.72686304122479,-7.042504767331471,-7.154531169064355,-6.964604251209863,-6.296108494996678,-5.028794940197046,-3.182150085342842,-0.9169207127799908,1.5230580844834465,3.884804132594378,5.965045793245639,7.642416945888771,8.883582844970604,9.728120301457729,10.258137649922745,10.56335411250224,10.707934380883474,10.704747831095714,10.507784103277872,10.02789218253048,9.164168759884092,7.840316325742278,6.037906598515488,3.815370185129174,1.3057428078880438,-1.3057225982990026,-3.8153498887775146,-6.037885736351948,-7.840294882489109,-9.164151540879091,-10.027871494963287,-10.507747571002849,-10.704741159973445,-10.707940991607028,-10.56330191955579,-10.258101645971507,-9.72811168251472,-8.883555154804153,-7.642385075962385,-5.9650181851842765,-3.8847768531862874,-1.523032470297423,0.9169436385336625,3.1821697500192725,5.028809428417095,6.296118256942542,6.964609992733764,7.1545302913671085,7.042498455002641,6.726854303140897,6.138659997161256,5.066006036800237,3.254308962697297,0.5769614048627794,-2.55157086189804,-4.288374341197558,-2.086315419117554,4.860825937705282,14.989857577420358,29.93378454884612
-29.985368482005438,-15.016124275013963,-4.866869782304479,2.0887222611878764,4.286986296559788,2.539308028773612,-0.5926077569770523,-3.268543367258991,-5.07831397426984,-6.149548460876499,-6.737000449781219,-7.052486737526887,-7.16498611059338,-6.976460499408072,-6.31057556219131,-5.047123506855875,-3.2053612128875533,-0.9455866489357576,1.4889331631183416,3.845755077744631,5.921984221571693,7.596416293488846,8.835691380014106,9.679254219649293,10.209039074577502,10.514615653312168,10.660091392778964,10.658430038889264,10.463831295282263,9.98737453589914,9.12833793809994,7.810521052977368,6.015469762951185,3.801407924255401,1.3010026010161235,-1.300981670490872,-3.80138689019748,-6.015448160279121,-7.810498957629427,-9.128320111923223,-9.987353241758456,-10.463794776315174,-10.658423149832537,-10.660097118233908,-10.514564017805428,-10.20900290539474,-9.679245060236024,-8.835663642109369,-7.596384243237323,-5.921956398727088,-3.845727679456019,-1.4889074848419608,0.9456095801836448,3.2053807861782566,5.047138041098992,6.310585123095921,6.976465827312812,7.164985701100523,7.052479955332893,6.736991262697602,6.14953481453376,5.078301910585177,3.26852103146201,0.5925837922002813,-2.539348418651173,-4.287054268399679,-2.0888077949681625,4.866791397715822,15.0160621180347,29.985319263693945
-30.03670393924224,-15.042152186022378,-4.872655310292156,2.0913023774778603,4.285636309564598,2.527055805824696,-0.6082225116929978,-3.2827531963070102,-5.090634850353482,-6.160483862466982,-6.747226266352803,-7.062578313033869,-7.175566423613102,-6.988453862345862,-6.325188977177624,-5.06560474312198,-3.228726520761102,-0.9743996783888472,1.454673634281474,3.806590670700349,5.8788322006065945,7.5503510213962866,8.787763535632203,9.63037806354581,10.15995101970646,10.465901665640342,10.61228027284463,10.612145560266,10.419908141637656,9.946881450618104,9.09252485042474,7.780738516480476,5.993040562602109,3.787450150998716,1.2962635683792685,-1.2962419002352483,-3.787428374635464,-5.993018223290724,-7.780715775124478,-9.09250637853387,-9.946859485631132,-10.419871790578044,-10.61213831837577,-10.61228468057178,-10.465850878967782,-10.159914700406157,-9.630368119944611,-8.787735769674276,-7.550318812724705,-5.878804146619573,-3.806563151369433,-1.454647897927149,0.9744226021890264,3.228745992724551,5.065619268625506,6.3251981986279855,6.988458826716539,7.1755666187992215,7.062570883527125,6.747216475336107,6.160469218238751,5.090623675679178,3.282730152338453,0.6081981652203258,-2.5270964617667824,-4.285705062343841,-2.09138889905323,4.872576135382597,15.042089526559234,30.0366543503539
-30.087829323651203,-15.06798186743701,-4.8782510061205135,2.0939777590006265,4.284261909217087,2.5147768574631155,-0.6238275124468708,-3.2969588559577656,-5.102977790510142,-6.17147282402652,-6.757530756164194,-7.072766119432072,-7.1862540639051184,-7.000559872857807,-6.3399155330394485,-5.084196067140663,-3.2521948803264054,-1.0033022247213117,1.4203439292793023,3.767380950960608,5.835663690023243,7.504298872573585,8.739878046189329,9.581570232571462,10.110950823823474,10.41728772488286,10.564574713015595,10.565965239427168,10.376081886997149,9.906474323728746,9.056783973047532,7.751013623187909,5.970653416112809,3.773518076547761,1.2915331198779003,-1.2915107122753862,-3.773495579582112,-5.970630389142962,-7.750990298829727,-9.056764836091515,-9.906451611299524,-10.376045837468135,-10.565957355431165,-10.56457725134135,-10.417238109193546,-10.110914412087586,-9.581559270084904,-8.739850367578262,-7.504266655316963,-5.835635522477707,-3.767353435512657,-1.420318253182851,1.0033249991726794,3.252214082114853,5.084210385601732,6.339924114394963,7.000564315755994,7.186254996889919,7.072757906589873,6.757520313018981,6.171457035783457,5.102968051990559,3.2969347295209808,0.6238028034617656,-2.514817797004297,-4.284331156795391,-2.0940649112233767,4.878171203858176,15.067918864788332,30.08777948878731
-30.138719137991234,-15.093573932889456,-4.883640133908049,2.0967599209302006,4.282870453927357,2.502476378085843,-0.6394197479689289,-3.311156689687875,-5.115338457075442,-6.1825057238431445,-6.767899289764059,-7.083029454782331,-7.19702107462282,-7.012739354233,-6.354700621091471,-5.102827292411133,-3.275681841747252,-1.032201828027917,1.3860479241721866,3.728239570029072,5.792597947335223,7.458386585585632,8.692163563836338,9.532957419289549,10.06216315337582,10.368896909788482,10.517095423769414,10.520006575063016,10.332464387408502,9.866254124036198,9.021206440231367,7.721421898376268,5.948366854703204,3.7596477594362505,1.28682406652373,-1.2868008436184304,-3.7596244905889664,-5.948343129623877,-7.721397989346144,-9.021186578108493,-9.86623059547126,-10.332428530694727,-10.519997827761156,-10.517096047011789,-10.36884843757108,-10.062126696049344,-9.532945561864487,-8.69213616635366,-7.458354626171903,-5.792569916929083,-3.728212277988572,-1.386022516667634,1.0322242075467936,3.2757004393350697,5.102841053834901,6.354708298793765,7.0127428591816505,7.197022341625613,7.083020832254151,6.767888325959234,6.182489232411472,5.115329170439233,3.311132458737285,0.6393941961813502,-2.502517516616892,-4.282939765947,-2.096847079876914,4.883560110098151,15.093510937354758,30.138669354648773
-30.189388938162622,-15.118959122891894,-4.888838323508918,2.0996384808581614,4.281455504223213,2.490149893244148,-0.6550027637963807,-3.3253504453583864,-5.127721029908143,-6.193588859061578,-6.778341171963719,-7.0933814740237295,-7.207886252962818,-7.0250193189052,-6.36958316232243,-5.121549709103254,-3.299250076850897,-1.061168234166485,1.3517067798196667,3.689079468102999,5.749542319761233,7.412514998398596,8.644518148032837,9.484437428873322,10.013486485179662,10.320628754570173,10.469743263476072,10.474173529964126,10.288964668974597,9.826138554689283,8.985718749590625,7.691902837481813,5.926134315725985,3.745810520954048,1.2821262472106754,-1.2821021889916415,-3.745786457600341,-5.926109865350395,-7.69187829844077,-8.985698133733676,-9.826114275126956,-10.288928895792033,-10.474163900515284,-10.46974246095915,-10.320581039558094,-10.013450083324328,-9.484424882339454,-8.644491016960782,-7.412483321323931,-5.749514444792093,-3.689052405629528,-1.3516816485956886,1.06119021086731,3.299268045603725,5.121562896339134,6.369590049672786,7.025021954068438,7.207887437370373,7.093372722495069,6.778329789497263,6.193572086508528,5.12771140407041,3.3253266977160267,0.6549762766993588,-2.4901911801532948,-4.28152487965459,-2.0997256903775354,4.888758081875438,15.1188961381574,30.189339212133863
-30.23984795429526,-15.144156506397666,-4.893856263382781,2.102607268126519,4.280013785569184,2.477795348312976,-0.6705785421837308,-3.3395426105475594,-5.140127962131152,-6.204726106153076,-6.788861718063614,-7.103829789013007,-7.2188601032351185,-7.0374152857201135,-6.384585432812476,-5.14039268171443,-3.3229354959950785,-1.090241772789596,1.3172747774064628,3.649850214492742,5.706443002952107,7.366626430916709,8.59688243523124,9.43595073668413,9.964861533488952,10.272424354386644,10.422460675251427,10.428410250117404,10.245529925503844,9.786079966022047,8.950278483551887,7.6624214706348015,5.9039289405424284,3.731989758055297,1.2774338412203092,-1.2774089402540556,-3.731964879596691,-5.903903734813297,-7.662396280250836,-8.950257101062112,-9.786054944929417,-10.245494215101091,-10.42839977575387,-10.422458538018292,-10.272377419521106,-9.964825216441962,-9.43593751655883,-8.596855531919386,-7.366595017482628,-5.706415269286554,-3.649823360990536,-1.3172498958428085,1.090263383282854,3.3229529019454027,5.14040536291523,6.384591629934198,7.03741711385694,7.218861067663338,7.103820987293612,6.788849991873543,6.204709205157278,5.140117758529258,3.3395194651554614,0.670551162914415,-2.477836837284628,-4.280083367778685,-2.102694657009041,4.893775757701757,15.144093491182836,30.2397982464576
-30.29009690714485,-15.16916744490156,-4.898695717855106,2.105665367026592,4.278545302777574,2.465412775668131,-0.6861474206682248,-3.353733728082861,-5.152559103094412,-6.215916908232254,-6.799459718384398,-7.114372723018552,-7.229940640956206,-7.049925335532505,-6.399705626548133,-5.159354390535108,-3.346736313522748,-1.1194202888774178,1.282754093985742,3.610553710562797,5.663301659163876,7.320722050618177,8.549256875515535,9.387497466118198,9.916288186406025,10.22428318801765,10.375246647381706,10.382715580281571,10.202159303881146,9.746077924984384,8.91488520951185,7.632977449919538,5.881750505762976,3.718185298933618,1.2727467855725565,-1.2727210251287944,-3.718159585118336,-5.881724511012792,-7.632951555111478,-8.914863030570903,-9.746052211299162,-10.202123576440211,-10.382704258619649,-10.375243473180182,-10.224236729968732,-9.916252000709774,-9.387483685099358,-8.54923015685845,-7.320690884501764,-5.663274047759298,-3.6105270491005417,-1.2827294561150715,1.1194415381484404,3.3467531736098315,5.159366565029203,6.399711121330266,7.049926373423937,7.229941414284192,7.1143638644760205,6.799447628486319,6.215899769977114,5.15254834946831,3.353711055240956,0.6861192263248896,-2.465454487379209,-4.278615064160335,-2.1057529597129263,4.898614935753662,15.169104394014427,30.29004722354442
-30.34011837204107,-15.193966805128646,-4.90334659787845,2.108820426076926,4.277054387218207,2.453004755678205,-0.7017080433527499,-3.367921832619709,-5.16501108493787,-6.227154606321643,-6.8101249676047,-7.124996252138312,-7.241108937177466,-7.062523725563986,-6.414908413608379,-5.178389659344304,-3.37059833204006,-1.1486443146139695,1.2482109539853905,3.571262330075609,5.620194655792035,7.274882698015124,8.501723683540169,9.339158837170787,9.867846081788931,10.17628355460845,10.328178741104905,10.337164859437664,10.158924470955066,9.706197852418857,8.879598066170086,7.603620150629037,5.859637102683265,3.7044206870333536,1.2680733251683034,-1.2680466929546013,-3.704394119704975,-5.859610294387567,-7.603593534553674,-8.879575067595423,-9.706171407864408,-10.158888878803088,-10.337152738700448,-10.32817412128206,-10.17623810604246,-9.867810084994456,-9.339144410605703,-8.501697236287967,-7.274851827042103,-5.620167192463616,-3.571235887445141,-1.248186574197642,1.1486651883273864,3.370614621443451,5.178401364791741,6.414913289866488,7.062523795449268,7.241109600630425,7.124987485296096,6.810112637389862,6.227137287018249,5.164999498357581,3.3679001075462387,0.7016789400092531,-2.4530466418669783,-4.277124375683519,-2.108908276582548,4.903265544449294,15.193903723869472,30.34006870943484
-30.389921610888344,-15.218574791115325,-4.907819430021368,2.112066084807188,4.275537537628028,2.440568822389769,-0.7172627132673921,-3.3821097658891217,-5.177486941870379,-6.238443608338428,-6.8208636090668975,-7.135708860904848,-7.252376873320828,-7.075227475340478,-6.430218258652819,-5.197530600027052,-3.3945607729714,-1.1779574215020023,1.213595950174022,3.5319213877854665,5.577063650986684,7.229045567376745,8.45421823367509,9.290870294541458,9.819471311331393,10.128362308136673,10.28119445507618,10.291697637675226,10.115768291444384,9.666388184080134,8.844370776033328,7.574311264777287,5.837559180440418,3.690677716729271,1.2634070768076122,-1.263379550386358,-3.69065027204602,-5.837531538050038,-7.574283907263343,-8.84434692727254,-9.666360997185528,-10.115732819710413,-10.291684693196116,-10.281188429783969,-10.128317833218947,-9.819435523124588,-9.29085520874907,-8.454192044175848,-7.229015009001302,-5.577036339614399,-3.531895158404778,-1.2135718298950953,1.1779779167743154,3.394576489873,5.197541825505483,6.43022248821113,7.07522651426467,7.252377445611366,7.135700194808901,6.820851083933516,6.238426046075736,5.177474491800719,3.3820889281651136,0.7172327153953739,-2.440610955468007,-4.275607778008195,-2.1121541683804645,4.907738134761252,15.2185117058575,30.389872003177565
-30.43950493746345,-15.242984559990472,-4.9121126437636455,2.115403625322408,4.273996363717006,2.42810659642822,-0.7328104566247674,-3.396296300036766,-5.189984896847976,-6.249780723928927,-6.831670978071487,-7.14650433844889,-7.263736478068603,-7.08802642902482,-6.4456216895829375,-5.216760433972805,-3.418603719093411,-1.2073379215087252,1.1789336331942248,3.4925575475495103,5.533936225967334,7.183240022536211,8.406769673448116,9.24265989354975,9.771190796868144,10.080545374300156,10.234319145983784,10.246338187090362,10.072713783186428,9.626669531747384,8.809222335566455,7.545066579254651,5.815529296707044,3.6769639878022353,1.2587507541379142,-1.2587223012644748,-3.6769356303702647,-5.815500776479898,-7.545038439823744,-8.809197599811506,-9.6266415775281,-10.072678495887727,-10.24632440026252,-10.234311547451483,-10.080502101880988,-9.7711552968696,-9.242644138915168,-8.406743826306172,-7.183209850672979,-5.533909117106971,-3.492531575897759,-1.1789098147863426,1.2073579878451668,3.418618787374308,5.21677114419647,6.445625249671005,7.088024220962382,7.263737107646305,7.146495866149634,6.8316582968350525,6.249762845506423,5.189971435399142,3.396276687029605,0.7327794610372239,-2.4281489261728835,-4.274066787172093,-2.11549186643664,4.9120311760499975,15.242921532626122,30.43945542483914
-30.488871664123728,-15.267207086478308,-4.9162321573404,2.118829535221899,4.272428581144256,2.415616041728787,-0.7483533909469945,-3.4104838365555903,-5.20250712548171,-6.261168745070991,-6.842550561718653,-7.15738731315478,-7.275194067346833,-7.1009296875116,-6.461131877227548,-5.236096600783721,-3.4427487274731403,-1.236809988676289,1.1441963872280776,3.453140139274071,5.4907795479636405,7.13743042884596,8.359341299772279,9.19449091899259,9.722968118962571,10.032796865594534,10.18751751160604,10.201052573874776,10.029728958593903,9.587013269783062,8.774127060244872,7.515864926166346,5.793531060089264,3.6632694877826224,1.2541008470862578,-1.2540714563695186,-3.663240207624829,-5.793501666559654,-7.51583600677559,-8.774101410799545,-9.586984524114486,-10.029693890343278,-10.201037904113214,-10.187508298333457,-10.032754826270322,-9.722932964752657,-9.194474475920556,-8.359315824553109,-7.137400676019065,-5.490752660494113,-3.4531144504176057,-1.14417289381009,1.2368295988113158,3.442763117445259,5.236106811930597,6.461134726538904,7.100926076084971,7.275194979882195,7.157379033616973,6.842537756361566,6.261150373885673,5.202492815382879,3.4104654578046443,0.7483213869099762,-2.4156585832858983,-4.272499188076086,-2.118917909962996,4.916150541118546,15.267144144901694,30.48882226785564
-30.538023606344915,-15.291246648801922,-4.920181327087145,2.1223423340903027,4.270833948428869,2.4030971926269267,-0.7638919396758282,-3.4246729944800265,-5.215054075630906,-6.272607802410084,-6.853502369699101,-7.168357869336675,-7.28675005916674,-7.113938295203261,-6.476750878039511,-5.255542258630176,-3.4669999908726914,-1.2663786088403235,1.1093782728770911,3.4136622229538296,5.447585703684948,7.091607878475241,8.311923481564943,9.14635331328659,9.674792939561543,9.985106319160677,10.140779107618531,10.155830599610436,9.9868041372632,9.54741052553366,8.739077104487354,7.486699737116583,5.771559486581162,3.649591080879424,1.2494562880402265,-1.2494259533492835,-3.649560871548524,-5.771529207131035,-7.48667002330196,-8.739050531096144,-9.547381002401728,-9.986769297347491,-10.15581499712638,-10.140768252163172,-9.985065521376804,-9.674758186393436,-9.14633617465672,-8.311898365987144,-7.091578553679558,-5.447559051593889,-3.413636836470907,-1.1093551197204066,1.266397743784986,3.467013687968656,5.255552002761081,6.476752986542773,7.113933177202522,7.286751412396776,7.168349750989068,6.8534894527307895,6.272588804966188,5.21503906309022,3.424655831333702,0.763858902391664,-2.403139957010936,-4.270904737837155,-2.1224308311401408,4.920099568588487,15.291183802138876,30.537974334825098
-30.586952896560803,-15.315092925256534,-4.923956821675612,2.1259450183462745,4.269214165702943,2.390551000978016,-0.7794257286845341,-3.438863139488622,-5.227624170777994,-6.284094723884476,-6.86452152951461,-7.179409394855056,-7.298395756648859,-7.127040815717611,-6.492463444463185,-5.275078061357722,-3.491334353813106,-1.296018342756596,1.0745075645489184,3.374154683082123,5.404387352467596,7.045806907743984,8.264551183002016,9.098281432543612,9.62669885730497,9.937506716083275,10.094136465300403,10.1107040379929,9.943969878244529,9.507889570661504,8.704098305066704,7.457592868744575,5.749631530285154,3.635939287408812,1.2448207353582044,-1.2447894349210915,-3.635908126490615,-5.749600345330191,-7.457562350789552,-8.704070787382484,-9.50785924503266,-9.943935311548875,-10.110687474828817,-10.094123847276244,-9.937467299430503,-9.626664562664688,-9.09826355197681,-8.264526465082636,-7.0457780616170576,-5.404360967294731,-3.37412962435635,-1.0744847741072578,1.2960369759857004,3.4913473193464672,5.275087332608273,6.492464732143107,7.127034035232733,7.298397771490285,7.179401473604884,6.864508484001367,6.284074902728796,5.227608517782219,3.438847299370804,0.7793915815938401,-2.3905939599939816,-4.269285060124066,-2.1260335790388334,4.9238749582118935,15.315030211839623,30.586903777936588
-30.63566195493734,-15.33875191451,-4.9275623844188114,2.129635530087696,4.267568456706441,2.377977035005056,-0.7949553827370631,-3.453055173847729,-5.2402181759374855,-6.295630097566836,-6.875608805554918,-7.190542988672877,-7.310133064184627,-7.140240089011517,-6.508274264847065,-5.294710587464727,-3.5157602064432445,-1.32573862395622,1.0395732520657672,3.334604975876287,5.3611707597560425,7.000012156933305,8.217208158326699,9.05025872067692,9.57866914424978,9.889981292912417,10.047572640017693,10.065656331704703,9.901210315638677,9.468435965932644,8.669177505855599,7.428533295571141,5.727738671859612,3.622308858764137,1.240192368854975,-1.2401601070285704,-3.622276750013434,-5.727706589218036,-7.428501972436036,-8.669149032783483,-9.46840485268878,-9.901176007602407,-10.065638784124362,-10.047558322013922,-9.889943142922425,-9.578635328640605,-9.05024011121835,-8.217183809071415,-6.9999837764084765,-5.361144624376808,-3.3345802301905665,-1.039550816488373,1.325756762067425,3.515772447364913,5.294719408021631,6.508274718185524,7.140231722842132,7.310135704730018,7.190535269226646,6.875595623507685,6.295609446418601,5.240201905177073,3.453040585268202,0.7949201346972429,-2.37802021702259,-4.267639477139706,-2.1297241870516825,4.927480389140633,15.33868932024376,30.635612978843728
-30.68417678569597,-15.362261171199076,-4.931014804831993,2.1334011377226134,4.265890583977947,2.365371378682392,-0.8104848818647191,-3.4672541048988244,-5.252843092980218,-6.307224183645371,-6.88677843708982,-7.201777462323944,-7.321987133229811,-7.153570384299642,-6.524230223048058,-5.314500560533604,-3.5403512282268124,-1.3556221016514238,1.0044836011056195,3.29491247174946,5.317827785123049,6.954108532131263,8.169776111959456,9.002166572773785,9.530585896298314,9.84241355323022,10.000973087122258,10.02057627470049,9.858419229102983,9.42895169545951,8.634226447619431,7.399446708526554,5.705823854012429,3.608664288349876,1.2355590155306242,-1.235525776475595,-3.608631215939052,-5.705790855854537,-7.399414560289513,-8.634197002481324,-9.428919808033893,-9.858385115562635,-10.02055767111404,-10.00095720814388,-9.842376501033293,-9.530552583859976,-9.002147231498357,-8.169752070105432,-6.954080620667408,-5.3178018984878825,-3.2948880273704555,-1.0044615130204355,1.3556397526092887,3.540362766204165,5.314508921876044,6.524229792184241,7.153560562930099,7.321990300004872,7.201769916394393,6.886765067633839,6.3072027053659045,5.252826272597623,3.467240566024744,0.8104485754833645,-2.365414848306659,-4.265961777890647,-2.133489894144689,4.930932672270976,15.362198694243215,30.68412794479825
-30.73247857660888,-15.385596267728207,-4.934305397280975,2.137250160545593,4.264185031957009,2.352736579187848,-0.8260123752891617,-3.481457548632333,-5.26549453756988,-6.3188694247501305,-6.898019402486798,-7.213098144623413,-7.333938523263562,-7.167005536472755,-6.54029612098779,-5.334402890625852,-3.565053147598441,-1.3856083986527012,0.969304922638748,3.2551494899141638,5.274435769587976,6.908177575038512,8.122338373225734,8.954088211681492,9.482531675752442,9.794885026395912,9.954417914203,9.975541971764898,9.815671722703632,9.389506614223563,8.599308234267836,7.370386435291058,5.68392808789194,3.5950312342835744,1.2309294995750086,-1.2308952933387654,-3.594997208591057,-5.683894195263458,-7.37035348434037,-8.599277835289296,-9.3894739909737,-9.815637697639756,-9.97552232459607,-9.954400693318568,-9.794848830123316,-9.482498828112252,-8.954068200504686,-8.12231455139526,-6.90815008536934,-5.274410107463573,-3.255125321584912,-0.9692831554823512,1.385625592351105,3.5650640407693284,5.334410834579643,6.5402948369238585,7.166994454398712,7.333942049990276,7.21309074325469,6.898005827268929,6.318847223239643,5.265477196089197,3.4814448702672216,0.8259750876275942,-2.3527803790020045,-4.264256412485013,-2.137339099619621,4.934223043155928,15.385533837162084,30.7324298198564
-30.78056851609076,-15.408757691941666,-4.937435598816641,2.141181832367192,4.262451767158708,2.34007296656423,-0.8415379332718672,-3.4956654871314754,-5.278172355479762,-6.330565231343872,-6.909330557322978,-7.224503448639684,-7.345985281680877,-7.180543555819566,-6.556469463839939,-5.354414844637236,-3.5898630034054086,-1.4156949211775989,0.9340401713075456,3.2153189476075714,5.230996966964038,6.862221704501594,8.074896660324788,8.90602443739739,9.434506577960269,9.747395227751351,9.907906929137102,9.930552844597551,9.77296712836092,9.350099577423483,8.564422254614945,7.341351839329057,5.662051159206379,3.581409343641701,1.2263037702056183,-1.2262685739452233,-3.5813743397349453,-5.662016331032527,-7.341318040858601,-8.564390873534917,-9.350066197552138,-9.772933248343,-9.930532170678491,-9.90788813847512,-9.74736007384511,-9.434474217506132,-8.906003735756517,-8.07487309469015,-6.862194644831917,-5.230971534966596,-3.2152950744248696,-0.9340187484730924,1.4157116253407385,3.589873211538464,5.354422347456954,6.5564672887941535,7.180531147425806,7.345989218554615,7.224496201938646,6.9093167672035625,6.330542222422499,5.278154447086818,3.495653717795051,0.8414995884351373,-2.340117108322845,-4.262523298643356,-2.1412708787620134,4.937353082754925,15.408695357152697,30.78051988465566
-30.82844807756241,-15.431746522679536,-4.940407018621039,2.145195613639021,4.260690953979948,2.327380755206781,-0.8570616013158335,-3.509877959060832,-5.2908761718801545,-6.3423105115886695,-6.920710437893514,-7.235991606475752,-7.358125502270485,-7.194182206973238,-6.572747923663558,-5.374533877626959,-3.614777955552437,-1.445878468499861,0.8986928688654375,3.1754246468080867,5.187515388261196,6.8162449391477455,8.027454860132012,8.857978917287157,9.386513881471297,9.699947105881762,9.861442801717017,9.885611427307596,9.730307850760084,9.31073295928358,8.529570682804577,7.312344758081924,5.640194522067682,3.5677995002119425,1.2216821391048414,-1.221645963032909,-3.5677635230840807,-5.640158755176513,-7.312310103384695,-8.52953831545289,-9.310698816313405,-9.7302741981669,-9.885589778886292,-9.861422273707788,-9.699913223418037,-9.386482025525035,-8.857957472547673,-8.02743155865648,-6.816218304775764,-5.187490163791055,-3.175401040990638,-0.8986717600065296,1.4458947214182878,3.6147875307428743,5.3745409781523135,6.572744925087075,7.194168621135028,7.358129743823434,7.235984579889203,6.920696463359831,6.3422868448001175,5.2908575995128455,3.5098671505688075,0.8570222176152492,-2.3274252447208905,-4.260762725974428,-2.1452848786176624,4.940324274587606,15.431684227719536,30.8283995174623
-30.87610191289565,-15.454546916385192,-4.943214565334424,2.1492967653564365,4.258904659767144,2.3146610205102784,-0.872582587565254,-3.5240937930590017,-5.303604002058886,-6.354100610477015,-6.932152447951957,-7.247553591086552,-7.37034781130281,-7.20790555700583,-6.589110321408338,-5.3947330554273,-3.639765643005652,-1.4761237148235915,0.8633013598731533,3.1355081311508943,5.144035120382216,6.770293664131943,7.980060244160257,8.809998212107478,9.338599536274124,9.652586209183731,9.81507051312412,9.840762013348495,9.68773665890051,9.271446491203866,8.494789766133238,7.283396277904943,5.618382173107229,3.5542169319659087,1.217069800449122,-1.2170326872220747,-3.554179993766047,-5.618345455720443,-7.283360753507406,-8.494756425535684,-9.271411619024729,-9.687703367467618,-9.84073951995168,-9.815048260497138,-9.652553760571488,-9.338568195054822,-8.809975945061385,-7.980037094280847,-6.770267280013672,-5.14400994500762,-3.135484650868232,-0.8632804203236588,1.476139700155323,3.6397748364447775,5.394739956791261,6.5891068498262975,7.207891413662657,7.3703514700180675,7.247547023095546,6.932138344236836,6.35407699003251,5.303583875067779,3.5240842773777,0.8725423777683128,-2.314705836860435,-4.2589770969177785,-2.149386831459374,4.943131328201308,15.454484433198877,30.87605324398751
-30.92354943561685,-15.477187255173188,-4.945869921393047,2.1534756532171184,4.257088595220617,2.3019108751112856,-0.8881041350698253,-3.538317218700696,-5.316361229247391,-6.365943842598745,-6.943667540152906,-7.259203850766327,-7.3826708676844515,-7.221739453164368,-6.605591715814418,-5.415057514954492,-3.664880983804865,-1.5064916741427008,0.8277977468578469,3.095494677108512,5.100475916666162,6.724281664846201,7.932623852901822,8.761993500461347,9.290675503710816,9.60522555740738,9.768703776626255,9.795920710526564,9.645173262287727,9.232166265429385,8.46001210081294,7.254449188140615,5.596569819726932,3.5406340529427798,1.2124573289241865,-1.2124192083707006,-3.54059608763105,-5.596532087027802,-7.254412718223979,-8.459977729881796,-9.232130676787875,-9.64514015784587,-9.795897280622013,-9.768680205406683,-9.605194165847404,-9.290644705208686,-8.761970585966834,-7.93260085661733,-6.724255595164494,-5.100450855826049,-3.0954713663931632,-0.8277770301919823,1.506507325439442,3.664889713088572,5.415064048525311,6.605587720394039,7.221724837575318,7.382673560802917,7.25919775347573,6.943653382930966,6.365920525357849,5.316339265874893,3.538308932113301,0.888063091028319,-2.301956096961424,-4.257161609876153,-2.153566310042884,4.945786325035392,15.477124691992907,30.923500745617257
-30.970784519815805,-15.499657606745062,-4.948371073286102,2.1577358197195315,4.255244984418287,2.28913193878248,-0.9036249059602682,-3.552546792813151,-5.3291449247042095,-6.377836021795236,-6.955249790637521,-7.270934836492987,-7.395084809129091,-7.235671213188682,-6.622175352083858,-5.435486011810842,-3.6900983420929454,-1.536954221357367,0.7922130594270272,3.0554182429321166,5.056873998535471,6.678247651812138,7.885185218809555,8.714003978183698,9.242780222647513,9.557902590888116,9.722380194055118,9.751123808082276,9.602652567829736,9.192924716624807,8.42526757550137,7.225529039584374,5.574777539730913,3.5270634142980355,1.2078490569188236,-1.2078099447242252,-3.527024439872538,-5.574738814169603,-7.225491655252075,-8.425232187657887,-9.192888374416498,-9.60261976162552,-9.751099479361123,-9.722354921764923,-9.55787264250588,-9.242749920762106,-8.713980319226271,-7.885162436121106,-6.678221911161072,-5.05684905389093,-3.055395103785243,-0.7921925645399273,1.536969540407659,3.690106628226037,5.435492147026326,6.622170861382092,7.235656303931258,7.395086412831207,7.270929124647034,6.95523566171178,6.377813146214715,5.329121368866563,3.5525394371649464,0.9035832100538572,-2.289177579486144,-4.255318563272707,-2.1578271215645977,4.948287056679784,15.49959492804071,30.9707357711084
-31.01781345572202,-15.521967329229732,-4.9507224809454335,2.162073422656388,4.253371557945445,2.2763224847027232,-0.9191467237182346,-3.566784707771104,-5.341957306081455,-6.389779938778227,-6.966902623003462,-7.282750793462649,-7.407595121933968,-7.249708281895444,-6.638871533746458,-5.456032174543296,-3.715434612878891,-1.5675309588062958,0.7565252340652239,3.015254270037932,5.013202353312714,6.632162453678096,7.837713894464943,8.665998444662549,9.194882090164592,9.510585941665688,9.676068898888191,9.706341305066882,9.560145539945916,9.15369461238157,8.39053155520239,7.19661486442696,5.552989100244653,3.5134947980618514,1.2032414938198948,-1.203201405572111,-3.513454836139974,-5.552949416276747,-7.19657660914831,-8.390495169733834,-9.153657458802885,-9.560113181726312,-9.706316030270717,-9.676041387965135,-9.510557858806717,-9.194852208412238,-8.665973820435081,-7.83769131598256,-6.632136991361408,-5.013177493502305,-3.015231284378846,-0.7565049440543018,1.567545965983722,3.715442509080212,5.456037883711869,6.638866564162425,7.249693290828492,7.407595526394288,7.282745277793168,6.966888509943615,6.389757517412864,5.341932514633291,3.5667777103508893,0.9191046103158732,-2.2763686547699,-4.253445724233049,-2.16216540801027,4.950637972419945,15.521904482518782,31.017764591155565
-31.064624978437145,-15.544103693147752,-4.952920322323433,2.1664931858473087,4.251470967978605,2.263484310980008,-0.9346680569246492,-3.5810291638132883,-5.354795354633965,-6.4017709189227245,-6.978619413560732,-7.2946431301083825,-7.420190715906028,-7.263836311491926,-6.655661258650633,-5.4766716190174565,-3.740860269431508,-1.5981888235999049,0.7207703183924983,2.9750419142508866,4.969503009305428,6.5860703682271655,7.790255415107727,8.618022359229972,9.147026244904552,9.463320429632484,9.629813476936762,9.661616021300429,9.517693441463372,9.114514412783045,8.355838867704573,7.16773645252067,5.531227493155558,3.499942889489336,1.198639659340733,-1.1985986052158113,-3.4999019613776463,-5.531186873770357,-7.16769735080476,-8.355801518070843,-9.114476443175374,-9.517661480591093,-9.661589732141376,-9.62978365006732,-9.463294076645028,-9.146996625691107,-8.61799664499407,-7.79023293475735,-6.586045090224215,-4.969478166187805,-2.9750190240154253,-0.7207501929565279,1.5982035581942855,3.740867850621981,5.476676863334511,6.6556557724241046,7.263821366956815,7.420189911200816,7.294637572032763,6.978605208826052,6.40174875831646,5.354769662314073,3.5810218138367738,0.9346256910070284,-2.263531195405676,-4.251545693667898,-2.166585827373462,4.952835260819071,15.54404062584737,31.06457596281966
-31.1112105136652,-15.56605451880744,-4.95496127956185,2.170999288722313,4.249545494006673,2.250619239738363,-0.9501871806895869,-3.595277720188584,-5.367655410162734,-6.413803442225911,-6.990392761618415,-7.3066024984228655,-7.432859863105579,-7.278040393518829,-6.672525068465824,-5.49737992955701,-3.766345921611223,-1.6288953730778448,0.6849840974260355,2.9348199025280195,4.925816792868373,6.540014974781081,7.742854249857775,8.570119412700995,9.099255646769164,9.41614830634686,9.583655465753344,9.616988427016668,9.475335250377112,9.075419922813516,8.321222767681581,7.138922392890869,5.509515331844413,3.48642183714489,1.194048466650142,-1.1940064931922016,-3.486379997987087,-5.509473854552355,-7.138882530597734,-8.321184537619185,-9.075381152688788,-9.47530361967876,-9.61696109298602,-9.583623311274083,-9.416123511053382,-9.099226137067204,-8.570092525220316,-7.74283172871254,-6.539989740707027,-4.925791886263143,-2.9347970470904223,-0.6849640761686258,1.628909902507128,3.7663532949565295,5.497384761444375,6.6725191492074,7.278025619052235,7.432857924970277,7.306596702558857,6.990378380212331,6.413781410849075,5.367629119144258,3.595269551124004,0.9501446797475176,-2.250666957029788,-4.2496208548107495,-2.171092702832928,4.954875514176647,15.56599111217662,31.111161242166
-31.157578627408164,-15.587836229346928,-4.956851971943317,2.175585740073964,4.247591843104109,2.2377247907180884,-0.965707050803822,-3.609533895680433,-5.380542176960429,-6.425883578750156,-7.002230403367123,-7.318638534046573,-7.445614927496572,-7.292336931878758,-6.689484902420512,-5.518185150757658,-3.791925759342389,-1.6596889249941549,0.6491235483901457,2.894540786949896,4.882092751613933,6.493941312951757,7.695453646551871,8.5222328123265,9.051513969953906,9.369014047687132,9.537540048200045,9.572405414709264,9.433020217018475,9.036364495239848,8.286640515516787,7.110136353180019,5.487824149727557,3.4729140348430447,1.1894618040331986,-1.1894189673026765,-3.472871349512913,-5.487781883005194,-7.110095788626426,-8.286601461171399,-9.03632497097364,-9.43298881524684,-9.572377019445014,-9.5375058144912,-9.368990410905887,-9.05148445748662,-8.522204765091846,-7.695430979189706,-6.493916020161205,-4.882067697906256,-2.8945178903569,-0.6491035651743,1.6597033221170798,3.7919330162701215,5.518189626576553,6.689478631005756,7.292322378379798,7.445612008161947,7.318632385715943,7.002215781082728,6.42586154353971,5.380515487157217,3.609524655576755,0.9656644667138794,-2.2377733940824376,-4.247667925022592,-2.175680065244855,4.956765359845048,15.587772368139127,31.1575289925239
-31.203752306967537,-15.609477270082452,-4.958603832060848,2.1802422565755726,4.245605668138436,2.2247982390814958,-0.9812310764996728,-3.623802165663303,-5.393462144534118,-6.438020204827553,-7.014144067838378,-7.330766264421443,-7.458475383175193,-7.306751784739376,-6.706575378280829,-5.539131784792398,-3.81765399426908,-1.690630123716852,0.6131219392124989,2.854131701215327,4.838252533020472,6.447765702673556,7.647966821610505,8.474275428938462,9.003714413402166,9.321831468070563,9.491382159764733,9.52778381877259,9.390668592013546,8.997274153834404,8.252024765440957,7.081320513416278,5.466109040399909,3.459390925173392,1.1848699396758189,-1.1848262358848298,-3.459347392979845,-5.466065973702378,-7.081279222266053,-8.25198487888572,-8.997233924170239,-9.390637313283698,-9.527754306823212,-9.491346105120329,-9.321808642834602,-9.003684903359854,-8.474246290656145,-7.647943925973281,-6.447740311849111,-4.838227317324413,-2.854108749573009,-0.6131019850634838,1.6906443970115124,3.817661150797532,5.539135910158382,6.706568787237287,7.306737355645875,7.458471549872572,7.330759710468124,7.014129205039873,6.4379980717372485,5.393435077342247,3.623791732799564,0.9811883864168092,-2.2248477925747974,-4.245682497681802,-2.180337482333633,4.958516369144869,15.609412943115698,31.203702306991424
-31.249716654276764,-15.630956979637556,-4.960210218939703,2.184976204586273,4.243590995907818,2.2118425921736,-0.9967562750390592,-3.6380786545915695,-5.406409519528552,-6.450204826086229,-7.026122372060701,-7.342971183926794,-7.471422849577514,-7.321261162763003,-6.723765246831389,-5.560180244688052,-3.843482859478768,-1.721665872469217,0.577037762234492,2.813656103605416,4.794363584482036,6.401560110859062,7.600467624349471,8.426320742833036,8.955929590724235,9.274671964588151,9.445252112104882,9.48319188130341,9.348345778025053,8.958209229233468,8.217430821423502,7.052522121795175,5.444407051524904,3.4458757348693463,1.1802809127433775,-1.1802363368491762,-3.4458313546863657,-5.444363198008915,-7.052480125382655,-8.217390111500691,-8.958168286476011,-9.348314575068777,-9.483161243407944,-9.445214287866577,-9.274649850753532,-8.955900037703062,-8.426290499944031,-7.600444456524656,-6.401534593807027,-4.794338189716233,-2.813633075823157,-0.577017816372555,1.721680047226416,3.843489941574997,5.560184024414765,6.723758360422862,7.32124680821301,7.471418203787322,7.342964188305112,7.026107226022819,6.4501825089023646,5.406382097910522,3.638066990200165,0.9967134488115484,-2.2118931313407937,-4.243668647007249,-2.185072354415005,4.960121886573893,15.630892170545566,31.249666270271373
-31.295462453333272,-15.652267282826392,-4.961669558040171,2.189790497126397,4.241548741108574,2.1988581402001928,-1.0122823739260651,-3.652362672673057,-5.419382663086084,-6.462434563043827,-7.038161175087173,-7.355247932015072,-7.484450477943689,-7.335856192637572,-6.741042795243492,-5.581315544153676,-3.869394097645273,-1.75277617229205,0.5408920530935455,2.773136386605426,4.750449813719374,6.3553496293298375,7.552982109476773,8.378394780255102,8.908185483431273,9.227561602549237,9.399175713721226,9.43865529963181,9.306076752800967,8.919193253120797,8.182880151120465,7.023760068066816,5.422732870144147,3.432378278571689,1.1756980027366215,-1.175652561726244,-3.4323330587121608,-5.422688233141621,-7.023717363358548,-8.18283864026314,-8.919151626749958,-9.306045513667778,-9.438623550677493,-9.399136291031333,-9.227539971073393,-8.908155820801657,-8.378363493186624,-7.552958609136493,-6.355323938726031,-4.750424213797168,-2.7731132636173306,-0.5408721020358457,1.7527902633802646,3.8694011219637474,5.5813189982319855,6.7410356368422,7.3358418388388,7.484445084850818,7.355240452132785,7.0381457235508345,6.46241196513863,5.419354868909408,3.652349713455126,1.0122393769109863,-2.1989096770802705,-4.241627157364864,-2.18988757476911,4.961580318953916,15.65220195792168,31.295411666972687
-31.340987298676357,-15.673406279781087,-4.962981137024794,2.194685321089696,4.239478994772856,2.1858448979802167,-1.0278095043761686,-3.666654071305007,-5.432380842943632,-6.474707916465292,-7.050258323584702,-7.367593723487001,-7.4975548712925155,-7.350532774316654,-6.7584031800104,-5.602532016732709,-3.895381429531736,-1.783954001142857,0.5046924300667737,2.7325803470786134,4.706519003490282,6.30914203165096,7.505517647063665,8.330504609974978,8.860488806249577,9.180506635250364,9.353158773606571,9.394179436974875,9.26386656556761,8.880230920230025,8.148377003924463,6.995037872735638,5.401089342817084,3.4189002058800493,1.1711218459066055,-1.1710755309649186,-3.418854138525106,-5.401043924031242,-6.994994473155664,-8.148334701068768,-8.880188603337318,-9.263835234478462,-9.394146587516133,-9.353117828747678,-9.180485383551108,-8.86045900018232,-8.330472302925529,-7.505493792576819,-6.309116145343584,-4.706493187419159,-2.7325571178270804,-0.5046724660458195,1.783968016328212,3.895388394149556,5.602535137479681,6.758395766845303,7.350518349513818,7.497548810673216,7.367585741703533,7.0502425071401165,6.474684953716892,5.432352637289333,3.666639838824764,1.0277662912822734,-2.1858974429272378,-4.239558158698681,-2.1947832985925944,4.962890999674945,15.67334044197528,31.340936109678484
-31.386331124339087,-15.694423508540943,-4.9641639532702735,2.199642596889575,4.237373894626304,2.172797682857589,-1.0433442516236964,-3.680962044216914,-5.445417247973981,-6.487042933665931,-7.062437259369955,-7.380037981785939,-7.51077333011519,-7.365339283568717,-6.775910280214816,-5.623910975124917,-3.9215438381294296,-1.815309951194031,0.4683171479836746,2.691855559284455,4.662429526453688,6.262785636033591,7.4579168370231,8.282492683142973,8.812683187759562,9.133352297575486,9.307048087918162,9.349614928272253,9.221572291583822,8.841190134098312,8.1138002224112,6.966251025983154,5.379394496023319,3.405389365474188,1.1665345057906835,-1.1664873076340638,-3.405342439108494,-5.379348276245363,-6.966206897236673,-8.113757097068635,-8.841147182497894,-9.221540814880909,-9.349580927925487,-9.307005890161244,-9.133331176792634,-8.812653340037276,-8.282459422114904,-7.457892594222601,-6.262759590965445,-4.662403505788757,-2.6918322196828246,-0.4682971744402914,1.8153238908551623,3.921550731645159,5.6239137597712325,6.775902633329311,7.3653247127543615,7.510766581984396,7.380029521788576,7.062421139009789,6.487019657026419,5.445388548302766,3.680946596005149,1.0433007865521873,-2.172851215234171,-4.237453819110329,-2.199741467149258,4.964072936204,15.69435716834342,31.38627955067423
-31.431491549496183,-15.715315432459024,-4.965217138670536,2.204663037529948,4.235234237669766,2.1597169281299373,-1.058886561975667,-3.6952864464456665,-5.458491137191392,-6.499437681489506,-7.074695220368399,-7.392576954642223,-7.524101194570332,-7.380269295209285,-6.793556172030602,-5.645442481664362,-3.947870215736584,-1.846831082844336,0.4317802814869275,2.650977111917665,4.618198038843915,6.216297331070442,7.410195423785376,8.234376060549883,8.764786199289532,9.08611454596105,9.260859659458688,9.304975809137654,9.1792080293198,8.802085785550496,8.079162082560826,6.937409550923369,5.357656208513141,3.3918506438055207,1.1619376881157073,-1.1618895939556022,-3.391802841023181,-5.357609176552868,-6.937364667853301,-8.079118103046103,-8.802042354588306,-9.179176190347466,-9.304940602736966,-9.260817140179782,-9.086092608950295,-8.764756682295534,-8.234342095709435,-7.4101706550929025,-6.2162711806720266,-4.618171828032666,-2.6509536581605264,-0.4317603016975087,1.846844954340271,3.947877042687765,5.645444920456451,6.793548374879224,7.380254812549545,7.524093394026438,7.39256807030351,7.0746788653649535,6.499414474858403,5.458461761441767,3.695269884481282,1.058842895389188,-2.159771372447897,-4.235315028204238,-2.204762885852022,4.965125244629886,15.71524859254241,31.431439590622134
-31.47643781330974,-15.736042794184495,-4.966129320960035,2.2097625822964435,4.233067199460703,2.146607883423425,-1.0744301305863453,-3.709618990717608,-5.471590600448741,-6.5118765665211535,-7.087011724760323,-7.405185244948438,-7.537506261586263,-7.395282189140431,-6.811286424607201,-5.667057121215296,-3.974274185592062,-1.8784227724805669,0.3951854818434305,2.610057651981398,4.573943691901988,6.16980611556289,7.362489637140797,8.18628940699058,8.716928681503369,9.038922446495237,9.21472611706622,9.260391867627195,9.136896058001634,8.763029091921462,8.044567353135038,6.908604778009042,5.335946411536028,3.3783301891860864,1.1573472006764038,-1.1572982097592148,-3.378281513537883,-5.335898564804539,-6.908559150394776,-8.044522560133943,-8.762985091437372,-9.136863872312365,-9.260355608685884,-9.21468263095435,-9.038900254024687,-8.716899127286915,-8.186254645238288,-7.362464364363602,-6.169779776823288,-4.57391725806953,-2.610034068837272,-0.3951654775833156,1.878436590591941,3.97428095791137,5.66705923929602,6.811278440326474,7.395267509085944,7.537497797793055,7.405175853535332,7.086995043209737,6.511853014445185,5.471560683547857,3.709601199513664,1.074386179017051,-2.1466633222743514,-4.233148783564025,-2.2098633494595705,4.966036530698674,15.735975431593827,31.476385454278542
-31.521173316807342,-15.756611957627126,-4.966903012783962,2.2149377655549896,4.230870498358383,2.133468671474456,-1.089977079083829,-3.723961728039974,-5.484717755096863,-6.524361593540086,-7.099389045374164,-7.417865482514882,-7.550991849811646,-7.410382304101522,-6.829107385302232,-5.68876361633469,-4.000767313143493,-1.9100981326049205,0.3585178592046903,2.5690803409956438,4.529647928448356,6.123291561291254,7.314777816927222,8.13820970116243,8.669088788989804,8.991756667112362,9.168623101502265,9.215841484956533,9.094616817933334,8.724000954898676,8.009998393234799,6.879821451728295,5.314252975638432,3.3648201922090406,1.1527603705018468,-1.1527105044262342,-3.3647706671236857,-5.3142043471497065,-6.879775119568975,-8.009952818756453,-8.723956330302107,-9.094584377374948,-9.215804213009568,-9.168578232518517,-8.99173465273824,-8.669059011234665,-8.138174051211756,-7.314752083888405,-6.123264986191999,-4.529621249027616,-2.569056611539242,-0.3584978080144879,1.9101119223314773,4.000774037843839,5.6887654794886,6.829099255532215,7.410367232233427,7.550983016255906,7.417855601203681,7.099372022406019,6.524337491175962,5.484687341416888,3.723942817491156,1.0899327858602537,-2.13352509419299,-4.230952899398793,-2.21503951097329,4.966809263371955,15.756544021657016,31.52112051041734
-31.56570632165269,-15.777034605464957,-4.96754330194342,2.220184386141597,4.228642566362745,2.1202984135439946,-1.1055289286727257,-3.738317223126011,-5.497876334536173,-6.536897563936117,-7.111833265958055,-7.430625077530037,-7.564567361807221,-7.425581494594469,-6.847034520861677,-5.710581087856329,-4.027372691231766,-1.941882634764222,0.3217490130833223,2.528014098219812,4.485277881681621,6.076718046576754,7.267022529017225,8.090099829031098,8.621229972299874,8.944580808114937,9.12251455713198,9.17128940850148,9.052337085086524,8.684971606104298,7.975427332414855,6.851035664718952,5.292556995583553,3.351308869833891,1.1481730614269154,-1.1481223148934392,-3.351258492742606,-5.292507576752909,-6.850988607861641,-7.975380972223543,-8.684926358427111,-9.052304347264256,-9.171251117671872,-9.122468374301258,-8.944558891238586,-8.62119992948944,-8.090063322738462,-7.266996325150144,-6.076691210728519,-4.485250950443069,-2.527990217769684,-0.3217289124088877,1.941896399072717,4.02737935656561,5.710582719923537,6.847026250931983,7.425565923291247,7.564558249117192,7.430614717407978,7.111815880638829,6.536872835178591,5.497845371066018,3.7382972605975375,1.1054842285929574,-2.120355828357189,-4.228725799655284,-2.2202871102206863,4.96744859155369,15.776966095031334,31.56565307042996
-31.6099977844432,-15.797263890416618,-4.968032644418507,2.225519807208572,4.226392149231381,2.107103678701405,-1.1210778213833026,-3.7526744272899024,-5.511050540723766,-6.549462698388821,-7.124316446884504,-7.443429681513193,-7.578190275391369,-7.440825967469476,-6.864998158091463,-5.732421988151796,-4.053984455697392,-1.9736579218462769,0.285008689676631,2.486998615572113,4.4409816724108415,6.030244031666815,7.219387931898251,8.042124492425419,8.573516062716338,8.897556423878266,9.076560137788936,9.126890405209329,9.010204956492304,8.646077659491812,7.940979606902756,6.822355582530884,5.270944191390872,3.337850458512335,1.143604248895763,-1.1435526059450252,-3.337799212535164,-5.270893968851309,-6.822307788069958,-7.940932450973288,-8.64603173889918,-9.01017190278521,-9.126851135570025,-9.076512623585025,-8.897534636844837,-8.5734857041328,-8.042087146480458,-7.219361303386097,-6.030216946306079,-4.440954502200045,-2.486974588585257,-0.2849885405058516,1.9736716607251263,4.053991032541574,5.732423404646619,6.864989756942951,7.440809611295643,7.578181047805552,7.443418972868798,7.124298746275183,6.549437240009825,5.511018804780829,3.752653646112632,1.12103264473252,-2.107162098030805,-4.226476241647884,-2.225623487623757,4.967937007831533,15.797194834736567,31.609944111161404
-31.654106759659705,-15.817373905996714,-4.968399832432255,2.230915567939418,4.224104676302023,2.0938732553645223,-1.1366374753883377,-3.7670518640997206,-5.52426557567064,-6.562090501396815,-7.136880875544702,-7.456330962574524,-7.59192449938974,-7.45619675906421,-6.883103876622222,-5.754419594849457,-4.080764825189155,-2.005605800980649,0.2480966655828596,2.4458170801520374,4.396528354384574,5.98362119999476,7.171615538495275,7.99402409194117,8.525688307462366,8.850427269618717,9.03050700291813,9.082398441168728,8.967984760624729,8.607102068411962,7.906455528867322,6.7936089033620455,5.249278065350118,3.324358493734645,1.139023727928926,-1.1389711851185391,-3.324306373505041,-5.249227027722685,-6.793560358705464,-7.906407587169125,-8.607055517634656,-8.967951336536096,-9.082358174732208,-9.030458373526416,-8.850405438882094,-8.52565768706988,-7.993985976755284,-7.171588459924412,-5.983593868454298,-4.39650095722467,-2.44579291004456,-0.2480764714844238,2.0056195118061138,4.080771302411056,5.754420808625974,6.883095317996658,7.456179563987514,7.591915204130246,7.45631995386908,7.136862844373542,6.56206426593558,5.524233014952436,3.767030339774151,1.136591798490106,-2.0939326354015457,-4.224189524659292,-2.231020186688474,4.968303268052774,15.817304299692728,31.65405266639585
-31.69802766219133,-15.837355347933675,-4.968642308554171,2.236375538733048,4.221782716545469,2.0806093353835724,-1.1522056562820753,-3.7814466392839554,-5.537517387297774,-6.574775322774572,-7.149519283079804,-7.469320029785012,-7.60575912295281,-7.471680288551981,-6.901334148520635,-5.776552038514986,-4.107687351252843,-2.037696787826908,0.2110455670358531,2.404504897236587,4.35195549469001,5.936890119971195,7.123747334114923,7.945840630593946,8.477788424167858,8.80323428253599,8.984395753785897,9.037852721545503,8.925714179230738,8.56807939281172,7.871887154888221,6.764822957253081,5.227580415833129,3.3108464964017377,1.1344363378526867,-1.134382878888767,-3.310793486598907,-5.227528557154753,-6.764773645664479,-7.871838400145143,-8.56803220162324,-8.925680371830005,-9.03781148233142,-8.98434607733155,-8.803212366722972,-8.477757560120507,-7.945801791321605,-7.123719832683482,-5.936862563325545,-4.351927876341104,-2.404480589999373,-0.2110253376924521,2.037710458717898,4.107693693304004,5.776553076843635,6.901325456735943,7.471662117148859,7.605749852506034,7.469308778138878,7.1495009579448725,6.574748299096584,5.53748392428293,3.781424551439709,1.1521594281442602,-2.0806696846336985,-4.221868404331951,-2.2364810971107127,4.968544849445414,15.83728521760303,31.697973168691128
-31.74172942645326,-15.85717206425603,-4.968746613099063,2.2419133655485237,4.2194333330349885,2.0673173843154307,-1.1677758880798146,-3.7958496760397455,-5.550793369659859,-6.587499877575789,-7.162209559451298,-7.482369755718469,-7.619660722994508,-7.487234587339178,-6.919634542490344,-5.798750825781292,-4.134668844438464,-2.0698377242896635,0.1739573042478761,2.3631715984214803,4.307379282163588,5.890175275868113,7.0759127714137975,7.897704231639085,8.429946173632112,8.756105940137967,8.938353224719057,8.99337675294576,8.883511674183929,8.529119119743127,7.837375158290242,6.7360848678312015,5.205920363406534,3.297358407866477,1.1298574234854164,-1.1298030136871886,-3.29730446626899,-5.205867628074092,-6.736034747760744,-7.837325575296029,-8.529071278304698,-8.883477491153064,-8.99333457972956,-8.938302552223558,-8.756084048286128,-8.429915157899773,-7.897664770119358,-7.075884938066452,-5.890147561485295,-4.307351508417704,-2.3631472068974566,-0.1739370827551262,2.0698513051376195,4.134674956825409,5.7987516940554364,6.9196257269864105,7.487215004578992,7.619651730774287,7.482358475213017,7.162191034061483,6.587471966333853,5.550758674998975,3.795827545305236,1.1677290280979022,-2.067378606290866,-4.219519736330756,-2.2420197912337114,4.968648340290572,15.85710148297315,31.74167459942044
-31.78524235574633,-15.87686242158469,-4.968729003944161,2.2475137100863694,4.217048049983212,2.05399060418625,-1.183356495409118,-3.810272067988202,-5.564108109163173,-6.600283131155416,-7.174975233627549,-7.495508546803454,-7.633663989294792,-7.502903000209222,-6.938061185796761,-5.82108636783833,-4.161794976505207,-2.1021248708256848,0.1367253721120896,2.321701769548525,4.262677076270619,5.843344348256729,7.027973832075414,7.849476209853574,8.382023174750593,8.708905213688746,8.892244148826329,8.948839104903966,8.841251470203522,8.49010597904923,7.802813144946555,6.707303006978168,5.184224861419349,3.2838483290291123,1.1252706918723203,-1.12521529893759,-3.283793422840066,-5.184171208899249,-6.707252022116564,-7.80276269625725,-8.490057503904838,-8.841216875131535,-8.948796005397256,-8.892192648248479,-8.708883239121185,-8.381992076671791,-7.849436214593302,-7.027945696570634,-5.8433165170665005,-4.262649174441611,-2.3216773198683653,-0.1367051849260282,2.102138332044659,4.161800809106833,5.821087074370641,6.938052194936033,7.502881856057176,7.633655362931027,7.49549733354333,7.174956533313452,6.600254280082954,5.564072040784188,3.810250187106039,1.1833088698132417,-2.054052659437116,-4.217135158628461,-2.247620952558714,4.968629983997923,15.876791438731232,31.785187236649318
-31.82854078805781,-15.896394841221955,-4.96857734916732,2.253188907190887,4.214633717393332,2.040634684998032,-1.1989409796697086,-3.8247044357677566,-5.577449329536432,-6.613108341214808,-7.187795056107895,-7.508710520325343,-7.6477372924835025,-7.518646471963983,-6.9565634856212295,-5.843495557224966,-4.18898920917225,-2.1344727063688222,0.099443917996279,2.2801968262720624,4.217955972248026,5.796512890758472,6.980050937904663,7.801277349947133,8.334139803675296,8.661751060740302,8.846186329614392,8.904354100271254,8.799043077153582,8.451140146271069,7.76829391102581,6.678557186374779,5.162557730653635,3.27035613353421,1.120690379560727,-1.1206340695689272,-3.2703003346111563,-5.162503241492638,-6.678505414978737,-7.76824265136903,-8.451091041750837,-8.799008061918121,-8.90431002471575,-8.846133804383538,-8.661728958457697,-8.334108443637612,-7.801236641881093,-6.980022360116414,-5.796484820768349,-4.217927850017424,-2.280172232740963,-0.0994236726222893,2.134486146876731,4.188994813980521,5.84349635016686,6.956554500352818,7.518623102392886,7.647729501937477,7.508699704336607,7.187776270802825,6.6130782307818965,5.5774110128947445,3.824683743210069,1.1988919748630944,-2.040697557572367,-4.214721711650036,-2.2532971452996757,4.968477412432249,15.896323319073757,31.82848525577008
-31.871637322546658,-15.91578629073826,-4.968299370710666,2.25893189296126,4.212186489169156,2.0272465013152834,-1.214532982766163,-3.839153151193817,-5.590823326856834,-6.625984186436065,-7.200680046905978,-7.521988983929951,-7.661896850189569,-7.534483717685802,-6.975166781968023,-5.866009920768998,-4.216289697132596,-2.1669239555262485,0.0620655869050112,2.2386054633613246,4.173161636785988,5.74962186303833,6.932082496503228,7.753045701738466,8.286233688834871,8.61458200365735,8.800118702328225,8.859862846889348,8.756829727246538,8.412169895474392,7.733769512272165,6.6498061858768605,5.140885758480697,3.2568611695074683,1.1161089691342942,-1.1160518840159337,-3.2568046438140925,-5.140830628258957,-6.649753832531758,-7.733717604365469,-8.412120205886495,-8.756794217785279,-8.859817628851953,-8.800064830496668,-8.614559458401564,-8.28620163489094,-7.753003850925815,-6.932053061328766,-5.749593180377215,-4.173133009058343,-2.238580497714023,-0.0620450768137368,2.1669376048303044,4.216295379621553,5.8660110038096605,6.975157796997279,7.534459248769802,7.661889274360324,7.521978079124925,7.200660768211035,6.6259528133727805,5.590783251872472,3.839132444447632,1.2144825080074808,-2.027310352820558,-4.212275588988204,-2.259041477236596,4.968198067579105,15.915713858998444,31.871581058435066
-31.91453307085968,-15.935037425047575,-4.9678958625089145,2.264742314840194,4.209706117654457,2.013825794237589,-1.23013261049143,-3.853618346890173,-5.604229692956684,-6.638909944991112,-7.213629207241369,-7.535342733827143,-7.676141206155909,-7.550413024349218,-6.993869000709205,-5.888627355433188,-4.2436941160025405,-2.199476638743268,0.0245923115789504,2.1969292959916915,4.128294893041997,5.702672119899111,6.884069133265024,7.704781314914422,8.238304751231722,8.567397859896548,8.754041090258896,8.815365041291614,8.714611188401959,8.37319435519967,7.699239733600286,6.621049718774053,5.11920908633833,3.2433631975166115,1.1115266046947043,-1.1114687436042756,-3.243305950340814,-5.119153329997091,-6.620996790136204,-7.699187181357068,-8.373144074723214,-8.71457514316652,-8.815318703125143,-8.753985908365527,-8.567374778097967,-8.238271945360317,-7.70473832330801,-6.884038813973476,-5.702642791849715,-4.128265737918484,-2.196903938550898,-0.0245715250739157,2.199490513402095,4.243699963305748,5.888628611572795,6.993859802885174,7.550388415169396,7.67613320505847,7.535331353891405,7.21360923675789,6.638877584654302,5.604188721131729,3.853596469695721,1.2300810514198055,-2.01389072386788,-4.209796359594536,-2.264853210969236,4.967793201056014,15.93496407656214,31.914476080397318
-31.95722016621329,-15.954139545716725,-4.967363639288658,2.2706237360695,4.207194831885811,2.00037442950877,-1.2457380240698686,-3.868097012114698,-5.617665081995154,-6.651880677567518,-7.226636035308865,-7.548763760584906,-7.690460561300497,-7.566422890084013,-7.0126548908581965,-5.911328967560313,-4.271179520379433,-2.232104965239241,-0.0129476827997309,2.155198602229344,4.083387856291995,5.655698374989772,6.836047131318437,7.656520908061149,8.190389856960874,8.520235135806196,8.707989863215701,8.770896143190146,8.67242175368153,8.334245366875882,7.664733993033445,6.59231319963709,5.09754796951071,3.229874950315638,1.1069478218988609,-1.1068891666624496,-3.2298169584007805,-5.0974915499416085,-6.592259661580695,-7.664680781293983,-8.334194482561099,-8.672385200804026,-8.770848737132985,-8.707933361665505,-8.520211636879436,-8.1903563486816,-7.656476845439434,-6.836016014840933,-5.655668454979917,-4.083358215170554,-2.1551728860862465,0.0129687141301103,2.232119026968132,4.27118550277304,5.911330293314256,7.012645403398669,7.566398348952248,7.6904519851902835,7.548751819690803,7.226615349473474,6.651847451842502,5.6176234660542415,3.868073736929668,1.245685541261605,-2.0004403937647366,-4.207286097197462,-2.270735872257597,4.967259685373738,15.95406533425261,31.9571625023361
-31.999718404413997,-15.973118267588818,-4.966714811656298,2.276564745018585,4.204645797103344,1.98688677181173,-1.261356173628838,-3.882598394846097,-5.631141340166274,-6.664911280724748,-7.239718542781247,-7.5622734309267425,-7.704880644914056,-7.582545218204091,-7.03156548754527,-5.93416560245718,-4.298808123089922,-2.264878382718649,-0.0506311185889445,2.113330445988566,4.0383529330138055,5.608605189064964,6.787916073695983,7.608163424051956,8.142388016815582,8.47299352737333,8.66186539753133,8.726359306544689,8.630168984119392,8.295239136887442,7.63017441462781,6.563529690394105,5.07584850133893,3.216363038475547,1.1023604114233236,-1.1023009210007677,-3.2163042569805964,-5.0757913673709,-6.56347548839765,-7.630120514239026,-8.295187665245813,-8.630131848039607,-8.72631084326398,-8.661807853691634,-8.472969430561168,-8.142353893294963,-7.608118427649729,-6.787884179507467,-5.608574722637518,-4.038322851974283,-2.1133044032640966,0.0506523623684362,2.2648925943163603,4.298814228009804,5.934166887907851,7.031555624206627,7.582521015367241,7.704871319387491,7.562260769429325,7.239697067514746,6.664877298318971,5.631099452347472,3.882573358992832,1.261302972889699,-1.9869538020878652,-4.204738107893737,-2.2766780416264254,4.966609670769842,15.97304327699569,31.99966013887576
-32.04200067404781,-15.991941654984965,-4.965936103344452,2.282578350996069,4.202066525723269,1.9733690146395184,-1.2769796037869243,-3.8971117732978633,-5.644644435729425,-6.677983104921967,-7.252853477906071,-7.5758437632554,-7.719367432178834,-7.5987380448383295,-7.050546514635578,-5.957070372266188,-4.326498352961985,-2.2977062199883465,-0.0883587250554878,2.071431181747734,3.993301809451745,5.561513689038762,6.739802811035803,7.559836502878071,8.09442667363979,8.42579952473293,8.615793283929301,8.681876575341372,8.587969393501327,8.256281498471688,7.595659285143729,6.534783635809997,5.054178628333505,3.2028696122715075,1.0977797311057875,-1.0977193826501577,-3.2028100204557712,-5.0541207662094365,-6.53472876151296,-7.595604677261324,-8.256229397958396,-8.587931723612085,-8.681827104646398,-8.615734560378119,-8.42577502078766,-8.094391935472169,-7.559790583864799,-6.739770220167365,-5.56148271013948,-3.99327130631584,-2.071404834872468,0.0883801588566856,2.297720549774337,4.326504524330635,5.957071572530647,7.050536316203485,7.598713973093172,7.719357437104115,7.575830442820614,7.252831274626866,6.677948375184067,5.644602078409332,3.8970852151416735,1.2769255981257668,-1.97343705438632,-4.202159767340554,-2.2826927419709597,4.96582981743011,15.99186591979204,32.0419418419866
-32.084080615088915,-16.010626070857708,-4.965035359033691,2.2886575129867937,4.199453032508571,1.9598180760442745,-1.292612263553164,-3.911642688434366,-5.658181457959343,-6.691105176180753,-7.266051815912359,-7.589487800882729,-7.733936722159887,-7.61502089835838,-7.069623235586423,-5.98007457730069,-4.354288553840106,-2.330631264669252,-0.1261775177463616,2.029450126257091,3.948180957182481,5.51436572002752,6.691646051421303,7.511478358166145,8.046443956752034,8.378591742014178,8.569712577004404,8.637388901700403,8.545766750944729,8.217321631711098,7.561141689745444,6.506034805958674,5.032506035506815,3.189374537271521,1.0931984411286164,-1.0931372430740671,-3.1893141381464,-5.032447439121384,-6.50597924698199,-7.561086383806169,-8.217268920042205,-8.545728536780707,-8.637338448416095,-8.569652774141586,-8.37856681493641,-8.046408651687472,-7.511431581278327,-6.691612796330772,-5.514334257779302,-3.9481500554343376,-2.0294234874322115,0.1261991373695961,2.3306457075255285,4.354294788165024,5.980075698749257,7.069612747458509,7.614996939421332,7.733926080797312,7.589473841161204,7.266028944330851,6.691069790079489,5.658138676276388,3.911614720787186,1.2925574826953343,-1.9598870888729412,-4.19954726944513,-2.2887730499508123,4.964927929134636,16.01054959522329,32.08402121771557
-32.12596997887469,-16.029185414699715,-4.964019941086308,2.2947960041974604,4.196801795642354,1.946231121737632,-1.308257792089023,-3.926196096635996,-5.671758621134352,-6.7042852241697215,-7.279322809137702,-7.603216429037894,-7.7486016181227235,-7.631409998556296,-7.088816561985127,-6.003204078592874,-4.382210420670571,-2.3636891813499803,-0.1641268190166921,1.987344742045854,3.902945221244704,5.467112310057446,6.643394046411773,7.46303662802272,7.998387339258679,8.331317811853598,8.52357123858796,8.592845457749059,8.503512435803982,8.17831504986883,7.526580672952524,6.4772478831075935,5.010802511813592,3.175860184889756,1.0886101705319104,-1.0885481299536206,-3.175798984716073,-5.010743172113873,-6.477191614547604,-7.526524658707486,-8.178261762699575,-8.50347364749595,-8.592794052561212,-8.52351053848771,-8.331292333874385,-7.998351509792058,-7.462989089711002,-6.643360139328115,-5.467080386736995,-3.902913938659593,-1.987317814618861,0.1641486229262439,2.3637037388577484,4.382216732299573,6.003205093398575,7.088805769076683,7.631386215584599,7.748590332176603,7.603201825184186,7.279299273917942,6.704249225570291,5.67171552906514,3.9261666724712256,1.3082023148424378,-1.9463010860645105,-4.19689700846805,-2.2949127065547272,4.963911370530071,16.02910820115199,32.12591001742058
-32.16764171808072,-16.047591550526022,-4.962877503911841,2.301004612730253,4.1941183584736095,1.9326125478478065,-1.3239108512376354,-3.940764135683113,-5.685364716768917,-6.717507969040683,-7.292647183629462,-7.61700629870948,-7.76333362371295,-7.64786990073242,-7.108081184765627,-6.026402566077205,-4.410195885328331,-2.3968037427985114,-0.2021233576946777,1.945203954705681,3.8576885485983534,5.419854688459335,6.595152166637612,7.41461858825286,7.950364425003209,8.284084940444192,8.4774755003922,8.54834983305811,8.461305624160046,8.139353425735228,7.4920606750671315,6.448495343363206,4.989125856974446,3.162362880117957,1.0840279381137738,-1.0839650268125671,-3.162300849265821,-4.989065756976348,-6.44843836179984,-7.492003948682663,-8.139299536124637,-8.461266252601854,-8.548297487284374,-8.477413872926252,-8.284058984558321,-7.950328084909421,-7.414570302870396,-6.595117631488574,-5.419822314776836,-3.857656901567122,-1.945176759074036,0.2021453269415621,2.3968183896837547,4.4102022318578085,6.026403451962666,7.108070124192984,7.647846189946684,7.763321717675524,7.616991043599595,7.292622992785191,6.717471371401687,5.685321228641656,3.9407333827897646,1.323854620668368,-1.932683452889804,-4.194214513729215,-2.301122429029409,4.962767829568654,16.047513628977295,32.16758121723716
-32.209109132847615,-16.0658586555427,-4.961615351912007,2.307277693545322,4.1913997492853765,1.9189608459933667,-1.339574037626018,-3.955351012849611,-5.69900543100448,-6.73078049501541,-7.306033530654719,-7.630867697088274,-7.7781454750630195,-7.664416690629711,-7.12743807602656,-6.049694981994002,-4.438275627868551,-2.4300095684209118,-0.2402047378235931,1.9029873532243249,3.812368064525288,5.372546978879797,6.5468722211053,7.366175350889456,7.902326039537749,8.236844292103278,8.431376972418885,8.503855014651679,8.41910136247486,8.100395400044016,7.457544107444344,6.419744813564011,4.967450434748636,3.1488663803385286,1.0794460043234633,-1.0793821902001062,-3.148803485936361,-4.967389544233127,-6.419687091793042,-7.457486644247854,-8.100340887825004,-8.419061365058534,-8.503801745331913,-8.431314487005018,-8.236817810484736,-7.902289184385606,-7.366126359742911,-6.546837073415119,-5.372514176771155,-3.812336070331485,-1.9029599006082365,0.2402268571253042,2.430024285103629,4.438281978256873,6.0496956961916855,7.127426736245745,7.664392940264439,7.7781329536286,7.630851818980597,7.306008690703944,6.730743273353944,5.698961410750832,3.955319014456808,1.3395169920097247,-1.9190327157669091,-4.191496825952038,-2.3073965397591327,4.961504645641479,16.065780081616452,32.20904814778797
-32.250380712833426,-16.083996305670603,-4.96023888749464,2.31361075770091,4.188643278833696,1.9052740282219,-1.3552499664692186,-3.9699603837643607,-5.712685163506785,-6.744108118242427,-7.319488116324801,-7.644807973293749,-7.793046017174205,-7.68106136271015,-7.146901626216772,-6.073098925071033,-4.466471584754182,-2.4633315042640698,-0.2783984674551404,1.8606653994883904,3.766952094376292,5.325153653170627,6.498518185953502,7.31766879000137,7.854233821280424,8.189557013686567,8.38523739013945,8.459323559625313,8.376864138420688,8.061407868474282,7.4230001856494034,6.390970408754031,4.945755303938932,3.135357646428625,1.074859585717086,-1.0747948646305925,-3.1352938842596823,-4.945693612528843,-6.390911930823157,-7.42294198292165,-8.06135274598638,-8.376823497466917,-8.459269381811676,-8.385174126389638,-8.189529959014294,-7.854196474758639,-7.317619138207547,-6.498482432963341,-5.325120430311994,-3.766919761574664,-1.8606376955357256,0.2784207323497888,2.463346286471796,4.46647793284655,6.073099451823596,7.146889998141655,7.681037585429448,7.793032888704549,7.644791460292378,7.319462628162613,6.74407028117197,5.712640639415559,3.969927126547256,1.3551921334806696,-1.9053468396378692,-4.188741235746782,-2.313730637085791,4.960127153043682,16.083917088428645,32.25031925072935
-32.29145367445026,-16.102003037446377,-4.958748890840982,2.320003213272828,4.18584817084689,1.891550887776353,-1.3709395772906172,-3.984592867137632,-5.726404253862298,-6.757491020844392,-7.333010914017899,-7.658826888475741,-7.808034659044057,-7.697802986340063,-7.16647026643206,-6.0966132763824055,-4.494781842423381,-2.496767321017243,-0.3167025656152754,1.818240197358932,3.7214428772667656,5.277676597708872,6.450092779751735,7.269101148922261,7.806090035950356,8.142225178127694,8.339058951941828,8.414757814514509,8.334596656339903,8.022393660440313,7.388431368962333,6.362174905177202,4.924042526171775,3.121838224512857,1.070269035472186,-1.0702034115152883,-3.1217735967540654,-4.923980032785912,-6.362115667753525,-7.388372427749732,-8.022337936590032,-8.334555353069664,-8.414702752728893,-8.338995001683934,-8.142197484921448,-7.806052213611084,-7.269050885425062,-6.450056433504801,-5.277642959292461,-3.72141020869484,-1.8182122421970688,0.3167249785980687,2.496782169855323,4.49478819316579,6.096613619630772,7.166458361580241,7.697779223046663,7.808020921005257,7.658809722116253,7.33298478946276,6.757452616770675,5.726359317212218,3.984558330152526,1.370880991523317,-1.891624634175779,-4.185947047996663,-2.320124147782148,4.95863612064861,16.10192316871038,32.29139172585886
-32.33229803980541,-16.119845985443316,-4.957128529631405,2.3264700238006686,4.183023387617935,1.8777995915765304,-1.386633844364252,-3.999236474061433,-5.740146550154743,-6.770907665880335,-7.346575179545805,-7.672892439943411,-7.823072990395097,-7.714594520092412,-7.186084386875672,-6.120163459889601,-4.523116462154537,-2.530216954482076,-0.3550074905330954,1.7758288752092235,3.675963488894104,5.230249460727621,6.401736001001548,7.220615194024457,7.758037913225324,8.094992193753471,8.292984312838636,8.370297290146732,8.29243212543965,7.9834746135085135,7.353950279493317,6.333454149392568,4.902389099632157,3.108355466957802,1.065692063236244,-1.0656255481347987,-3.1082899856682773,-4.9023258122903,-6.333394160268037,-7.353890602790903,-7.983418256738632,-8.292390254180573,-8.37024136038905,-8.29291937568126,-8.094964172534418,-7.757999580063294,-7.220564230433208,-6.401699101715804,-5.230215409663801,-3.675930487179032,-1.7758006696881814,0.3550300578040137,2.530231875793899,4.523122802411438,6.120163658428421,7.186072271096033,7.714570556193759,7.823058784137638,7.672874733330711,7.346548483663161,6.770868676441942,5.740100947665258,3.99920097671542,1.386574354040237,-1.8778742474606147,-4.183123186547208,-2.3265920325126186,4.957014700552741,16.119765450419898,32.33223558802182
-32.372957902002966,-16.137573252309743,-4.955403565197779,2.33298916143538,4.180156474499435,1.8640083500951687,-1.4023457873740035,-4.013908091317194,-5.753934525265284,-6.784387848268593,-7.360217650388922,-7.687048396055669,-7.838213265980707,-7.731499895211477,-7.205824649263223,-6.143852300622007,-4.551599227651605,-2.5638185709808847,-0.3934647751611716,1.7332692615740313,3.630342704086692,5.182686281523654,6.353252271143593,7.172011125497655,7.70987651499866,8.047656726016235,8.246813288435307,8.32574611371814,8.250183409608887,7.944479151920404,7.319398850654427,6.304673370013018,4.880687103929036,3.0948425620527926,1.061103970966814,-1.0610365415338645,-3.0947762022747285,-4.880622994804478,-6.304612601609175,-7.319338419270489,-7.944422158635274,-8.250140943116723,-8.325689305443557,-8.246747460373536,-8.047628294782294,-7.709837698465386,-7.171959493555788,-6.353214819101166,-5.182651825080373,-3.63030937450728,-1.7332408130401402,0.3934874852035647,2.5638335475362477,4.551605550389618,6.143852323834808,7.205812269749364,7.731475828928866,7.838198540041283,7.687030086874263,7.360190338089673,6.784348260081356,5.753888406697234,4.013871439454756,1.4022854495828978,-1.8640839635039856,-4.180257212250639,-2.3331121852613714,4.9552887248387325,16.13749208625313,32.37289497993661
-32.41342548747416,-16.15517770373392,-4.953571938353431,2.339562689811577,4.177248550220026,1.8501782588682705,-1.418074186435074,-4.028606041005786,-5.767765633873596,-6.797927920633544,-7.373933583895091,-7.701288901588657,-7.853448257691109,-7.748509986313849,-7.225679357542113,-6.167665008673371,-4.580212176578559,-2.597551800977476,-0.4320521574080767,1.6905850199378976,3.584605735609117,5.135014393253601,6.304669444433795,7.123317897520769,7.661635041501814,8.00024804098201,8.200574697247717,8.281132600076276,8.207878054964075,7.9054336246509775,7.284801635970244,6.275853832765499,4.858953614754506,3.081310433586622,1.0565085807167458,-1.056440206027531,-3.0812431615795037,-4.85888865546958,-6.275792260616726,-7.284740430585009,-7.905375992002959,-8.207834936332375,-8.281074927604836,-8.200508164995892,-8.000219058698963,-7.661595766144098,-7.123265659590632,-6.304631436150687,-5.134979539461187,-3.584572078425785,-1.6905563225302875,0.4320750075432168,2.597566828420704,4.580218483703865,6.167664821509705,7.225666680730428,7.748485931711225,7.853432966032366,7.701269926704001,7.3739056261014735,6.797887740476693,5.76771912530007,4.028568015369537,1.41801305315992,-1.8502548643547896,-4.17735021580002,-2.339686683469583,4.953456111952299,16.155095924717262,32.413362111714214
-32.45367263802031,-16.172630483382065,-4.951619296105774,2.3462030828602023,4.174306593216472,1.8363160291967624,-1.433811736494278,-4.043320601570645,-5.781626621531162,-6.811509759355021,-7.38770033976304,-7.715586715241362,-7.868745359652506,-7.765584763052042,-7.245597979246768,-6.1915376521947705,-4.608878244411098,-2.631330899813839,-0.4706760818692979,1.6478759145806037,3.538857595143221,5.087347760170549,6.256107587283232,7.074658157809658,7.613436723562991,7.952889888195371,8.154391746627757,8.236577706149593,8.165631673153246,7.866444198910444,7.250256438203079,6.247079089502009,4.837255583845383,3.067800405354916,1.051921207522763,-1.0518518728670412,-3.067732200790867,-4.837189743701158,-6.247016682008968,-7.250194445340133,-7.866385936002509,-8.165587971637096,-8.23651924521147,-8.154324501546395,-7.95286052167424,-7.613397047341481,-7.07460534370195,-6.256069047120419,-5.087312485709054,-3.538823575256151,-1.6478469349088325,0.4706991041676602,2.6313460065109537,4.608884570887451,6.1915373406392185,7.245585160362577,7.765560788387124,7.86872956988881,7.71556722815984,7.387671805075355,6.811469063100458,5.7815794651861285,4.043281325086795,1.433749634096134,-1.836393642516398,-4.174409114881639,-2.346328051163712,4.9515023759997,16.17254799473918,32.45360872150802
-32.493699117884084,-16.18993162885681,-4.949545461814584,2.3529101213727355,4.171330024337468,1.822421102902857,-1.4495590053379976,-4.058052046437332,-5.795517209286756,-6.82513269806627,-7.401516845528123,-7.729940487046179,-7.88410286415019,-7.782722316558664,-7.2655783710868,-6.215468043568748,-4.637595422828598,-2.665154040244748,-0.5093346544153154,1.605143840990647,3.493099807692968,5.039687674586892,6.207567710279324,7.0260326053767095,7.565282054753005,7.905582629438908,8.108264764857848,8.192081540159391,8.123444022072382,7.82751008554069,7.215762422237851,6.218348023521194,4.815592094792767,3.0543116391604497,1.0473417261387177,-1.0472714538674324,-3.054242523081693,-4.815525387963727,-6.2182847932529,-7.215699650855984,-7.827451181976314,-8.123399792676578,-8.1920223011362,-8.108196682236727,-7.905553014800322,-7.56524196358187,-7.025979182009399,-6.207528667216762,-5.039651989595751,-3.4930654293968906,-1.6051145774949824,0.509357856704308,2.665169235512808,4.637601765283674,6.215467629211931,7.265565456181093,7.782698302917953,7.884086659822353,7.729920564323705,7.401487807772788,6.825091511702321,5.795469277311763,4.058011719303218,1.4494958535110782,-1.8224997068508488,-4.171433442749874,-2.353036096454608,4.949427437526551,16.189848425933437,32.49363465707842
-32.533529375035755,-16.20710624611798,-4.947364616779439,2.359672816448036,4.168313074829545,1.80848834462382,-1.465322124493538,-4.072808734566224,-5.809448755342629,-6.838811866138973,-7.415401815835883,-7.744372610689798,-7.899547656476095,-7.7999557180410095,-7.2856623649503955,-6.239508855071944,-4.666427231025743,-2.699092139964371,-0.5481050941016754,1.5623063168677394,3.447245148232552,4.991939777519411,6.158949920492543,6.977338920951742,7.517067760107363,7.858222562979147,8.062090603558358,8.1475429439328,8.08121834241399,7.788542320390264,7.181238397579698,6.18959143675392,4.793908121087994,3.040810030990412,1.042757614403161,-1.0426863861607456,-3.040739986789799,-4.793840535336376,-6.189527378329873,-7.181174844905183,-7.788482760760419,-8.081173572895223,-8.14748289270018,-8.062021648979334,-7.858192716249441,-7.517027251913791,-6.977284874233747,-6.158910385710023,-4.991903690666343,-3.4472104254140863,-1.5622767905492776,0.5481284521783581,2.6991073930895078,4.666433543771158,6.239508291446266,7.28564929926134,7.799931615522458,7.899531027261471,7.744352198510692,7.415372226023654,6.838770120611605,5.809400066717871,4.072767332405194,1.4652579303236035,-1.8085679455653496,-4.168417310878004,-2.359799702005515,4.947245557950232,16.207022379947954,32.53346441549044
-32.57315920601029,-16.224151795128897,-4.945077072208516,2.3664908363028285,4.165255254563866,1.7945174705274034,-1.4811013141294656,-4.087590813821834,-5.823421039672052,-6.852546602310993,-7.429354203764943,-7.7588816225296995,-7.915077847152069,-7.817282389931479,-7.30584669053328,-6.263655955632298,-4.695368626735531,-2.733139176542118,-0.5869808852045516,1.5193702434055676,3.401301270509353,4.944112020841181,6.110262248505146,6.928585533279843,7.4688024786178335,7.810818203494159,8.015877496770676,8.102970015259455,8.038962850140049,7.749549429962824,7.146692164135439,6.160816430252779,4.772209194062592,3.027299429297899,1.0381699972771088,-1.0380978028576602,-3.0272284462250507,-4.772140713783661,-6.160751519505547,-7.14662780977305,-7.74948921997799,-8.038917533046233,-8.102909160067664,-8.015807756517388,-7.810788061616005,-7.468761576800272,-6.928530902329418,-6.110222229086332,-4.944075540254916,-3.401266204214212,-1.5193404530614714,0.5870043966822871,2.733154482916197,4.695374915374896,6.263655231537178,7.305833468385886,7.817258282575434,7.915060743388537,7.758860711663548,7.429324068337448,6.852504344943697,5.823371657378559,4.087548218177036,1.4810360966709948,-1.7945981124691015,-4.165360334206809,-2.366618599634912,4.9449569987970845,16.22406727524003,32.57309375746107
-32.61259014372924,-16.241069681180797,-4.94268431621261,2.3733635709947127,4.16215638513267,1.7805085670728462,-1.4968967094051266,-4.102398504265612,-5.837434298597491,-6.866337075144973,-7.4433741748597395,-7.773467736475718,-7.930693742905949,-7.834702812391002,-7.326132016615924,-6.287910137699663,-4.724420568580442,-2.767296374621168,-0.6259633109262848,1.4763342156868873,3.355266492604186,4.896202675511788,6.061502729590341,6.879770173936116,7.420483657495185,7.763366941458265,7.969622661200757,8.058360010208318,7.996674752013456,7.710528554933855,7.112121233825705,6.132020871883673,4.750493871015736,3.013778785491879,1.0335786038925745,-1.0335054370775083,-3.013706855786454,-4.750424500986815,-6.131955127308214,-7.112056095900953,-7.710467702145848,-7.9966288302644655,-8.058298359639576,-7.969552300241945,-7.763336403888282,-7.420442383961869,-6.879715009042503,-6.0614622126152575,-4.896165796632679,-3.3552310816319224,-1.4763041618439592,0.6259869754699411,2.767311732544237,4.724426837769792,6.287909266557296,7.326118673994783,7.834678773548249,7.930676114979002,7.773446290726477,7.44334350457344,6.866294379696284,5.837384276408161,4.10235466196826,1.496830492718516,-1.7805902448109017,-4.162262311603635,-2.3734922238921605,4.942563213630394,16.240984495392873,32.61252419896017
-32.651807285351666,-16.257845504510065,-4.940178780541281,2.380297183272529,4.159019740397102,1.766464636196612,-1.5127049915582689,-4.117227152862035,-5.851481801288164,-6.880173967611171,-7.45744986022259,-7.788116546894722,-7.94637792482625,-7.852195625179363,-7.346491421232736,-6.312237683918174,-4.753542700328641,-2.80151895306113,-0.6650037829925587,1.433249976194752,3.309195147106372,4.848270264680967,6.012733232662025,6.830956081560335,7.372175111651263,7.715932961696206,7.923390399861578,8.013776201287094,7.954414790193585,7.6715356891107005,7.077577151929376,6.103248742037088,4.728797219990737,3.000269727416189,1.0289915256060451,-1.028917396046752,-3.0001968610893823,-4.72872695858611,-6.103182154541069,-7.0775112231279325,-7.6714741910073,-7.954368307122093,-8.013713750830737,-7.923319299852944,-7.71590212158278,-7.372133451642876,-6.830900367040079,-6.0126922427682326,-4.848232990962308,-3.309159394811254,-1.4332196639642925,0.6650275971646564,2.801534356595756,4.753548931492212,6.312236654140404,7.346477951832815,7.852171582876794,7.946359825196787,7.788094590672124,7.457418655248069,6.88013079618324,5.851431077330889,4.117182154543504,1.512637731652669,-1.766547340066345,-4.159126472644125,-2.3804266972948334,4.940056662411879,16.257759665341297,32.65174085182676
-32.69081361658419,-16.274483664027475,-4.937564126288429,2.3872885738186365,4.155843033029843,1.7523836458370856,-1.5285283648510883,-4.1320793242204585,-5.865566544558442,-6.894060921400541,-7.471585490365059,-7.802832940554015,-7.96213610331238,-7.869767789101516,-7.366933709255539,-6.336649757494344,-4.782748633132342,-2.835822105677976,-0.7041189594558804,1.3900995234768496,3.263068119074348,4.800293802287301,5.963931278187742,6.782120177592444,7.323853470042173,7.668492721322168,7.877157155160741,7.9691955144077085,7.9121609834970785,7.63255098958102,7.043041885346202,6.074485003247098,4.707107277362466,2.9867650836699844,1.024405961193629,-1.0243308578929973,-2.986691275335384,-4.707036122870515,-6.0744175653806085,-7.042975145645816,-7.632488821860408,-7.9121139297803715,-7.969132229110365,-7.8770852608601,-7.668461564683194,-7.323811383525923,-6.78206389354679,-5.963889835777181,-4.800256159566548,-3.2630320494014007,-1.3900689735026206,0.7041428983446475,2.835837526585737,4.7827547767621565,6.336648494329978,7.366920012756813,7.86974359045032,7.962117557483673,7.802810462866994,7.471553721976845,6.894017153209012,5.865515066914066,4.132033181532125,1.5284600496748006,-1.75246738591465,-4.155950521021527,-2.38741883094288,4.937441107763855,16.274397271335705,32.69074678677786
-32.729613953793915,-16.29098883567929,-4.9348434338039615,2.394335888065126,4.152625570572017,1.7382652328960029,-1.5443675147294529,-4.146956120746023,-5.879690003101024,-6.9079998013823785,-7.485783466474831,-7.817619867787582,-7.977972004571307,-7.887423931268547,-7.387464947193917,-6.361154012758179,-4.812047559119479,-2.8702160353854125,-0.7433196905285344,1.3468715467099617,3.21687358483589,4.752260653022487,5.915083401224416,6.733248433703415,7.275504404664947,7.62103160117946,7.830908215974542,7.924603326815024,7.869899254899545,7.593561219302036,7.008503332245358,6.045719214645347,4.685415836496018,2.9732596414328354,1.0198201008022472,-1.0197440163716809,-2.973184881374748,-4.685343781165865,-6.045650922601297,-7.008435780680045,-7.593498378693122,-7.869851625999588,-7.924539209958435,-7.83083556758881,-7.621000157707866,-7.27546190549731,-6.733191586259838,-5.915041510157116,-4.752222647976371,-3.2168372016179685,-1.3468407568138876,0.7433437585125824,2.870231477786405,4.812053630102696,6.36115252927663,7.387451039877582,7.887399638154434,7.977952983510741,7.81759688926838,7.485751160825811,6.907955491861753,5.879637757981872,4.146908786270262,1.5442981184084794,-1.7383500326269905,-4.152733814496494,-2.3944668701251084,4.934719505230356,16.290901880271406,32.72954671921051
-32.76819850647136,-16.307352064886725,-4.932012168293825,2.401442720902191,4.1493689064013495,1.7241108496884705,-1.5602207843891625,-4.161854916598667,-5.893848167450167,-6.921984840536419,-7.500036315991915,-7.832468183825346,-7.993874477129676,-7.90515038067705,-7.408067804831374,-6.3857288158045975,-4.8414136059864905,-2.904672265973518,-0.7825754081774852,1.3035983000681544,3.1706452289384472,4.704207046494242,5.8662280031969765,6.684380228373979,7.227167674213554,7.573589948142565,7.784683912866709,7.88003970544143,7.827668072354571,7.554602049783941,6.973994227841387,6.016979450279357,4.663745417126004,2.959767243434003,1.0152391529921314,-1.0151620867549898,-2.959691533929105,-4.663672472249511,-6.016910320974455,-6.973925869712212,-7.554538525958184,-7.827619847361448,-7.879974740781257,-7.784610522288036,-7.573558201369495,-7.227124739633997,-6.684322820525575,-5.8661856709842,-4.704168693166984,-3.1706085482790214,-1.3035672856052445,0.7825995937657559,2.904687714163136,4.841419578978688,6.385727105171288,7.408053688689959,7.905125865805238,7.993855017765868,7.832444737965609,7.500003491309482,6.921939972543,5.893795060601482,4.161806535171128,1.5601502480679967,-1.7241967056168708,-4.14947789910069,-2.401574390444366,4.931887369184284,16.307264575589016,32.76813088844825
-32.80658440879196,-16.32359089800028,-4.929081501494498,2.408600821660737,4.146068951601258,1.7099170949951823,-1.5760923034737355,-4.176781680150891,-5.9080492753565474,-6.9360272364933655,-7.514358038674155,-7.847394743002775,-8.009863828387935,-7.922972037508376,-7.428773814672965,-6.410413605527693,-4.870894191363904,-2.939243118795704,-0.8219424541970828,1.2602200235332268,3.124320251167514,4.656064873470213,5.817292404371524,6.635440720879803,7.178767504414416,7.526090839125602,7.738407412680908,7.835428538962273,7.785394662397174,7.515606576062425,6.939453757845356,5.988214110274345,4.642054869572383,2.946262799416134,1.0106536195991314,-1.0105755763227282,-2.9461861447379394,-4.641981034170721,-5.988144136070469,-6.93938458796593,-7.5155423780547395,-7.785345854536959,-7.835362720597545,-7.738333281749281,-7.526058808679973,-7.17872413875219,-6.635382764566341,-5.817249652003618,-4.656026180241068,-3.124283275988408,-1.2601887875052098,0.8219667492642322,2.939258564629774,4.870900061334121,6.410411652386056,7.428759463468912,7.922947382977457,8.009843899423078,7.84737078281878,7.514324696912113,6.935981835660517,5.907995431997585,4.176732093001278,1.576020675057581,-1.710004026015769,-4.14617866244818,-2.4087331459574224,4.928955847434044,16.323502892166868,32.80651643169454
-32.84477198381835,-16.339706167426407,-4.926052977602602,2.4158093134930736,4.142724781525521,1.695683253091155,-1.5919828697808067,-4.191737152604191,-5.922294111803078,-6.9501277421769725,-7.528749510276524,-7.862400538590487,-8.02594133552736,-7.940890512432952,-7.449585065053824,-6.435210948804962,-4.900492178867359,-2.97393179832202,-0.8614242715336594,1.2167329637083713,3.0778946403863245,4.607829952795386,5.768272154416781,6.586425224164906,7.130298936270376,7.47852937892579,7.692073563741699,7.790764966255661,7.743074364787946,7.4765706844167426,6.904878337071269,5.959420509644884,4.620342414604188,2.93274520909988,1.0060630786932254,-1.0059840558978888,-2.9326676064921946,-4.620267687497025,-5.959349691632998,-6.904808357754047,-7.476505822400158,-7.743024908204691,-7.790698293036587,-7.691998859924888,-7.478496915898351,-7.130255146078791,-6.586366768710727,-5.768228957465462,-4.607790919134331,-3.077857378812073,-1.216701508070232,0.8614486770094665,2.973947243947797,4.900497958547773,6.435208744017112,7.449570470548961,7.940865807403719,8.025920839207568,7.862376045472789,7.528715641570969,6.950081873652463,5.9222395677537385,4.191686291208762,1.5919101999863972,-1.6957712690112137,-4.142835248192599,-2.415942301268722,4.925926479962363,16.339617647331647,32.84470364538999
-32.88275456663106,-16.355690074384608,-4.922920956920557,2.4230731890806467,4.139339520395758,1.681412070621596,-1.6078897259239366,-4.206717557459778,-5.9365771512630765,-6.96427868976712,-7.5432009670415106,-7.877473811647851,-8.042092840608207,-7.958888689134106,-7.470480197741668,-6.46009446879621,-4.930176537914938,-3.0087046118093004,-0.9009845452198194,1.173175904266418,3.0314086397726405,4.559545707514555,5.719213490321624,6.537380742643426,7.081809421893101,7.430953432038752,7.645730725534432,7.7460964778193935,7.700752323044366,7.437534665206846,6.8703048671313045,5.930629194819371,4.598632338437283,2.919228826738629,1.001473511005822,-1.0013934989106354,-2.9191502659091006,-4.598556714709295,-5.930557536779669,-6.870234072095943,-7.43746911136455,-7.700702277839434,-7.746028934186909,-7.645655267535781,-7.430920759248073,-7.0817651807998745,-6.53732173745236,-5.719169888756753,-4.559506340928761,-3.0313710926908426,-1.1731442349157384,0.9010090525289576,3.008720041028937,4.930182200462794,6.460091993240671,7.470465366949222,7.958863889619807,8.042071838419414,7.877448807671681,7.543166577605572,6.964232317453889,5.936521858156149,4.206665425247066,1.6078159384795667,-1.6815011982830153,-4.1394506665399575,-2.4232067506207127,4.922793634878851,16.355601049917798,32.88268588188498
-32.92052149633773,-16.371535874923055,-4.9196845254326576,2.430392400482603,4.135912229349526,1.6671031026902838,-1.6238130066609742,-4.221722666680409,-5.950897656081748,-6.978478740841874,-7.557710468982414,-7.892611961506649,-8.058314926706236,-7.976962006724784,-7.491453148680185,-6.485056303149955,-4.959937221648961,-3.043549455312444,-0.94061018239687,1.129562506488461,2.9848774096275106,4.511228249329196,5.670133154045798,6.488325128144584,7.0333171900130775,7.38338143191597,7.599396764095803,7.701441054414245,7.658446466265341,7.398517163817128,6.835750331066458,5.901855884578843,4.576937187200297,2.9057222425988423,0.9968873328070832,-0.9968063443307548,-2.9056427383831176,-4.576860678900769,-5.901783391827437,-6.835678734924827,-7.398450946358266,-7.658395808494617,-7.701372622662771,-7.599320618995105,-7.383348467716405,-7.0332725042013005,-6.488265607241589,-5.670089140053878,-4.511188540552866,-2.9848395742980784,-1.1295306263098506,0.9406347900389654,3.0435648636765174,4.959942751401445,6.485053548366643,7.491438104889676,7.976937088535128,8.058293431456816,7.892586426818818,7.557675526755453,6.978431858491564,5.950841617090512,4.221669341700831,1.62373811832407,-1.6671933079054893,-4.136024037151409,-2.430526552160088,4.919556379734057,16.371446347738587,32.92045246058565
-32.95806608618214,-16.38723701686241,-4.916339255918359,2.437770425314504,4.132444485289221,1.6527575770212226,-1.6397514649969074,-4.23675039675934,-5.965252088833598,-6.992722692304714,-7.572271223299896,-7.907806719399661,-8.07459758417171,-7.995098282986257,-7.512488842006041,-6.510077997513579,-4.989752862654642,-3.078443226159969,-0.9802764111239316,1.0859190918963135,2.9383281198565734,4.4629064761276975,5.621061698714635,6.439289305258562,6.984853442327166,7.335844774641012,7.553103449039192,7.656829831267928,7.61618636219939,7.359544551735428,6.801238765127025,5.873120432563565,4.555272466316151,2.8922347452350388,0.992308323437022,-0.9922263795080304,-2.892154318870896,-4.555195092134369,-5.873047122700832,-6.801166369244645,-7.359477659187073,-7.616135164099155,-7.656760485706965,-7.553026452105924,-7.335811694225244,-6.984808295150527,-6.43922922359931,-5.621017312301643,-4.462866440826244,-2.938290010805801,-1.0858870153240472,0.9803011093780852,3.0784586022335185,4.989758239537878,6.510074975610248,7.512473584398041,7.995073143726684,8.074575683210547,7.907780686058219,7.572235786401173,6.992675291107285,5.965195284656673,4.236695972869688,1.639675410539336,-1.6528488629971418,-4.132556945575862,-2.4379051329654966,4.916210307856559,16.387147005681655,32.957996721869335
-32.995421027540225,-16.402824208651353,-4.912904078803364,2.4451944522751403,4.128930288444474,1.638370628173514,-1.6557112428550302,-4.251809968535282,-5.979654161305682,-7.007029609046459,-7.5869075353088125,-7.92308763138223,-8.090976796846611,-8.013341917493177,-7.533643184821621,-6.535228922189027,-5.0197058671346895,-3.113477047031417,-1.020081219102858,1.0421416503651302,2.8916512700475603,4.414462614744251,5.571873949938665,6.390144200300084,6.936286949435976,7.28821069284171,7.506717470269357,7.612131132478277,7.573845511323943,7.320499948712586,6.766663947175845,5.844332917056733,4.533567315978978,2.878722679009248,0.987720187418016,-0.987637255711317,-2.878641297509559,-4.53348905050276,-5.844258774185638,-6.766590739210213,-7.320432372301071,-7.57379368295498,-7.612060878840229,-7.506639812042569,-7.288177303057392,-6.936241347531589,-6.390083605962275,-5.571829168044154,-4.41442224675256,-2.891612884642631,-1.042109380455742,1.0201059966955257,3.113492376613025,5.019711079550877,6.535225587875482,7.533627657068434,8.013316618115192,8.090954378408865,7.923061044720597,7.586871521996962,7.006981638499075,5.979596585172232,4.251754282516006,1.6556340654146504,-1.6384630226161825,-4.129043347502736,-2.4453296211998983,4.912774399926262,16.402733772773015,32.99535139773583
-33.0325627234434,-16.41827694927889,-4.909368239723015,2.4526717861950407,4.125372628135106,1.6239452047746854,-1.671688664962804,-4.266895670760075,-5.994095098535406,-7.021387005881826,-7.601603347436293,-7.938435101961329,-8.107428681596884,-8.031663417413684,-7.554878979635855,-6.560462823887128,-5.049740873481339,-3.1485893254833845,-1.0599582750278462,0.99830058775945,2.844921238388124,4.365976700449702,5.5226548178569335,6.340977446091968,6.887706697944912,7.240569206034919,7.460328941441371,7.567434123757302,7.531509808548217,7.281463415137837,6.732098926299406,5.8155557074822495,4.5118712537138,2.865216733251692,0.9831342122669052,-0.983050340113832,-2.8651344417407296,-4.511792120051473,-5.815480727950478,-6.732024913702897,-7.281395193618254,-7.531457353470902,-7.567362981529829,-7.460250691889392,-7.240535438578909,-6.887660635276564,-6.340916361929114,-5.522609647928926,-4.365936015372919,-2.84488258144608,-0.9982681110313384,1.059983150550267,3.1486046390237807,5.049745962066675,6.560459216243813,7.554863199062362,8.031637940902757,8.107405763347904,7.938408012730968,7.601566843869073,7.021338543377479,5.994036768953104,4.266838793498747,1.6716103853087727,-1.6240386819294896,-4.125486408146664,-2.4528075356132235,4.909237802047479,16.418186080873767,33.03249282244373
-33.06951660083797,-16.433618311351086,-4.905745272646758,2.460193689179791,4.121767610872007,1.6094778781339014,-1.687688220735718,-4.282014094932125,-6.008584464353083,-7.035808085344019,-7.616375492044134,-7.95386956780687,-8.123978092611996,-8.050093423074415,-7.57623499276857,-6.585828121551904,-5.079915865966839,-3.1838446182644518,-1.0999770629088932,0.9543222101143246,2.798060072373485,4.317364824430124,5.473315172095215,6.291696781042781,6.839018893594293,7.19282519782746,7.413842687717481,7.522644458798064,7.489088469864154,7.242350219241907,6.697466884203067,5.786723316285576,4.4901325745688485,2.851684821674966,0.9785387250863496,-0.9784539087644232,-2.8516016145238896,-4.490052573229133,-5.786647507260058,-6.697392083422418,-7.242281369799478,-7.489035342866688,-7.522572448861248,-7.413763960090489,-7.1927909697402574,-6.83897238793896,-6.291635257091156,-5.473269587216694,-4.317323795568262,-2.798021131798855,-0.9542895234486776,1.100002039859212,3.183859918712742,5.079920843604044,6.585824238018484,7.57621899911592,8.0500679535131,8.12395453758346,7.953841909028057,7.616338450104928,7.0357592338869255,6.0085254661489,4.281955904150194,1.6876089274241055,-1.609572433340068,-4.121882106614572,-2.4603300478412784,4.90561404749657,16.433526980520757,33.06944640034438
-33.10626433883261,-16.448831916682657,-4.90202579995977,2.467766903160933,4.118118193524809,1.5949712389072748,-1.7037068523358692,-4.297160509722001,-6.023114874776803,-7.05028239584802,-7.631210433459884,-7.969374507512846,-8.140604895471462,-8.068607201588973,-7.597680064699673,-6.611286107031858,-5.110184700058767,-3.2191916663875078,-1.1400823034723857,0.9102654260069262,2.751129982925803,4.268693803076356,5.423926008959611,6.242375411521065,6.790297970910746,7.14505389442444,7.367334314226221,7.4778368395068755,7.44665343478252,7.203227049427552,6.66282868323431,5.757887390789495,4.468391940424379,2.838152125766957,0.97394313778546,-0.9738573613174496,-2.838067988987307,-4.468311060496137,-5.757810740081316,-6.662753065455576,-7.203157539993986,-7.44659968124373,-7.477763954073107,-7.36725496794294,-7.145019360838597,-6.790250981854834,-6.242313405360525,-5.423880043554176,-4.2686524447152445,-2.7510907605959694,-0.910232531763126,1.1401073725031847,3.219206940192741,5.110189550437237,6.611281914496307,7.597663824951113,8.068581718560234,8.140580713901926,7.969346266167609,7.6311728553513,7.0502331121447295,6.023055206512067,4.297100903456202,1.7036265152036396,-1.595066921563515,-4.118233378004794,-2.4679037771055743,4.901893842866268,16.448740166855817,33.10619387982711
-33.14278511979171,-16.463899767532848,-4.898200135226096,2.475397915418992,4.114426737030562,1.5804279120146485,-1.7197414167888965,-4.312329881845828,-6.03767868304871,-7.064798917723082,-7.646093904529515,-7.984932383518734,-8.157287583211197,-8.08717814471403,-7.619180511153955,-6.636795096887386,-5.140497638241864,-3.254575675761393,-1.1802156124456191,0.866191633199264,2.704195349019004,4.220032691743622,5.374560604819823,6.193088881130719,6.741620472815661,7.097333345357349,7.320881708646172,7.433088814889301,7.404278985656833,7.164162879040946,6.628246863236266,5.729101148534824,4.446691707830498,2.8246446774713547,0.9693571402376132,-0.9692704420795089,-2.8245596484473814,-4.446609976353686,-5.729023676046945,-6.6281704627126885,-7.164092742852624,-7.404224597880333,-7.433015037259444,-7.32080175773411,-7.097298467364442,-6.741573001842804,-6.193026400685671,-5.374514243693313,-4.219990992574544,-2.704155846972609,-0.8661585350788229,1.1802407816032785,3.254590931507477,5.14050235567318,6.636790630891502,7.6191640712938495,8.087152480029745,8.157262893010431,7.984903598989187,7.646055802164824,7.064749158512233,6.037618249298407,4.312269149429394,1.7196599881359085,-1.5805246504408583,-4.114542623917185,-2.4755353788113714,4.898067419216765,16.46380758677806,33.142714390541755
-33.17910235012728,-16.478843029729923,-4.894280756476591,2.48307856965006,4.110689188191652,1.565844185088632,-1.7357965415724468,-4.32752876425118,-6.052285146020219,-7.079370395161566,-7.661042094259035,-8.000562880793057,-8.174050183159318,-8.105835967883015,-7.640774023677023,-6.662402153497009,-5.170910915237577,-3.2900589792287858,-1.2204437346050183,0.822030363606759,2.6571819407112045,4.171301659625323,5.325134210871546,6.143749480714223,6.692897220163467,7.049572857722147,7.274394238171279,7.388310427219694,7.361878691823622,7.125077238389595,6.593648440224572,5.700302566349307,4.424982642281424,2.8111321467834185,0.9647695181585368,-0.964681871004511,-2.8110461995017224,-4.424900047651217,-5.700224273288716,-6.593571241235943,-7.125006438482419,-7.361823661117115,-7.3882357526918145,-7.274313661918068,-7.049537674569117,-6.692849240789804,-6.143686493889109,-5.325087466352186,-4.171259636954465,-2.657142166642961,-0.821997064494605,1.2204689945603775,3.290074206066027,5.170915483778323,6.662397381081399,7.640757330807853,8.10581007555984,8.174024958489886,8.000533553858437,7.661003449967803,7.079320098486269,6.052223871923085,4.327466857123742,1.735713993788632,-1.5659420097950592,-4.110805706973872,-2.483216521109201,4.894147345045365,16.47875046374456,33.179031394113075
-33.21521196190049,-16.49365966478525,-4.890268186248602,2.490808573396847,4.106905394135725,1.5512206678783698,-1.751871753363528,-4.34275679062474,-6.066933972059943,-7.093996561485549,-7.676054706096914,-8.016265626299267,-8.190892122594835,-8.124579841750906,-7.662459256778507,-6.688105336444186,-5.20142157069029,-3.325637699873788,-1.2607623850964889,0.7777859154108823,2.610094506633545,4.1225057683685735,5.275651823892347,6.094362436363493,6.644133372548929,7.001777583899327,7.22787653228263,7.343506335202193,7.319457220258779,7.0859753434409365,6.559038069851044,5.671496225285742,4.403268748722277,2.7976172629159395,0.960180914285987,-0.9600923459317218,-2.797530421600874,-4.403185302167406,-5.671417116596807,-6.558960097511831,-7.085903927591579,-7.319401488147688,-7.343430783641847,-7.2277954882191775,-7.0017418844780055,-6.644084908179685,-6.0942990225759,-5.2756046641616186,-4.122463385318883,-2.6100544389162885,-0.7777524083411399,1.2607877465374866,3.3256529088756546,5.201425988604632,6.68810028088395,7.6624423676689375,8.124553740172926,8.190866377622152,8.016235689872193,7.676015467729877,7.093945745333492,6.066871946754222,4.3426938068302565,1.7517881499047243,-1.551319509944789,-4.107022626960473,-2.490947136329462,4.890134040673805,16.49356669042958,33.21514075004119
-33.251132389350815,-16.508365513586845,-4.886171120555684,2.498582782904148,4.103073097975577,1.5365550398234076,-1.767970146496029,-4.358018354835251,-6.081631284865256,-7.108685678589472,-7.691142189028173,-8.03205335332757,-8.207829043945056,-8.143429127419965,-7.684260796460191,-6.713935291012104,-5.23206651320018,-3.361353371249824,-1.3012162536330258,0.7334110600353958,2.562882690358005,4.073590814089017,5.226056091132802,6.044868038952601,6.595268129325198,6.953885571179185,7.181267075938281,7.298615263599277,7.276955358386461,7.046801027418602,6.5243648918429376,5.642638507704345,4.3815153962484725,2.7840782766537644,0.9555837463114684,-0.9554942647304916,-2.783990548139029,-4.381431104427644,-5.642558582394964,-6.5242861317884815,-7.046728982564968,-7.27689897402122,-7.298538845053988,-7.181185485591691,-6.953849512072964,-6.595219147880399,-6.044804161110789,-5.226008539468799,-4.0735480892064215,-2.562842337801867,-0.7333773390950434,1.3012417235773106,3.3613685760514724,5.232070825915599,6.713929976318806,7.684243698923424,8.143402908423615,8.207802703164555,8.032022858982032,7.691102436902363,7.108634425613461,6.081568545022126,4.357954141429757,1.767885516096133,-1.5366549588215526,-4.103191109128936,-2.498721960559057,4.886036241965215,16.508272133276357,33.25106092987276
-33.286841565093056,-16.522941500403974,-4.881978863810162,2.506408366916125,4.099195085123939,1.5218498725596623,-1.7840885031999725,-4.373308287705106,-6.096368883111082,-7.1234259381518,-7.706289219202035,-8.047907205792814,-8.224837826856556,-8.16235521867107,-7.706142669664241,-6.739847483593467,-5.262792820471919,-3.397147253069383,-1.341742291881601,0.6889726950545622,2.5156172508164643,4.024632785533719,5.176427724397263,5.995349851100193,6.546386635587713,6.905983170660138,7.134652651645911,7.253723308741474,7.2344562049179695,7.007631884286546,6.48969932269776,5.613789351276183,4.359769824204383,2.770544478534546,0.9509888458355344,-0.950898438828005,-2.770455849331047,-4.35968467668981,-5.613708611719173,-6.489619768536672,-7.007559171750938,-7.234399266613821,-7.253645970772452,-7.134570256177952,-6.905947085088897,-6.546337100404607,-5.995285417124535,-5.176379824430514,-4.024589722456005,-2.51557661820684,-0.6889387713435631,1.3417678560732624,3.3971624325874723,5.262796998708302,6.739841882998583,7.7061253472438676,8.162328893194598,8.224810892194826,8.04787613925145,7.706248935515909,7.1233742271871705,6.09630537757506,4.373242785129766,1.7840027923146868,-1.5219509057668104,-4.099313756921281,-2.50654803792365,4.881843289665492,16.522847738742335,33.28676988249215
-33.322361440104,-16.53740826165676,-4.877705141101793,2.514276398428074,4.095267356843294,1.507102151093576,-1.8002307571235794,-4.388632745038485,-6.111156424338289,-7.138231031670663,-7.721513401866121,-8.063848776389596,-8.241944875897103,-8.181390848798948,-7.728145772739552,-6.765891964761771,-5.2936591736578045,-3.4330839355221543,-1.3824095526304705,0.644397373121089,2.4682207503072657,3.975549033426197,5.126678767445924,5.945716986928765,6.497395737238461,6.857976153925818,7.087937717756793,7.208736117586735,7.191868553264988,6.968383676651287,6.454964631308482,5.584884130391828,4.337981935498376,2.7569848237998382,0.9463844583230286,-0.946293110404568,-2.756895281866861,-4.337895928267803,-5.584802565011652,-6.454884272189066,-6.968310304614453,-7.191810958027725,-7.208657893865316,-7.087854768684231,-6.857939723029551,-6.4973456584183,-5.945652057041274,-5.1266304790694575,-3.975505625681752,-2.4681798275580054,-0.6443632313363394,1.3824352237173034,3.4330991090430474,5.293663236497585,6.765886065162591,7.728128185549932,8.18136439452225,8.241917278507978,8.063817108619645,7.721472554640853,7.138178810126384,6.111092117048123,4.38856593552245,1.8001440164795846,-1.5072042735278517,-4.095386741934907,-2.51441660281283,4.8775688999737845,16.537314155023477,33.32228956286445
-33.35767113513507,-16.55174806526371,-4.873339965884767,2.522193203934732,4.091292115199737,1.4923138980374746,-1.8163941543084292,-4.403987035971452,-6.125986080519433,-7.153089502933877,-7.736799785529403,-8.079859566207618,-8.259127425954963,-8.200507682565886,-7.750234546606148,-6.792024928911794,-5.32461401874866,-3.4691064722077947,-1.4231572541453863,0.599749320155112,2.420760917481386,3.926411999060154,5.076886014353956,5.896049015881039,6.448376897441196,6.809947040023512,7.041205423604564,7.163736050588345,7.149272238455901,6.929130981418757,6.420228652598562,5.555980458978287,4.316197116348848,2.743427434997765,0.9417810357725088,-0.9416887900510312,-2.7433370207133967,-4.316110274324424,-5.555898083499244,-6.420147516408143,-6.92905699760001,-7.149213983574885,-7.163656943495972,-7.041121988428511,-6.809910222146938,-6.448326277307233,-5.895983618442929,-5.076837325489798,-3.926368234784966,-2.4207196997919165,-0.5997149522658825,1.4231830456462782,3.469121658202269,5.324617988209952,6.792018767292821,7.750216752929812,8.200481119596777,8.25909919760883,8.07982729836695,7.736758400700322,7.153036840440414,6.125921057109271,4.403919005440692,1.8163064339089496,-1.4924170672972408,-4.0914122836532085,-2.5223340629330337,4.873202996499715,16.551653562031994,33.3575990247865
-33.39277588011758,-16.56596577031547,-4.868886513683226,2.5301570775521887,4.087268374166163,1.4774841516176476,-1.832580017867813,-4.4193729442347545,-6.140860269371147,-7.168004558269863,-7.752152384011131,-8.09594445499342,-8.276391467761215,-8.219713198796939,-7.772418403286589,-6.818257806616149,-5.355670787888063,-3.5052296894660526,-1.4640011458193758,0.5550119757232908,2.373220260421244,3.8772030160155206,5.027029694703736,5.846325333153109,6.399308968167319,6.761874346444829,6.994434231697923,7.118701768862032,7.106646577441709,6.889854335252539,6.385473746067218,5.52706334686256,4.294403652249049,2.729865014141279,0.9371759773266776,-0.9370827911504503,-2.7297736839239954,-4.294315941391726,-5.526980137612668,-6.385391812342594,-6.889779710836801,-7.106587598353833,-7.118621744948419,-6.994350354710886,-6.761837071038273,-6.399257769293797,-5.846259477892925,-5.026980590271459,-3.8771588762750935,-2.373178741027799,-0.5549773937136222,1.4640270365108228,3.505244853881324,5.355674612920372,6.818251326821515,7.772400361082314,8.219686471173903,8.27636255068873,8.095911495494038,7.752110358301053,7.167951357455278,6.140794457092582,4.419303635074145,1.8324912784455056,-1.4775884050730672,-4.087389267642273,-2.5302984540022537,4.868748912158562,16.565870948099874,33.39270361093487
-33.42765062002975,-16.58003937531874,-4.864331523795117,2.538176834534328,4.083199551925763,1.4626160154829724,-1.8487845098706248,-4.434784123707318,-6.155768671043291,-7.1829610901900605,-7.7675514834769155,-8.112079162976684,-8.2937073200931,-8.238970693227422,-7.794651453413794,-6.8445342287161886,-5.386763373355954,-3.541380766844045,-1.5048635208513912,0.5102677896198444,2.325685756738568,3.828014880904546,4.97720850873665,5.796647940198554,6.350296218365839,6.713864111236796,6.947730979559468,7.073739366258399,7.064093961148542,6.8506486698858255,6.350786102110779,5.498205583499756,4.27265835396506,2.716332606746898,0.9325825553182916,-0.9324884455178876,-2.7162403801772537,-4.272569790578149,-5.498121550221113,-6.350703371409253,-6.850573415296008,-7.064034306965779,-7.073658373137425,-6.947646589379434,-6.713826514890162,-6.350244389128074,-5.796581596916459,-4.977159013603355,-3.8279703753442633,-2.325643944041078,-0.5102329940392011,1.5048895150744623,3.5413959152608747,5.386767048450348,6.844527437795807,7.794633170115503,8.238943708982028,8.293677791686594,8.112045569551523,7.767508840390722,7.182907326844652,6.155701971016001,4.434713679924057,1.8486946914079472,-1.4627213426544687,-4.083321123919614,-2.538318717907775,4.864193283943499,16.57994422907157,33.42757818628486
-33.46232894340667,-16.593998965453565,-4.85969373712358,2.546240654144506,4.079080723235325,1.4477054280288375,-1.8650131476794316,-4.450229435295571,-6.170725062726085,-7.197978761409066,-7.783022468746537,-8.128294845548051,-8.311113051731073,-8.258327256939834,-7.816992641065369,-6.870926550936888,-5.417977027608964,-3.577653956685687,-1.5458452569005998,0.4654095492152076,2.278043980550746,3.77872615649909,4.927293058698049,5.746882830112838,6.301201557399531,6.665776772781863,6.900955083683937,7.0287090744882015,7.0214792089323135,6.811388082488172,6.316051086537786,5.469310000000417,4.250885095180911,2.702783101368245,0.9279830532046086,-0.9278880377531294,-2.702689993166202,-4.2507956901417145,-5.469225148093268,-6.315967566546139,-6.8113122163990125,-7.021418855886696,-7.0286270884635496,-6.900870270968734,-6.665738819820616,-6.301149053712997,-5.746816018326134,-4.927243172319243,-3.7786812796395934,-2.2780018750481754,-0.4653745410451668,1.5458713564009985,3.5776690950280545,5.417980573946265,6.870919477852105,7.816974130403032,8.258300035687613,8.311082879954077,8.128260605787855,7.782979242378395,7.197924492514494,6.1706575522346245,4.450157828957305,1.8649222885309829,-1.447811827520624,-4.079203096094463,-2.54638311350242,4.859554856922052,16.59390350394126,33.46225635661529
-33.49680656265778,-16.607842532508585,-4.854973502857908,2.5543478251225658,4.0749110557716826,1.432751888826458,-1.881266393076344,-4.465709238916718,-6.185729712933632,-7.213057761860555,-7.798565424082252,-8.144591463344792,-8.32860848208609,-8.277782518376334,-7.839441349025113,-6.897433748224498,-5.449310173018891,-3.614047032172492,-1.5869437094726242,0.4204399620186609,2.2302978983048867,3.7293400775055017,4.877286514972713,5.697033329471114,6.252028234124142,6.617615491200423,6.8541093948108704,6.983613738221542,6.978805260577841,6.772075971351404,6.281272100292607,5.440379895957616,4.229086824116173,2.6892186261900464,0.9233779193029888,-0.9232819997783046,-2.6891246383695475,-4.228996573589042,-5.440294212506225,-6.281187783041728,-6.771999515092981,-6.978744144290491,-6.983530738819824,-6.854024340898014,-6.617577031262458,-6.251975002655247,-5.69696610856102,-4.87723621870827,-3.729294813417228,-2.2302554962584966,-0.4204047364464049,1.5869699206245305,3.614062172494936,5.449313608350827,6.8974263872658,7.839422577998368,8.277755076621194,8.328577641491684,8.144556558883925,7.798521595587346,7.213002972927608,6.185661432605481,4.465636440983667,1.8811745347548452,-1.4328593553324245,-4.075034288503778,-2.5544909014983705,4.854833986295217,16.60774676402088,33.4967338245991
-33.5310716913638,-16.62155930856309,-4.850164078911378,2.5625031969300696,4.070692344062439,1.417757057659896,-1.8975423220515903,-4.481220293093257,-6.200777181499859,-7.228189983937649,-7.814169692728353,-8.160955866147466,-8.346177544832495,-8.297316652976518,-7.861972824018546,-6.924025481840854,-5.480727335661894,-3.650521062292077,-1.628117456978469,0.3754030639158554,2.1824940401628257,3.679906400010212,4.8272420232693865,5.647154411970751,6.202832644930007,6.569437740606689,6.807251985182016,6.938511182582788,6.936127990140678,6.732763940541667,6.2464959658940815,5.4114546301972375,4.2072942548407175,2.675657950562937,0.9187744895376287,-0.9186776598341638,-2.675563076849566,-4.207203158341009,-5.411368112681104,-6.246410842286783,-6.732686917559198,-6.936066073278655,-6.938427083545469,-6.807166839052985,-6.569398753158993,-6.202778568846319,-5.647086815854793,-4.827191329072668,-3.679860750401941,-2.1824513484032075,-0.3753676202558561,1.6281437783302242,3.650536202917362,5.480730649385493,6.92401781521095,7.861953765959855,8.297288935649444,8.34614603133978,8.16092030925332,7.8141252619719985,7.228134624803615,6.200708072375396,4.481146312195664,1.897449457489303,-1.417865593784661,-4.070816401861999,-2.562646859269098,4.850023955878838,16.62146326383446,33.53099883164234
-33.56516644229294,-16.635185330597686,-4.845286572110865,2.570694129266364,4.066419566129679,1.402716322674889,-1.9138473980359605,-4.496772757028559,-6.215883193010511,-7.2433978229702625,-7.829864277159401,-8.177423637215199,-8.363863715426104,-8.316983431793515,-7.884654397728199,-6.950784625202554,-5.512326076662916,-3.6871844410010346,-1.6694824973803406,0.3301759392278284,2.134502004627349,3.630285655041488,4.777011487413396,5.597092370603743,6.153457589115732,6.5210833640466985,6.760222125222139,6.893241640085652,6.893292629609609,6.693306790854437,6.211590852704967,5.38242218900259,4.185419307306002,2.662046247276089,0.9141526395046732,-0.9140548999922884,-2.661950484876487,-4.18532737541319,-5.382334859447119,-6.211504927470759,-6.693229245933832,-6.893229920797329,-6.893156235096176,-6.760137064467585,-6.521044052377147,-6.153402442110407,-5.597024445016644,-4.776960428722391,-3.630239587684501,-2.1344590180167,-0.330140275711727,1.6695089321694654,3.687199582513504,5.512329284404427,6.950776658894122,7.8846350918113215,8.316955604667324,8.363831437753605,8.177387381925229,7.829819220876278,7.243342006835822,6.215813380624822,4.496697470117038,1.9137535905507463,-1.4028259326302557,-4.066544451355004,-2.570838413095547,4.845145797129749,16.635088966970404,33.565093418874184
-33.59902702831958,-16.648666254339904,-4.840309321429834,2.5789403221870524,4.062099541084419,1.38763604246851,-1.9301728198560653,-4.512351717745073,-6.231023441211099,-7.258645812168678,-7.845602849480238,-8.19393765631446,-8.38159701552943,-8.336696166892713,-7.907377600552881,-6.9775778708674405,-5.543950035808746,-3.7238640139961823,-1.7108539970224912,0.2849544492720978,2.0865293840599266,3.5806996613529587,4.726830736326919,5.547091796423048,6.10415351876813,6.472807538381084,6.71327616043345,6.848060400574901,6.8505462174002485,6.653935534750111,6.176766626717195,5.353460583981292,4.163601758994766,2.648470220034653,0.9095446582258458,-0.9094460021227756,-2.648373560297673,-4.163508973697505,-5.353372416789929,-6.176679862262766,-6.653857557532122,-6.85048271169156,-6.847973370778127,-6.713191588660127,-6.472768001573908,-6.104096956727525,-5.547023615138638,-4.726779336988849,-3.580653113063423,-2.086486076077052,-0.2849185473416815,1.7108805657110886,3.7238791834014746,5.543953163743043,6.97756965020583,7.9073580876976255,8.336668130166128,8.381564003000113,8.193900693151912,7.845557148213256,7.258589474170735,6.230952771104289,4.512275244756164,1.9300780296919813,-1.387746699298937,-4.062225299080989,-2.579085292802421,4.840167879302908,16.648569570376786,33.59895383733116
-33.6326781894604,-16.662025338983682,-4.835248202879985,2.58723115034235,4.057727922633177,1.372513197564861,-1.9465228230342253,-4.527964438513447,-6.2462098844832,-7.273951396182112,-7.861408035353872,-8.210525727367784,-8.39941136505888,-8.356496793128764,-7.930194517327598,-7.004468631973206,-5.5756728790258325,-3.760640518304786,-1.7523177683059652,0.2396473798549825,2.0384797271526445,3.5310456460094075,4.676590142166723,5.497039129836655,6.054803498931415,6.424491295915391,6.666294056968606,6.802847806658609,6.807773131460529,6.614543119611275,6.141926264293573,5.324487931556585,4.141778043689774,2.634890804213799,0.9049353756875188,-0.9048358470230028,-2.634793266160303,-4.141684393547589,-5.3243989039773805,-6.14183868722619,-6.6144648085729285,-6.807708790609658,-6.802759307838651,-6.666210234457369,-6.424451373734754,-6.05474554793336,-5.496970700364264,-4.676538310281193,-3.5309985102452344,-2.038435994956568,-0.2396111422024487,1.752344580783634,3.760655860107879,5.575676100153282,7.004460354239357,7.930174958260057,8.356468562804267,8.399377676313721,8.210488013816505,7.861361622787586,7.2738944253711075,6.246138365454653,4.527886972266167,1.9464272430095224,-1.3726247230577786,-4.057854821669948,-2.5873773018089734,4.835105883670278,16.661928209322532,33.632604722143164
-33.666128497516986,-16.675269390880953,-4.8301067824052994,2.595565036641257,4.053303725015331,1.357346653594664,-1.9628990496458407,-4.543612960320667,-6.261445101969995,-7.289317847346651,-7.877283854431219,-8.227192674752185,-8.41731258318855,-8.376392515197995,-7.95311424151221,-7.031468296493568,-5.607508412139402,-3.797529764767543,-1.7938910504586918,0.1942364800045214,1.9903334833723645,3.4813025376629474,4.626267683272819,5.446911462029439,6.00538391194428,6.376111223902896,6.619252845892043,6.757580591632587,6.764951056615409,6.575108205508528,6.107050341926752,5.295487486383295,4.119934769848135,2.621299422257155,0.9003220091231836,-0.900221608575481,-2.6212010074431262,-4.119840245527575,-5.295397579451716,-6.106961967736616,-6.575029471385667,-6.764885797695883,-6.757491214897494,-6.619169348160557,-6.3760705360897365,-6.005325073680019,-5.446842668156065,-4.6262153137764646,-3.48125481074468,-1.9902892924397055,-0.1941998780681182,1.7939181335128562,3.797545313732106,5.607511760658083,7.0314600121704585,7.953094659989556,8.376364015967555,8.417278240502693,8.227154180998886,7.877236712943463,7.289260175125917,6.261372728178882,4.543534592206375,1.962802722648584,-1.3574589969680495,-4.0534318644850025,-2.595712533554766,4.829963532231677,16.675171794075432,33.666054730294555
-33.699387447514795,-16.688406681533223,-4.824889973233927,2.603939460853812,4.0488260947941095,1.3421354842776334,-1.97930310622197,-4.559299818061156,-6.276732731150497,-7.30475016337812,-7.893236679605737,-8.24394619267569,-8.435310029068415,-8.396394765603171,-7.9761511022915155,-7.058594606488784,-5.639477493450381,-3.8345551504757767,-1.835598919349956,0.1486952323362513,1.942062267815948,3.431439644618437,4.575830428192615,5.396674428213383,5.955859991258359,6.327630842784866,6.572116013255229,6.712222151502861,6.722044271394031,6.535596646823873,6.072107461146845,5.26643244620546,4.098050297785645,2.6076826720067445,0.8956996809186052,-0.8955983593862705,-2.607583338131988,-4.097954874230983,-5.266341653552741,-6.072018271965444,-6.53551739688589,-6.721978104006956,-6.712131931117471,-6.572032563506441,-6.327589551090711,-5.955800264302448,-5.396605187623101,-4.575777540240561,-3.4313913444085435,-1.9420176328269163,-0.1486582802601875,1.8356262493959523,3.834570870660526,5.6394809224017335,7.058586228306408,7.976131400932547,8.396366017300968,8.435274974448266,8.243906891490438,7.893188747201358,7.304691758229743,6.2766594931773,4.559220399552294,1.9792059967941456,-1.3422487157987857,-4.048955365367513,-2.6040881407864447,4.824745851540399,16.688308653758416,33.69931340421749
-33.732435874673506,-16.701422016449825,-4.8195901716585805,2.6123584973021408,4.044295488569732,1.326880678394629,-1.9957332691099208,-4.575021486111786,-6.292066817097957,-7.320239518959947,-7.909254899991605,-8.260771985216609,-8.453386093199539,-8.41648174154094,-7.999277591751282,-7.085813364184792,-5.671539831615188,-3.8716715177495193,-1.8773930605285647,0.1030746126448675,1.893720420760744,3.381515564351452,4.525340960282573,5.346393087702736,5.906298139192902,6.279118787065964,6.5249520090175,6.666841485349488,6.679119708478717,6.496071934531827,6.03715587588019,5.237372448400943,4.076164531663432,2.5940653301591494,0.8910774026414345,-0.8909752008892446,-2.593965117539132,-4.076068246506851,-5.23728080200107,-6.03706593957369,-6.495992189836847,-6.679052485044439,-6.666750584557673,-6.52486872925079,-6.279076471234381,-5.906237704755966,-5.346323474592913,-4.525287497846663,-3.3814667054107765,-1.8936753607392205,-0.1030373269730651,1.8774206320230915,3.871687399069928,5.671543321188445,7.085804942746791,7.999257815379247,8.416452651310852,8.453350417473073,8.260731905521617,7.9092062744608915,7.320180431586944,6.291992796381992,4.574941215249275,1.995635379177238,-1.3269947427949107,-4.044425928584704,-2.612508489353473,4.819445097951474,16.701323498875357,33.73236149653889
-33.7652880664016,-16.71432715721982,-4.814213981770225,2.620818976380716,4.039711186200249,1.3115816366121806,-2.012191063660719,-4.5907809544507785,-6.307452083748557,-7.335792571994602,-7.925347053965532,-8.277680454420231,-8.471553544310442,-8.436669154792465,-8.022513379572873,-7.113148817535763,-5.703723864397771,-3.908910783048956,-1.9193077474447064,0.0573383273998493,1.845269105558298,3.331488355771031,4.474754371537349,5.296020630483271,5.856650664125265,6.230525623639775,6.4777114234741004,6.621388920088874,6.636129065745038,6.456488090745331,6.00215331129535,5.20827135280893,4.054248436803013,2.580429286649312,0.8864486538447128,-0.8863455437309691,-2.580328173072326,-4.054151282307375,-5.208178841577617,-6.0020625962150325,-6.456407810822276,-6.636060754883161,-6.621297271096929,-6.477628338270009,-6.230482298777019,-5.856589395100597,-5.295950666959321,-4.47470034527759,-3.3314389574428973,-1.84522364778288,-0.0573007275302837,1.919335538488436,3.908926800248529,5.70372739322513,7.113140299654591,8.02249343972697,8.436639671906946,8.471517177997786,8.277639601566007,7.925297763842198,7.335732819645671,6.307377250223687,4.59069973780417,2.01209236617041,-1.3116965876663504,-4.039842800654758,-2.620970199305643,4.814068025291427,16.714228208659534,33.76521340359404
-33.79794661474105,-16.72712546566073,-4.808764418054906,2.629318526488452,4.035071579777748,1.296237180704441,-2.02867789801419,-4.606579967883188,-6.322890915056609,-7.351412507925215,-7.941517102461725,-8.294676256031433,-8.48981785278649,-8.456963601540018,-8.045866546714052,-7.14061077810547,-5.736040811403915,-3.9462851919621382,-1.9613559936745315,0.0114724157581733,1.79669350564828,3.281342468303433,4.424054131142476,5.245540087105814,5.80690014434997,6.181833582890268,6.430376313603681,6.575846696605402,6.593055251329954,6.4168295007934,5.967085903543619,5.179117586123144,4.03229329996911,2.5667692335945365,0.8818112944762453,-0.881707261924286,-2.566667210280575,-4.032195254552222,-5.179024169369218,-5.966994383336914,-6.416748690868254,-6.592985851447399,-6.5757542042735775,-6.430293466665075,-6.181789272556654,-5.806837908754483,-5.245469807637437,-4.423999562079266,-3.281292527497964,-1.796647648272761,-0.0114345002413767,1.9613840000501517,3.9463013380953584,5.736044360415506,7.1406021073075,8.045846381193995,8.456933750975661,8.48978078191056,8.294634632114352,7.941467086790456,7.3513520637897,6.322815275495423,4.606497758739214,2.028578391211304,-1.2963530518335786,-4.035204351714723,-2.629470933311361,4.80861759137394,16.72702609307324,33.79787166388835
-33.83041555713096,-16.73982079896955,-4.803244414851021,2.6378552245474527,4.030375566853485,1.2808468356586096,-2.0451945950556665,-4.622419828098156,-6.338385370210259,-7.367102224875452,-7.957768743282989,-8.311763962127586,-8.50818455821006,-8.477371914839129,-8.069345344209923,-7.168208993462598,-5.768501688582389,-3.9838066893361783,-2.003550467122587,-0.0345366636027053,1.7479793463543694,3.231063147979802,4.373224843971614,5.1949354916426485,5.7570299057061725,6.13302623837895,6.382929863915378,6.530198315699846,6.549882220330911,6.377081340847458,5.931940393308425,5.149899790515343,4.010290783195926,2.55307991183472,0.8771633559294955,-0.8770584219648029,-2.5529769987559456,-4.010191869411522,-5.149805493650458,-5.931848118415276,-6.377000006402718,-6.549811613475185,-6.530105100451739,-6.38284735785794,-6.132980679385978,-5.75696680757297,-5.194864940476792,-4.373169679762489,-3.2310126725815334,-1.7479331088745056,0.034574885714348,2.0035786902484376,3.983822966673595,5.768505273074326,7.168200211286865,8.069324992862763,8.477341680684214,8.508146806495414,8.311721573513429,7.9577180690850575,7.367041167347638,6.338309041922035,4.622336704739103,2.045094318508864,-1.2809635748311692,-4.030509585892355,-2.6380089787964107,4.8030966407483495,16.739720954343372,33.83034026860867
-33.86268596172189,-16.752405176018645,-4.797648765516059,2.6464331939679235,4.025624606430422,1.2654114947855286,-2.061740107663951,-4.638298383280356,-6.353931243644104,-7.382855102321956,-7.974093114250967,-8.328932428117767,-8.526639958884637,-8.497876888072298,-8.092928540936168,-7.1959178699749975,-5.801077126334746,-4.021443279950637,-2.04585722061894,-0.0806525120677886,1.6991652277271097,3.180690949891285,4.322309454930735,5.144251473529082,5.707086369673066,6.08414999599627,6.335419447235,6.484490776586402,6.506655767771865,6.3372859351834725,5.896754897852152,5.120650427823234,3.988265206834238,2.539376390230265,0.8725107324088942,-0.8724048557824594,-2.5392725469825623,-3.9881653995850552,-5.120555235842482,-5.896661821944901,-6.337204069943593,-6.5065839959573335,-6.484396525292054,-6.33533737278899,-6.084103489247081,-5.707022037339673,-5.144180675147752,-4.322253761784631,-3.1806399153791056,-1.6991186062073511,0.0806910360866486,2.045885645194815,4.021459666007762,5.801080710720626,7.195908912424516,8.092907935763758,8.497846335214204,8.526601363369696,8.328889232050434,7.974041727493355,7.382793458205593,6.353854167629582,4.638214227048368,2.0616390424028848,-1.265529169165374,-4.025759801457124,-2.646588171820919,4.797500089342797,16.7523048831458,33.86261035008663
-33.89471907539832,-16.76484650935181,-4.791959538845095,2.655062997922273,4.020821013987075,1.2499334634304404,-2.0783104179911582,-4.654207408256317,-6.369514247484376,-7.398649971719484,-7.990462341841803,-8.346147262233147,-8.54514187344105,-8.51842662209342,-8.116551448595043,-7.2236578743556175,-5.8336752858855405,-4.059092825207609,-2.0881674364122778,-0.1267599053215331,1.6503739353079123,3.130356866905038,4.271447627446959,5.093632826812745,5.6572174268553175,6.03535711328028,6.287997957117334,6.438876725632015,6.463523669730831,6.2975821422069,5.861655756483459,5.091476596350516,3.96630096094141,2.5257110338363296,0.8678729061774575,-0.8677660419767486,-2.525606222761388,-3.966200223292853,-5.09138046905164,-5.861561863625162,-6.297499681295679,-6.46345057987491,-6.43878169353977,-6.287916262418615,-6.0353092624216345,-5.657152079480415,-5.093561766196576,-4.271391346353052,-3.130305285911692,-1.6503269337457511,0.1267987224398988,2.088196046182649,4.059109293355702,5.833678816198882,7.223648710555794,8.116530543111175,8.518395448044107,8.545102595230148,8.346103269315552,7.990410221629215,7.398587523807474,6.3694362471479495,4.654122344555752,2.0782084370687923,-1.2500521134753275,-4.020957360834846,-2.6552190829685034,4.791810039739291,16.76474583302671,33.89464320182492
-33.92658957861388,-16.777207904387286,-4.786214270254741,2.6637220248124,4.01595773111734,1.2344069779169629,-2.094915181402465,-4.6701647993685045,-6.385164355538512,-7.414530488060127,-8.006933376457917,-8.363478455434372,-8.563775826516792,-8.53912640524544,-8.140344836551648,-7.251589247703569,-5.866480935026998,-4.096960593049409,-2.130699967763131,-0.1730911000624502,1.6013578866750562,3.0797971542057243,4.22035831919111,5.042788007011483,5.6071243638965695,5.986341289727424,6.240357154335206,6.393048755271048,6.42018776009685,6.257689939561615,5.826388259110474,5.062162071661796,3.944228364122788,2.511978490791133,0.8632104820137209,-0.8631026179196927,-2.51187270040518,-3.944126690286906,-5.062064994664408,-5.826293513604841,-6.257606933261955,-6.420113412521171,-6.392952525031821,-6.240276065113272,-5.986292433485119,-5.607057558852055,-5.042716756564912,-4.22030151162547,-3.0797449989828305,-1.6013105136699006,0.1731302025204285,2.1307287558183385,4.096977134817828,5.866484411814312,7.251579823541204,8.14032359360853,8.539094836451891,8.56373562743464,8.363433642083633,8.006880481965215,7.414467409750809,6.385085485100089,4.6700786848404725,2.0948123453271053,-1.234526624620055,-4.0160952660841165,-2.6638792300858123,4.786063937247988,16.77710683522552,33.92651342915016
-33.958241296424376,-16.789442360782463,-4.780385717712437,2.67242689876076,4.0110390528051685,1.218835672146207,-2.1115481386973998,-4.686157905265439,-6.400859488011967,-7.430463919090815,-8.02346312794035,-8.380872776328157,-8.582476518821968,-8.559895663111396,-8.164208530012463,-7.279589186729579,-5.899352820914701,-4.13488988448255,-2.173288158336068,-0.2194693391997919,1.5523054984050872,3.029212377508645,4.169255349216294,4.991938892798787,5.557034543244251,5.937335939922528,6.19273211607994,6.347241427994058,6.376875522409653,6.217822852669953,5.791146604764874,5.032871721225918,3.9221766909733344,2.4982588683908693,0.8585535975384656,-0.8584447536882737,-2.49815211864264,-3.9220740930796967,-5.032773712232221,-5.791051052237544,-6.217739303321033,-6.376799838976316,-6.347144178841519,-6.192651587064765,-5.937285893408018,-5.556966426373613,-4.991867439051879,-4.169197983937936,-3.0291596317667717,-1.552257734190694,0.2195087414338712,2.1733171424614044,4.134906513933118,5.899356237394145,7.279579538964833,8.16418700625094,8.559863581050148,8.582435567962658,8.38082717323916,8.023409459170182,7.43040010556048,6.400779706383297,4.686070935539093,2.1114444441718434,-1.2189562556677114,-4.011177717281433,-2.672585322404676,4.780234459823113,16.789340832694883,33.95816480114087
-33.989696266552265,-16.801569462331514,-4.774486465526336,2.6811696586362714,4.006062383027943,1.2032180429625328,-2.128212192045599,-4.702192573512723,-6.416609682704778,-7.446464978177624,-8.040070749466215,-8.398353782581232,-8.601272687591203,-8.58076981639815,-8.188186244329527,-7.307710857100298,-5.932351500329814,-4.172947539498813,-2.216003053478833,-0.2659701518420011,1.5031362040627942,2.9785169179299142,4.118047482635311,4.940990690937756,5.5068504584049975,5.888241337834242,6.14502224664259,6.301354278084824,6.333489453507578,6.177889643768871,5.755848138981445,5.003535375767912,3.9000913642320905,2.48451848656116,0.8538894597386296,-0.8537795838239526,-2.4844107241416054,-3.899987801804776,-5.0034364071560455,-5.755751768838115,-6.177805480725083,-6.3334123464786005,-6.301256184829849,-6.144942154650808,-5.888189921926073,-5.506781173743181,-4.940919015776824,-4.117989521187951,-2.9784635799718715,-1.5030880530190878,0.2660098389685308,2.21603221237085,4.172964224349776,5.932354811352691,7.307700954303027,8.188164412899376,8.580737114750033,8.601231002908058,8.398307327301502,8.040016255691208,7.446400342602725,6.416528961671215,4.702104729253548,2.1281075683130357,-1.203339606771821,-4.00620214357865,-2.681329202266923,4.774334332290708,16.801467506213815,33.989619455201336
-34.02096618115171,-16.813598661062226,-4.768521900771512,2.689947433040111,4.001026136553354,1.187552576234125,-2.1449095594385112,-4.718271998482639,-6.43241949914533,-7.462539667336274,-8.056763752616833,-8.415930441594329,-8.620175171384549,-8.601762023931434,-8.212294451002457,-7.33597492186532,-5.96550085385121,-4.211160736043618,-2.25887396671076,-0.3126244756789351,1.4538169460594488,2.9276752986357915,4.066696878961104,4.889904421730546,5.456532431670205,5.839016394963879,6.097186281448824,6.255346230075469,6.289989637392998,6.13785231089074,5.720458001960343,4.974123271209491,3.8779484653587306,2.470742306216808,0.8492126191942848,-0.8491016923816247,-2.470633515688001,-3.877843915041752,-4.974023299340622,-5.720360760514839,-6.137767543847008,-6.289911130209514,-6.255247098359001,-6.097106752902396,-5.83896373205307,-5.4564617238183954,-4.889832565834788,-4.066638368546191,-2.9276213583941955,-1.4537684084726716,0.3126644482543252,2.258903293832534,4.211177470289573,5.9655040528789645,7.335964722260368,8.212272236466283,8.601728740861548,8.620132638346195,8.415883165362775,8.056708428013092,7.462474238451491,6.4323377528061005,4.718183205474473,2.144803984653218,-1.1876751705705606,-4.00116701951704,-2.6901080341776864,4.768368936108892,16.813496312042247,34.02088908403884
-34.05203105969525,-16.825513511167475,-4.762483055733036,2.6987658245152883,3.9959317126908456,1.171841111704172,-2.161637654221266,-4.73439161988718,-6.448281229291711,-7.478676638770834,-8.073527098058435,-8.433584176474826,-8.639161112798508,-8.622844164477169,-8.236498072553047,-7.364338182040795,-5.99875078483409,-4.2494737160440055,-2.3018417540205265,-0.3593694860468373,1.4044148940599277,2.8767590012213624,4.015279823371258,4.83875920346471,5.406161577038631,5.789744635203413,6.049308507387824,6.209301375179799,6.24645777539076,6.097787914656655,5.6850466138492,4.944695225130016,3.8557951283608087,2.45695961395966,0.8445340566284315,-0.8444221052886683,-2.456849819637469,-3.8556896032035257,-4.944594256219442,-5.684948530878535,-6.097702529689516,-6.2463778501423874,-6.209201384134291,-6.049229423392773,-5.789690649566226,-5.406089572421188,-4.838687134375547,-4.015220750771184,-2.876704469639639,-1.4043659658183316,0.3594097613700164,2.301871271497634,4.249490525218218,5.998753899173991,7.364327752092584,8.236475518272714,8.622810199180101,8.63911788688205,8.433536137980694,8.07347103652463,7.478610380762202,6.44819848440343,4.734301996089495,2.161531129937263,-1.1719646874050171,-3.996073763855495,-2.69892764339814,4.762329164741102,16.825410706165826,34.05195361184783
-34.08286341606138,-16.837292538185782,-4.756358551181788,2.7076308916318563,3.990779646019748,1.1560846032527687,-2.178394234251635,-4.750546556484835,-6.464185958255503,-7.49486236269826,-8.09034277835408,-8.451292510492163,-8.65820278780127,-8.643982021312333,-8.260754879841203,-7.392749696565231,-6.032041710644503,-4.287820278012163,-2.344835635820188,-0.4061295621717229,1.3550110051813995,2.8258541918203117,3.9638876334853097,4.787650021707789,5.355835689064602,5.7405255494236815,6.00148901596015,6.163319009161365,6.202990697116437,6.057788224170264,5.649697761580605,4.915322433351045,3.8336869550314674,2.443205491943461,0.839866302566248,-0.8397532885518232,-2.443094658070215,-3.8335804088285066,-4.91522041898724,-5.649598821949486,-6.057702139017074,-6.202909298563983,-6.163218415891536,-6.00141011823912,-5.74047008621111,-5.355762603151702,-4.787577675893687,-3.963827965742281,-2.82579908125631,-1.3549616869149972,0.4061701337679347,2.3448653305229485,4.287837143007033,6.032044701847076,7.392739015710996,8.260731943316918,8.643947149473163,8.658159050267493,8.451243702073464,8.090285932686296,7.494795077004331,6.464102146162891,4.750456152236995,2.178286669491353,-1.1562092143738931,-3.990922863097936,-2.7077938291609174,4.756203798672332,16.83718932647337,34.082785656852906
-34.11353002028133,-16.848991858946004,-4.750182090241964,2.7165214618363085,3.985563314193788,1.14027781250057,-2.195188309368741,-4.766753387026878,-6.480161799687542,-7.51113803864116,-8.107264587444792,-8.469121600317392,-8.677380878268538,-8.66527467040467,-8.285186976200738,-7.421357859593753,-6.065544364930013,-4.326389918911461,-2.3880577166840187,-0.4531207363205393,1.3053736852567317,2.774714528994398,3.91225864558389,4.736304896408089,5.3052747030656695,5.6910731366548415,5.953439443976017,6.117111968311978,6.159308996425109,6.017589966681184,5.614172129643928,4.885800954285023,3.8114654205257534,2.429381133023093,0.8351726364516577,-0.8350585944582042,-2.4292692916428757,-3.8113578943644906,-4.885697944917888,-5.614072380059838,-6.017503172820322,-6.1592261586820864,-6.117010843409558,-5.953360685885184,-5.69101623189243,-5.305200600608734,-4.736232275393092,-3.9121983689140993,-2.774658827269508,-1.305323963363611,0.4531616233702214,2.388087619449064,4.326406874991563,6.065547275797042,7.421347013927371,8.285163738728809,8.665239049953392,8.677336654673816,8.469072069103795,8.107207010813537,7.511069850699028,6.4800770872350455,4.766662288043603,2.1950797992164985,-1.1404033731941912,-3.9857077695093537,-2.7166857881124478,4.750026285971761,16.848888094064534,34.11345180791049
-34.14399500940944,-16.86058090733896,-4.7439351934441945,2.7254503050195367,3.980286392807168,1.1244238288026844,-2.212015078475448,-4.78300302518089,-6.496192883757022,-7.527479801447218,-8.124260999906754,-8.487032434362094,-8.696647671632872,-8.686663347513601,-8.309721876348291,-7.450074811324224,-6.099157715537067,-4.365070920919695,-2.4313891998403863,-0.5002156568445522,1.2556396822281002,2.723485053854421,3.860547227903419,4.68488472483939,5.254644104546367,5.641556370836985,5.90533019992927,6.070850406184743,6.11557809916532,5.977348541910188,5.578610743328465,4.8562506711283095,3.789223263953194,2.415544001653265,0.8304747530194627,-0.8303596377897663,-2.415431109987776,-3.789114726045065,-4.856146640483422,-5.578510146418558,-5.977260985737294,-6.115493817617298,-6.070748705500379,-5.905251577295935,-5.6414980621237625,-5.254568905327378,-4.684811838517589,-3.860486347359143,-2.7234287574148266,-1.2555895649881714,0.500256846672357,2.4314192934082577,4.365087942748889,6.099160518654455,7.450063800716944,8.309698312791815,8.686626842884523,8.696602961759819,8.486982204722713,8.12420271808114,7.527410659143173,6.496107138249548,4.7829112294634974,2.2119055360315865,-1.124550402717168,-3.980432080818384,-2.725615927884415,4.74377838897437,16.86047662496592,34.14391637692989
-34.17424618955778,-16.87204963517147,-4.737612626918061,2.7344207362563817,3.974949141309371,1.1085233934759409,-2.228873322725528,-4.799292913298021,-6.512274648571549,-7.5438807277868545,-8.141322707334627,-8.505013333976057,-8.715988704261218,-8.708130329441019,-8.334337649342071,-7.4788738156363666,-6.132850894286221,-4.403828984240483,-2.474793801462739,-0.5473756752556668,1.2058505290694423,2.672210017359961,3.808800811733101,4.633438474061066,5.203994353197659,5.5920273089801125,5.85721392197397,6.024586532491834,6.071848766043792,5.937112127551582,5.54305760553763,4.826708588337337,3.766989766893885,2.401712281449377,0.8257793801490053,-0.8256631629149012,-2.4015983116631925,-3.7668801774114633,-4.826603502204788,-5.542956168159003,-5.93702370207814,-6.071763005949099,-6.024484608938914,-5.857135069162223,-5.591967434413616,-5.20391838155263,-4.633365237573166,-3.808739272059901,-2.672153131695554,-1.205800006635647,0.5474171730308626,2.474824089875375,4.403846070931965,6.132853569677397,7.478862657314984,8.334313748584908,8.708092701058533,8.715943756951786,8.504962457528585,8.141263654115468,7.543810407439712,6.512187736824146,4.799200588686033,2.2287626626346584,-1.108650994936961,-3.975095983084837,-2.73458763036389,4.737454799836443,16.87194481463566,34.17416711506589
-34.20431543382273,-16.883425536689327,-4.73123127769029,2.743420965031238,3.969547800619964,1.0925728955623168,-2.245768523430574,-4.815631817407912,-6.5284215020981495,-7.560361865390232,-8.158477409912933,-8.523098472072425,-8.735445734349023,-8.729726428786524,-8.359096452232013,-7.507829507039099,-6.166710993605528,-4.442760162242661,-2.518372881375321,-0.5947099834253428,1.1558887279197727,2.620765315595962,3.7568869748185176,4.581829265165268,5.1531839989251225,5.5423411865151895,5.8089442435314735,5.978175238094631,6.027979466002494,5.896748199896318,5.50739164648207,4.797072179005792,3.7446852049549504,2.38783649140436,0.821067808663898,-0.8209505061387978,-2.3877214495919907,-3.7445745583029386,-4.7969660279419895,-5.507289360840683,-5.8966589040939015,-6.027892274582034,-5.9780729960666905,-5.808865260861764,-5.542279836988053,-5.153107123062687,-4.581755732943812,-3.7568247995291184,-2.620707825185001,-1.155837782551136,0.594751814725149,2.518403395826706,4.44277734787183,6.166713567790767,7.507818277957938,8.359072311386921,8.729687659227586,8.735400594800137,8.52304709033086,8.158417682799822,7.560290465107944,6.528333272034709,4.815539132264921,2.2456567006044503,-1.0927015094601769,-3.969695920290161,-2.74358930793188,4.731072313835216,16.88332009195105,34.20423583122781
-34.234156802886005,-16.8946720395964,-4.7247710486083125,2.752462597466407,3.964085024362208,1.0765755175469045,-2.2626952614217237,-4.832009753646909,-6.544616729279054,-7.576897953487738,-8.175692073834895,-8.541246943609274,-8.754968934288307,-8.75138990828765,-8.383922115831636,-7.536849407313274,-6.200630683721928,-4.481745009713128,-2.5619989484280623,-0.642082443029248,1.1059001008886784,2.5693062010117447,3.704970832078224,4.530227769314676,5.102389476359496,5.492677932091492,5.760702716185214,5.9317965795294585,5.984145804058949,5.856423183817216,5.471764806078469,4.767470602381355,3.7224106459889583,2.3739800463593306,0.8163631629615581,-0.8162447492101718,-2.3738638997659094,-3.7222989082416102,-4.767363363870564,-5.471661675336817,-5.856332927692711,-5.984057165050603,-5.931694306077348,-5.760623353001984,-5.492615017740263,-5.102311967860383,-4.530153892074643,-3.7049079786377126,-2.5692481033100134,-1.1058487242999764,0.6421246134584182,2.562029694662322,4.481762300900757,6.200633153687362,7.536838139027737,8.38389785414708,8.751349999991932,8.754923315037502,8.541195295481876,8.175631756604805,7.576825776987581,6.544526510662087,4.83191699775974,2.262582172445026,-1.0767051787150352,-3.9642343728131104,-2.752632379176838,4.724610900883024,16.894565919134234,34.234076620507665
-34.26383733451265,-16.90584302837425,-4.718262941419741,2.761527345827865,3.958556112041621,1.060525854888558,-2.2796630023882,-4.848442817826372,-6.560886624571476,-7.593528055161462,-8.193017454583643,-8.559521419822108,-8.77463445607394,-8.77321492300126,-8.408929968290963,-7.566072121508461,-6.234771801380877,-4.520963286952534,-2.605863644476402,-0.6896985201902753,1.055663881616805,2.517598341950882,3.65280320325267,4.478374706419345,5.051343578170202,5.442765322173667,5.712214846190359,5.8851775006985,5.940080609861936,5.815884336820563,5.43594546214743,4.737707094342236,3.700011863417116,2.360046096899584,0.811630368680786,-0.811510772230956,-2.3599287994239204,-3.6998990262555074,-4.73759877367537,-5.435841463915672,-5.815793014350448,-5.939990459630207,-5.885075080583862,-5.712134893846248,-5.442700710132812,-5.051265327750076,-4.478300411363166,-3.6527396635224543,-2.5175396796905503,-1.0556121456303234,0.6897409404465131,2.6058945352034986,4.520980570861317,6.234773979748792,7.566060633072879,8.408905330111484,8.773173165927448,8.77458838326786,8.559469389004688,8.192956483513315,7.5934548244855105,6.560794215566553,4.848350318267851,2.2795486145881765,-1.0606565556782317,-3.958706673087141,-2.76169830754182,4.718101918769305,16.905736511405955,34.26375681920233
-34.29329316036997,-16.916887277837,-4.711678021232116,2.7706326923152536,3.9529643896000617,1.0444282570434298,-2.29666388962402,-4.86491627379982,-6.5772058443648405,-7.610214464498015,-8.21040357211791,-8.577859971762255,-8.794366265989506,-8.795108238443074,-8.43400531308137,-7.595359658632583,-6.268973870747944,-4.560237073858717,-2.649777721457064,-0.7373549740750518,1.0053987134985616,2.465873723337993,3.600631305449119,4.42652672170576,5.000311815445373,5.3928736753238375,5.663753779092533,5.838589713097504,5.896050104230504,5.775382873984729,5.400163866799423,4.707977457006101,3.677641864223828,2.346130307911026,0.8069045473715497,-0.8067837811162335,-2.346011863046344,-3.677527918047845,-4.707868037187574,-5.400059003466411,-5.7752904522889965,-5.89595847483904,-5.838487240496555,-5.663673179037353,-5.392807399305039,-5.000232930677889,-4.426452002385225,-3.600567074187649,-2.4658144986987387,-1.0053466064269403,0.7373976572537269,2.6498087802539327,4.560254369158575,6.268975740883063,7.595348175784093,8.433980425860131,8.795063994583668,8.794320515229513,8.577807762373938,8.210342134273425,7.610139735529872,6.57711108299205,4.864824521947045,2.2965479815041827,-1.04456000352743,-3.953116163609189,-2.7708049516173223,4.711516005122168,16.916780261300183,34.29321222036706
-34.32254993259911,-16.927826047112916,-4.705029198078887,2.779770427804131,3.9473074550228415,1.0282803109959262,-2.3137021649379426,-4.881436995422906,-6.593585967237099,-7.626973389180282,-8.227871804310896,-8.596288763115476,-8.814196558478056,-8.817108830321114,-8.45919586219402,-7.624769214194738,-6.3033035159845445,-4.599640389719449,-2.6938201144682266,-0.7851368308601167,0.9550128395023312,2.414034858350662,3.548351071184953,4.374575474635855,4.949182500556778,5.342888879841217,5.615204367337263,5.7919182817025225,5.851942144884038,5.734812375836027,5.364322475426581,4.678198935788848,3.6552357390131833,2.332192058343701,0.8021708360863986,-0.8020489154820054,-2.33207247743564,-3.655120672156015,-4.678088407471366,-5.364216733564235,-5.734718829889252,-5.851849085171925,-5.7918157670762165,-5.615123095410964,-5.342820956079716,-4.949102995741063,-4.374500337912049,-3.54828616111974,-2.413975069444845,-0.9549603464187322,0.7851797942363727,2.693851370323226,4.599657728782205,6.303305072863728,7.624757904360221,8.459170864434357,8.817061673669757,8.814151378611848,8.596236763868617,8.227810088932817,7.626897181619924,6.593488224444328,4.881346709703244,2.3135845364222694,-1.02841307933821,-3.9474606007362736,-2.779944203341328,4.704866069768463,16.927718441611514,34.32246847603936
-34.351624643724286,-16.938672240718798,-4.698324078213358,2.788936629647373,3.941583822725693,1.0120803133983924,-2.3307807619732084,-4.898009408284053,-6.610033987669975,-7.643814430051388,-8.245434333208996,-8.61482262687885,-8.834143328079703,-8.83923888463009,-8.484528793191092,-7.654333544227913,-6.337798853231196,-4.639215817023524,-2.7380365722171427,-0.8330928215168364,0.9044541990693412,2.3620265823299635,3.495904061405301,4.322460275765007,4.897893475918153,5.292747694114356,5.566503108642798,5.745100296073068,5.807695506868515,5.6941145150648245,5.32836792500032,4.64832624331804,3.6327577932205166,2.3182087738192245,0.7974212982347901,-0.7972981485662552,-2.318087979336488,-3.632641537205716,-4.648214569322625,-5.328261268011649,-5.694019821672544,-5.807601017530464,-5.744997518552765,-5.566421303577703,-5.292678207515696,-4.897813198934099,-4.322384749045316,-3.495838476003206,-2.361966217934074,-0.9044013232365128,0.833136047640423,2.7380680047007417,4.63923315541655,6.337799964472724,7.654322470269356,8.484503721695528,8.839188162629886,8.834098891448223,8.614771164122791,8.245372435278506,7.643736548630849,6.609932246665003,4.897921351735524,2.3306610669931893,-1.012214157123537,-3.941738113442368,-2.789111699560699,4.698159902036661,16.938564082261472,34.351542700799115
-34.38047303956562,-16.949391303933037,-4.691543720595976,2.798142192100195,3.935795280192487,0.9958316268865662,-2.347893842575908,-4.914623348813006,-6.626532689562005,-7.660712156231725,-8.263057737842367,-8.633420246324773,-8.85415602605069,-8.861436105697093,-8.509927605697944,-7.683960544232109,-6.372352469203386,-4.678843923321045,-2.7823000883428826,-0.8810866770663458,0.8538694506821222,2.3100042914221555,3.443455999773704,4.2703527157585,4.846622567203072,5.242630581840662,5.517832363655132,5.698316506426231,5.76348792548752,5.653456631763867,5.292453957742167,4.618489738314586,3.610310389825852,2.304244573879964,0.7926792092918815,-0.7925548848235507,-2.304122624152259,-3.6101930041438126,-4.618376956674371,-5.292346407863947,-5.6533608572192815,-5.763392125572243,-5.698213452482392,-5.517750095557435,-5.24255961628314,-4.846541491696224,-4.270276831257313,-3.443389784987594,-2.3099433719514515,-0.8538161993922446,0.881130164499327,2.782331710328593,4.678861274730162,6.3723531064770205,7.683949876439124,8.509902550066396,8.8613813589988,8.854112592650374,8.633369780252824,8.26299597990159,7.660632691021379,6.62642626390785,4.914538347355194,2.347771899104344,-0.9959664800520784,-3.935950709795765,-2.7983187222504844,4.691378422224772,16.949282551686494,34.38039056932068
-34.40917349567806,-16.96004571834895,-4.6847240207243175,2.8073656316079214,3.929936710476597,0.979527903017072,-2.365052888740105,-4.931298435428958,-6.643114190736735,-7.67771365067631,-8.28080337412291,-8.652157142024564,-8.874326651701702,-8.883813526431235,-8.535530801246411,-7.7138163602911005,-6.407157304891226,-4.718739150526225,-2.8268391935000707,-0.929363708543306,0.8029944421338736,2.257687864698737,3.390708526964324,4.217943141494933,4.795049755850241,5.192212193674258,5.468863571416833,5.65124084546028,5.718999319400767,5.612536278771336,5.256303217736081,4.58845431582999,3.5877089643582365,2.290183820316192,0.7879026865828908,-0.7877771721168265,-2.290060709106052,-3.5875904656474797,-4.588340461197875,-5.256194783218736,-5.612439555179424,-5.718902307708387,-5.651137096428397,-5.468781283069827,-5.192140001090427,-4.794967488732808,-4.21786702611972,-3.3906417399581814,-2.257626371795867,-0.8029408391335758,0.9294074304606368,2.8268709803282754,4.718756476779424,6.407157381070892,7.713806205757445,8.535505749425864,8.88375432143706,8.874284574038075,8.652108021690399,8.280741907591928,7.677632431925861,6.643002585310031,4.931217244181271,2.3649284618054134,-0.9796637565259482,-3.930093284295568,-2.807543579368619,4.684557651346549,16.959936406223054,34.409090515143234
-34.43767753600824,-16.97059741835313,-4.677843773527604,2.8166191983462485,3.924010022306117,0.9631725021173292,-2.3822515774479074,-4.948023677443647,-6.659759247366243,-7.694790637209697,-8.298634031717834,-8.670987296793884,-8.894598831532294,-8.906301418105992,-8.561252974715723,-7.743798196986671,-6.442093591046453,-4.758768250137374,-2.871511934378646,-0.9777713863505708,0.7519936888660166,2.205251979223126,3.337848151626095,4.165425345529681,4.743375551303247,5.141696530450897,5.4198029091374,5.604078384688762,5.674431208588714,5.5715440390723385,5.2200909622302,4.558368770407434,3.5650705014188158,2.2760998369541605,0.783118355442426,-0.7829916650623925,-2.275975586543073,-3.5649509156257064,-4.5582538805830985,-5.219981678312228,-5.571446511756943,-5.674333094220967,-5.603973668641566,-5.419720933241193,-5.141623354054747,-4.743291786052232,-4.165349086016021,-3.3377808710327925,-2.205189911340665,-0.7519397526682164,0.9778153205377136,2.8715438594713847,4.758785508898508,6.442093051757699,7.743788637359669,8.561227823119447,8.906237655232054,8.894558297641685,8.670939732951753,8.298573014829817,7.69470755303099,6.659642362087324,4.947946566105569,2.3821246088075654,-0.9633093388370944,-3.924167692230508,-2.816798534318049,4.677676397903809,16.970487615992976,34.43759409622252
-34.465945579373674,-16.98101556986268,-4.67088685798373,2.825911999260826,3.918015733879337,0.9467676089169028,-2.399485261078609,-4.96479152220518,-6.676453385291581,-7.711921957731818,-8.316521998303495,-8.689876265316155,-8.914930329516181,-8.928846746010771,-8.587029921277285,-7.773828725511778,-6.477071241334258,-4.79883117990677,-2.9162127500219843,-1.0261968125057044,0.7009886490742565,2.1528244244462487,3.285011189088761,4.112940441159053,4.691745359018978,5.091231876977492,5.370800261349403,5.556977331611759,5.629929413992601,5.530617044795152,5.183943210648153,4.528339459279565,3.542479023298166,2.2620452680572245,0.7783453651237089,-0.7782174723595842,-2.261919857701701,-3.542358328270308,-4.528223528151687,-5.183833078978964,-5.530518643149636,-5.629830213348892,-5.556871960788005,-5.37071812200493,-5.09115768701088,-4.691660470298766,-4.112863848165952,-3.284943380528149,-2.1527617974637785,-0.7009343636058718,1.026240961404058,2.9162447980349278,4.798848349873296,6.477070120635492,7.77381968282404,8.587004437379628,8.92877924338288,8.914890841127587,8.68982999730756,8.316461275834385,7.711837168771697,6.676331972090698,4.964717587146248,2.3993561193603856,-0.9469055368689774,-3.918174541089108,-2.826092703405826,4.67071847971568,16.980905272410915,34.46586166914568
-34.4940090397162,-16.9913246593048,-4.663867311868952,2.835236097427674,3.911952237476882,0.9303100232133764,-2.416759189109022,-4.981609866488262,-6.693208724028292,-7.729124997103441,-8.334489912303114,-8.70885205888882,-8.935355209350247,-8.951491450614473,-8.612911752748234,-7.803969441238172,-6.51216215088287,-4.839008249649639,-2.961026965975627,-1.0747313552221187,0.6498815827256148,2.100302069161988,3.232085574082626,4.060374987632243,4.640040957864094,5.040698495759671,5.321733507554093,5.509817161101804,5.585374519207335,5.489645037527837,5.147756427471574,4.498279197873732,3.519865315854497,2.2479764305517382,0.7735678384877821,-0.7734386923088419,-2.247849807757079,-3.5197434672355365,-4.4981621897818025,-5.147645386052619,-5.489545683654079,-5.585274207188627,-5.509711175802368,-5.321651028616226,-5.040623283757911,-4.63995501851712,-4.060297951808809,-3.2320172366828013,-2.100238887664533,-0.6498269417168288,1.0747757114823056,2.96105912184774,4.839025309877689,6.512160478505141,7.803960831405875,8.612885701529803,8.951420728183098,8.935316349904395,8.708806879423628,8.334429362934614,7.729038521309249,6.69308327735191,4.981538287646899,2.41662811458908,-0.9304491559644736,-3.912112159004442,-2.8354180649277527,4.663697966739195,16.991213886621154,34.49392468260789
-34.52194431371622,-17.00158540749616,-4.656819976741225,2.844570089377163,3.90581524968872,0.913795063612718,-2.434084055644762,-4.998497076738157,-6.710058158149336,-7.746447287647824,-8.352599483158667,-8.72799059293722,-8.9559660521827,-8.97435046784659,-8.63903887827601,-7.834387264645472,-6.547558969210101,-4.8795131390393145,-3.006181563291445,-1.1236187351566376,0.5984082645945709,2.0474050166358477,3.1787769154294687,4.007418699876553,4.587942679724993,4.989771252543716,5.272275748196336,5.462273616191238,5.540447500871684,5.448323050058723,5.111254184202651,4.467953221110698,3.497044725383774,2.2337782600243004,0.768744070412132,-0.7686136724890523,-2.233650445865344,-3.496921764590054,-4.467835204316303,-5.111142296650975,-5.448222970289632,-5.540346271253336,-5.462166543729109,-5.272193469080412,-4.989695420332723,-4.587855194077473,-4.007341395332824,-3.178708145219441,-2.047341261491725,-0.598353297944452,1.1236632578849048,3.006213777983462,4.879530006848828,6.5475566426251,7.834379142107352,8.639012291488019,8.974276029694595,8.955928368728342,8.727946789050316,8.352539294591418,7.746358921126313,6.709928362924543,4.998428616013379,2.4339508131640604,-0.9139353569863844,-3.905976219164107,-2.8447532068609536,4.656649792285329,17.001474261989475,34.52185958111147
-34.54963451789882,-17.011705929426416,-4.649693097418428,2.8539450056239843,3.899609277954113,0.8972299141308883,-2.451444385128052,-5.015425439577155,-6.726953086805784,-7.763817385839848,-8.370757178340925,-8.747176102533771,-8.976621300490555,-8.997248330249121,-8.665197228353266,-7.864825861192362,-6.582965763237596,-4.920017557323489,-3.0513276189520484,-1.1724839521347632,0.5469743109719688,1.994563036512916,3.125541359853676,3.954548327806884,4.53594212620773,4.938950331630238,5.222931472820417,5.414847747298555,5.495641486674596,5.407118824924714,5.074864148605519,4.437724242295504,3.4743022650912394,2.219628587092737,0.7639385085718774,-0.7638068346373501,-2.219499548452263,-3.4741781629027164,-4.437605188059731,-5.074751376674012,-5.407017934592674,-5.495539272719749,-5.41473979363407,-5.222849068005079,-4.938873789093107,-4.535853340076924,-3.954470610034716,-3.125472123967738,-1.9944987123959577,-0.5469190034439377,1.1725286538514612,3.051359903408504,4.92003424273647,6.582962828447037,7.864818172146711,8.665169997526611,8.997170618562995,8.976584434383403,8.747133554780568,8.370697239751216,7.763727249036543,6.7268192594869,5.015359532615704,2.451309205041573,-0.8973714513094032,-3.8997713601001376,-2.8541293240090715,4.649522025571423,17.011594372123113,34.54954936547335
-34.57717533731809,-17.02176100712559,-4.642529304738416,2.863335962687594,3.8933290347638,0.880607271077117,-2.4688544269026886,-5.032418733271146,-6.743933520188374,-7.781292932047775,-8.389037724476788,-8.766500536581665,-8.99743293773401,-9.020323420741502,-8.69155553751637,-7.89548755827323,-6.618616538494832,-4.960781920723037,-3.096743120164965,-1.221625710967112,0.4952573236214586,1.941434214476347,3.072014873912782,3.901385052265496,4.483648923113889,4.88783889550117,5.173300070244341,5.367141724743979,5.450564418505599,5.365661883553201,5.038245770585059,4.407303405889596,3.4514108723857504,2.2053849520207884,0.7590999408752357,-0.7589669964135742,-2.2052547047879085,-3.451285665640062,-4.40718336985753,-5.038132160349212,-5.365560343608074,-5.450461320566703,-5.367032565329263,-5.173217903472176,-4.887761949425536,-4.483558505459232,-3.9013069956241178,-3.0719452448944806,-1.9413693073226908,-0.4952016958114938,1.2216705613516603,3.0967754451680354,4.960798375269146,6.61861293547793,7.89548037037299,8.691527688051604,9.020242153883268,8.997397181103064,8.766459477847773,8.388978215569738,7.7812009434011875,6.743795429394921,5.032355838399217,2.468717231852544,-0.8807500246685753,-3.8934921888018303,-2.8635214780271894,4.6423573832954,17.021649076939894,34.577089789723736
-34.60443905392134,-17.03165260769121,-4.635275257541362,2.872771268468408,3.886979134616895,0.8639358256936717,-2.4862968372471426,-5.049448046165674,-6.760949157760821,-7.798801633659197,-8.407347362559667,-8.785848464039097,-9.01826019751087,-9.04340093447602,-8.717900554717838,-7.926116178790779,-6.654214460890377,-5.00147536132902,-3.14207433866044,-1.2706648102569864,0.443666105442186,1.8884523009872256,3.0186586623816707,3.848409913442856,4.431557714854673,4.83693985944824,5.123888955496192,5.319659277226201,5.40571355216233,5.3244221943564085,5.001831570402835,4.377057917320245,3.4286595937765094,2.191229511709284,0.7542932380189197,-0.7541590302101902,-2.1910980407777503,-3.4285332217472724,-4.376936807776064,-5.001717044742817,-5.324319755032839,-5.405609398385683,-5.319549480461782,-5.123806247202592,-4.836862105169642,-4.431466342947485,-3.848331240970971,-3.018588530061252,-1.8883868337159275,-0.4436101018506457,1.2707098802195251,3.142106778686097,5.001491676703617,6.654210376982405,7.926109360428272,8.717871912325721,9.043317314477047,9.01822467097077,8.785808401918123,8.407287983677518,7.798708085669153,6.760807890144102,5.049386586785884,2.4861582109746547,-0.8640798867691503,-3.8871434325978673,-2.87295820970436,4.635102230236584,17.03154008781035,34.60435292352764
-34.63155090173073,-17.041477494282585,-4.627985434395004,2.882220235291948,3.880553591385874,0.8472067708050051,-2.503789560958742,-5.066544127169582,-6.778051754481874,-7.816418210274808,-8.425783060113071,-8.805339201101464,-9.039248419426004,-9.066660389116722,-8.7444513503445,-7.9569740807362574,-6.690062314384863,-5.042434671811608,-3.1876808243752355,-1.3199872611627896,0.3917841765453246,1.835175657821413,2.9650030728898478,3.795133284187778,4.379164615791883,4.785740994201715,5.074181255724673,5.271886934720468,5.360582588746584,5.282921246448323,4.965181550377962,4.346614285709706,3.405754875714423,2.176977908574308,0.749452488913691,-0.7493169503882724,-2.1768451532813624,-3.4056272922339037,-4.346492060495394,-4.965066055042244,-5.282817877439858,-5.360477392183396,-5.271776378430152,-5.074098019988288,-4.785662490217722,-4.379072203138763,-3.7950539583588,-2.964932440337026,-1.835109640837832,-0.3917278111788052,1.3200325230751455,3.1877133362546823,5.042450791098772,6.690057757401765,7.9569675069391455,8.744421754177854,9.066574716358463,9.039212908450455,8.805299894863174,8.425723694192888,7.816323087436952,6.77790773714016,5.066483487737246,2.5036495830908314,-0.8473522486753032,-3.880719031098327,-2.882408415903858,4.627811418230392,17.041364471280172,34.631464273516166
-34.658384721453615,-17.051139177774736,-4.62060694579572,2.891710666313826,3.874055599622004,0.8304268701898887,-2.521317007130866,-5.0836778055322,-6.795191284603026,-7.834069528928731,-8.444249400268749,-8.824854934519205,-9.060253608766685,-9.089923901412112,-8.770990332705159,-7.987800735986447,-6.725860058291047,-5.083326518974205,-3.233206475153288,-1.3692111790127948,0.3400233903019372,1.7820413579775831,2.9115123185465888,3.7420404312719033,4.326968210494043,4.734749207420896,5.024688168736704,5.224332981234751,5.315672997079369,5.241633217786177,4.928731756954377,4.316342885326502,3.38298757840404,2.16281303185286,0.7446427961226364,-0.7445059508042194,-2.162678993221106,-3.382858743327975,-4.316219481954051,-4.928615245869637,-5.241528685881201,-5.315566601449331,-5.224222176356119,-5.024603769036002,-4.7346695346191074,-4.326875355967467,-3.741960251595849,-2.9114410662575194,-1.7819748129072208,-0.3399666093203314,1.3692567038983834,3.233239141861982,5.083342544360104,6.7258552131330775,7.987794315403113,8.770959751578182,9.089837006091551,9.060217587873256,8.824816015965906,8.444189799996376,7.833973056073286,6.795045336886309,5.083616949577846,2.521176072571143,-0.8305737853993072,-3.874222312534646,-2.891900405965027,4.620431645872236,17.051025408386298,34.658297383609586
-34.68505639275633,-17.060726717962428,-4.613190242524566,2.901215063901703,3.867481024806886,0.8135890995942852,-2.538895204028638,-5.100877485093629,-6.812416065624383,-7.851825431949769,-8.462837054726897,-8.844507374660825,-9.081412031409757,-9.113360003273971,-8.797723050411944,-8.018842171528906,-6.761890644062564,-5.124465243018868,-3.2789867517917783,-1.418696215173036,0.2879954605530623,1.7286374292783782,2.8577485331890893,3.688672998953675,4.274497800948038,4.683485662966951,4.974926535010359,5.176517319625856,5.270509948705263,5.200109932414692,4.892069307827718,4.285893598391975,3.360082067139433,2.148561634257449,0.7398023901360833,-0.7396641867564053,-2.1484262730097257,-3.359951966439367,-4.285769005903994,-4.891951747911739,-5.200004302831151,-5.270402456212796,-5.1764058742774814,-4.974841246823463,-4.683405053114534,-4.274404166570753,-3.688592038983522,-2.857676681772001,-1.7285703327232045,-0.2879382720237747,1.418741980194716,3.2790195359603374,5.124481118610755,6.761885491810903,8.018835826924093,8.797691438958374,9.113271876248277,9.081375559389864,8.844468739810909,8.462777175637369,7.851727512982163,6.812268316748371,5.100816275399235,2.538753282354844,-0.8137374978818671,-3.867649000516644,-2.901406209952703,4.613013766226065,17.060612282590853,34.68496840615546
-34.71149492477736,-17.07018488364353,-4.6057047427047735,2.9107511783864006,3.8608315094741874,0.7966971217042011,-2.5565152761679224,-5.11812563361995,-6.82969626364186,-7.8696414546707745,-8.481487550358862,-8.864224061533507,-9.10263493572902,-9.136859246428658,-8.824515386598721,-8.049938415885292,-6.79797121509746,-5.165648780317917,-3.324807214043847,-1.468211944073912,0.2359497087029731,1.6752279543171016,2.8039924323244043,3.635324775870672,4.222055158980345,4.632257372234803,4.925206198452372,5.128748055764324,5.225397839872852,5.158638518057788,4.855458184348114,4.255489920254523,3.3372136681166946,2.1343329630431347,0.7349704675237652,-0.7348309226676986,-2.134196285442942,-3.3370822800310216,-4.255364101029425,-4.855339551259424,-5.158531734358999,-5.225289217352637,-5.128636069883705,-4.9251198709623685,-4.6321757139228925,-4.221960872397437,-3.635242986924629,-2.8039199502729906,-1.6751603212970745,-0.2358921019246742,1.4682579730058891,3.3248401468584823,5.1656645430792825,6.797965795329853,8.049932162623636,8.824482838781108,9.13676974600964,9.102598040011245,8.864185745461961,8.481427472314568,7.86954212027872,6.829546572439677,5.11806410758873,2.5563723464758743,-0.7968469996107306,-3.861000794813426,-2.910943853099502,4.6055269918323125,17.07006970430438,34.711406222721
-34.73775321514493,-17.07955570036333,-4.598174956118927,2.9203028695641398,3.854103458740452,0.7797469357202043,-2.574185442180692,-5.135437376416985,-6.847056005122414,-7.887553110464795,-8.500247243032263,-8.884062087440658,-9.123991888428638,-9.160506680454336,-8.85147153044095,-8.081213312075139,-6.834243022956627,-5.207033075384442,-3.3708335795736777,-1.517937215584894,0.1836923193118897,1.621607434816695,2.7500256607313767,3.581767953722243,4.169406096828499,4.5808261965139065,4.875287034929697,5.080785997389767,5.18010141910443,5.116996305599861,4.818694301093882,4.224958772757048,3.3142472626263078,2.1200430871012044,0.730116928700279,-0.7299760163673991,-2.119905067341969,-3.314114568822632,-4.2248317119052565,-4.818574565190628,-5.116888323636794,-5.179991660446778,-5.080673478477576,-4.875199598055447,-4.580743445102868,-4.169311195313057,-3.581685305757934,-2.749952518575777,-1.6215392628467258,-0.1836342787440067,1.5179835214847954,3.370866667607698,5.2070487311364095,6.834237375817292,8.081207080115213,8.851438004925134,9.160416165034404,9.123954444132652,8.884023866129779,8.500186856832164,7.887452396967333,6.846904837663583,5.135375098006183,2.5740416157253856,-0.7798983082613794,-3.854274156781086,-2.920497159475944,4.5979958791836895,17.079439734477976,34.73766375179545
-34.76379027176736,-17.088807903668805,-4.590584156705272,2.929878957337151,3.84729831922572,0.7627415738709652,-2.591900122706788,-5.152802544751332,-6.864478922868284,-7.905536401908586,-8.519084834919509,-8.903982889442744,-9.145435931664624,-9.184244810611066,-8.878520847089758,-8.11258214570547,-6.870608401583355,-5.248509381919754,-3.4169491743953526,-1.567746499611182,0.1313589102829034,1.5679201182399316,2.696001297116449,3.528162353031741,4.11671475780098,4.529358754772746,4.825336868305304,5.032798270657301,5.134785055044442,5.075339165794386,4.781920809820969,4.194421865733983,3.291278192851584,2.1057519680333483,0.7252630247327717,-0.7251207348110534,-2.105612590005204,-3.291144163751053,-4.194293533525755,-4.781799958491424,-5.0752299405661,-5.13467413948999,-5.03268521597568,-4.825248232885288,-4.529274856648363,-4.116619294348885,-3.5280788322343946,-2.695927460938572,-1.5678513885443848,-0.1313004067663629,1.5677931024158671,3.416982431598434,5.248524936147813,6.870602547801196,8.112575891242368,8.878486367662816,9.184153388141604,9.14539789190105,8.903944647638662,8.519024034848899,7.905434275976761,6.864326441238745,5.15273931707491,2.591755436266641,-0.7628944570165045,-3.847470427914932,-2.930074871413235,4.59040369252347,17.088691092342668,34.763699989171926
-34.789646676579274,-17.09797312024363,-4.582950450226932,2.9394688093155024,3.840413158235641,0.7456769791688004,-2.609666573418972,-5.1702328885850015,-6.8819831307672485,-7.9236170714600815,-8.538033526935095,-8.924027103151277,-9.167016335912326,-9.208133868115162,-8.905736881982437,-8.144132957461169,-6.907168274716646,-5.290189846625634,-3.4632739861679216,-1.6177686867917604,0.0788100098230926,1.514017892293569,2.641762290240138,3.474343417668167,4.063812833932914,4.477684017467372,4.775183480608362,4.984613698128968,5.089279621869875,5.0335075457569705,4.744990828783074,4.163754893771593,3.2682087764364853,2.091398191016587,0.7203870196486882,-0.7202433471070009,-2.091257455606108,-3.268073425372445,-4.1636253146191295,-4.744868851003465,-5.033397126088036,-5.089167611563831,-4.9844998256962105,-4.775093868590938,-4.477599163596602,-4.0637165436954525,-3.4742590672864244,-2.6416877895788886,-1.5139485922614255,-0.0787510521097917,1.6178155807133652,3.46330740184505,5.290205292963546,6.907162250822609,8.144126612673158,8.905701418427629,9.208041779533769,9.166977640486282,8.923988703476018,8.537972249726955,7.9235136205191585,6.881829658854951,5.17016843527217,2.6095210959405004,-0.7458313709058304,-3.840586671737436,-2.939666349700664,4.582768586299863,17.097855451535903,34.789555562403635
-34.815281082288585,-17.10701904435728,-4.575256312978107,2.9490823211914408,3.833448757118669,0.7285559417524498,-2.627478965588152,-5.187717534141515,-6.899550769608416,-7.941768644837111,-8.557058422626817,-8.94415148611032,-9.188680153187786,-9.232108768197422,-8.933039864983922,-8.175770358880357,-6.943813997683627,-5.331954422182354,-3.509680664653159,-1.6678670254778714,0.0261940068265926,1.4600580830359622,2.58747582458794,3.420486823017053,4.010880068999615,4.425984938896408,4.725011383482504,4.936415628328499,5.043766878493829,4.991672471945556,4.708062067202197,4.133090738776578,3.245143646621893,2.0770470036476363,0.7155122852494522,-0.7153671632120384,-2.076904837327974,-3.245006907040484,-4.132959841713437,-4.707938893371203,-4.991560738464512,-5.043653691388695,-4.936301114886194,-4.724920534769735,-4.4258989199385885,-4.010783164663947,-3.4204015731413557,-2.5874005804648124,-1.4599882104885178,-0.0261345916747624,1.667914213672412,3.509714237777053,5.331969760197828,6.9438078146624855,8.17576386736264,8.933003400836101,9.232015917658115,9.188640766087328,8.944112815902717,8.556996584637925,7.941663767510917,6.899396282487686,5.187651697600044,2.627332599853028,-0.7287119062663289,-3.8336237337609615,-2.949281420360077,4.5750730743421135,17.106900526148817,34.81518914480501
-34.840762791104574,-17.11599819014535,-4.5675319154057545,2.9587037794599,3.826401750473254,0.7113726460711238,-2.645348685469835,-5.205275686469185,-6.917212272449122,-7.960034425994946,-8.576215440558935,-8.96442449567194,-9.210510513508533,-9.256271328507475,-8.960553988883266,-8.20764328502516,-6.980716298016271,-5.373992952762389,-3.5563731899993503,-1.7182602331695986,-0.0267255007958617,1.4057888676105057,2.532874809440674,3.3663120492908227,3.957629405115316,4.373969583051643,4.674526453407868,4.887911540988481,4.997957252527207,4.949560102466117,4.670881516419283,4.102215066227767,3.221913919095197,2.062591614587838,0.7106011343778842,-0.7104545923092016,-2.0624480575071287,-3.2217758377890244,-4.10208289932464,-4.670757159160273,-4.949447147572565,-4.997842994089019,-4.887796051769595,-4.674434664145179,-4.373882659617007,-3.957531555239561,-3.366225965178613,-2.532798868168946,-1.4057184045082316,0.0267853778275038,1.7183077274368257,3.5564069331415777,5.37400820541208,6.98070999786644,8.207636647383222,8.960516576260336,9.25617783584175,9.210470473474125,8.96438556413236,8.576153083009087,7.959928255363772,6.917056882176292,5.205208490617243,2.6452014986806933,-0.7115301211123416,-3.826578170720613,-2.9589045702333827,4.567347192972323,17.115878736438074,34.840669943738334
-34.86601462171971,-17.124853693705155,-4.559745624592424,2.9683470712848115,3.81927369929558,0.6941323371757243,-2.663264861273678,-5.222887920531567,-6.93493591428815,-7.978368865913287,-8.595445560449944,-8.984773744983999,-9.232419384150983,-9.28051347261552,-8.988147149969347,-8.239592732080357,-7.017691991026911,-5.416100973689864,-3.603130758884074,-1.7687117510961798,-0.0796932190673872,1.3514828616283514,2.478248465908555,3.312123017607291,3.9043722368919873,4.321954648481438,4.624047838676927,4.839419041085251,4.952165111800642,4.90746846808656,4.633724958324079,4.071362160648427,3.198704441632561,2.0481495635500284,0.7056948663780397,-0.7055468572570867,-2.0480045638383606,-3.1985649473590105,-4.071228650573814,-4.633599360761036,-4.907354213194825,-4.952049708548642,-4.839302693007261,-4.623954924052933,-4.321866659720818,-3.904273571593032,-3.31203604744157,-2.478171794279045,-1.3514118068391725,0.0797535727952886,1.768759559050439,3.6031646680972105,5.416116134170204,7.017685563193681,8.239585877983197,8.988108758753746,9.280419316408816,9.232378629810146,8.984734418499851,8.595382602362195,7.978261322956267,6.934779665031557,5.222819141556558,2.663116772505625,-0.6942913869904013,-3.8194516346213656,-2.9685494703233464,4.559559481095189,17.12473335193064,34.86592090578345
-34.89101460877018,-17.133569513549194,-4.551889789563942,2.978014154796196,3.8120637530070023,0.6768357241825657,-2.681225513469888,-5.240550038811588,-6.952714330208122,-7.99676124277005,-8.614734739764883,-9.005181862686324,-9.254385495533008,-9.304808908610026,-9.015787240125738,-8.271579871068944,-7.054696426773471,-5.458228787993507,-3.649899696513603,-1.8191646270911603,-0.1326481511293486,1.2972048649748893,2.4236652035939645,3.257991728230345,3.851181966020447,4.270014666239229,4.573650478055019,4.791012528625527,4.906464218592462,4.86546716040493,4.596656771989276,4.040586485881206,3.175558182568243,2.0337484672984383,0.7008030392616595,-0.7006536184325328,-2.033602067156357,-3.175417289359068,-4.040451628025339,-4.596529967341976,-4.865351531606363,-4.906347615664481,-4.790895702846906,-4.573556130302906,-4.26992533554335,-3.8510828493686446,-3.2579038006761536,-2.42358773948856,-1.2971332340076611,0.1327090141664599,1.819212797389796,3.649933826840536,5.458243923177863,7.054689942855171,8.27157284710964,9.01574794223106,9.304714269313395,9.254344103438816,9.005142080672274,8.614671162600091,7.996652313810558,6.952557549882555,5.240479581050143,2.681076587009902,-0.6769962479353909,-3.8122433154708055,-2.9782184658805395,4.551702024876634,17.13344813626239,34.89091988713135
-34.91587876560772,-17.14223221093743,-4.544013391757078,2.987681279669685,3.8047676257957854,0.659474221065959,-2.699248463469131,-5.258293333438882,-6.970597567971124,-8.015282639767197,-8.634174749893958,-9.025761155549702,-9.276545347287042,-9.329324887269893,-9.043678328637183,-8.303849348128965,-7.092009837585864,-5.50068770682591,-3.697015045806028,-1.869978248387265,-0.1859783768937839,1.2425412127843365,2.3686866369458954,3.203458254564679,3.7975878405618135,4.217671154245504,4.522852543163325,4.742212625141828,4.860380571878109,4.823106968989668,4.559262130743559,4.009535832870842,3.1521983470792896,2.01921311582068,0.6958642872508681,-0.6957133804396507,-2.019065252575424,-3.1520560254556416,-4.009399616824117,-4.559134054048714,-4.822990009609517,-4.8602628351461865,-4.742094873173284,-4.522757045228308,-4.217580755542377,-3.7974878709252073,-3.203369430066186,-2.368608407095305,-1.242468970775378,0.1860397409988604,1.8700267639821075,3.6970493612613233,5.50070277884097,7.0920032885160085,8.303842017871206,9.043638035397768,9.329229976650751,9.27650307623946,9.025720784820752,8.634110398594588,8.015172445941234,6.970440301688086,5.258220923594248,2.699098707397136,-0.6596362982481463,-3.804948715119732,-2.9878872935661445,4.543824081483629,17.14210983576125,34.91578307144238
-34.94051726659802,-17.15077453291677,-4.536079142160532,2.99736683879453,3.7973875684131855,0.6420539184011209,-2.717320727687788,-5.276093676189141,-6.988546638294715,-8.033876630284748,-8.653692131524107,-9.0464213150106,-9.298788808680897,-9.353926427631698,-9.071655164777018,-8.336203446384665,-7.129406323994422,-5.543227449019491,-3.7442084519094334,-1.9208641178046644,-0.2393718686419538,1.1878244369046138,2.3136654972785435,3.14889217869378,3.7439686938612016,4.16530921695731,4.472041977955943,4.6934056303161045,4.814295535690444,4.780749749142315,4.5218746795431946,3.978493542111806,3.1288470945195628,2.0046832792615383,0.6909277793297133,-0.690775377640036,-2.004533938425044,-3.128703330674443,-3.978355959720048,-4.521745320740725,-4.780631440185607,-4.814176647275732,-4.69328695140168,-4.471945298812359,-4.165217724934083,-3.743867874175501,-3.148802443026385,-2.3135864841815,-1.1877515694322418,0.2394337518091606,1.920912995867753,3.744242968731637,5.5432424712240165,7.129399699828121,8.33619582754496,9.07161397630932,9.35383106093967,9.29874577800556,9.046380391053315,8.6536270319128,8.03376513625685,6.9883887294287765,5.276019523983504,2.717170044215408,-0.642217527760959,-3.79757028797577,-2.9975746450220626,4.535888248085807,17.150651130701423,34.94042055782197
-34.96495107540453,-17.15921253583027,-4.528096906330297,3.007064726637603,3.789921540798985,0.6245721184703238,-2.7354471593224328,-5.293958116178749,-7.006572863300868,-8.052558547290365,-8.673306404655028,-9.06718610469406,-9.321144765680163,-9.37864937115044,-9.099761083822049,-8.368693824997168,-7.166944713965468,-5.58591298999279,-3.791549030620777,-1.9718966797765185,-0.2929093891395891,1.1329687656506864,2.258510462991834,3.0941981921824864,3.6902265167910127,4.11282923516323,4.421118286023698,4.64449161026253,4.768110154987101,4.738301542980981,4.484407751789126,3.9473861978530698,3.105446711133049,1.9901229087802497,0.6859807815281123,-0.6858268292180681,-1.9899720469479876,-3.105301474234001,-3.947247222388273,-4.4842770859419865,-4.738181932076746,-4.7679901753332725,-4.64437181291868,-4.421020533554088,-4.11273677654132,-3.690124680187332,-3.0941075842710584,-2.258430682560691,-1.1328952471694302,0.2929717938385409,1.9719459057423985,3.791583725223,5.585927923667997,7.16693789324065,8.36868590798219,9.09971911745492,9.378552863696392,9.321101272286,9.067144862518786,8.673240621899518,8.052445579754222,7.006413484831168,5.293882872416086,2.735295247915119,-0.6247372921449174,-3.790105719153741,-3.0072740703082075,4.527904545285416,17.159088189226733,34.96485341609831
-34.98913139146728,-17.167510442463616,-4.520047439735487,3.016782778207383,3.7823696260127,0.6070319998822299,-2.7536204935688797,-5.311874613990275,-7.024654557934819,-8.07129830370452,-8.692978849610466,-9.08800801416801,-9.343555264295198,-9.403421062702035,-9.127908590795789,-8.401215591665142,-7.204505006633576,-5.628611216436855,-3.8388944231800983,-2.022923082009976,-0.3464254023263056,1.0781499564763657,2.203408598038912,3.0395723825343617,3.6365625275290094,4.060435383986153,4.37028738854501,4.595675082877456,4.722027856143746,4.695954541686503,4.447039229890782,3.9163644912590847,3.08211609874967,1.9756070606106475,0.6810496648924382,-0.6808942598833332,-1.9754547576084152,-3.0819694330859275,-3.9162241435671934,-4.446907279602241,-4.695833577817077,-4.721906714341297,-4.595554450661158,-4.370188361585017,-4.060341751187657,-3.636459929129182,-3.039480840572145,-2.2033280173472813,-1.0780758017349386,0.346488357490121,2.0229727109293907,3.838929361909436,5.628626160479549,7.204498166493219,8.401207441410211,9.127865820580627,9.403324215318424,9.343511004589647,9.087966234872829,8.69291236421134,8.071184127645127,7.024494630035825,5.311797646565398,2.7534676389592816,-0.6071986072579411,-3.782555506038845,-3.016994181541947,4.519853304309897,17.167384925172502,34.98903258135485
-35.013144988363734,-17.175732588765403,-4.511968043486837,3.0265021758634245,3.77472829844959,0.5894266237707647,-2.771855485793361,-5.329868301224344,-7.042832659388153,-8.090153377305304,-8.712783407999977,-9.108977383663294,-9.366130011755896,-9.428376472087326,-9.156261667073055,-8.43396465070369,-7.242310573510054,-5.67156945639972,-3.88650977113547,-2.074228920932627,-0.4002295141694455,1.0230379411991284,2.148009141313986,2.984647938581434,3.5826001925478304,4.007745292260785,4.319164111687612,4.546572971666213,4.6756702829809855,4.653349410656187,4.409437518117118,3.885147142638024,3.058634466445638,1.9609969101465872,0.6760857458796443,-0.675928831247644,-1.9608431130549084,-3.058486338453551,-3.8850054140065127,-4.409304259558676,-4.653227091155843,-4.675547979150543,-4.546451289212486,-4.319063906615055,-4.007650612839545,-3.582496664556972,-2.9845554692680865,-2.1479277518042306,-1.022963117121252,0.4002930229989641,2.0742789467170284,3.8865449404545966,5.671584393098327,7.242303696946651,8.43395618416171,9.1562181165025,9.428279460045534,9.366084777884511,9.1089349661788,8.712716100429581,8.090038161172055,7.042672148905463,5.32978952460932,2.771701683043628,-0.5895947125064592,-3.774915930897604,-3.0267155984819545,4.51177214783656,17.1756059005216,35.013045017977475
-35.0369593665726,-17.183854472134172,-4.50384528314023,3.036230432606442,3.766998071793186,0.5717578075466598,-2.7901474116577143,-5.347929956693081,-7.061091466039401,-8.109100907950179,-8.73269013924712,-9.13005730652445,-9.38882379823355,-9.453459845127508,-9.184751895863023,-8.466860023857256,-7.280269549136242,-5.714686571724193,-3.9342881100317983,-2.1256978895426637,-0.4541948879941482,0.96776780291445,2.0924562820927863,2.929574186586932,3.528493844044421,3.954915723518477,4.267906448887732,4.497342586835995,4.629191485426761,4.6106337247443,4.371737802760279,3.853849010190721,3.0350913820085026,1.946347573726373,0.6711085404554572,-0.670950059454081,-1.9461922321535368,-3.034941741494788,-3.853705847507938,-4.371603145249056,-4.610510020998623,-4.6290680131809925,-4.497219631659118,-4.267805146537936,-3.9548200948953705,-3.528389173469165,-2.929480782029967,-2.0923740957246397,-0.967692299118842,0.4542589389389779,2.1257483039963545,3.934323491743178,5.714701493623808,7.280262661821295,8.46685116687227,9.18470749821382,9.453362762534406,9.388777330825866,9.130014131758015,8.732621974695167,8.108984772721447,7.060930350533451,5.347849080391104,2.7899926053380835,-0.5719274612306547,-3.767187491265127,-3.036445765488207,4.503647687709042,17.183726651872377,35.03685827319956
-35.060572883792084,-17.191875619762154,-4.495679420067556,3.0459654098832374,3.759177800483596,0.554025424894122,-2.808496697944486,-5.366060306279408,-7.079431641705427,-8.128141800428194,-8.752700133546258,-9.15124903414397,-9.41163813047416,-9.478672968946109,-9.213381616591912,-8.49990378633733,-7.318383743665688,-5.757963938413727,-3.982229664880562,-2.177331048579711,-0.5083232096781369,0.9123382194134046,2.0367484995808067,2.874350314132253,3.474242438222497,3.901945985901672,4.216513781307731,4.4479831540548656,4.582591265057799,4.567807057761026,4.333940474157102,3.822470065959951,3.011487489742572,1.9316604350385624,0.6661184359165704,-0.6659583816107105,-1.931503535994388,-3.01133632432364,-3.822325443756045,-4.333804401034219,-4.567681954770676,-4.582466587817223,-4.447858948584775,-4.216411313206395,-3.901849363913053,-3.4741366667154265,-2.8742559437516326,-2.03666549575449,-0.9122620185721612,0.5083878256842272,2.177381876570721,3.9822652791100577,5.757978870106869,7.318376885642125,8.49989445871946,9.213336346080006,9.47857617494082,9.411590232789523,9.15120492706197,8.75263096583071,8.128024839487077,7.079270186765954,5.365977024504521,2.8083409641692847,-0.5541966376079396,-3.759368998655393,-3.04618270140221,4.495480048924236,17.19174660093066,35.06047060388159
-35.08396634030617,-17.199782451565135,-4.487463791932653,3.055708305840306,3.751266087081514,0.5362293908871322,-2.8269022629527245,-5.384256060500914,-7.097847032068422,-8.14726668019178,-8.7728010644805,-9.172537362466093,-9.43455445722992,-9.50399300033303,-9.242122838226395,-8.533062122425319,-7.356614267232621,-5.801358220327345,-4.030287255835107,-2.229078240182274,-0.5625608270125909,0.8568063659861235,1.9809461887366693,2.8190397144685853,3.419910868625625,3.848901977216184,4.165052369192483,4.398560613480143,4.535934614410929,4.524931043659623,4.296102608486762,3.791058745171719,2.987861043126101,1.9169602559463892,0.6611240665970816,-0.6609624010756072,-1.916801756492897,-2.987708305770353,-3.790912622335452,-4.2959650819613655,-4.5248044790170034,-4.535808664115244,-4.39843519468631,-4.164948648831516,-3.848804278807349,-3.4198040445620594,-2.818944337636505,-1.9808623344622969,-0.8567294523044918,0.5626260203265084,2.2291294866939677,4.03032309837551,5.801373158511751,7.356607463252529,8.533052251708163,9.242076691360218,9.503896745320878,9.43450486258844,9.172492129118815,8.772730792400264,8.14714902198882,7.097685420316852,5.384170079854534,2.826745600465686,-0.536402201758379,-3.751459176153161,-3.055927554078239,4.487262646156155,17.199652223168822,35.0838628587963
-35.10719480874567,-17.20761527807146,-4.479221682636759,3.065448516241968,3.743260967046659,0.5183653940951773,-2.845373176435216,-5.402532558685141,-7.11636222584911,-8.166510062895082,-8.793037000870124,-9.19397588781464,-9.457637524539438,-9.5294992686406,-9.271071885013288,-8.566450617482754,-7.395093049998182,-5.845015621687851,-4.078618897405509,-2.281109063013269,-0.6170909257242954,0.8009765925900577,1.9248418673033567,2.7634255820184923,3.3652768238223763,3.795558025928404,4.1132951905350135,4.348849181802043,4.488999034099583,4.481793815122647,4.258028435507402,3.759449061950181,2.964081649355474,1.902164092059328,0.6560965856213812,-0.6559333145782259,-1.9020040042215125,-2.963927350448974,-3.759301449061753,-4.257889450750935,-4.481665838517908,-4.488871851991368,-4.348722396145777,-4.113190321609713,-3.795459372777479,-3.3651687967146047,-2.763329209138951,-1.92475719110362,-0.8008989460853323,0.6171567212501753,2.281160754815643,4.078654993480994,5.845030592783213,7.3950863191497,8.566440170149745,9.27102495856106,9.529403636565863,9.457586203007011,9.19392951976791,8.792965633797854,8.16639184382236,7.116200425194656,5.402443924858445,2.8452156333150294,-0.5185397594759985,-3.7434559107932026,-3.0656698566774407,4.479018637220545,17.207483742007177,35.10709003075458
-35.130184431595914,-17.21532000051098,-4.470923145629934,3.0751994170924832,3.7351641627677297,0.5004391211127948,-2.863897696451353,-5.42086891286851,-7.134943746043386,-8.185824048086308,-8.8133461939414,-9.21548902526704,-9.48079559571664,-9.555079220526554,-9.300091373926657,-8.599904924580477,-7.433632786811808,-5.888728985090315,-4.127001943311406,-2.3331836347474857,-0.6716536790118665,0.745126404100224,1.8687299508253552,2.7078154960300496,3.310655826849672,3.742234284853433,4.061564432387457,4.299169686426441,4.442100400397131,4.438696185989979,4.219995379424048,3.727876626830932,2.940333751383303,1.8873881819375504,0.6510765820047306,-0.6509116316219498,-1.887226425926996,-2.9401778189220686,-3.727727462470026,-4.219854878272572,-4.438566759897676,-4.441971947379513,-4.299041371407704,-4.061458399181937,-3.742134731708659,-3.310546492690228,-2.7077181094053,-1.8686444264483255,-0.7450479809083382,0.6717200964528267,2.333235775161464,4.127038283114205,5.888743963429193,7.433626071381163,8.599893805762992,9.300043701236955,9.554984201019224,9.48074235059603,9.215441399980104,8.813273598161537,8.185705268872775,7.134781511207604,5.420777587483732,2.8637391433758017,-0.5006151090282825,-3.735360915959922,-3.0754226577025228,4.4707182618728245,17.215187182654976,35.13007837087356
-35.15291571893639,-17.22288313287005,-4.462561349828586,3.084961937935604,3.726974267568003,0.4824509365045216,-2.882474114153493,-5.4392611749075295,-7.15358425753485,-8.205197740267101,-8.833714455912343,-9.237059358059296,-9.504007622026569,-9.580706967621191,-9.329150139207842,-8.633387389619608,-7.472190510467567,-5.932450664315154,-4.17538422388496,-2.3852461576124795,-0.7261889753153383,0.6893202172975558,1.8126787327126035,2.652281360819519,3.2561215209220897,3.689005600229546,4.009935482180565,4.249597237005875,4.39531319253558,4.395709010290205,4.182069407666257,3.696397578583212,2.916661548484829,1.8726611246715696,0.6460739231632497,-0.6459072333822885,-1.872497647085497,-2.9165039197413454,-3.696246780025051,-4.181927290186365,-4.395578077147262,-4.395183446103055,-4.249467347848935,-4.009828216197724,-3.688905097417048,-3.256010824155927,-2.6521829340256176,-1.812592369085956,-0.6892410143205147,0.7262560266462358,2.385298757820714,4.175420804714916,5.9324656492543815,7.472183783042747,8.633375469996919,9.329101680455,9.580612651956704,9.503952139590677,9.237010355857189,8.833640557802859,8.205078490119307,7.153421422587557,5.439166955224437,2.8823144346847998,-0.4826286380525932,-3.727172938946876,-3.085186909472454,4.462354767756326,17.222749141167533,35.15280846848599
-35.17547022643064,-17.230363654990065,-4.454171594850981,3.094718922097933,3.718687877252706,0.464393701090574,-2.901117349788408,-5.457735103335353,-7.172324158119441,-8.224688296649719,-8.85421492349605,-9.258776075801936,-9.52738139486532,-9.60651439426562,-9.35840852196895,-8.667089494724816,-7.51098390781274,-5.97642117900817,-4.224024550532011,-2.4375761738014274,-0.7810003845982545,0.6332330984178377,1.756342840668787,2.596462018463691,3.2013030475709465,3.635495564731329,3.958029336856306,4.199754076037802,4.348265166260488,4.352477151674547,4.143922479552333,3.6647329129913335,2.892846636279433,1.8578453843572376,0.6410406790745052,-0.6408723071586055,-1.85768024105184,-2.892687373966526,-3.6645805302627856,-4.143778779071216,-4.352344734333111,-4.34813414658232,-4.199622682230853,-3.957920839576479,-3.6353941113604735,-3.201191038168594,-2.5963625320815407,-1.7562556281166692,-0.6331531268419472,0.7810680602433369,2.4376292448478147,4.224061392298516,5.976436224173922,7.510977293643807,8.667076824135512,9.35835935183974,9.606421000426822,9.527323581979134,9.2587256762112,8.854139869782639,8.22456886696028,7.17216096523534,5.457637890376339,2.900956673340134,-0.4645730146935865,-3.718888514104224,-3.0949459472040166,4.453963117906959,17.23022834559505,35.175361659470624
-35.19782415674769,-17.2377443772719,-4.445744097059509,3.1044750446172555,3.710304667004699,0.4462681178551607,-2.919824260476612,-5.4762834247245085,-7.191151352400618,-8.244277827510096,-8.87482425080722,-9.280610217162517,-9.55088144713563,-9.63245779152058,-9.387812914462604,-8.700948015266604,-7.549941522810031,-6.02056202005082,-4.272839534745042,-2.490082720025498,-0.8359883031584968,0.5769720256810963,1.6998361972904026,2.5404766367282763,3.1463230471906822,3.581828666358142,3.905971520083613,4.149765628929026,4.301079712062988,4.309118475520958,4.105662997111058,3.6329752600270617,2.8689609771960414,1.842985272370644,0.6359924279645067,-0.6358223098317561,-1.8428184012465487,-2.86880002266959,-3.632821261116294,-4.105517673054562,-4.3089845741885,-4.30094740654338,-4.149632522004989,-3.9058618303154256,-3.5817263839460285,-3.1462095869258264,-2.5403760757043075,-1.699748127269557,-0.5768912391936003,0.8360566202185165,2.490136265191889,4.272876630148584,6.020577103371175,7.549934971314464,8.700934504256045,9.387763077159455,9.632365299168027,9.550821151438594,9.28055833014971,8.874747922787904,8.244158251819908,7.1909875563259815,5.476183225342342,2.919662502096485,-0.4464490981920548,-3.710507145176333,-3.104703944073346,4.445533745823764,17.237607741298365,35.19771426288548
-35.21994963415295,-17.24500523426194,-4.437268689325275,3.114233020546182,3.7018246431348407,0.4280769079838282,-2.938590453807291,-5.494899174819215,-7.210054366428167,-8.263950076550032,-8.895521514495067,-9.302536368224878,-9.574477166230436,-9.658499716328912,-9.417318080058926,-8.734907794351226,-7.589000203945946,-6.064803046851456,-4.321752641935808,-2.542684206143579,-0.8910651253555836,0.5206303517411771,1.6432572569758368,2.484428579970915,3.091286885776669,3.528111773019245,3.853869387950096,4.099738538834204,4.253862375023428,4.265732827960109,4.067383528928978,3.601203065606306,2.8450662807171074,1.828120596502334,0.6309429490799127,-0.630771139340663,-1.82795204863318,-2.8449036721904872,-3.601047475352578,-4.067236609740043,-4.265597456782087,-4.253728803059404,-4.099603795870685,-3.853758461562637,-3.528008627463844,-3.09117204392787,-2.4843269360965587,-1.643168322346574,-0.520548747267921,0.891134107868612,2.542738264201573,4.321790036213595,6.064818227692915,7.588993773286175,8.734893433613788,9.417267684770048,9.658408420665742,9.57441426081216,9.302482933238794,8.895443962968004,8.263830583659198,7.209890171958436,5.494795917633069,2.938427735565325,-0.4282594540760171,-3.70202904955033,-3.114464089578327,4.437056293510689,17.244867153277234,35.21983829541956
-35.24188206270998,-17.25217203514715,-4.428760623292122,3.123985440601857,3.693245661869653,0.4098165589861913,-2.957422880728624,-5.51359385065663,-7.229050775902031,-8.283729483579132,-8.916337674699486,-9.324592053837875,-9.598213719941254,-9.68469536378558,-9.44699105190472,-8.769048709895568,-7.628250827769922,-6.109244579705881,-4.370871817430039,-2.595496928240423,-0.9463567501694032,0.4640738331823876,1.586463400971152,2.428169259183543,3.036042207967682,3.4741905610416577,3.8015678580112455,4.049518582626104,4.206461545938714,4.2221756952201215,4.028950730841927,3.5693033649703367,2.8210741460578426,1.813195495767637,0.6258729559678874,-0.6256993776086534,-1.8130251917868403,-2.820909815411916,-3.56914613320015,-4.028802156141965,-4.222038773396378,-4.20632665243709,-4.049382213722837,-3.80145562322579,-3.47408647350242,-3.0359260014004907,-2.4280664997277426,-1.586373568140894,-0.463991401306225,0.946426387780622,2.595551479205505,4.3709094751230655,6.109259816419694,7.628244498214944,8.769033421066878,9.446940037811832,9.684605307714651,9.59814804281283,9.324536860879146,8.916258827869651,8.283610095967944,7.228886267186636,5.513487271393816,2.9572591301722158,-0.4100007710419734,-3.6934521350372354,-3.124218532753179,4.428546319737241,17.252032608562743,35.24176936211247
-35.26360032266674,-17.25923020561749,-4.42021216537816,3.1337341086269683,3.6845666921952094,0.3914882444995316,-2.9763189374745123,-5.532362509239095,-7.248131474262318,-8.30360293132045,-8.93725555344116,-9.346756222197836,-9.62206557492694,-9.711013713630148,-9.476794625315744,-8.8033251484985,-7.667641626261157,-6.153829217802223,-4.420134464312,-2.648453540285277,-1.0017902245317618,0.4073807009860735,1.5295373362127798,2.371785928523648,2.980678024448117,3.4201555740691054,3.7491579644307897,3.9991962824429543,4.158966921220236,4.178532012224098,3.990442961862252,3.537343116399341,2.797036955093763,1.7982433032018454,0.6207940557031197,-0.6206187275424838,-1.798071266277357,-2.796870913681341,-3.537184250818286,-3.990292774357981,-4.178393524292299,-4.1588306844062455,-3.99905859946129,-3.749044258104556,-3.420050278306637,-2.980560755580604,-2.371682046188333,-1.5294465428485473,-0.4072974440012619,1.0018605314509443,2.6485086090977483,4.420172408184834,6.153844537486833,7.667635431639704,8.803308889565702,9.476742968600613,9.710925188130451,9.621997238997018,9.346699059472083,8.937175327150133,8.303483563789824,7.247967235791806,5.532252330599395,2.976154326203809,-0.3916740608972474,-3.6847751853632,-3.133969372205312,4.419995820256056,17.259089328836286,35.26348616410168
-35.28512917364775,-17.266196345683273,-4.411634235013065,3.1434758465122803,3.675786505506507,0.3730902656877732,-2.9952831041337373,-5.551213025363329,-7.267307616680622,-8.323585383561966,-8.958293686073539,-9.369051131965389,-9.646059379028117,-9.73748708445631,-9.506768392301089,-8.837783523405264,-7.707226966853615,-6.198618539311405,-4.469609105544848,-2.7016274804283484,-1.0574447721714473,0.3504671658762965,1.4723878400874475,2.3151842157634093,2.9250966566065806,3.365907718511292,3.6965396978663176,3.948672185710999,4.111280237883638,4.134707751160784,3.9517716555655777,3.505248814986648,2.772895468311267,1.783224540170895,0.6156926928113104,-0.6155156073040019,-1.783050763633129,-2.772727723429928,-3.505088335980622,-3.951619903163236,-4.134567672681768,-4.1111426487474825,-3.948533469947879,-3.6964244080014392,-3.365800999319037,-2.924978547603684,-2.3150792149079265,-1.4722960382400463,-0.3503830866807331,1.0575157395200367,2.7016830586699867,4.469647319201914,6.19863391896128,7.70722093853143,8.837766241494931,9.506715957434547,9.737400426381118,9.645988435543352,9.368991674315856,8.958212015270057,8.323465956001746,7.267144456128589,5.551098669078934,2.995117796695294,-0.3732776749955562,-3.6759970766633865,-3.143713288997534,4.41141589330953,17.266054063442073,35.28501358692114
-35.30652673098724,-17.273111688353936,-4.403050581534752,3.153201563757757,3.666901116461074,0.3546195517808252,-3.0143253851638487,-5.570164533614847,-7.286607048216083,-8.343714232648072,-8.97949878202475,-9.391533356473987,-9.670264097825752,-9.76420078340887,-9.537018533180971,-8.87254463061769,-7.747147169287661,-6.243768098294361,-4.519462696745103,-2.7551981378838324,-1.1135138837489855,0.2931285531305013,1.4147974581438625,2.2581358591458747,2.8690658233710225,3.311212522969545,3.643477217579614,3.8977115164038887,4.063168251361835,4.090483622444209,3.9127329450588393,3.4728474988349327,2.7485142880421845,1.7680524174634948,0.610538927750644,-0.6103600879137792,-1.7678769255423954,-2.7483448838808573,-3.472685475988769,-3.912579740533778,-4.090341972317511,-4.063029263968264,-3.897572244467808,-3.643360244636792,-3.311104063190656,-2.8689472377711835,-2.2580297133434515,-1.414704605661412,-0.2930436585679922,1.1135855185234758,2.7552542203551584,4.519501163688613,6.243783511466667,7.7471413242106655,8.87252628676623,9.536965126657888,9.764116340596878,9.670190987046466,9.391471234871954,8.979415528783072,8.34359435533174,7.286446172766696,5.570045455622273,3.0141596553094736,-0.3548084904887841,-3.667113724147285,-3.153441253096906,4.402830232380409,17.27296800777522,35.30640969967573
-35.327702815521754,-17.27991309311147,-4.394425361073172,3.16292369155394,3.6579104960657194,0.3360834286004255,-3.033430851630853,-5.5891910205213335,-7.305988624317484,-8.363930357087856,-9.000794744402853,-9.41410988368635,-9.694567234014569,-9.791017583293309,-9.567378186052068,-8.907407319647014,-7.787174352656799,-6.289025841617458,-4.569424173759954,-2.808872948379618,-1.1696798630172385,0.235699963043675,1.357128345109025,2.2010139818057657,2.8129717049636573,3.25646136266954,3.5903643647581056,3.846705940176244,4.015015028267375,4.046230133616213,3.873670296787193,3.4404270501318166,2.7241221064875374,1.7528723046584893,0.6053828598154218,-0.6052022280781283,-1.7526950688774354,-2.7239510178525568,-3.4402634550124764,-3.8735157177770407,-4.046086876188302,-4.014874425670566,-3.8465666725071577,-3.5902455071404846,-3.2563506850680715,-2.812853099467414,-2.2009066135892983,-1.3570343642693243,-0.2356142635189672,1.1697521951034542,2.808929528383378,4.56946286706451,6.289041275984109,7.787168689988525,8.907387827129636,9.567323692912344,9.790935369026476,9.694492458411402,9.414044764081492,9.000709614787578,8.36380953619672,7.305830739042089,5.589067023698169,3.033264694991,-0.336273943768214,-3.6581250146047775,-3.163165523640291,4.394203026085304,17.279768023943305,35.32758434548232
-35.34870033117939,-17.286631435300865,-4.385776602242465,3.1726312872276687,3.648813922640085,0.3174748937387356,-3.052609019987101,-5.60830494017636,-7.325475842539502,-8.38426665646143,-9.022224399621638,-9.43683258911049,-9.719030806484202,-9.81801216887779,-9.59793361675072,-8.942482406934403,-7.827430121033649,-6.334524405235921,-4.6196361621465885,-2.8628062043334914,-1.2261103401843565,0.1779985846186507,1.2991908819848632,2.143619821893092,2.756611257796524,3.201446250863321,3.536993161309185,3.795448807118229,3.9666190922507742,4.001751883594823,3.834407139096392,3.407833408095635,2.6996005439434634,1.7376118726357002,0.6001991806518513,-0.6000167027444957,-1.7374328216835275,-2.6994276934138752,-3.407668135327769,-3.8342510332654536,-4.001606992449421,-3.9664769558765935,-3.79530878762998,-3.536872634006661,-3.2013338755247447,-2.756491965268078,-2.143511264410197,-1.2990958288266774,-0.1779120573748775,1.2261833945475424,2.8628633035424293,4.619675104197482,6.334539904142596,7.827424554068739,8.942461801577563,9.597878431503648,9.817931265599912,9.718954365088589,9.43676491843634,9.022137546027432,8.384145108984047,7.325319384214651,5.60817707985492,3.052441963308416,-0.3176670747462177,-3.649030481832943,-3.172875320496896,4.385552243041623,17.28648493322945,35.34858038265471
-35.36944287921046,-17.293212941228045,-4.377074417940719,3.182335421854948,3.63961340038356,0.2987985212595617,-3.07184699993723,-5.627481995689308,-7.345029496088135,-8.404669776673854,-9.043719770908094,-9.459618855883631,-9.74355407248256,-9.84506067405198,-9.628533180181243,-8.977592616304689,-7.867711379594445,-6.380039743455556,-4.669858856171128,-2.916738092418123,-1.2825234199644604,0.1203271847105488,1.2413041665655515,2.086288960223746,2.700326404270148,3.1465144799315987,3.483712375434308,3.744287419870044,3.91832355915544,3.957375407915463,3.7952438038103447,3.375325000681658,2.675149978697952,1.72239677175809,0.5950314103503747,-0.5948470763735214,-1.7222158954278737,-2.674975364192165,-3.3751580416576457,-3.795086133816776,-3.9572288581873103,-3.9181799187234496,-3.7441464793889776,-3.483590221632386,-3.1464005206178887,-2.7002062753355216,-2.086179231225977,-1.241208028427296,-0.1202398196568587,1.282597199907453,2.9167957163213005,4.669898051094357,6.380055332935478,7.8677059031482175,8.977570957004016,9.628477432572868,9.8449807968044,9.74347600443408,9.459548764079264,9.043631254205565,8.404547587673052,7.344874035809633,5.627350630365661,3.0716788763717164,-0.2989923771598359,-3.639831994393594,-3.182581725730562,4.37684796561068,17.293064950949596,35.36932140397088
-35.389995406892474,-17.29970278954659,-4.368346279790561,3.1920236387676817,3.630307086003441,0.2800480029547444,-3.0911576933925016,-5.646743948426499,-7.364684140841518,-8.425188135033256,-9.065342606645038,-9.48254355219076,-9.76822725118504,-9.872272916950037,-9.659309624999906,-9.012897519798624,-7.9081982157888016,-6.425770235202039,-4.72030484769427,-2.970899252911891,-1.339170559825147,0.0624176865627303,1.1831818314650837,2.028722954049609,2.6438105772011777,3.0913551028436075,3.4302093674026017,3.6929103956359777,3.8698218674665616,3.912806534111727,3.755908843571471,3.3426707312924693,2.650589303631462,1.707113625938705,0.589840363531911,-0.589654097376267,-1.7069308412493458,-2.65041283943625,-3.342502008571397,-3.755749497806334,-3.912658279835517,-3.869676758511459,-3.692768089937499,-3.430085673401811,-3.091239835011789,-2.6436892525004656,-2.028612058698588,-1.1830846281103002,-0.0623294556437366,1.3392450793172463,2.9709574100291127,4.72034429859587,6.4257859169913125,7.908192738303806,9.012874789169436,9.659253428739342,9.872193632456346,9.768147486710555,9.482471212038195,9.06525243925517,8.425065342934278,7.364528906553343,5.646609485972077,3.0909882563673654,-0.2802436182046841,-3.630527775773692,-3.1922721317610816,4.368117765126133,17.2995533179632,35.38987239999174
-35.410331841539936,-17.306082894503138,-4.359582447748071,3.2016984347505137,3.6208933193599897,0.2612238389289272,-3.1105379653979397,-5.666083766393509,-7.384426810024552,-8.445803225679368,-9.08706876339764,-9.505576990013934,-9.79301406411954,-9.899604218143748,-9.69020906668766,-9.048332461917685,-7.948818103493385,-6.471636472557795,-4.7708894258589405,-3.02519784140694,-1.3959517590457218,0.0043781998466595,1.1249377821915405,1.9710419993056625,2.587186446088172,3.036093356485962,3.376609897678611,3.641443130856992,3.821237767048826,3.8681639102223606,3.716511285008417,3.3099646257499717,2.625991417566214,1.6918077261957856,0.5846417608474156,-0.5844535588275674,-1.691623030818385,-2.625813081500117,-3.3097941074235453,-3.716350237426656,-3.868013952590661,-3.821091212209816,-3.6412994975966018,-3.376484648651168,-3.035976742956863,-2.587063987755966,-1.9709299750448803,-1.124839528320963,-0.0042891100365207,1.3960270107932111,3.0252565273211056,4.7709291262985625,6.471652243036311,7.948812587023814,9.048308673608824,9.690152431328308,9.899525364651094,9.792932709179665,9.50550249076852,9.086976972545182,8.445679788913552,7.384271676337144,5.665946407389109,3.1103671886696174,-0.2614211838873834,-3.621116017526687,-3.201949135492918,4.359351833235874,17.305931915288777,35.41020728147582
-35.43042415848544,-17.312334548853606,-4.3507726987874165,3.211362430642832,3.611372730714776,0.2423290104530975,-3.129982618205758,-5.685492417465127,-7.404243814547306,-8.46649615853429,-9.108874146691193,-9.528690231964577,-9.817879731755044,-9.92701310632794,-9.721180846376177,-9.083836701356027,-7.989501195780482,-6.517560558842482,-4.821527429432778,-3.0795420077534588,-1.4527681808859452,-0.0536850458562774,1.0666837765140036,1.9133622905033256,2.5305729587598327,2.980850102115348,3.323035194890946,3.5900058470649685,3.772689253560945,3.8235603852092703,3.677154634363924,3.2772958474791336,2.601425676996678,1.6765234156513575,0.5794510059826111,-0.5792606371427965,-1.6763365480266177,-2.601245189826695,-3.277123271021688,-3.676991693073522,-3.8234085450532183,-3.7725411641259,-3.589861429982188,-3.3229085253238098,-2.9807321357946344,-2.530450179782728,-1.9132495523879107,-1.0665848281286738,0.0537745849507194,1.4528438239226873,3.079600922609863,4.821567069711563,6.5175760580603335,7.98949515243166,9.083811556111613,9.72112350462491,9.92693359285154,9.81779728679442,9.52861378455156,9.108781088720772,8.466372032215212,7.404088848193579,5.685352992348417,3.1298107281948915,-0.2425277892072226,-3.6115972294270096,-3.2116149468762543,4.350540557886303,17.312182609630373,35.43029850836902
-35.45032617964503,-17.318494063421742,-4.341939550752279,3.221006261278435,3.60174300015525,0.2233584590067587,-3.149502559313732,-5.70498866666846,-7.424163958248555,-8.487306325646484,-9.13080861925202,-9.551943324015095,-9.842896690982252,-9.954587315908784,-9.752331871582976,-9.11953703350167,-8.030392068046098,-6.563702234613217,-4.872390824169488,-3.1341177215371787,-1.5098214965408574,-0.1119873179611467,1.0081909124845827,1.855445122955096,2.4737255001274474,2.9253770463038125,3.269235889078733,3.538350600887212,3.723932172432909,3.778762310666325,3.637623526767504,3.2444804317049307,2.5767481297317976,1.6611697029250552,0.5742366645331454,-0.574044009788546,-1.6609805319120043,-2.576565333136945,-3.2443056194905693,-3.637458540908718,-3.7786085180827222,-3.723782560323347,-3.538205372711112,-3.269107875148409,-2.925257875530592,-2.473602518869478,-1.8553318486549004,-1.0080914513725912,0.1120771619622715,1.509897421039863,3.1341767613892317,4.872430297134321,6.563717324791528,8.030385240879058,9.119510420591563,9.75227371224462,9.954506472239489,9.842813414365695,9.55186516390118,9.13071439616921,8.487181366465236,7.424008786168637,5.704847675882464,3.149329555569739,-0.2235585909478729,-3.6019691172432045,-3.2212603526893817,4.341706090807773,17.318341353294304,35.450199592682566
-35.470043770253305,-17.32456520482815,-4.333086461911045,3.2306271218384075,3.5920019359918567,0.2043105058823732,-3.1691004454789247,-5.724576321640161,-7.444191768476636,-8.508239381066536,-9.15287896933867,-9.575344098149758,-9.868074044269951,-9.982337053598046,-9.78367478349558,-9.155447865435992,-8.071507830543103,-6.610080941919277,-4.923501288731809,-3.188948833785155,-1.5671377486769158,-0.170556767270028,0.949428997381627,1.797259370642519,2.4166119854328256,2.8696416952216777,3.2151793081684,3.486445057827867,3.674934659122477,3.7337391690186745,3.5978897284842914,3.2114941817096354,2.5519398757670744,1.6457343718401125,0.5689945231335961,-0.5687995940362316,-1.645542897843861,-2.5517547612814253,-3.211317117382228,-3.5977226587931592,-3.7335834074770418,-3.674783537451408,-3.486298841212283,-3.2150499700365858,-2.869521429772825,-2.4164886580565588,-1.7971455552310145,-0.949329014747988,0.1706469283200689,1.5672139608278908,3.189008005311051,4.9235406037767095,6.610095634232339,8.071500210083624,9.15541989683998,9.78361582807138,9.982254791164188,9.867989986986071,9.575264328064751,9.152783654347536,8.508113629272325,7.444036361972501,5.724433949551711,3.168926290005785,-0.2045119694443988,-3.5922298791416942,-3.230883061113615,4.3328515779655765,17.324411644370723,35.46991616326396
-35.48959236557616,-17.33055916538532,-4.324219692834675,3.2402219138604997,3.5821486171014314,0.1851837706777466,-3.1887793412177783,-5.744260451611166,-7.464334992093951,-8.529305624021351,-9.17509801884121,-9.59890787807261,-9.893430219372991,-10.01028474191806,-9.815236691036176,-9.191601096307368,-8.112884481319064,-6.656735954613342,-4.974900425253499,-3.244080151145183,-1.6247653358112044,-0.2294444333702905,0.8903441109708684,1.738749106245757,2.359175610638211,2.8135867602401228,3.160808386294519,3.434232829069188,3.6256415522768006,3.6884383891290367,3.5579052473209782,3.17829640539298,2.52696931164692,1.6301977019546463,0.5637179290323842,-0.5635206497308326,-1.6300038525284597,-2.526781810315979,-3.178117023908467,-3.55773600213864,-3.688280632757489,-3.6254889405334616,-3.434085278410582,-3.1606777593963065,-2.81346563046051,-2.3590516643670134,-1.7386347111507785,-0.8902436349687438,0.229534928943183,1.6248418384709764,3.244139457048923,4.974939583538079,6.656750250086805,8.112876006792803,9.191571801220242,9.81517691627394,10.010200748389291,9.893345437483813,9.598826636012136,9.175001607512858,8.52917895502836,7.464178924473464,5.744116844134617,3.188603868044257,-0.1853866641068129,-3.58237836364908,-3.2404795926103604,4.32398337976734,17.330404725443472,35.48946372031847
-35.50890966622531,-17.33643395190756,-4.315315426989409,3.2497969069483257,3.572182574519477,0.1659826499631923,-3.2085285981793885,-5.764021781703001,-7.484562024105512,-8.55046129689816,-9.197409980979817,-9.622566988887629,-9.918883379024892,-10.03833024872564,-9.846896538287464,-9.227852242340427,-8.154357961602535,-6.703486235411846,-5.026393264237557,-3.299300599114116,-1.6824747560429991,-0.2884050617936556,0.831196934989047,1.6801867516534208,2.3016950005776087,2.757495111849107,3.106406763188227,3.381995856032193,3.5763302758362454,3.643125546988871,3.5179146214951857,3.145095702820168,2.501999654460923,1.614662770654839,0.5584423686721411,-0.5582428214622313,-1.614466635369657,-2.501809874608768,-3.1449141162283567,-3.517743322823653,-3.642965790406776,-3.576176054614128,-3.381847271387398,-3.106274621084481,-2.757372610925479,-2.3015705439965606,-1.680071585219425,-0.8310957061694574,0.2884960726624689,1.682551699214249,3.2993601638485264,5.026432389260752,6.703500267525894,8.154348815569495,9.227821811332015,9.846835907459935,10.03824494401449,9.918797906390772,9.62248408234985,9.197312268113864,8.550333429195213,7.484405626715546,5.763876514054575,3.2083517414221543,-0.1661870803084074,-3.572414184095454,-3.250056528535332,4.315077432160413,17.336278408495275,35.50877977925828
-35.52797949336995,-17.34217831638104,-4.306368674323686,3.259353263901126,3.562103434023866,0.1467088479535573,-3.228345258151909,-5.783855013286373,-7.504864398614493,-8.571694147266896,-9.219799165340335,-9.646302321938602,-9.944410595753626,-10.066445676261113,-9.878620612430227,-9.264160684466162,-8.195882725876576,-6.7502817409813405,-5.077926985450428,-3.354552551148456,-1.740203603415072,-0.3473720596637974,0.7720578692820822,1.6216448284940792,2.244244703035066,2.701441840093252,3.0520497078164888,3.3298089225614467,3.527073554813533,3.5978710135330387,3.477982053317082,3.111947499664253,2.4770737361458006,1.599155705458236,0.5531768491831951,-0.5529750085461876,-1.5989572626827098,-2.4768816521260795,-3.1117636943756297,-3.4778087155176487,-3.5977092391385006,-3.526917713504881,-3.329659531523603,-3.051915985304,-2.701317846271177,-2.2441199126428275,-1.6215289191372908,-0.7719558753942654,0.3474635696045893,1.7402809754992614,3.3546123604449787,5.077966057637804,6.750295487361194,8.195872898167874,9.264129099967972,9.878558952433623,10.06635931264263,9.94432442134138,9.6462176476298,9.219700042278818,8.57156499247575,7.504708067979661,5.783707979512793,3.2281670981206085,-0.1469147589593327,-3.562336944087226,-3.2596148677453005,4.306129039073078,17.342021722780018,35.52784839684906
-35.54689745945814,-17.347855681749998,-4.297417923629377,3.2688760590406267,3.5519077069519027,0.1273523657391732,-3.2482499598156527,-5.803794950456252,-7.525296076262071,-8.593078065294362,-9.24235871242916,-9.670226147435615,-9.970146620603396,-10.094794952874963,-9.910606969417442,-9.300762169209255,-8.237726388040237,-6.797417764957238,-5.129818725747272,-3.4101800862161267,-1.7983257612907078,-0.4067454726996171,0.7125017518061758,1.5626804434334791,2.1863708252694667,2.644966912311995,2.997275714860654,3.2772130482697603,3.477420952075136,3.5522424353135933,3.437709748608453,3.078511419669779,2.4519258089388463,1.5835095531452914,0.54786389083636,-0.547659684628606,-1.5833087257169776,-2.451731331836133,-3.078325313269294,-3.437534264769765,-3.552078564112111,-3.477263466399335,-3.277062590497745,-2.997140442236621,-2.64484158464963,-2.1862455477423737,-1.5625637916518826,-0.7123990178485845,0.4068374602212767,1.7984035285428273,3.410240114108372,5.129857719365965,6.797431189294424,8.237715818782313,9.300729453084674,9.910544260571523,10.094707155506567,9.970059837579251,9.67013981287701,9.242258223572373,8.592947552879464,7.525139568823466,5.803646314360008,3.248070373124519,-0.1275598012720252,-3.552143174662888,-3.2691396341737486,4.297176642471209,17.347698023546826,35.54676513807206
-35.565724710150846,-17.353507696516928,-4.288487076665061,3.278356015326741,3.5415940390847496,0.1079082890895795,-3.268254415652661,-5.823862633456992,-7.545890062886956,-8.614658434887346,-9.265145812952609,-9.694407232573404,-9.996173902230272,-10.123477835316702,-9.942976135352598,-9.337799639305889,-8.280050725149234,-6.845072376981978,-5.182259309541052,-3.466390669126617,-1.8570666436306,-0.4667669135320386,0.6522716084779029,1.5030276823326305,2.127800204624932,2.587793929013264,2.9418075999016526,3.223933390250312,3.427103830628121,3.505980797828713,3.3968599880401222,3.044584244684802,2.426397543086573,1.567625246411598,0.54246957147249,-0.5422629111952009,-1.567421941308356,-2.426200559840867,-3.044395670897206,-3.3966821629490687,-3.5058148107133875,-3.4269446284187755,-3.2237812830148096,-2.9416711018188737,-2.587667430270241,-2.1276739559635467,-1.5029104291640498,-0.6521682430061063,0.4668593779798499,1.8571448001600432,3.4664509120191145,5.182298225262604,6.845085446802615,8.28003928858841,9.337765732609522,9.9429123715581,10.123388282728238,9.996086548650664,9.694319427711696,9.265043960729145,8.614526498377694,7.545732889398125,5.823712588637349,3.268073240202254,-0.108117350790131,-3.541831447439588,-3.278621495679547,4.288244098709358,17.353348888878454,35.56559108912238
-35.58423998119296,-17.35898797593814,-4.279490154543421,3.2878204732642247,3.5311649557828666,0.0883956456068164,-3.2883153267020315,-5.843980868030451,-7.56652430339894,-8.636266607945645,-9.28794698470494,-9.718587862488848,-10.022182597058412,-10.152117717898664,-9.975272550784812,-9.374731284014528,-8.322241165244057,-6.892567906201244,-5.234520306316245,-3.5223932353172804,-1.915566288939931,-0.5265143860592306,0.5923487666282303,1.4437057912121165,2.0695797610692432,2.530983701849051,2.886710334562731,3.171027741610406,3.377158497702507,3.460083073471616,3.3563497579553814,3.0109499146825622,2.4011009867467723,1.5518873823730763,0.5371261686162134,-0.5369170121461677,-1.5516815482112527,-2.4009014604512835,-3.0107588776731173,-3.35616965142066,-3.459914894332174,-3.376997703472816,-3.1708746836629214,-2.886572087016726,-2.5308560906283515,-2.0694532127940266,-1.443587863944054,-0.5922448173901216,0.5266072204640969,1.9156447636212588,3.5224536138800198,5.234559049786649,6.892580516957669,8.322228799789853,9.374696127415232,9.975207423074629,10.152026667373164,10.022094734916108,9.71849838931908,9.287843690100257,8.636133130128059,7.566367235622704,5.843829301555237,3.288132783079815,-0.0886061564163827,-3.5314042122522755,-3.288087801027576,4.279245673625519,17.35882824378962,35.584105257987126
-35.602557450800454,-17.364371285563276,-4.270473127111673,3.2972520806037,3.5206173231749847,0.0688033354311759,-3.308457025453048,-5.864191916453989,-7.587264686350136,-8.657992995730353,-9.310876279620212,-9.742905419556172,-10.048337537461832,-10.180914610069946,-10.007737893577854,-9.411844494985006,-8.364623571022303,-6.940263867019141,-5.286987784434536,-3.5786074707871607,-1.9742812545012844,-0.5864775426848967,0.5322118665455962,1.3841729601098387,2.01115290076927,2.473972310404062,2.831417656650922,3.1179336125041086,3.3270338500652885,3.4140190307633813,3.3156915051318427,2.977191313545963,2.375710533814301,1.536091784030431,0.5317633716267784,-0.5315517588909596,-1.5358834691542098,-2.375508544935574,-2.9769979017129606,-3.315509162629975,-3.4138486096705085,-3.3268713652614763,-3.117779507908078,-2.8312775020186924,-2.4738433764594423,-2.011025930375787,-1.384054180234366,-0.5321071527116776,0.5865708617383275,1.974360124594794,3.578668049517897,5.287026418496876,6.940276083432707,8.3646103897431,9.411808239954215,10.007671456211968,10.18082217494618,10.048249232416072,9.742814256457152,9.310771493721358,8.657857884094518,7.587107705771968,5.864038592947884,3.3082728833109227,-0.0690154987914625,-3.5208585660321785,-3.2975213471433165,4.270226954237227,17.364210416605637,35.60242143374373
-35.620683609283134,-17.36966203089193,-4.261439072350306,3.3066485294492125,3.5099499504346405,0.0491305851280727,-3.328681172957998,-5.884498355272005,-7.608114937657614,-8.679842518322445,-9.33393965342944,-9.767366887623243,-10.07464702253436,-10.209878494979796,-10.040384185151856,-9.44915322596172,-8.40721373715944,-6.988177413672941,-5.33968016973897,-3.635053050620325,-2.033232619655938,-0.6466789761797554,0.4718368288631679,1.3244049208127278,1.9524944889424944,2.416734421317145,2.7759041356425564,3.064626109570254,3.276706209113724,3.3677654932015093,3.2748640752904485,2.943290835854141,2.350212362002729,1.5202296028123283,0.5263782513042894,-0.5261640428542571,-1.520018659438424,-2.350007721940203,-2.943094842912955,-3.2746793320727705,-3.367592752002992,-3.2765419235791584,-3.064470964960003,-2.7757623112976075,-2.4166040495933543,-1.9523672342729288,-1.3242855270921452,-0.4717315091095189,0.6467726322938221,2.033311769821484,3.635113725187631,5.339718575507118,6.988189066935282,8.407199497156766,9.44911562634363,10.040316169455169,10.209784549071772,10.074558284146638,9.767274068335777,9.333833346362464,8.679705681282883,7.607958213368171,5.884343399163869,3.328495508471028,-0.0493443381898275,-3.510193261976036,-3.306919583863216,4.261191490474847,17.369500280742358,35.62054650473866
-35.63862422094042,-17.374863895682054,-4.252391354326351,3.316005729138094,3.499161089005021,0.0293750209329401,-3.348991090687126,-5.904904748790091,-7.629081366758431,-8.701822583381066,-9.357146416279,-9.79198295993503,-10.10112366484445,-10.239023135239735,-10.073227706744555,-9.4866772351393,-8.450033797234461,-7.036333643348783,-5.392623690406641,-3.691759379248536,-2.0924529805486904,-0.7071531660778722,0.411187857955126,1.264361585795805,1.8935658089405216,2.3592302940510548,2.720130504708524,3.0110665970036155,3.2261347352473235,3.321285345518374,3.233833955634684,2.9092180666628744,2.324583314895113,1.504287161499003,0.5209658097420881,-0.5207494688122357,-1.5040740987484142,-2.3243766051468,-2.90902007208604,-3.2336472140356336,-3.3211107074069077,-3.2259688936755766,-3.010909138142566,-2.719986912313892,-2.359098683680126,-1.8934363513467412,-1.26424061644251,-0.4110810556885038,0.7072481519758613,2.0925332066432567,3.691820865602375,5.392662643931557,7.036345671635074,8.450019661788591,9.486639378111944,10.07315905295964,10.23892890314226,10.101033839742442,9.791888286594014,9.357038021269076,8.701683935408145,7.628923842854143,5.904747363964279,3.3488032764660467,-0.0295908582598921,-3.499407035343187,-3.316279916133459,4.252140865965854,17.374699941292146,35.638484876798415
-35.6562865804251,-17.379917334638243,-4.243294315530625,3.3253317208154463,3.488251815053613,0.0095438573878926,-3.3693693442273003,-5.925379077810724,-7.650114006934676,-8.72386486719481,-9.38041044237614,-9.816650225001604,-10.127643454260491,-10.268198975489833,-10.10608696665168,-9.524201946194792,-8.492838093268569,-7.084461285422437,-5.445522745355647,-3.7484071772940992,-2.151596612360361,-0.767528603257999,0.3506594122531358,1.2044525127821135,1.8347868112307195,2.30188641482704,2.664524881002412,2.9576804488252466,3.1757370575473325,3.2749781534270794,3.1929708191284982,2.875288976362768,2.2990700923141487,1.4884223114420143,0.5155803471993231,-0.5153618705063171,-1.4882071617100998,-2.2988613648252567,-2.875089035359298,-3.192782093964432,-3.274801719822851,-3.175569563855928,-2.957520313153043,-2.6643798162600607,-2.301753525416641,-1.8346548122488064,-1.2043299956772116,-0.3505511664822551,0.7676249584288023,2.151677915501192,3.748469465754221,5.445562218804134,7.084473637968517,8.492824010821204,9.524163722979946,10.106017657059391,10.268104825286004,10.127552341281472,9.816553827783526,9.380300011292816,8.723724638453735,7.649955514284295,5.925219130339883,3.36917914400926,-0.0097619704083356,-3.488500351678135,-3.325608769174606,4.243040924418056,17.37975108667772,35.65614492149572
-35.67379787601538,-17.384901980401278,-4.234198954297423,3.334613381389816,3.477218063933065,-0.0103733785964791,-3.389841768018289,-5.945967724436644,-7.671283505394243,-8.746065863447868,-9.403852294375763,-9.841513247276374,-10.1543791694076,-10.297615204496992,-10.139216273691144,-9.562026199801556,-8.535970086582502,-7.132938569594985,-5.498792100731339,-3.805442986009343,-2.211146345133263,-0.8283264953677449,0.2896958022738702,1.1441073048898254,1.7755654619030348,2.244102988352407,2.608483900373373,2.903868225778114,3.1249285424346427,3.2282808677580066,3.151752223263668,2.84105981140825,2.2733251448736853,1.4724108715633926,0.5101452893863949,-0.5099246504824073,-1.472193605870577,-2.2731143435546173,-2.840857865131307,-3.151561673445732,-3.2281023120142085,-3.1247587865816597,-2.9037066779426053,-2.6083365757861445,-2.243968939058878,-1.7754303906981388,-1.143983684512886,-0.2895862634201517,0.8284243929738413,2.211228651109604,3.805506039747676,5.498832091312467,7.132951216341103,8.535956073297937,9.561987543701246,10.139146185168938,10.297521452578687,10.15428678230785,9.84141499345368,9.403739777048726,8.74592407805339,7.671124446253214,5.945805034990552,3.389649183367343,0.0101529375225764,-3.477469265234833,-3.334893424724663,4.233942560869051,17.38473334246566,35.673653819390225
-35.691089964389946,-17.389776168968513,-4.225078648584923,3.3438557017560253,3.46606039517489,-0.0303709931144732,-3.4103939236446186,-5.966644536640779,-7.692549372615075,-8.768369416391977,-9.427401120815835,-9.866486735456933,-10.181228489021665,-10.327148060603214,-10.172464641754338,-9.59997231462615,-8.579227041534791,-7.181542890402331,-5.55218962873276,-3.8626046597927255,-2.270817243964508,-0.8892389312931239,0.2286270714523895,1.0836644869520715,1.7162538458971763,2.186236353349673,2.55236626790974,2.84998617136551,3.074056316014941,3.1815288403522137,3.1104889224402923,2.8067945493609705,2.24755512516983,1.456384494110767,0.5047056175994129,-0.5044828062928222,-1.4561651274130003,-2.247342216527483,-2.8065905603370704,-3.110296935432719,-3.181347828891302,-3.073883541684908,-2.849824751773789,-2.5522163367316284,-2.186101503424237,-1.7161141679669836,-1.083540684225823,-0.2285165861196021,0.8893387907210671,2.27090047355782,3.86266844088881,5.552230162553072,7.181555822193773,8.579213054686527,9.599933199369618,10.172393861036165,10.327054594588237,10.181134899863448,9.866386678362858,9.427286601294696,8.768226088796663,7.692389655384372,5.966479248567159,3.410198947349328,0.0301482733816502,-3.466314223940011,-3.344138776627405,4.224819237461639,17.389605141252574,35.69094349952243
-35.70821273612164,-17.394570387304125,-4.215954012728044,3.3530531106303183,3.4547768552407243,-0.0504531358403639,-3.4310370123888765,-5.987429611012411,-7.713942559523937,-8.790817260352386,-9.451109005518015,-9.891632961706277,-10.208265925101651,-10.356887685801476,-10.205941524010733,-9.63816819324192,-8.622755490004861,-7.230434447208824,-5.605890757332577,-3.9200812300109735,-2.330814445640292,-0.950488037196672,0.1672149051647446,1.0228786951070472,1.656600288305954,2.128029695627308,2.495913361374021,2.795775254836867,3.022870623113967,3.1344814625043003,3.06895550795,2.772302659704324,2.2216111262784537,1.440247451605954,0.4992287442608298,-0.4990037017484031,-1.4400259243486575,-2.221396129968137,-2.772096688758888,-3.068761819336206,-3.134298312306393,-3.0226957732491018,-2.795612591830312,-2.4957614680716014,-2.1278931096578595,-1.6564581984599602,-1.0227535936305978,-0.1671031856321384,0.9505894488465304,2.3308986474372437,3.920145729275254,5.605931731701236,7.230447561549112,8.622741448218877,9.638128591585886,10.205870099073772,10.356794139152903,10.208171191346064,9.891531231043322,9.450992583683078,8.790672491472277,7.71378186252532,5.987261958460099,3.4308396846378035,0.0502281322859903,-3.455033291395807,-3.353339026166207,4.215691792512082,17.394397159692407,35.70806400640262
-35.72518782819688,-17.399297648039823,-4.20683361009694,3.362200834567488,3.44336553651846,-0.0706230292503754,-3.451777819846105,-6.0083319375262985,-7.735476988352079,-8.813428510278337,-9.47499969511014,-9.916979890673078,-10.235524304378648,-10.386872784776244,-10.239694105931212,-9.676669938471717,-8.666618390684622,-7.279683361439166,-5.659969963354907,-3.9779539813658342,-2.3912260487388983,-1.0121681747357547,0.1053589562641715,0.9616482423488608,1.5964978132609475,2.069375362494484,2.4390178203177952,2.7411307905864475,2.971270075891666,3.0870386511015977,3.027062369025065,2.737507234425451,2.1954329845172835,1.4239625206991209,0.4937018118631788,-0.4934744969018714,-1.4237387849659908,-2.195215852500593,-2.7372992349789875,-3.026866852834172,-3.086853378361036,-2.971093391003083,-2.740966592970409,-2.4388638845007224,-2.069237111766892,-1.5963536100827942,-0.961521575793753,-0.1052459456176617,1.0122710607164145,2.3913112803489507,3.978019237169191,5.660011411654211,7.279696702220829,8.666604306301954,9.676629824995398,10.239622037095494,10.386779037763668,10.235428440046498,9.916876440398129,9.474881303804716,8.813282187558842,7.735315205695381,6.008161973506581,3.4515781736805686,0.0703957565867144,-3.4436245549345617,-3.3624896491731064,4.206568534564808,17.399122201182223,35.72503680846044
-35.74185434386671,-17.40385950511865,-4.197655282128949,3.3713084667911035,3.4318291666526446,-0.0908684833669957,-3.4725843137824888,-6.029292351682241,-7.757060739043361,-8.83607807650536,-9.498916560665725,-9.9423398995442,-10.262779070616396,-10.416831843696372,-10.273392347760902,-9.715090062982506,-8.710370316375577,-7.328801212986265,-5.713890748403465,-4.035646334323761,-2.4514278242444942,-1.0736047643417057,0.0437780620125288,0.9007141282304463,1.5367094166233963,2.0110475931162743,2.382458606382192,2.686827722239609,2.9200102032127164,3.039924218299406,2.985483848828352,2.7029812802385464,2.169468297470606,1.4078189365180307,0.4882232302723741,-0.4879936268525632,-1.407592976926244,-2.1692489632228478,-2.7027711856507874,-2.9852865851856616,-3.0397365476807465,-2.919831343892979,-2.6866624632780587,-2.382302170284501,-2.010908347436801,-1.5365619015726686,-0.9005863066571724,-0.0436640113796874,1.0737094009492147,2.451514093726738,4.03571235380599,5.713932735301991,7.3288148171662355,8.710356203092728,9.715049464355124,10.273319615483938,10.41673788287195,10.262682131446311,9.942234673335124,9.498796184241856,8.835929943409461,7.7568979396962465,6.029119972002105,3.472382177003708,0.0906389113951718,-3.4320907682350543,-3.371600227165249,4.197387210392687,17.403681700493436,35.74170091979919
-35.75834040967525,-17.408333331841703,-4.188469681217643,3.380364029255809,3.420164578667911,-0.111200754930647,-3.4934833725635737,-6.05036119819113,-7.778770517411081,-8.858869779514416,-9.522989334389983,-9.9678684141904,-10.29021610681772,-10.446989447712602,-10.30730767761558,-9.753747968933846,-8.754377654035283,-7.3781901540033665,-5.768093176824682,-4.093632554411079,-2.5119345468520278,-1.1353528325408946,-0.0181182977285298,0.839461735737321,1.4766060209778948,1.9524085923864207,2.325594823131651,2.632228269160184,2.8684641397932427,2.9925417362727416,2.9436648451038456,2.6682510162485955,2.143347254014361,1.3915791572330571,0.4827120198423506,-0.4824801203106211,-1.3913509674914777,-2.143125701873982,-2.668038806474195,-2.943465810473637,-2.9923515040253363,-2.8682830876118413,-2.63206162024246,-2.325435672107252,-1.9522690118008013,-1.476454499030934,-0.839332766654981,0.0182331456113912,1.1354592830278434,2.5120218198973423,4.09369930154496,5.768135683453019,7.378203981044863,8.754363462404225,9.753706870095163,10.307234310464132,10.44689535785054,10.290118091560933,9.96776154740376,9.52286714522582,8.858719975712722,7.778606695363866,6.050186351311315,3.4932785016270813,0.1109687658304602,-3.4204288734005885,-3.380658751412647,4.188198485083413,17.408152990495285,35.75818442147897
-35.77459745159896,-17.41268892426545,-4.179259088384365,3.3893692491296585,3.408370240529228,-0.1316172265241618,-3.5144666589922022,-6.071521495391176,-7.8005791495953,-8.881765851763193,-9.54717044698559,-9.993508118896548,-10.317766755845762,-10.477262464977375,-10.341339648665018,-9.79252458652803,-8.798504734886174,-7.427700939806137,-5.82241566339002,-4.15173781530601,-2.5725562347761293,-1.1972084089143469,-0.0801137614353564,0.7781167084215299,1.4164181516953904,1.8936919081083876,2.2686598754816663,2.577563978809107,2.8168605708966723,2.945109120396754,2.9018065794554158,2.6334892846569105,2.1172047629879813,1.3753288326227766,0.4771974824772062,-0.4769632932562094,-1.3750984298613695,-2.116981004922083,-2.6332749755019624,-2.901605842751769,-2.944916226555815,-2.816677046348822,-2.577396171013679,-2.268498254192565,-1.8935515690567408,-1.4162625213920623,-0.7779867459762195,0.0802293033182572,1.1973167267378515,2.5726444949163425,4.151805264251275,5.822458677321676,7.427714953715003,8.798490425900665,9.792482961662444,10.34126571154555,10.477168332614296,10.31766765884309,9.993399747136944,9.54704653386496,8.881614568624121,7.800414228820602,6.071344250288176,3.5142589865875307,0.1313827770649618,-3.4086372942129795,-3.3896669927684115,4.178984692300586,17.412505951377263,35.77443880217802
-35.790664552775965,-17.416949699155342,-4.170039005549619,3.398320711931609,3.3964461820729377,-0.1521197184581398,-3.535541467139365,-6.0927879461766565,-7.822509676835652,-8.904797500274126,-9.57149871772036,-10.019305351656929,-10.3454862779954,-10.507717355588415,-10.375568683193563,-9.831514157847256,-8.842859685247618,-7.477451903908706,-5.876987911384415,-4.210101456157225,-2.6334438782959744,-1.2593343356343651,-0.1423815394181879,0.7164999711150285,1.3559620135641215,1.834711159230031,2.211466889446041,2.5226492063774097,2.7650174170937354,2.8974528741679126,2.85974713825033,2.598558212499745,2.0909329648896717,1.358998403002183,0.4716560189184781,-0.4714194674177788,-1.3587657250387823,-2.0907069287754907,-2.598341738092317,-2.8595446635503063,-2.8972571593784067,-2.76483133240605,-2.5224802748448334,-2.2113027109190373,-1.8345700754365024,-1.3558020692674806,-0.7163690109711852,0.1424976589515036,1.2594445747517884,2.633533126893683,4.210169580375909,5.877031406273284,7.477466058147362,8.842845194450566,9.831471947989863,10.375494143247348,10.507623180828,10.345385903719617,10.0191954645934,9.571373086090183,8.904644822671132,7.822343453672995,6.092608213658249,3.535330824831775,0.1518826853633766,-3.396716088845621,-3.3986213341105884,4.169761490439583,17.416764134083245,35.790503285875886
-35.80677026505821,-17.42125384468803,-4.1608953888878855,3.407201201504437,3.3843881268753617,-0.1727270909198404,-3.5567545594669023,-6.114246962669004,-7.844695523199905,-8.92814558738474,-9.596199700096902,-10.0455293201367,-10.373695517635824,-10.53873986585585,-10.410460584202538,-9.871265178662432,-8.888071193118096,-7.528133777017043,-5.932564888430679,-4.2695364474071305,-2.695478799230346,-1.3226799841652257,-0.2059295588651642,0.653565758331372,1.2941666808012433,1.7743824218628257,2.152928376237423,2.4664047988892763,2.7118755990955967,2.8485630631303915,2.8165501346103925,2.5626567257836266,2.063907238566602,1.342187073193254,0.4659513286663412,-0.4657123572244835,-1.3419520795307676,-2.0636789239323745,-2.5624380714555435,-2.8163456833105527,-2.848364538605016,-2.711687235981316,-2.466233318314494,-2.1527616691406264,-1.7742413691299983,-1.29400199239221,-0.6534335173400798,0.2060460792861844,1.3227920248395624,2.695568986969325,4.269605190498755,5.932608765749626,7.528147914557752,8.888056341151554,9.87122216782032,10.410385427642122,10.538645997286052,10.373593694880356,10.045418254683572,9.596072577146622,8.927991872178206,7.844527709440602,6.11406458616541,3.55654052031254,0.1724871766644966,-3.384660786602596,-3.407504378633329,4.16061461052705,17.42106539470204,35.80660613864193
-35.82236510701278,-17.425274790382314,-4.151621483392985,3.416044879878805,3.3722007159889342,-0.1933965055942165,-3.577993974004489,-6.135687953043078,-7.866809476284935,-8.951364775957302,-9.620717024264588,-10.071514996597202,-10.401601129176916,-10.569375029883584,-10.444861892170572,-9.910418776855623,-8.932582167775358,-7.578036816432813,-5.987278455549411,-4.328028866351152,-2.756474473196795,-1.3848879124464102,-0.2682514672368058,0.5919161384679581,1.2336977363974182,1.715404714359127,2.0957528913417045,2.4115192688035925,2.660074954290665,2.800957223818072,2.774552151525595,2.527783576289447,2.037687212804005,1.3258943637438911,0.4604232349675876,-0.4601819056789543,-1.3256570925147255,-2.037456585421808,-2.527562759406442,-2.7743460965155995,-2.800755700895839,-2.659883759391376,-2.4113474976399387,-2.095583556406938,-1.7152624327683594,-1.2335288686881103,-0.5917829311289106,0.2683684405306906,1.385002017118517,2.7565657030364665,4.328098292048809,5.987322867328222,7.578051146719295,8.932567201783224,9.910375159332055,10.444786197082369,10.569281221452451,10.401497685082262,10.071402404872146,9.620588169308242,8.95120989522406,7.866640048907705,6.135503205265259,3.5777770166688416,0.193154085325051,-3.372476086413099,-3.4163509807936423,4.151337484776552,17.42508370376779,35.82219831896671
-35.83773890103284,-17.429180039616675,-4.142329274547295,3.4248303100265405,3.3598797357710226,-0.2141530220674936,-3.599322633156882,-6.157227804751766,-7.889032192471522,-8.974700452161752,-9.645356686377614,-10.097627857106508,-10.429638828159783,-10.600147430750956,-10.479406723136174,-9.949721149674374,-8.977247587485039,-7.628099206199651,-6.042153963138511,-4.38668487567002,-2.817633725313581,-1.447256622258862,-0.3307301535164762,0.5301145380196153,1.173082352515642,1.6562859192876551,2.0384420736423903,2.35650469034304,2.608153985640763,2.753241410429209,2.7324575140197918,2.492831257662613,2.011408037657728,1.3095662605924538,0.4548834224699348,-0.4546397388762982,-1.3093267087258378,-2.0111750696968054,-2.492608291979221,-2.7322499880391224,-2.753036681841965,-2.60795972994157,-2.356333240607156,-2.038270080162667,-1.6561422179114986,-1.172909072344118,-0.5299805731750229,0.3308475064957887,1.4473729125688632,2.817726010778953,4.386754982233411,6.04219893985696,7.628113766408199,8.977232572067964,9.949677025651894,10.479330579800088,10.60005363695421,10.429533704174704,10.097513729640491,9.645226195753224,8.974544526773158,7.888861137989591,6.157040802755342,3.599102873673946,0.2139081716800493,-3.360157993488642,-3.4251397023277383,4.142041954692632,17.428986279926743,35.837569399757186
-35.85294435954109,-17.43300127270601,-4.133039187339986,3.4335544829562026,3.3474236053089834,-0.2350015362033352,-3.620750405251015,-6.178886336044588,-7.911394359470205,-8.998193673922573,-9.670168781371007,-10.123926901844175,-10.457878373515175,-10.631141269310746,-10.51419845434164,-9.989291762449133,-9.022205929960675,-7.678471710376506,-6.097358522812937,-4.445682072114525,-2.8791483399134115,-1.5099944805971015,-0.3935868685968725,0.4679336856143838,1.1120870463446466,1.596790098866598,1.980757504111907,2.3011250039080853,2.5558810988834773,2.705197530586174,2.6900598240097247,2.4576250862816984,1.9849337507655849,1.2931137944377928,0.4493021781709941,-0.449056017266366,-1.2928718366184575,-1.984698356259447,-2.4573998757972992,-2.6898505692280192,-2.704989725447001,-2.555684053460325,-2.300953154487285,-1.9805834829916809,-1.5966439059950597,-1.1119105261091022,-0.4677984929562196,0.3937049186586279,1.5101127607899665,2.879241753909742,4.445752925544882,6.097404062412341,7.678486449187749,9.022190894266403,9.98924709497044,10.514121371738922,10.631047395175182,10.457771746863411,10.12381120742095,9.670036362035717,8.998036246921423,7.911221189810266,6.178697128034354,3.620528178365927,0.234753666390134,-3.347704472097668,-3.433866863341146,4.132748689765617,17.432804952602403,35.85277224462739
-35.86792582500007,-17.436706018702726,-4.123729727542114,3.4422159675281336,3.3348303636230607,-0.2559320650168973,-3.6422725516541306,-6.20064485580412,-7.933861081310713,-9.02179831546863,-9.69509864475093,-10.150349854349638,-10.486246067300034,-10.66226793164107,-10.549117651601676,-10.0290008190474,-9.067304815057897,-7.728988243093162,-6.152706837553471,-4.504825366433283,-2.940806925541004,-1.5728700388768428,-0.456575318320058,0.4056255763723466,1.0509716700775311,1.5371799060542526,1.9229660150627537,2.245644272638464,2.5035157458547306,2.657068456827801,2.6475924729544027,2.422361178357018,1.9584172902406505,1.2766380810776128,0.4437128272736237,-0.4434642024784042,-1.2763937265127456,-1.9581794019771468,-2.422133687737261,-2.647381684856089,-2.656857248322205,-2.50331552999278,-2.2454730745782734,-1.922789363881223,-1.5370317617828853,-1.0507908030176727,-0.4054896829249099,0.4566938142043605,1.5729905842815264,2.9409014844730192,4.504896940844633,6.152752996920934,7.729003249449178,9.067289730087731,10.028955572888965,10.549040059297816,10.662173817309906,10.486137827835147,10.150232428975048,9.69496438506727,9.021639490703752,7.9336861304162545,6.200453391636612,3.642047591979304,0.2556816525293666,-3.33511414266178,-3.442531644874496,4.123435897609107,17.436507044029074,35.867750995182625
-35.88274725988064,-17.440331030576964,-4.114425036385167,3.450809931775905,3.322101850295919,-0.2769568069152548,-3.6638963666241913,-6.222526177414062,-7.956474368318617,-9.045569744715468,-9.720212437279397,-10.176972131117177,-10.51483110752605,-10.693633009960188,-10.584304462446552,-10.069002071119712,-9.11272213964314,-7.779845494428866,-6.2084144032376365,-4.564345254995367,-3.002859783588243,-1.6361540870610338,-0.5199830813761241,0.3428928166973591,0.9894313295824394,1.4771470678394414,1.864757375711585,2.1897552668570226,2.4507563318312977,2.6085679948355307,2.604787542751751,2.38681114912682,1.931680435852351,1.260023956693444,0.4380766415939518,-0.4378254879412951,-1.259777149539201,-1.9314400130586489,-2.386581364016239,-2.6045752122742334,-2.608353145116708,-2.4505528198822986,-2.189584659662718,-1.8645780740465123,-1.4769970234977512,-0.989245653345514,-0.3427563250496402,0.5201018618540142,1.6362769740465315,3.002955469671301,4.564417498638446,6.208461134047528,7.779860693614096,9.1127069107497,10.068956175784196,10.584226409203623,10.693538632970473,10.514721195189695,10.176853054909625,9.720076480498664,9.0454096287188,7.956297538442548,6.222332275726819,3.66366838412822,0.2767037310316398,-3.322388634836607,-3.451128751644918,4.114127862992596,17.440129317333763,35.88256964752527
-35.89719826441265,-17.443755311665726,-4.10504994706125,3.4593472951108803,3.3092372523504627,-0.2980578185884055,-3.685579785005646,-6.244447384013207,-7.979102172378698,-9.06932843144832,-9.745286677350895,-10.203528132375396,-10.543317727255742,-10.724858846315636,-10.619301375139136,-10.108759500519414,-9.157844441579304,-7.830368121112934,-6.263745043444249,-4.623446212743177,-3.0644423229314524,-1.6989145579355127,-0.5828197330860083,0.2807633813322525,0.9285175056141084,1.417754310501547,1.8071958790195723,2.1345130476511773,2.398637338735345,2.560682571688564,2.5625582807587124,2.351758284512737,1.9053342296998976,1.243661013642464,0.4325261337243579,-0.4322723995016457,-1.243411689496033,-1.905091152647452,-2.3515261366599263,-2.562344494722246,-2.560463918011572,-2.39843033144358,-2.134343814659876,-1.8070142388507089,-1.4176014823783565,-0.928327255040445,-0.2806263930259737,0.5829388340546436,1.6990399306324615,3.0645392278037287,4.62351916191823,6.263792422802577,7.830383626256819,9.157829152343334,10.108712985827838,10.619222767782652,10.724763819508512,10.5432061613544,10.203407102667558,9.745148743291471,9.069166646485156,7.978923369034779,6.2442510713303365,3.6853489634117937,0.2978021449848189,-3.3095270410913438,-3.459669231368653,4.104749585090347,17.443551090095315,35.897018054241975
-35.911449592585576,-17.447074113760085,-4.095667822214263,3.467815441159532,3.2962335144459303,-0.319251226938551,-3.707362385279093,-6.266481342969655,-8.001856993408015,-9.093226787549767,-9.770510854500952,-10.230243323372257,-10.571973570527163,-10.756265888728857,-10.65449387598326,-10.148726557993411,-9.203190679530358,-7.88112623776636,-6.319321080576151,-4.682800988482416,-3.126286544214667,-1.7619420845327944,-0.645926943358513,0.2183636253304498,0.8673356122102246,1.3580970438629278,1.7493746704054447,2.0790182321717148,2.3462763818463945,2.5125714653954025,2.520124357789641,2.316534255803244,1.8788571501715672,1.2272165164274278,0.426948189377617,-0.426691851005755,-1.226964637152452,-1.8786113686489505,-2.316299711999372,-2.5199090881402797,-2.5123489249597184,-2.346065947711092,-2.078850386012121,-1.7491907760239709,-1.357941240512669,-0.867140818658782,-0.2182261155477268,0.6460463674658242,1.7620699835940483,3.1263847286774955,4.682874671764099,6.319369147236665,7.881142088661526,9.20317536135377,10.148679472671963,10.654414695547876,10.75617009368348,10.571860412511148,10.23012029709348,9.770370895853771,9.09306316225662,8.00167622664655,6.266282642394856,3.7071287849354686,0.3189929797230977,-3.296526282906297,-3.4681406203543506,4.095364164698487,17.44686731276259,35.91126671797559
-35.92555518079904,-17.450318144235943,-4.086297833770581,3.476210419030134,3.2830908970328885,-0.3405399272554242,-3.7292545682819096,-6.288648879733667,-8.024771774171718,-9.117309526554184,-9.795940602369178,-10.257183839897722,-10.600877003034691,-10.78794763126697,-10.689993851694425,-10.18903467873789,-9.24891118792045,-7.932285070005541,-6.375323034059775,-4.742604174982864,-3.188603648496517,-1.8254644484612332,-0.7095462970101482,0.1554429687747801,0.8056294507519062,1.297916410844535,1.6910347345683017,2.0230141702755176,2.29342195357578,2.463995074789641,2.4772640744075223,2.2809485556164675,1.852100689128464,1.2105954599296338,0.4213105777730818,-0.4210515923384307,-1.2103409864822363,-1.8518521602093356,-2.280711606539753,-2.477047261945664,-2.4637685515549395,-2.2932082030344074,-2.0228474562752727,-1.6908485193406526,-1.2977577927250306,-0.8054300579353614,-0.1553048067928776,0.7096660128432107,1.825594837590318,3.1887031137833666,4.7426785793443935,6.375371770084268,7.932301241979349,9.248895800612296,10.18898700303011,10.689914085049557,10.787851048381786,10.60076232950762,10.257058827848354,9.795798671184174,9.117144043084386,8.0245891199325,6.288447758982481,3.729018097391553,0.3402790533585364,-3.2833867222838644,-3.4765389047047077,4.085990819531651,17.45010869498306,35.9253695799011
-35.93942641743924,-17.45343842113845,-4.076908941183809,3.484534563925493,3.2698078042913274,-0.3619180484174569,-3.75123849140387,-6.310914088079351,-8.04778914687922,-9.141498001440048,-9.82147760643172,-10.284232412439335,-10.62988858331784,-10.819737068633664,-10.725600341354856,-10.22944788772064,-9.294736139540516,-7.983548361265106,-6.431427692459153,-4.802506422452392,-3.2510134119571847,-1.889070958140908,-0.7732406883293728,0.0924551260931013,0.7438632239696792,1.2376817214318088,1.6326460092150483,1.9669669209301015,2.240530833301841,2.415388598857452,2.434381312784708,2.2453474374280438,1.8253352069690287,1.1939701697843723,0.4156718248234572,-0.4154101663196829,-1.1937130678127317,-1.8250839176367983,-2.2451080918163138,-2.4341628882750577,-2.415158056761568,-2.2403138543363776,-1.9668011753377688,-1.632457702208477,-1.2375199399069494,-0.7436594724512331,-0.0923161971476306,0.773360734734743,1.88920381369508,3.251114203796325,4.802581556259787,6.43147710338869,7.983564859352223,9.29472068270181,10.2293996791117,10.725519980410777,10.81963959918848,10.6297724679751,10.284105404307216,9.821333715347969,9.141330560834655,8.047604622004643,6.31071056594671,3.750999184547092,0.3616545440591757,-3.270106742936162,-3.484866479486246,4.076598515618516,17.453226285571397,35.939238049799854
-35.95313162655704,-17.456471205076344,-4.067525345791588,3.492783072133325,3.256383792501287,-0.3833912249407803,-3.77332966044786,-6.33330647732986,-8.070955209372705,-9.165854795138449,-9.847199614794462,-10.311481382381904,-10.659117668269568,-10.851764741684812,-10.761469834217245,-10.270149771140296,-9.34087531332268,-8.035146331805107,-6.4878860551017095,-4.862778654561605,-3.313810362916358,-1.9530795893711883,-0.8373483415813635,0.0290490738716596,0.6816779378804294,1.1770300408982473,1.5738454073356412,1.910516350536704,2.187250231931835,2.366416042774432,2.39116438895576,2.209463436900512,1.798351837679817,1.1772074865291549,0.4099867301594968,-0.4097223428778845,-1.1769477046810788,-1.798097718630072,-2.209221649528963,-2.3909442534288665,-2.3661814376955674,-2.187030137041395,-1.910351475564645,-1.573654772902919,-1.1768653356427796,-0.6814697859356312,-0.0289092708006473,0.837468774169029,1.953214908983209,3.3139125238440035,4.862854545449793,6.48793616135948,8.035163178447778,9.340859819298537,10.270101084908612,10.761388851042213,10.851666267427936,10.659000162150775,10.311352306468644,9.847053731536416,9.16568522870509,8.070768916640702,6.333100560293881,3.773087482998793,0.383125118360308,-3.256685937315513,-3.493118610905502,4.067211422166697,17.456256330916307,35.9529404334982
-35.96662256450241,-17.459391675744648,-4.058130190006484,3.5009560542460822,3.2428177784652776,-0.4049563397026173,-3.795518249798037,-6.355806011556878,-8.094237783811899,-9.19033582286638,-9.873051628101754,-10.338865266999868,-10.68848648589928,-10.883937765290415,-10.797490533965409,-10.311008893969984,-9.387177414671228,-8.086912714426271,-6.5445157982517,-4.923224665337709,-3.376780674837736,-2.017259253502796,-0.9016235145628124,-0.0345193720716625,0.6193348148800626,1.1162263684072855,1.5148977635205283,1.853925970676025,2.1338380809059925,2.317323489576259,2.347841840978501,2.173492899019232,1.7713042280681282,1.1604058076637755,0.4042884826568916,-0.4040213315156837,-1.160143294204438,-1.7710472490462603,-2.173248647398439,-2.3476198143018414,-2.3170849604198307,-2.1336151226655358,-1.853761317331177,-1.5147052579029738,-1.1160582028373074,-0.6191229826484681,0.0346604063589766,0.9017445125153586,2.01739687786703,3.3768842631440976,4.923301349363017,6.544566605921174,8.086929924547617,9.387161882269616,10.310959731190572,10.7974088926143,10.88383817839028,10.688367639082172,10.33873410180712,9.87290368042382,9.190164074201766,8.09404965991079,6.355597715394638,3.795273249780375,0.4046875961328584,-3.243123106607602,-3.5012952479763704,4.057812711216768,17.459174022487545,35.96642850105031
-35.97990322166462,-17.46220146892711,-4.048725049121078,3.5090519261666078,3.2291099744070544,-0.4266129661683931,-3.81780457949772,-6.378413742899138,-8.117638661242774,-9.214943483989254,-9.899036588667204,-10.36638757758246,-10.717999336034389,-10.916261395340232,-10.833668762793218,-10.352032516736886,-9.433650400839731,-8.138856000841399,-6.601325889899289,-4.983854009796943,-3.439934238415653,-2.0816202881401917,-0.9660772986556382,-0.098261444160561,0.556822086498798,1.0552586987287296,1.4557910488609878,1.79718389655645,2.0802824747140485,2.2680998695417847,2.304403205406757,2.137426888648552,1.7441854112739086,1.1435606331148755,0.3985754961351309,-0.3983055568936041,-1.1432953575528322,-1.743925571295318,-2.1371801606235303,-2.3041790745450057,-2.2678576003175084,-2.0800569456683298,-1.7970187464796257,-1.455596969430189,-1.0550867456603494,-0.556607229370289,0.0984040868276698,0.9661990829729696,2.081760045899368,3.4400393242589047,4.98393154258172,6.601377418149219,8.138873597524942,9.433634825354412,10.351982886449733,10.833586444250836,10.916160640076386,10.717879194473372,10.366254375641216,9.898886537645565,9.214769465146626,8.117448608779844,6.378203088260946,3.8175568157199633,0.426341547078097,-3.229418477224783,-3.5093948652664606,4.048403918747839,17.461980957513383,35.97970620833531
-35.99299640674168,-17.464911178170613,-4.039318274924858,3.5170679669119065,3.215259434475488,-0.4483637909674916,-3.840195143890201,-6.401141297486729,-8.14117548905704,-9.239701439409597,-9.925183665513549,-10.394082739257891,-10.747696615541315,-10.948783387617208,-10.870061360153672,-10.393287109167783,-9.480370517506763,-8.191060028497573,-6.658408467971169,-5.044766285799652,-3.5033801748060345,-2.146281203567653,-1.030835740918432,-0.1623088391473962,0.4940054355006048,0.9939907920086616,1.396389114655444,1.740154546199787,2.026450851219264,2.218618275793021,2.260731046116949,2.101164115857559,1.7169161986905987,1.1266213282196738,0.3928306604784135,-0.3925578340679198,-1.1263531889620977,-1.716653409350757,-2.1009148413378123,-2.260504636468956,-2.218372352025201,-2.0262227445500955,-1.739988583534526,-1.3961934469837147,-0.9938150384875226,-0.4937877482891897,0.1624532150091823,1.0309585150356124,2.1464229864391995,3.503486773397724,5.044844680127652,6.658460690361516,8.191077973565184,9.480354856746043,10.393237000594592,10.869978318312135,10.948681318985242,10.747575168343838,10.39394737180262,9.925031445142755,9.239525057558204,8.140983534511944,6.40092820250679,3.8399445341240734,0.4480896151081213,-3.2155712613130105,-3.517414656982235,4.038993547309024,17.46468785181807,35.99279647554079
-36.00591792253901,-17.467529761666487,-4.029915730577907,3.525001806224877,3.2012647250447137,-0.4702108682217644,-3.862693954399708,-6.423995291954471,-8.164857868696894,-9.264622081474734,-9.951507663958347,-10.4219677963024,-10.77759808905541,-10.981526759562817,-10.906695749300312,-10.434804924237763,-9.527375422629758,-8.243566318763403,-6.71580945637164,-5.106009863390865,-3.567170693182761,-2.211297941138505,-1.095957219065861,-0.2267221225115905,0.4308238137370037,0.9323607733176354,1.3366307407425542,1.6827769975468885,1.972284120783928,2.1688223352946663,2.216773616978964,2.0646598176973496,1.6894616111427638,1.1095650694124397,0.3870464336840548,-0.3867706510210416,-1.1092939976431035,-1.689195817868618,-2.064407938907523,-2.2165448445727454,-2.1685727489328475,-1.9720533628700327,-1.6826102488671184,-1.3364331454893144,-0.932181533185379,-0.4306030657423205,0.2268682138907155,1.0960810792384754,2.2114417540886167,3.567278828716472,5.106089156470507,6.715862392215963,8.24358462892061,9.527359678473664,10.43475433217186,10.906611868883823,10.98142326370878,10.777475479212402,10.421830244017809,9.951353213064662,9.26444300520892,8.164664061065633,6.423779672631472,3.86244038782181,0.4699338886308557,-3.2015798288343302,-3.5253521816475883,4.02958733168449,17.46730353692226,36.00571498593703
-36.018663243351185,-17.470054997375737,-4.020515428705359,3.532851528303849,3.1871251105524694,-0.4921543330165903,-3.88530060675408,-6.446974126471696,-8.188682844281661,-9.289701185696256,-9.978003349664194,-10.45003654655858,-10.8076963286583,-11.014482657298856,-10.943560934535563,-10.476572821343002,-9.574649029753989,-8.296357385373446,-6.773508859419339,-5.16756433657327,-3.631282967503607,-2.276645327836758,-1.1614152842312817,-0.2914727324541638,0.3673058478446844,0.8703986016938083,1.2765455756285131,1.625081612495484,1.917811653306465,2.118740683960436,2.172557495467808,2.027937064411799,1.6618398288608027,1.0924039082787014,0.3812265470891608,-0.3809477836618954,-1.092129875287052,-1.661571022210102,-2.027682543454142,-2.1723262057779817,-2.1184875708269257,-1.9175784186559492,-1.6249136032995972,-1.2763461055047296,-0.8702158237882848,-0.3670824040270019,0.2916207649348489,1.161540385662869,2.276791064692872,3.63139267232782,5.167644566845299,6.773562510805536,8.296376052363458,9.574633194810763,10.476521787872535,10.94347620885084,11.014377705363264,10.807572612713956,10.449896835965832,9.977846651517256,9.289519392337864,8.188487206345533,6.446756002392978,3.885044085039588,0.491874534254019,-3.1874435019895597,-3.533205736342882,4.020183237396336,17.46982577672233,36.018457214573544
-36.03117836689734,-17.47245752978754,-4.01110003968689,3.5406179360347023,3.1728405148276093,-0.5141897994046831,-3.908003497109026,-6.470055108029383,-8.212614478774375,-9.314889706878752,-10.004609771038684,-10.47821671689184,-10.837906107670657,-11.047549827185978,-10.980535840454069,-10.518448521437264,-9.62202781825006,-8.349252629079519,-6.83130906248099,-5.229216330699028,-3.695485334958532,-2.3420736888387728,-1.2269448686142157,-0.3562861689053647,0.3037317280094309,0.8083868636347582,1.216415881236699,1.5673477756641585,1.8633066103140488,2.0686331014018418,2.128323409328221,1.991202563410596,1.6342124085475869,1.075240804340329,0.3754059030997492,-0.3751240796098062,-1.0749637303626858,-1.6339405482827154,-1.9909453479213852,-2.128089403624431,-2.068376621396653,-1.8630709240211416,-1.5671780307423142,-1.2162148205558256,-0.8082001660128979,-0.3035060199447238,0.3564363307888014,1.227071458889085,2.3422212177769985,3.695596648782629,5.229297545122321,6.831363432227696,8.349271659351524,9.622011873671225,10.51839698509944,10.98045016548854,11.04744328873207,10.837781241004643,10.478074891020997,10.004450742866227,9.314705084616676,8.212416740014346,6.469834400733324,3.907744029896698,0.5139070509157561,-3.1731621496223883,-3.540975813664778,4.01076406690937,17.47222530087422,36.030969214202656
-36.04350156517364,-17.47475742610826,-4.001682384210795,3.5482976685907235,3.158410342106639,-0.536320377708937,-3.930811212812344,-6.493254523909462,-8.236678136525391,-9.340221999283708,-10.031369652046338,-10.506558997530997,-10.868287269135356,-11.080799401578613,-11.017705471696434,-10.56053153569019,-9.669625203692044,-8.40237651150159,-6.889345483684315,-5.291112095712888,-3.7599362051578273,-2.407753479346033,-1.2927268941801635,-0.4213493621739716,0.2399106705535667,0.7461334767887358,1.1560498858911223,1.5093860360514024,1.8085838152713192,2.0183237600702078,2.083908387372301,1.954316392039449,1.6064699683548664,1.058006011706281,0.3695607038856235,-0.3692758137510238,-1.0577258827474671,-1.6061950511983738,-1.9540564533612148,-2.083671519661616,-2.0180641197385487,-1.80834577604178,-1.5092140359933948,-1.1558474261006977,-0.7459426903359985,-0.2396831383711608,0.4215018531019336,1.2928552008200005,2.407902659820789,3.7600491346473226,5.2911943221302415,6.889400563127428,8.402395905817583,9.669609179296463,10.560479546496936,11.017618912494587,11.080691332584705,10.868161208942045,10.50641509065738,10.031208314653885,9.34003478749897,8.23647831416119,6.493031321113911,3.9305488723834574,0.5360346787646646,-3.158735380225774,-3.548659572548384,4.001342476923516,17.47452207403314,36.043289180782615
-36.055656311285325,-17.47696442310437,-3.9922702147254494,3.55588946013386,3.1438344284590234,-0.5585480590378248,-3.9537297366893327,-6.516584054197637,-8.260892073590876,-9.365722801478675,-10.058313237281997,-10.535098928916192,-10.898881405497658,-11.114280385539912,-11.05512795487022,-10.602889435526707,-9.71751888548506,-8.455814049774446,-6.94771180233236,-5.353352209312115,-3.824745824432223,-2.473804590634601,-1.3588889727680815,-0.4867954093436035,0.1757073523963264,0.6835011209640859,1.0953110850113352,1.4510605477412546,1.753510809302072,1.967686345364585,2.0391948986778874,1.9171773101976508,1.578532815069266,1.040648467948459,0.3636738867434511,-0.3633858221953713,-1.0403651834362684,-1.5782547589367948,-1.916914547923104,-2.038955015567413,-1.967423550048724,-1.7532703884709753,-1.4508861689856214,-1.0951067868471591,-0.6833066852887066,-0.1754778550501876,0.4869503070138526,1.3590191118312516,2.4739553762559643,3.8248603706643913,5.353435463696899,6.947767572005447,8.455833768758563,9.717502722372638,10.602836971613794,11.055040390648813,11.114170615763644,10.898754256503288,10.534952831949727,10.058149533950496,9.365532659680882,8.260690262865213,6.516358195123917,3.953464343543259,0.5582593114954518,-3.14416298134533,-3.556255280244736,3.9919264539499313,17.476725999378647,36.05544074309001
-36.067625916099246,-17.479071878894256,-3.9828588450457487,3.563391127340381,3.129111702191714,-0.5808718080953683,-3.9767550823492095,-6.540034964908314,-8.285241946567275,-9.391372107988852,-10.085415592915762,-10.563806791444668,-10.92965332894564,-11.147950785905612,-11.092752941172549,-10.645463347439602,-9.76564111177303,-8.50949116624011,-7.006326835897996,-5.41584932967107,-3.88981882104356,-2.5401233828560663,-1.4253200247304494,-0.5525087987028612,0.1112401018750858,0.6206095719705602,1.0343190702957843,1.3924898212488626,1.6982037411350226,1.9168310271808715,1.9942861330873245,1.879873434854474,1.5504702135147426,1.0232120060506231,0.3577601233872841,-0.3574688491718489,-1.0229255231966,-1.5501889805496094,-1.8796077885448088,-1.994043173163136,-1.9165651288417167,-1.6979608762885363,-1.3923129806438497,-1.0341128469085137,-0.6204115103214262,-0.1110086283488508,0.5526660940878643,1.4254520977962428,2.540275777339054,3.8899349960582583,5.415933642231884,7.006383305682212,8.509511208844886,9.7656248016032,10.645410420432812,11.092664353164064,11.147839296634118,10.929525142109265,10.563658529975498,10.08524948471801,9.39117899102746,8.285038151459016,6.539806465945996,3.976486623088499,0.5805799864114183,-3.129443811201955,-3.563760995759047,3.9825111148107775,17.47883028234226,36.06740706173191
-36.07942671265264,-17.481085941504652,-3.973452939595446,3.570801784349628,3.114242322017923,-0.6032928729671849,-3.9998914947383377,-6.563615759830088,-8.309741286769878,-9.417188452026348,-10.112699627244208,-10.592709682988122,-10.960634888794315,-11.181848282574968,-11.13062502300121,-10.688304779132302,-9.814050103507387,-8.563471145388407,-7.06525948163155,-5.478678017789021,-3.955236497099843,-2.606797953945397,-1.492114120472542,-0.6185867895713422,0.0464097576687484,0.5573590871000876,0.9729745985981963,1.3335760188700418,1.642567123322321,1.8656674142680203,1.9490976233820327,1.8423322499084405,1.5222248921261905,1.0056601995139678,0.351806993192009,-0.3515124309192517,-1.0053704407134638,-1.521940435421732,-1.8420636658117049,-1.9488515030198537,-1.8653984010501132,-1.6423217938486765,-1.3333966111417903,-0.972766188756601,-0.5571576371429936,-0.0461762247165549,0.6187465533104021,1.4922482117916214,2.60695196370394,3.955354318582271,5.478763424397748,7.06531666253705,8.563491513542132,9.814033627900388,10.688251381499326,11.130535322931287,11.181734975402428,10.960505760653133,10.592559221995277,10.112531045967982,9.416992123440467,8.309535534292293,6.563384550295511,3.999619875113924,0.6029979153115884,-3.114577934540502,-3.571175618121334,3.973101149445706,17.48084107161941,36.07920447037861
-36.091007712128444,-17.48298118288763,-3.964037947828962,3.578119617520201,3.0992242421885576,-0.625808857914308,-4.023128824189237,-6.587304230699545,-8.33435381094543,-9.44312167942582,-10.14010337264318,-10.621734342058865,-10.9917401240564,-11.21587110167779,-11.168623156495292,-10.7312721090419,-9.862582496259584,-8.617573667843757,-7.124311668803292,-5.541625484822904,-4.020767458960896,-2.6735783544023843,-1.5590057823058263,-0.684753455474524,-0.0185027329540261,0.494033964181979,0.9115608546150098,1.2746001794877448,1.5868749711169674,1.814456207945884,1.9038713114041448,1.8047613988050009,1.4939595105068555,0.9880964753982184,0.3458492052492082,-0.3455513047801589,-0.987803382675552,-1.493671792003161,-1.80448979649076,-1.9036218410269952,-1.8141842981527652,-1.5866271899543607,-1.274417598687151,-0.9113507733296716,-0.4938285300360622,0.0187377479299153,0.6849158913798866,1.5591421487163877,2.67373383258501,4.020886946293292,5.5417120141113525,7.124369543281767,8.617594350958695,9.86256584053186,10.731218155268806,11.168532356674604,11.21575607877014,10.991609648014366,10.6215817467728,10.139932241855478,9.442922549380992,8.334145637683385,6.5870702809014245,4.022854139516348,0.6255106198199868,-3.099563432155904,-3.578497431984699,3.963682103359888,17.48273303855434,36.09078207431703
-36.10249190932163,-17.484816505168766,-3.954649132904673,3.5853440514133976,3.0840607137106253,-0.6484260980983025,-4.046492484516346,-6.61115464921619,-8.359167446371186,-9.469292858322795,-10.167776155391168,-10.651057025049257,-11.023175409816185,-11.250262922493755,-11.207035913636046,-10.774701443122536,-9.911624362951176,-8.672224058608238,-7.183950568394194,-5.605194349010467,-4.086959016827215,-2.7410561319075453,-1.6266227717505788,-0.7516608158189938,-0.0841605011142916,0.4299642957256639,0.8494111326099049,1.2149015965329668,1.5304838226830644,1.7625852076660045,1.858039577279032,1.7666725001577142,1.465290558408984,0.9702760687977978,0.339804376314993,-0.3395030690150335,-0.9699795781829146,-1.4649994972636464,-1.7663977930841404,-1.8577867892961968,-1.7623101688870064,-1.5302334784412834,-1.2147163318787044,-0.8491983470247984,-0.4297558960505931,0.0843978003565989,0.7518257811094181,1.6267613040204556,2.74121325469779,4.087080164922359,5.605282020198126,7.184009164267659,8.67224505124213,9.911607513079977,10.774647052362324,11.20694387621604,11.250145880542853,11.02304427460037,10.650902151695938,10.16760248147692,9.469090079519871,8.358957514223166,6.610917904364645,4.046214463304144,0.6481246385110678,-3.0844035837374144,-3.585726032352631,3.954289093980821,17.484564965529813,36.10226276350361
-36.11372084396163,-17.48651639852091,-3.945242219355645,3.5924728246010527,3.068746825930817,-0.6711360374406197,-4.069949140988789,-6.63509572487217,-8.384066675148146,-9.495542879025688,-10.195521959766284,-10.68044649572244,-11.054670248019598,-11.284704214685002,-11.24548463577565,-10.81815073568589,-9.96066586541712,-8.726858705609471,-7.243555896058117,-5.668717477864427,-4.153085021450276,-2.808446558613108,-1.6941319607294092,-0.8184425205245113,-0.1496811894333817,0.3660423504946827,0.7874145834986717,1.155362168266496,1.4742534175136068,1.710872819873869,1.812360837930096,1.7287173427365932,1.4367290104359034,0.952524284233365,0.333781717876271,-0.3334769475795397,-0.9522243365638418,-1.4364346046208036,-1.7284395066732727,-1.8121045314262896,-1.7105949142081285,-1.4740005707980215,-1.1551734135631742,-0.787200014247727,-0.3658299865459767,0.1499199079887733,0.8186102742091667,1.6942729306959028,2.8086051438289847,4.153207863144707,5.668806327295325,7.243615196435619,8.726879997030622,9.96064879666589,10.818095757474412,11.245391439716151,11.284585468974926,11.054537584182722,10.680289530370972,10.195345650855556,9.495337353326327,8.38385408136235,6.634856171673868,4.069668005126253,0.6708311780053905,-3.0690933141077856,-3.5928588677061475,3.944877973536784,17.486261439242913,36.11348815817435
-36.12479061278636,-17.488123995421287,-3.935843709787056,3.599506319705342,3.0532855487609125,-0.6939435965409411,-4.0935193567078185,-6.659171620991585,-8.40912374655816,-9.5219712617369,-10.22346329623336,-10.710047226163132,-11.086393390566156,-11.319394221241025,-11.284204355488436,-10.861893169227685,-10.010021185271649,-8.78182383843931,-7.303508928860603,-5.73260513304739,-4.219593170540674,-2.876234413600991,-1.7620482419443295,-0.8856340478812722,-0.2156096862542465,0.3017175347224405,0.7250232712409369,1.095438905150111,1.417654886371104,1.658815787405432,1.766368354668231,1.6904942027593266,1.407958892378359,0.9346393781881828,0.3277134709320973,-0.3274052075149515,-0.9343359427626344,-1.4076611008901707,-1.6902131739858326,-1.7661084840415595,-1.6585350010447235,-1.417399508683198,-1.0952466612674,-0.7248065423211691,-0.3015015688628293,0.215849988051415,0.8858046200042106,1.7621917028379914,2.876394484867134,4.219717711116905,5.732695183722144,7.303568952594928,8.78184544133101,10.010003897698349,10.861837698561024,11.284110048195966,11.31927346704968,11.086259552296733,10.70988821134423,10.223284464567694,9.521762757056049,8.408908555048788,6.658929449956011,4.093235025641048,0.6936353512492287,-3.053635810013731,-3.5998967581859977,3.9354750946338206,17.487865489811703,36.12455426494644
-36.13566063246483,-17.489620521409044,-3.926443582804517,3.606442515727757,3.037674854709332,-0.7168468686663304,-4.117194518006202,-6.6833636843398025,-8.434307730711748,-9.548535689735344,-10.251548006700032,-10.7397976020088,-11.11827264017163,-11.354247126081823,-11.323093483574754,-10.905809806728625,-10.059552761516503,-8.836966966486855,-7.363641889182974,-5.796676956969178,-4.286288016837247,-2.9442090113417656,-1.830147762809028,-0.9530026052568616,-0.281708116481189,0.2372304214556398,0.6624775221159754,1.035370052589467,1.3609209439674417,1.60663533490019,1.72026699262721,1.6521782828535123,1.3791169249780797,0.916707679423042,0.3216286071119804,-0.3213167808815578,-0.9164006840176006,-1.3788156975749073,-1.6518939879431964,-1.7200034663690638,-1.6063516807390044,-1.3606629749542418,-1.03517416999559,-0.6622586076848948,-0.23701081129763,0.2819499634745118,0.9531760566628428,1.830293814280376,2.94437056305506,4.286414265894084,5.796768229525004,7.36370262877087,8.83698886981925,10.059535262804555,10.905753769588818,11.322997946758251,11.354124595518549,11.118137402645402,10.739636433660635,10.251366524705922,9.548324231843887,8.43409003512443,6.683118617027842,4.116906974142176,0.7165351541018923,-3.0380289359069925,-3.6068373099317097,3.926070580734868,17.489358441691873,36.135420593291165
-36.14637165146189,-17.491023641983894,-3.917050956158936,3.613281995705992,3.0219164626182704,-0.7398475298840965,-4.140983155608872,-6.707690964493047,-8.459650454959535,-9.575279894388167,-10.27983018543289,-10.769761407538075,-11.150382567319705,-11.389350709357586,-11.362254812902224,-10.950019381326475,-10.10939622193837,-8.892437619503593,-7.424119235201666,-5.861110446510867,-4.353362572474436,-3.012578871571386,-1.8986515926941705,-1.020776866810577,-0.3482101802871899,0.1723467019038144,0.5995437771788154,0.974926091557736,1.3038275615884716,1.5541194078044165,1.6738606280530997,1.6136008648307398,1.3500703439100388,0.8986444417491671,0.3154984849751335,-0.3151829903573511,-0.8983337698858107,-1.3497656081253873,-1.6133132218107076,-1.6735931619935462,-1.5538329939311062,-1.3035673967616104,-0.9747255790561864,-0.5993227529606546,-0.1721233018181749,0.3484527537245965,1.020953810709046,1.898800446128194,3.012741718111513,4.353490577524899,5.861202975183104,7.424180663738205,8.89245978327239,10.109378491731002,10.94996271486385,11.362157904492442,11.389226552970634,11.150245775276073,10.769597932040142,10.279645892549196,9.57506540481351,8.459430351261924,6.70744281048873,4.140692289652415,0.7395322340535663,-3.022274519356172,-3.6136811426058406,3.916673597111522,17.490757997231878,36.14612791966606
-36.15687694022005,-17.49231112950677,-3.907653628371015,3.6200245186474143,3.0060108474952605,-0.7629408363496161,-4.164873287049335,-6.732130763482351,-8.48511549530337,-9.602155632581058,-10.308251173128149,-10.799869997872683,-11.182643271372587,-11.424609871280143,-11.401576876079943,-10.994390733956005,-10.159398666600934,-8.948065330636497,-7.484752846792165,-5.925703755281918,-4.420598597609344,-3.0811091171707647,-1.967311457770833,-1.0886996452016218,-0.4148517947457083,0.1073319177272074,0.5364879301738218,0.9143691822911127,1.2466320275585818,1.5015120906256654,1.6273745321540805,1.574954771153814,1.3209694093380189,0.8805445622221254,0.3093547856709172,-0.3090356089090806,-0.8802302072863193,-1.3206611456790744,-1.5746637390735678,-1.6271031865461774,-1.5012229223016589,-1.2463692357090577,-0.914164547724089,-0.5362646597823137,-0.1071048089392699,0.4150956539326627,1.0888796768912028,1.967463166905309,3.081273371710596,4.42072835294477,5.925797562995296,7.484815003989438,8.948087796657164,10.159380727138304,10.994333417329816,11.401478721075373,11.424484044959057,11.182504763419034,10.799704368531492,10.30806415383095,9.601938381319323,8.48489260390129,6.731879633580294,4.164579215798191,0.7626219446631046,-3.0063728181145857,-3.620428204989259,3.9072716989957015,17.492041744174706,36.156629353616616
-36.16720431270298,-17.493493944326445,-3.8982569038766313,3.626669860021405,2.989956634466141,-0.7861308950041592,-4.188873995193594,-6.756699406009689,-8.510729409238069,-9.62919773071862,-10.33685272863713,-10.830171776371468,-11.215110189181589,-11.460090113622709,-11.441134249053832,-11.039010412205512,-10.209660884245045,-9.003962343935736,-7.545667533696221,-5.990590621828284,-4.488141775316081,-3.1499571389165597,-2.0362936312437228,-1.1569434359917157,-0.4818086826824194,0.0420093748389711,0.4731343169476805,0.8535262496649086,1.1891658880068412,1.4486538674543872,1.5806617211103962,1.5361136652847742,1.2917146994783726,0.8623445894385174,0.3031764858576992,-0.3028535225866967,-0.8620264495392899,-1.2914028169215952,-1.5358191326280144,-1.5803864358805522,-1.4483618397259688,-1.1889003400585665,-0.8533175823109422,-0.4729084517177651,-0.0417788054144571,0.4820541145391592,1.1571265253015786,2.03644821550033,3.1501228775077617,4.488273286179524,5.990685722154333,7.545730416932378,9.003985088547408,10.209642691175707,11.038952429387766,11.441034778360873,11.45996239295943,11.214970111688356,10.830003866497655,10.336662950391226,9.628977400636009,8.510503787516248,6.756445168823949,4.188576550662934,0.7858083040657361,-2.9903226278048267,-3.627078009420576,3.897870423686472,17.493220812959287,36.16695285996364
-36.17731076451326,-17.494553956676057,-3.8888510185370313,3.633217301450444,2.9737545977191155,-0.8094121776242427,-4.2129723654568805,-6.7813732463557095,-8.536455875495816,-9.65635769170915,-10.365576154394867,-10.86059815632785,-11.247703845897323,-11.495697551143774,-11.480816118977687,-11.08374797086776,-10.260030559815284,-9.059958135202086,-7.606674750092346,-6.055568520996129,-4.555773394075049,-3.2188881786071937,-2.105349669765345,-1.225249738155378,-0.5488169052491045,-0.0233535497946639,0.4097500986969836,0.7926626503469599,1.1316882543019289,1.3957913691032198,1.5339496429388164,1.4972717595485654,1.2624571256264312,0.8441392904099626,0.2969952512031069,-0.29666846157565,-0.8438173238882551,-1.2621415871786743,-1.4969736654679704,-1.533670344199643,-1.395496526686779,-1.1314199184900868,-0.792449734354533,-0.4095218125896427,0.0235878479279633,0.5490637344827071,1.2254359525617229,2.1055072208638754,3.21905539650553,4.555906683393698,6.055664945393217,7.606738370397842,9.059981164264038,10.260012101414144,11.08368924940638,11.48071534876453,11.49556808207431,11.247561888014909,10.860428023877542,10.365383560168596,9.656134566844791,8.536227228696648,6.781115883159432,4.212671596568463,0.8090858211401253,-2.974124618664898,-3.6336299655169935,3.8884598928066,17.49427699473805,36.17705535953296
-36.18722271543111,-17.49550007810469,-3.879438597384967,3.6396683271050776,2.957404768339363,-0.8327879817810538,-4.2371773772704255,-6.806169742233518,-8.562322018469239,-9.683672322760918,-10.39446569281846,-10.891200433107818,-11.280482814653883,-11.531499963940194,-11.520701164297629,-11.128694472476615,-10.310614129757568,-9.11617213242538,-7.66790774986522,-6.1207801214450175,-4.623648458774287,-3.288069599527542,-2.1746570600173443,-1.2938037350423608,-0.6160654616151323,-0.0889482985207634,0.3461444902194829,0.7315891352412305,1.0740147084004872,1.342749410647994,1.4870766939817814,1.4582909180613324,1.233088633445796,0.8258605291767711,0.2907886075906711,-0.290457922137299,-0.8255346663846957,-1.232769375319612,-1.457989187734798,-1.4867933136532674,-1.34245168205512,-1.0737435653509466,-0.731371914826741,-0.3459134503114842,0.0891860408938013,0.6163138029141694,1.2939931558118958,2.174817612581041,3.288238325461076,4.623783529592578,6.1208778793975975,7.667972104226508,9.116195425914452,10.310595396136623,11.12863506690944,11.52059904995628,11.53136853526514,11.280339250567186,10.891027956744033,10.39427032141194,9.683446042373944,8.56209061767608,6.805909189309278,4.236873155191834,0.8324578367497131,-2.95777901504424,-3.6400856771082895,3.879042796856389,17.495219257392822,36.186963320104354
-36.19691529039496,-17.496320729048247,-3.8700118246676,3.646023215919898,2.9409069615122427,-0.8562568244145965,-4.261483912409057,-6.831078283476556,-8.588311147677937,-9.711118665390904,-10.423493483554966,-10.921945803793337,-11.313409006354632,-11.567452094620682,-11.560735589089012,-11.17378645788219,-10.36133723040833,-9.17252131732408,-7.729274677437821,-6.18612710525143,-4.691660203499096,-3.3573862670502943,-2.2440941454277903,-1.362478568093704,-0.6834248539647148,-0.1546433652145978,0.2824487037378581,0.6704364258025552,1.0162732205118448,1.289650392403997,1.44015612625809,1.4192686476681486,1.2036855133452655,0.8075566087987841,0.2845725700241449,-0.2842379809711918,-0.8072268336596101,-1.2033625157599623,-1.4189632385446025,-1.4398686278414865,-1.289349822831655,-1.0159992095708352,-0.6702147850320651,-0.2822150495170322,0.154884789443751,0.6836746106273272,1.3626712142737445,2.244257779643583,3.357556509165739,4.691797083032866,6.186226238648338,7.72933980209917,9.172544919052878,10.361318243538914,11.173726320712444,11.560632138004063,11.56731884249594,11.31326366926858,10.921771051396169,10.423295302707992,9.710889407049686,8.588076814550186,6.830814557491258,4.2611763026327205,0.8559228632694675,-2.941285385074197,-3.646445369078972,3.8696111671054183,17.49603589435366,36.19665175778196
-36.20646752332532,-17.497047105536833,-3.860579736603902,3.652286800587308,2.9242636979042844,-0.879825453054429,-4.28591456979741,-6.85614409644137,-8.614493377028094,-9.738791011063729,-10.452773034868756,-10.952966210611534,-11.346634217016035,-11.603731362471551,-11.60112758348096,-11.21926739119244,-10.412484938905854,-9.22932612977535,-7.791130590745951,-6.251988084958755,-4.760214642780883,-3.427272334462247,-2.314119582922926,-1.4317516376777246,-0.7513835764196324,-0.2209340516608496,0.2181678396148162,0.6087132224532223,0.95798395773551,1.2360389058893742,1.3927689993604555,1.3798493814138553,1.1739727318730044,0.7890562536154209,0.2782906407852469,-0.2779520090311178,-0.7887224402616343,-1.1736458737703137,-1.3795401958599534,-1.3924772832948715,-1.2357352615280082,-0.957707276976631,-0.6084870981980145,-0.2179305273884425,0.2211780568516428,0.7516351272338709,1.431947776749534,2.3142862268951983,3.4274441695684392,4.760353341754053,6.252088598348979,7.79119647520499,9.229349989147227,10.412465664539608,11.219206698726676,11.601022589237536,11.603595650541717,11.346488106193524,10.95278890206521,10.45257207616135,9.738557540493789,8.614256937283997,6.855877034199141,4.28560318597623,0.8794876652625683,-2.924646467330639,-3.6527138288892176,3.8601742043014418,17.496758228267396,36.20619982909528
-36.21580455961679,-17.497648307908946,-3.851125478305387,3.658456916463619,2.907472701624848,-0.9034895505869218,-4.310452155170358,-6.881330452695496,-8.6408102825607,-9.766609291706237,-10.48220749031047,-10.984148398167118,-11.380027761737022,-11.640184161681216,-11.641696435685274,-11.264925949611497,-10.463809810506463,-9.286309690659865,-7.853168323890699,-6.318035250242254,-4.828956908819831,-3.49734572082054,-2.3843292313688003,-1.501201648461147,-0.8195111910573002,-0.2873838976227886,0.1537373787223843,0.5468520931633633,0.8995695157173543,1.182317192005459,1.3452868027499598,1.3403512587769206,1.1441991001767915,0.7705162509256358,0.2719945590039073,-0.2716518418721794,-0.7701783513439917,-1.1438683365395674,-1.3400382264925863,-1.3449907976432602,-1.1820104991723597,-0.8992901096739453,-0.5466212641703899,-0.1534966229893256,0.2876308147153793,0.8197643614893777,1.501401348700612,2.3844989754163297,3.497519155394947,4.829097457702794,6.318137181312067,7.853234995091149,9.286333834499676,10.46379023426064,11.264864607565718,11.641589896380475,11.640046245271098,11.379880443461998,10.983968639760416,10.482003615520894,9.766372035474042,8.640571333777045,6.881060099873408,4.310137051350709,0.9031478619697738,-2.907859853821789,-3.658888920944755,3.850714944663126,17.497355276907196,36.21553259396871
-36.224879948338696,-17.498106448671802,-3.841643127740173,3.664529652393532,2.890533909939811,-0.9272430678845026,-4.335081527616994,-6.906609432197705,-8.66721931007875,-9.794516798418975,-10.51172762092806,-11.015411317144808,-11.413495103850208,-11.676699064652762,-11.682309843482573,-11.3106068384189,-10.51513225563822,-9.34327152124758,-7.915167286578314,-6.384030612338536,-4.89763247355685,-3.567335127016804,-2.4544361529056045,-1.570531611933994,-0.8875037996937246,-0.3536863784438495,0.089463890119896,0.4851560700260153,0.8413259996595996,1.1287656558479058,1.29796797997113,1.3009929522304593,1.114533397190412,0.7520413936288465,0.2657198503102971,-0.2653729874922166,-0.7516993517465635,-1.1141986860569426,-1.3006760063450062,-1.2976676246263092,-1.128455925098849,-0.8410436481732333,-0.4849204942821253,-0.0892200528448164,0.3539367422601522,0.8877585193796076,1.5707347910289418,2.454609102063257,3.5675101913259266,4.897774881172766,6.384133974869047,7.915234736007691,9.34329594149931,10.515112395872126,11.31054477329169,11.682201761620108,11.67655914759304,11.41334601664787,11.015229205806884,10.51152075996577,9.794276242827058,8.666977350392502,6.906335724606992,4.334762731773749,0.9268973544828384,-2.890925495005856,-3.664966621793962,3.841227564078354,17.497809228425304,36.22460367393595
-36.23377799169234,-17.498450204958083,-3.832141231410769,3.670508767761413,2.873446438936897,-0.9510988300848006,-4.359833546918016,-6.932036120595491,-8.693801853797815,-9.822620831286889,-10.541461635992954,-11.046903394290906,-11.447206775206077,-11.713475842758044,-11.72320372713662,-11.356587987672432,-10.566778805513431,-9.400579383776154,-7.977534571402012,-6.4504086176808295,-4.966705012390159,-3.63773441636266,-2.5249617109700235,-1.640283968313009,-0.9559175772480696,-0.4204058347568915,0.0247821382598101,0.4230635167292512,0.7827037278749618,1.0748626414466196,1.2503329445709943,1.261369705529993,1.0846644932467118,0.7334397872539369,0.259402950536847,-0.2590518758925696,-0.7330935339487907,-1.0843257679325191,-1.2610487974985554,-1.2500282064451955,-1.07454975289453,-0.7824185817856366,-0.4228231260898626,-0.0245344940739366,0.4206588951432871,0.9561740442193734,1.640490826200633,2.5251378398429827,3.6379111845369705,4.966849322340788,6.450513453096179,7.977602838069519,9.400604081879482,10.566758615741708,11.356525292952233,11.72309398534941,11.713333513206672,11.447056810675402,11.046718714492451,10.541251740079362,9.822375980389712,8.693557572363922,6.931759056207773,4.359510865712877,0.950749121970328,-2.87384233886736,-3.67095068102646,3.831720400920653,17.49814856965127,36.23349719148006
-36.24239490309944,-17.4986412581641,-3.8226045660499866,3.6763896522271593,2.856211409322545,-0.9750431842337056,-4.384674195345446,-6.957548158772899,-8.720464446056816,-9.85079665255608,-10.571260001010684,-11.07845092655634,-11.480962899682307,-11.750279586683297,-11.764100576458326,-11.402542884515286,-10.618366492170916,-9.457803150063215,-8.039794079166082,-6.516660788569051,-5.035630231473011,-3.707962643446747,-2.595293009437232,-1.70982147459009,-1.02410021060736,-0.4868811295066144,-0.0396469467772592,0.3612306139202169,0.7243444500863442,1.0212174144202186,1.2029425695749385,1.2219566346800856,1.0549595347441096,0.714939129176331,0.2531193334678955,-0.2527639816965129,-0.7145886040029047,-1.054616742804708,-1.2216316996932184,-1.2026334154823113,-1.0209014114297543,-0.7240560830266857,-0.360985400933032,0.0398975807481718,0.4871379107558929,1.0243583102505498,1.71003179183801,2.59547247512576,3.7081411445945327,5.035776438382426,6.516767097797276,8.03986314584749,9.457828123548133,10.618345982167227,11.402479355105562,11.7639892811091,11.750135403614069,11.48081074327655,11.078263848077649,10.571046978384048,9.850548759541056,8.720216761307507,6.957267636013639,4.384347772489868,0.974689295522338,-2.856611753138573,-3.676836503864528,3.8221785351713096,17.498335259777317,36.24210961899976
-36.250811698235474,-17.498706412090947,-3.8130427993044993,3.682174389201988,2.838827570526209,-0.9990883208502944,-4.409632887931716,-6.9831977283002935,-8.747283534870961,-9.879145138559144,-10.601242567342148,-11.110192457229662,-11.514922239357093,-11.787296720154794,-11.805220718976956,-11.448731531435204,-10.670201695325666,-9.515288069318537,-8.102328180087497,-6.583194465731739,-5.104842733388774,-3.778482747967084,-2.665918415691908,-1.7796525655779476,-1.092573202504307,-0.553642102815198,-0.1043539362051979,0.2991294667631866,0.6657310229457064,0.96733888270199,1.155345231784942,1.1823726836356083,1.0251256166138354,0.6963590650578723,0.2468094938610144,-0.2464498215649226,-0.6960042177222822,-1.024778686836128,-1.182043627423157,-1.1550315945022052,-0.9670196558628116,-0.665439577947963,-0.298879394646633,0.1046082018204144,0.5539020058526996,1.0928331357830974,1.7798665041867352,2.6661011710043816,3.778663035630181,5.1049908694179695,6.583302276458967,8.102398079498998,9.515313330574902,10.670180873122122,11.448667246926162,11.80510773954168,11.787150320003605,11.514768613776852,11.110002865977396,10.601026407865623,9.878893392365375,8.747032974228876,6.982913728730871,4.409302556697131,0.9987302689943728,-2.8392324561774744,-3.682626352392949,3.812611448748517,17.49839595064375,36.25052183338708
-36.25901320019624,-17.498638424893187,-3.8034524062395674,3.6878619949868714,2.82129476630625,-1.0232334696224286,-4.43470650437641,-7.008977692339737,-8.7742473346946,-9.907649743617544,-10.631389315179373,-11.142104618031578,-11.549057948925697,-11.824495750665116,-11.846527385493353,-11.495111196185752,-10.722234451049223,-9.572978010820938,-8.165074239201537,-6.64994244247196,-5.174269545430346,-3.8492160678444183,-2.7367548271549182,-1.849690862700652,-1.1612485257088103,-0.6205997987439815,-0.1692505147314447,0.2368474528801752,0.6069485055174199,0.9133076246584776,1.1076151357540338,1.1426813794484505,0.9952126274238744,0.6777311650510017,0.2404838777695613,-0.2401198313914095,-0.677371945175694,-0.9948615071766416,-1.1423481543872358,-1.1072969709838327,-0.912985084002342,-0.6066539871536116,-0.2365924880075285,0.1695086845235064,0.6208626081009337,1.161510406387223,1.8499084937503143,2.736940869334854,3.8493982005853935,5.174419637252869,6.650051778641453,8.16514499089133,9.57300355011916,10.722213301382704,11.49504621664082,11.846412700599064,11.82434700830638,11.548903084710458,11.141912432201671,10.63117002635216,9.907393910229104,8.773994129606097,7.008690209758861,4.434372168223045,1.0228712360453744,-2.821704292513026,-3.6883192269494174,3.803015593374017,17.4983233705841,36.25871862666308
-36.26701299445984,-17.498439829080084,-3.793833281514048,3.693453349238172,2.8036133181067213,-1.0474811494433696,-4.459901198697127,-7.034898272550474,-8.801370173959269,-9.936328393096684,-10.66172171304003,-11.17421226150638,-11.583399169532644,-11.861911215835905,-11.888062279234209,-11.541731583724207,-10.77452245096342,-9.63093733537447,-8.228102369207111,-6.716979651381181,-5.243989165668096,-3.920244906546325,-2.807888714141195,-1.9200260161679628,-1.2302183079467188,-0.6878475775953942,-0.2344308322553524,0.1742910593327045,0.5479053060661155,0.859036742429656,1.059672912327777,1.1028168535362697,0.9651712355149128,0.6590258155590392,0.2341324805538402,-0.2337639534968358,-0.6586621207487526,-0.9648158176903076,-1.102479340882352,-1.05935013845801,-0.8587107907448028,-0.54760761966471,-0.1740311410663117,0.234693025154196,0.6881133079819172,1.2304822390333428,1.920247390020279,2.808078074849597,3.9204289334082274,5.244141229658768,6.717090527615366,8.228173973850398,9.63096314683396,10.774500942008418,11.541665869304683,11.88794578109046,11.861760049077354,11.583243053868928,11.174017458868136,10.661499193796107,9.936068308500756,8.801114221085797,7.034607205125088,4.459562723144596,1.0471146288768391,-2.8040276253185685,-3.693915889771346,3.7933910209276456,17.498120186305293,36.26671371771268
-36.27476578357948,-17.498095072405217,-3.784179169602152,3.6989459925733,2.7857839406100817,-1.0718253343152226,-4.485201873042616,-7.060932024782312,-8.828611276054401,-9.965126958423925,-10.692174858073178,-11.206439887446326,-11.617858713665823,-11.899440199477146,-11.929703226097494,-11.588448478149958,-10.826896584031292,-9.688976230963322,-8.291202909330766,-6.784082183827265,-5.313763093373709,-3.991315731031402,-2.879053048931056,-1.990380686772241,-1.2991984268406,-0.7550975418665193,-0.2996067511091437,0.1117462462529615,0.4888811950813053,0.8047915711871437,1.011762572098135,1.0629848978399483,0.9351599153892806,0.6403406714469636,0.2277877596312741,-0.2274147303495406,-0.6399724820399711,-0.9348001788602612,-1.062643056529631,-1.0114351942961517,-0.8044622276051862,-0.4885800654279921,-0.1114814362984033,0.2998725110651929,0.7553667802807719,1.2994644201771706,1.9906056389501652,2.8792458138017003,3.991501713800013,5.31391715255002,6.784194633178089,8.291275398205789,9.689002352000426,10.8268747558162,11.588381916478834,11.92958499461457,11.89928702744906,11.617700539952676,11.206242643363588,10.691949054687734,9.964863431447895,8.828351882667627,7.060637371007712,4.484859400354251,1.0714544461853466,-2.786202936623797,-3.699413895965196,3.783731270646547,17.49777067916275,36.27446165723477
-36.28224515637662,-17.497594248000595,-3.7744866776781514,3.704337165743555,2.7678057123600674,-1.0962637298871802,-4.5106010135839405,-7.0870643724304685,-8.855948350982073,-9.99401622264016,-10.72271301388455,-11.238745640847029,-11.652387340466058,-11.937024372918648,-11.97138025513436,-11.635179052805,-10.879260591664185,-9.746987011314651,-8.354257378380503,-6.85112243891637,-5.383455851108217,-4.06228508027116,-2.950096750223151,-2.060598219319291,-1.3680283538931093,-0.8221872759337039,-0.364615186716151,0.049374844097044,0.4300347501943816,0.7507230587160416,0.9640231108857994,1.0233027849976566,0.9052686101481192,0.6217312222326251,0.2214685224515821,-0.2210909056219382,-0.6213584537830203,-0.9049044751306664,-1.022956522123408,-0.9636910816346688,-0.7503902706484881,-0.4297298564327735,-0.0491051997789969,0.3648841707923244,0.8224605937215163,1.3682964554284072,2.060826610309568,2.950293017917814,4.062473086116086,5.383611914528921,6.851236466898103,8.354330742516204,9.747013418504787,10.87923844092536,11.63511152593345,11.97126033119377,11.936869390286326,11.652226467681556,11.23854593742636,10.722483859664155,9.993749747277612,8.85568502104717,7.086766014485166,4.51025454451184,1.0958883241653592,-2.768229582965231,-3.704810434296909,3.774033193758742,17.497265129760127,36.28193618111444
-36.28956981134219,-17.49696892590814,-3.764770859003359,3.709630477959164,2.749676941948103,-1.1208148409775296,-4.536142879092969,-7.113372246826748,-8.883492602940349,-10.023140961705357,-10.75350919831414,-11.271330403273394,-11.687217584304104,-11.974938683146862,-12.013421694000469,-11.682312541697828,-10.932070744563054,-9.805481038432603,-8.417829894391854,-6.918704301225025,-5.453709894459895,-4.133835083087628,-3.0217385226183304,-2.1314256840251216,-1.4374746404680956,-0.8898949072898926,-0.430236738171777,-0.0135996779935151,0.3706039489945887,0.6961062266470742,0.9157865612447804,0.9832075167282603,0.8750648963709677,0.6029316810174892,0.2150859144460681,-0.2147036229824683,-0.6025542460721006,-0.8746962592682896,-0.9828567389447376,-0.9154497788860808,-0.6957698339927175,-0.3702955785433607,0.0138743364518803,0.4305099178312334,0.8901712723741527,1.4377451161360963,2.131657822604091,3.0219382200745275,4.1340251663900105,5.453868006490187,6.918819941294637,8.417904168022318,9.805507736704524,10.932048242322384,11.682244121168187,12.013299992423034,11.974781419754626,11.68705490044468,11.27112802239851,10.753276735732578,10.022870572714265,8.883226011118676,7.113070155560592,4.535792242121933,1.1204349401239777,-2.7501057803166717,-3.7101093699850143,3.7643115916933367,17.496634914656365,36.289255836289
-36.29666608518647,-17.496199328978374,-3.7550216999107136,3.714823044330964,2.731400422753975,-1.1454657098809624,-4.561798689420768,-7.139806374971736,-8.911172941109307,-10.052408563716297,-10.78445266010836,-11.304065575600356,-11.722200632423132,-12.013007353624252,-12.055617651530792,-11.729600063623788,-10.985034694670844,-9.86413022632614,-8.481557544824676,-6.986438502799577,-5.524110506781642,-4.205524879729786,-3.093513242689201,-2.202379349530989,-1.5070407456036194,-0.9577163225464294,-0.4959657660319496,-0.0766744164378129,0.3110824262288694,0.6414104679221534,0.8674859473323918,0.9430636853653668,0.84482925657494,0.5841143821785828,0.2086976612533246,-0.2083106160370034,-0.5837322088459529,-0.8444560527236542,-0.9427083245881146,-0.8671443689032876,-0.6410703874394632,-0.3107704589845725,0.0769540918486767,0.4962431499674388,0.9579958643430648,1.507313669538482,2.2026152463052497,3.093716409905772,4.205717110395516,5.524270695280891,6.986555779576035,8.48163274351354,9.864157219530398,10.98501183123643,11.72953073216869,12.05549412595651,12.012847751579375,11.722036109101202,11.30386045213226,10.784216835562765,10.052134172510703,8.910903008158936,7.139500445648923,4.561443785244792,1.145081220611033,-2.7318342312358435,-3.715307495306997,3.754556566565785,17.495860336508386,36.296347024992016
-36.30357804504504,-17.49529817061454,-3.745245822063296,3.719914101340867,2.712975285175757,-1.170222689806963,-4.587583630734866,-7.166393193464212,-8.93902768114208,-10.081868944974117,-10.81560300337893,-11.337020217159466,-11.757416240531349,-12.051324423703155,-12.098079991772918,-11.777174036451193,-11.03830733391959,-9.92310844339789,-8.545631711018235,-7.054529612958344,-5.594875359576726,-4.277585230803423,-3.1656632274654086,-2.2737105127366624,-1.5769839268310477,-1.0259122260141302,-0.5620635580022253,-0.1401091025488307,0.2512156876566702,0.5863935553822419,0.8188987283857111,0.9026826018304128,0.8144164636784406,0.5651893669326303,0.2022737277702501,-0.2018817918107638,-0.5648023221834878,-0.8140385559067287,-0.9023225229019228,-0.8185522376355937,-0.5860496234538461,-0.2509001370912217,0.1403938996017931,0.562345548361316,1.0261946979468362,1.57725944138789,2.2739503228579645,3.1658698676878307,4.277779678747383,5.595037653521177,7.054648539626611,8.54570783636285,9.92313568946297,11.038284030934776,11.777103827159513,12.097954478026184,12.051162135305171,11.757250325332448,11.336812180063896,10.815363692276245,10.081589878361155,8.938754694676867,7.166083311884424,4.587224181206539,1.169833492353664,-2.713414278677832,-3.720404080030351,3.744774866637307,17.4949542050537,36.30325389281748
-36.31021542791725,-17.494238333169445,-3.735429523837004,3.724901459139519,2.694403145446885,-1.1950733204827395,-4.613466894434445,-7.19307805923167,-8.966977078248334,-10.111417401634402,-10.84683493774355,-11.370048588490024,-11.79269570067257,-12.089689950795048,-12.14056999232461,-11.824751288315648,-11.091556780834376,-9.982043487840954,-8.609642029447075,-7.122538378292772,-5.665537161067332,-4.349520482052188,-3.237667603188133,-2.3448784266309586,-1.6467501434449203,-1.0939206861149835,-0.6279669675639759,-0.2033437039532938,0.1915527847883747,0.5315779701472797,0.7705055088875363,0.8624704875264647,0.7841389407391736,0.5463495195937911,0.1958785229852479,-0.1954817190234003,-0.5459576185025369,-0.7837563413193854,-0.862105704840404,-0.7701541800254117,-0.531230224923957,-0.1912332760005284,0.2036334924409808,0.6282528713264398,1.0942069052418126,1.6470282073975098,2.345121916133801,3.237877818161332,4.349717210243685,5.665701577590238,7.12265898760763,8.609719114047007,9.982071028506777,11.091533110054264,11.824680141185183,12.140442648792831,12.08952549355519,11.792527542580991,11.369837870727224,10.84659214939786,10.111134619251162,8.966700390594625,7.1927642961793765,4.613103129754607,1.1946794127000644,-2.694847247304613,-3.72539727006085,3.734952470485014,17.49388918582608,36.309886000693446
-36.316684669599546,-17.493044336950135,-3.7255867141129886,3.729788261834797,2.67568250979253,-1.2200338023283483,-4.639488000488294,-7.219929820458012,-8.995120350592366,-10.141183589977482,-10.878303116602096,-11.403330438046394,-11.828246986259131,-12.128350739637712,-12.183382766588544,-11.872681856126515,-11.145192913062388,-10.041393633819595,-8.674093442410115,-7.19100554286853,-5.736671304537572,-4.42194127471338,-3.310168450623532,-2.416549977692468,-1.7170230001002054,-1.1624353761676236,-0.6943712877974337,-0.2670699710559404,0.1314148496736208,0.47631745983997,0.7217107515400186,0.8219247304541463,0.7536098124270988,0.5273565621411335,0.1894322764455368,-0.1890305620197528,-0.5269597573246491,-0.7532224709036103,-0.8215551953263642,-0.7213545193843026,-0.4759657732419374,-0.1310916446832759,0.2673648844949935,0.6946618821365476,1.162724558125868,1.7173037674518217,2.4167974130925414,3.310382193260905,4.422140336390677,5.736837882353121,7.191127866494932,8.674171520891468,10.04142149482002,11.145168906568086,11.872609959273126,12.18325344903227,12.128183599452797,11.828077695403351,11.4031168970148,10.878056901499397,10.140896022212866,8.994840802132687,7.219612230306324,4.639119743119209,1.2196352634658705,-2.6761317487180443,-3.7302902271671594,3.7251032632655305,17.492689764000655,36.31634975097728
-36.32283231935142,-17.491674264153822,-3.715693303760327,3.7345724549892862,2.656815575042362,-1.2450837744972532,-4.665595062116171,-7.246855842674485,-9.02332245892279,-10.170989761636507,-10.909795456268158,-11.436619140885892,-11.863785028242818,-12.16696837285314,-12.22611415551653,-11.920486175592272,-11.198653155830204,-10.100528398900618,-8.73829058667879,-7.2591869517559635,-5.807485600318696,-4.494006714499504,-3.382282267696393,-2.4878079286142727,-1.7868626071281088,-1.2305025491521606,-0.7603208966972396,-0.3303370844921173,0.071734844648244,0.4215001435909614,0.673332434421488,0.7817371619864645,0.7233623370329176,0.5085398540807986,0.1830449657285106,-0.182638222497129,-0.5081380368763213,-0.7229701363289348,-0.7813627356046939,-0.6729712851029255,-0.4211445514690525,-0.0714071469912982,0.3306369157914384,0.7606148559459883,1.230796451676934,1.7871460136159911,2.4880588315704237,3.382499758025295,4.494208187690659,5.807654337094832,7.259310989113951,8.738369628988629,10.100556553635949,11.1986287847914,11.920413138090726,12.225983075930923,12.166799536882865,11.863612315782197,11.43640296923977,10.909545597537097,10.170699466289404,9.02303829075616,7.246534226879273,4.665222496571019,1.244680282629285,-2.657270138725546,-3.735080352322927,3.715203628707784,17.491314372654983,36.32249198674097
-36.32879952637082,-17.49016139251395,-3.705770413443194,3.739255392292467,2.637801247280863,-1.270242104220467,-4.691836642228331,-7.273942821064646,-9.051709501840568,-10.201001852342095,-10.941509630921944,-11.470144534822165,-11.899575279398524,-12.20585804974735,-12.269140367838173,-11.968610329626362,-11.252460495741968,-10.160033264682628,-8.80287896135985,-7.327773101738392,-5.87871560861319,-4.566498044955419,-3.454829976510078,-2.5595047749458173,-1.8571426301705685,-1.2990089092511976,-0.8267042706443326,-0.3940291746141411,0.0116449667411667,0.3662997586337007,0.6246092125906433,0.7412633182900172,0.6928990265984522,0.489591877630218,0.1766139247778682,-0.1762020649984064,-0.4891849701318532,-0.6925018898220742,-0.7408839257510997,-0.6242430200871538,-0.3659401090143859,-0.0113130091391393,0.3943340875799215,0.8270023237230493,1.2993068370349987,1.8574288401736687,2.5597594126982828,3.455051188351088,4.566701984150323,5.878886559028974,7.327898894600514,8.802959013435407,10.160061729269543,11.252435746340712,11.968536253477346,12.269007399448016,12.205686910272528,11.89940015973234,11.469925482360276,10.941256209641953,10.200707701042043,9.051421419428012,7.27361706999621,4.691459538352432,1.2698336376711803,-2.6382611297007026,-3.7397692725804097,3.705274311320506,17.489795999735996,36.32845361713122
-36.33452144527205,-17.48848967281117,-3.6958065962469,3.743836779044224,2.618640510837529,-1.2955004933376015,-4.718191337570638,-7.301152035338629,-9.08022470851292,-10.231145216537708,-10.973356381280292,-11.503802675163572,-11.935497340581014,-12.24487680932533,-12.31229036631787,-12.01685111864849,-11.30637621350822,-10.219640689200508,-8.86756310963719,-7.396447369862191,-5.950023759401806,-4.639056533185305,-3.527434449325058,-2.6312487108297185,-1.9274613709441284,-1.3675463221853017,-0.8931124848174762,-0.4577392399726045,-0.0484549163655765,0.3110971219568393,0.5758923176776118,0.7008005396495343,0.662449778753173,0.4706549159227655,0.170186780723985,-0.1697697256211547,-0.4702428376363284,-0.6620476226612482,-0.7004160793470676,-0.5755210470400761,-0.3107333514002123,0.0487914932128979,0.4580490476749469,0.8934142751512864,1.3678491003793882,1.9277502549036527,2.6315069372937114,3.5276595274374825,4.639262989619395,5.950196937556375,7.396574935747193,8.867644178385858,10.219669447559696,11.30635107231619,12.01677597023177,12.31215548040004,12.244703345940533,11.935319716079762,11.503580688986204,10.973099338656162,10.23084719206965,9.079932638116029,7.300822080292933,4.717809622478894,1.2950869671518337,-2.619105929853476,-3.744356792392426,3.695304068985273,17.48811877036723,36.33416993057176
-36.34010381871442,-17.486676938874545,-3.685815576109952,3.748321339887192,2.5993323413028158,-1.3208749679005876,-4.744698914852313,-7.32855317396503,-9.108968628337331,-10.261549468964771,-11.005491251486069,-11.537774510346509,-11.971762117116931,-12.284274901852166,-12.355865425374503,-12.065566839274688,-11.360819184185509,-10.27981638874074,-8.932855318829166,-7.465759909766285,-6.021995102370991,-4.7123021482248575,-3.6007462051122765,-2.7037148446877053,-1.9985099447713988,-1.43681692926812,-0.9602479742961236,-0.5221657868692443,-0.109250994438691,0.2552380854446077,0.5265776152673116,0.6598391591638785,0.6316211927638696,0.451485694862575,0.1636816196209406,-0.163259240010019,-0.4510683167137149,-0.6312138964054056,-0.6594495482146264,-0.5262010732630845,-0.2548700028719168,0.109591442683231,0.5224813067742659,0.9605551291714592,1.4371220231859383,1.9988023495239469,2.7039773264979354,3.6009748754880064,4.712511206970447,6.0221705879308,7.465889286222017,8.93293743137371,10.279845453416945,11.360793639460654,12.065490625120344,12.35572856514916,12.28409896377064,11.971582145134226,11.537549474229245,11.005230528592596,10.261247265434775,9.108672629957002,7.328218929954566,4.744312461517259,1.3204563020006097,-2.5998032983800434,-3.748847565974786,3.685306389491744,17.486300311836278,36.339746507364055
-36.34542070641805,-17.484699550738426,-3.675779255356963,3.75270355609899,2.579879635603465,-1.346345731883033,-4.771311804954907,-7.356063447915143,-9.137821949033064,-10.29206069004062,-11.037729398840789,-11.57184491465936,-12.008118747618086,-12.323754436665416,-12.399506409178665,-12.114329790841635,-11.415288420998644,-10.34000274764729,-8.998141477168897,-7.535050786997048,-6.093927833976093,-4.785490954650178,-3.673984147197213,-2.776092110054577,-2.0694576158581803,-1.5059763868865597,-1.0272657514953685,-0.586468369095071,-0.169917386995295,0.1995098327741388,0.4773924173295227,0.6189920293335345,0.6008861460104206,0.432376154048136,0.157196794860378,-0.1567690412012311,-0.4319534318602991,-0.6004736492763525,-0.6185971710232586,-0.4770105946341507,-0.1991374099816339,0.1702622414761554,0.5867892074061773,1.0275774918919085,1.506285319614978,2.069753187785144,2.776358551651332,3.6742166122636464,4.7857026583457625,6.09410562974066,7.53518199630578,8.998224652637624,10.340032137735683,11.415262480900555,12.114252473046031,12.399367553608544,12.32357603412354,12.0079362736092,11.57161685095481,11.037465025679378,10.291754401464653,9.13752186913173,7.355724819436908,4.770920567227893,1.3459218560447974,-2.580356275051261,-3.753236156764019,3.675263365599885,17.48431716367933,36.34505756553663
-36.350524167108254,-17.48256499889629,-3.665703654481693,3.756985777343856,2.5602812600351075,-1.3719219023581877,-4.798051108933905,-7.383718832763158,-9.166836028975096,-10.32274482101612,-11.070149856603164,-11.606105694834106,-12.044674098926096,-12.363442076947496,-12.443365777930929,-12.163321310348852,-11.469995746837368,-10.400435145967077,-9.06368017891038,-7.604597613277455,-6.166117013055152,-4.858935341457087,-3.747475758982244,-2.848720182977978,-2.140651930017841,-1.5753773414301782,-1.0945187529516274,-0.6509977995155358,-0.2307984747180291,0.1435840420144556,0.4280336611397017,0.5780034552932328,0.5700473548166467,0.41320431056739,0.15069114511821,-0.1502579453284243,-0.4127761678973582,-0.569629605016864,-0.5776033138480963,-0.4276465375376229,-0.1432071859979018,0.2311479051479127,0.6513239203832747,1.0948350607890804,1.5756903280250298,2.140950659221908,2.848990596676791,3.747712101772106,4.859149749017428,6.166297140771605,7.604730678352198,9.063764426140043,10.400464866730433,11.469969434214978,12.1632429236217,12.443224948976257,12.363261219573996,12.044489085575773,11.605874570573102,11.069881833305462,10.322434484191763,9.16653188420092,7.383375823735241,4.797655070221163,1.3714927960151069,-2.5607636541327183,-3.7575250348452953,3.6651808386959503,17.482176668336077,36.35015503423219
-36.35540562981884,-17.480271339204172,-3.655587278650159,3.7611670589062207,2.540538527794137,-1.397600685090317,-4.824911913320224,-7.411511955453468,-9.196000825622749,-10.353589215679849,-11.102737281796884,-11.640538835215258,-12.081406841401762,-12.40331222331021,-12.487412066276674,-12.212503318410752,-11.524896676965422,-10.461063960570248,-9.129417034018587,-7.674341175687853,-6.23849967651769,-4.932568896123037,-3.821151454574487,-2.921526814457103,-2.212018891453592,-1.6449452836647172,-1.16193177182495,-0.7156792832021327,-0.2918211487626051,0.0875307032848355,0.3785655178083841,0.5369274014160663,0.5391456919191508,0.3939953247331264,0.1441734570075776,-0.1437347278281314,-0.3935616831059884,-0.5387225765733213,-0.5365218515100166,-0.3781729785322437,-0.0871493255106854,0.2921750692425935,0.7160109260289022,1.1622529657371092,1.6452619523445466,2.212321018914912,2.921801355180635,3.821391636263352,4.932786080165332,6.238682193132735,7.674476132824494,9.129502393245428,10.461094026338753,11.524869949729949,12.212423810444658,12.48726921020866,12.403128812016426,12.08121940291041,11.640304565150574,11.102465514746374,10.353274590443112,9.195692628297127,7.411164487174738,4.824510953584039,1.3971662500079205,-2.541026770310106,-3.761713018221572,3.6550574335636097,17.479876960600734,36.35503040749967
-36.36004608719994,-17.477811167930316,-3.645425686391055,3.7652479887782513,2.52065143357988,-1.4233811811735522,-4.851890109502342,-7.439434207398852,-9.225303035732855,-10.384576080786172,-11.13547023320702,-11.67511931087984,-12.118287919903429,-12.443330318556086,-12.53160390810811,-12.261826583661652,-11.579933103004503,-10.52182398783592,-9.195279788939647,-7.744204141215116,-6.3109934868107,-5.006304115192289,-3.894919325526486,-2.994416664451173,-2.28346088800211,-1.7145805164106878,-1.2294052834394191,-0.7804137964722162,-0.3528878213805785,0.0314427973443581,0.3290739733180265,0.4958367631872563,0.5082377286650182,0.3747844007302995,0.1376553228517118,-0.1372109478348657,-0.3743451493066425,-0.507809145513022,-0.4954257128663427,-0.3286759635584104,-0.0310567733739172,0.3532465342900182,0.78075076798851,1.2297312309948196,1.7149015340666482,2.28376628312903,2.994695260711528,3.895163512655925,5.006524146726906,6.31117842262117,7.744341016935838,9.195366262747342,10.5218543789975,11.579905952106884,12.261745919865476,12.531458964623964,12.44314433593789,12.11809784234828,11.674881818065472,11.135194631989826,10.384257179660018,9.224990596513678,7.439082138662853,4.851484111847746,1.4229412706896314,-2.521145627528136,-3.765800597120401,3.644888766042728,17.4774106754084,36.3596647021314
-36.36446281735685,-17.475184977077205,-3.635219443558672,3.7692313035101424,2.5006211535027743,-1.449265663250643,-4.878992649715879,-7.467498148391177,-9.25476079723961,-10.415728731618785,-11.168376690483,-11.709879702683391,-12.155355475044743,-12.483541923621162,-12.575996491167516,-12.311356800727866,-11.635181318218718,-10.582799004912744,-9.26135992008941,-7.814284625441893,-6.383702432343326,-5.080250818947507,-3.9688941876388752,-3.067508770533923,-2.3550995725801487,-1.784406444978773,-1.297062785446365,-0.8453240325381659,-0.414118995615036,-0.0247947483461548,0.2794526679535848,0.4546420752694309,0.4772544895305609,0.3555288635412433,0.1311223039519436,-0.1306722289753191,-0.3550839460082583,-0.4768203780324505,-0.4542254492527727,-0.2790491508390958,0.0251854834982298,0.4144826229687895,0.8456662698089449,1.2973935113781714,1.7847320413409724,2.3554082625061152,3.067791404223038,3.9691424515874942,5.080473765716032,6.383889836759744,7.814423471484739,9.26144756403996,10.582829766250525,11.635153766789704,12.31127494993532,12.575849453368614,12.483353431874448,12.155162714225652,11.709639003543328,11.168097179765974,10.415405546751144,9.2544440132068,7.467141488531552,4.878581637076577,1.448820244181403,-2.501121257406074,-3.76979070766359,3.634675170724945,17.474778132343395,36.36407504660426
-36.36863509157293,-17.472387320072823,-3.624964961106578,3.773115100618821,2.4804473284908406,-1.4752522748317891,-4.906213297792986,-7.495691962795274,-9.284356569297032,-10.44702433708121,-11.201428955012732,-11.744787542286844,-12.192571151912649,-12.523900874704758,-12.620533365973865,-12.361026263502,-11.690562189243517,-10.643901726172812,-9.327561916961193,-7.884479988459566,-6.456517934207558,-5.15429454870064,-4.042956499621118,-3.14067924452135,-2.426808298872606,-1.854294329872324,-1.3647756569556009,-0.9102821829243716,-0.4753891170951021,-0.0810620921807117,0.2298122804226037,0.4134363464064816,0.4462675289355308,0.3362730097293163,0.1245894223372099,-0.1241335293370602,-0.3358223152570759,-0.4458277668981226,-0.4130140109574445,-0.2294031943904236,0.0814576698364785,0.4757580841507615,0.9106293583996742,1.365110842942017,1.8546255556865177,2.427120066234561,3.140965720972777,4.043209051562328,5.154520462754824,6.4567078173642205,7.884620815554038,9.327650725671148,10.643932835566927,11.69053419797766,12.360943161583435,12.620384188503047,12.523709820844822,12.192375558637078,11.744543525108122,11.201145490047212,10.446696867579162,9.284035329147152,7.495330531182111,4.905797099539103,1.474801194729055,-2.4809535941882634,-3.773681379908273,3.624413386050146,17.47197414984162,36.36824096026224
-36.37255107771356,-17.469416868394266,-3.614660140880424,3.776898624388096,2.460131242749173,-1.501338182866244,-4.933546276767906,-7.524006251800392,-9.314077260340698,-10.478446117174528,-11.234606945156106,-11.779819394260423,-12.229907586717756,-12.56437438161373,-12.665174507696058,-12.410786548169272,-11.746018746063369,-10.70506874771133,-9.393816191065792,-7.954714851303062,-6.529359587426501,-5.228350148851697,-4.117017209365852,-3.213835803089798,-2.498492721597871,-1.9241488378500504,-1.4324480197915594,-0.97519283479316,-0.5366045213567024,-0.1372696209274274,0.1802353272420643,0.3722894329767643,0.415330512494605,0.3170502598969879,0.1180680958650452,-0.1176063434877656,-0.3165937453114126,-0.4148850438027762,-0.3718613315396375,-0.1798206913130283,0.1376701073115446,0.5369791826462156,0.9755446404418896,1.4327873456478823,1.9244865533976248,2.498807416965749,3.2141259238860678,4.117274220647201,5.228579086533428,6.529551975810691,7.954857696400032,9.393906198284018,10.705100227669693,11.745990331545622,12.410702195036688,12.665023234753756,12.564180851128768,12.22970900084512,11.779572065186455,11.234319513683245,10.478114509429268,9.313751461050895,7.523640058853189,4.933124916556566,1.5008814111853834,-2.4606437225473634,-3.777472009248021,3.61410104368645,17.468997187658378,36.37215041614146
-36.37624018739358,-17.466272047697274,-3.604306951437706,3.780585632607761,2.43967326155676,-1.527528570429345,-4.961004805285094,-7.552464033264454,-9.34395554547912,-10.510035852764068,-11.267960520663054,-11.815033204381312,-12.267432377424218,-12.60504313057451,-12.710017902555183,-12.460754855706076,-11.8016880804193,-10.766450872262885,-9.46028778321319,-8.025166754879287,-6.602416030786224,-5.302617316638777,-4.191285106695643,-3.287195108680815,-2.570374340609688,-1.994195096722745,-1.5003050441204346,-1.040279906591739,-0.5979855387468743,-0.1936278512404201,0.1305268169537551,0.3310370794571411,0.3843162786441017,0.2977816844399247,0.1115315867576846,-0.1110638756699813,-0.297319247669255,-0.3838650125075993,-0.3306031216094781,-0.1301065413719216,0.1940333716242614,0.5983658838029908,1.0406365011513394,1.500648803884142,1.994538946652169,2.57069229477434,3.2874889551569613,4.191546586686557,5.302849356535517,6.602610975813708,8.025311651714064,9.460379010730776,10.766482731147274,11.80165923644498,12.46066922529655,12.709864512152649,12.604847062588757,12.267230776633795,11.814782479471164,11.267669062576164,10.509699995379355,9.343625135885535,7.552092990955597,4.960578199416564,1.5270660149902486,-2.4401920341597454,-3.781166216581944,3.603740184611682,17.465845716652918,36.37583286308624
-36.37974759279808,-17.46295623183849,-3.5939100487775586,3.784178825895712,2.41907196541115,-1.553832293252606,-4.988608813513785,-7.581098885865694,-9.37403887270109,-10.541853928318435,-11.30156175997712,-11.85051252807876,-12.30524275407226,-12.646022501564548,-12.755202960225544,-12.5110978642997,-11.8577646431802,-10.82826322731189,-9.527211677952966,-8.096088490400886,-6.675955557812712,-5.37737895148385,-4.2660550015110665,-3.361061877605237,-2.6427638968556724,-2.064747470860143,-1.568661395302829,-1.1058558811416546,-0.6598386860583741,-0.2504298091932141,0.0804166058363807,0.2894503228365707,0.3530481384669662,0.2783566700131273,0.1049423191526616,-0.10446848236279,-0.2778881500031977,-0.3525909053481757,-0.2890103605881462,-0.0799905197138828,0.2508405286721804,0.6602245162301935,1.1062177467068035,1.569010240099308,2.065096423162774,2.643085710892144,3.361359730892362,4.26632084602366,5.377614190696087,6.676153122271374,8.096235464326528,9.527304136259373,10.828295448654028,11.857735326198886,12.51101090219374,12.755047383787897,12.6458237653024,12.305038072440793,11.850258279794431,11.301266189768194,10.541513654063504,9.373703727973826,7.580722827120033,4.988176781039099,1.553363786935961,-2.419597230383393,-3.784766655211277,3.593335559888073,17.462523172898926,36.37933352366058
-36.38297484812624,-17.45946004827839,-3.5834558168698005,3.787671757856705,2.3983295048533173,-1.580233272605344,-5.016318696385223,-7.609841780883682,-9.404228419741903,-10.57377362970858,-11.335258785441464,-11.88608062232906,-12.3431322227156,-12.687066239470036,-12.80043062033996,-12.56145707129792,-11.913828620756933,-10.890041523533885,-9.594079310177802,-8.16693172543947,-6.74939517225879,-5.452018687108972,-4.340683179832174,-3.434768957160252,-2.714979997703232,-2.135114642819941,-1.6368249894279074,-1.1712327853403923,-0.7214878892725667,-0.3070289415617302,0.0305021481502696,0.2480343716845303,0.3219164920861257,0.2590189334705703,0.098383164749899,-0.0979031642272122,-0.258544291859908,-0.3214532505112853,-0.2475883419978219,-0.0300702901906624,0.3074449324536277,0.7218797799728278,1.1715993010121777,1.6371782755853894,2.13547041042479,2.7153051113363107,3.435070498580057,4.340953693897266,5.452257170402215,6.749595368340907,8.167080819753123,9.59417303268101,10.890074130382594,11.913798841429562,12.56136875680326,12.80027288213766,12.68686490106382,12.342924323278188,11.885822855427453,11.334959095179322,10.573429030551758,9.403888429978004,7.609460660000791,5.015881238566343,1.5797587701622482,-2.398861292496393,-3.788267000066429,3.58287342707133,17.45902011406611,36.38255390454798
-36.38599883648767,-17.45578666694093,-3.57295305626054,3.7910701997953016,2.3774452650502,-1.6067442007073405,-5.044166200839589,-7.638748246401223,-9.43460359071678,-10.605896609246743,-11.369173099766908,-11.921878576970348,-12.3812652559501,-12.728370171176682,-12.845938236994614,-12.61211652485605,-11.9702123128298,-10.95215270300889,-9.661292135730053,-8.238128903207224,-6.823194447129423,-5.527022310107871,-4.415676711263262,-3.508841705437365,-2.787559048283448,-2.2058409575865454,-1.7053405565244637,-1.2369520808412218,-0.7834654379221997,-0.3639343277745943,-0.0196873009467493,0.2063908717409575,0.2906130223870868,0.23957571339225,0.0917886092474913,-0.0913022786659263,-0.2390947883602699,-0.2901436112673138,-0.2059386308537505,0.0201250983629687,0.3643557671493455,0.7838632425276564,1.237323636913943,1.7056988542811646,2.206202743859792,2.7878879694745846,3.50914718146544,4.415951837702151,5.527264139388025,6.823397345090967,8.23828014949872,9.661387135869868,10.952185691012826,11.970182051676309,12.612026801864271,12.845778215563817,12.728166036763872,12.381054130721386,11.921617146793308,11.368869140691372,10.605547398224514,9.434258644295912,7.6383618787787055,5.04372310358724,1.6062635047717804,-2.377983736554109,-3.7916727370716266,3.57236273634794,17.455339789663505,36.38557094072745
-36.388784408170565,-17.45193131185546,-3.562395539453292,3.7943733497583128,2.3564200074523765,-1.6333603972902178,-5.07213902662312,-7.667796043226738,-9.465131898950014,-10.63818072840788,-11.403254087664154,-11.957847459395564,-12.419573037290888,-12.769852240198327,-12.89162642135008,-12.662957208833529,-12.026776009424374,-11.014441388204697,-9.728679400822486,-8.309495803488025,-6.89715704955027,-5.602181709593252,-4.490817820552006,-3.5830541856652056,-2.8602700696152463,-2.276691841083877,-1.7739730301249466,-1.3027799081592308,-0.8455413294333408,-0.4209259953232693,-0.0699483886571975,0.1646923967720494,0.2592715010272906,0.2201106813448725,0.085187041582412,-0.0846943086925565,-0.2196233992798913,-0.2587958411672912,-0.1642338651707344,0.0703921867277223,0.4213529991309954,0.8459451556458956,1.3031564933491158,1.7743364233606855,2.2770597759336058,2.860602853005977,3.5833636254410397,4.491097611918175,5.6024269449851625,6.897362680817664,8.309649229161364,9.728775696198866,11.014474759415798,12.026745258374715,12.66286608162916,12.89146415073398,12.769645328652464,12.419358589647407,11.957582314876108,11.402945882939676,10.637826994496695,9.464781967373137,7.667404366974481,5.071690226016258,1.6328734497099435,-2.356965314222057,-3.794983491654267,3.561797126295756,17.451477358463652,36.38834944938172
-36.39132994911496,-17.44789072294543,-3.5517818571628053,3.797582302895085,2.3352551026571238,-1.6600812214688891,-5.1002367368595,-7.696984985323156,-9.495813283747804,-10.670625942687252,-11.437501629363124,-11.99398708460525,-12.458055343221169,-12.811512188883752,-12.937494772712752,-12.713978403913009,-12.083518637062978,-11.07690601592624,-9.796239104140495,-8.381030169569305,-6.971280610136397,-5.677494515845329,-4.56610411585659,-3.6574040565583,-2.933110791349953,-2.347665098550523,-1.842720313064788,-1.3687143131369897,-0.9077138044715136,-0.4780023535015855,-0.1202798652914006,0.122939875221551,0.2278924429597153,0.2006240691355795,0.0785784989575106,-0.0780792634975871,-0.2001303336279403,-0.2274104422560575,-0.1224749780742489,0.1207297211009778,0.4784350604047482,0.908123786272362,1.369095889893146,1.8430889099768344,2.3480393546320864,2.93344749642946,3.657717492631383,4.566388658991066,5.677743229405096,6.971489019393392,8.381185808051807,9.796336708964992,11.076939773654455,12.083487411877734,12.7138858826665,12.937330240070184,12.811302463813805,12.457837488047314,11.993718167492718,11.43718915279674,10.670267667047286,9.495458294538562,7.696587919011131,5.099782158587444,1.6595879357553278,-2.33580735267411,-3.798200225817545,3.551175181069394,17.447429536767906,36.39088778124882
-36.39364930423615,-17.443666020742885,-3.5411130571076543,3.800697350081962,2.313950054621517,-1.6869097242424758,-5.128465667392167,-7.726325505276332,-9.526662394164092,-10.703250736998864,-11.47193764647558,-12.030322624995176,-12.496741221141448,-12.853384128625295,-12.98358405183436,-12.76522853301935,-12.140496336827225,-11.139608830224484,-9.864038990805994,-8.452804494307944,-7.045641777783107,-5.753041139450192,-4.6416190671817175,-3.7319771387548326,-3.006168470303034,-2.418848746722417,-1.9116703505585584,-1.4348425008103285,-0.9700682543643808,-0.5352449782036788,-0.170756733034143,0.08106935057993,0.1964264305388058,0.1810847174648887,0.0719524222005322,-0.0714465683823385,-0.1805844125875463,-0.1959379651912735,-0.0805979679687974,0.1712127501544647,0.5356835256609276,0.9704844339531568,1.435229138691526,1.912044386723104,2.4192293119525594,3.0065092041453547,3.73229468378781,4.6419084040252026,5.753293414482678,7.045853025595805,8.452962393910886,9.864137943286886,11.13964299533334,12.140464615154642,12.765134551198509,12.983417210438684,12.853171566284407,12.496519846063553,12.03004986905263,11.47162076918675,10.70288784554557,9.526302186691597,7.7259229602842545,5.128005223926984,1.6864099760155329,-2.3145093123549345,-3.801323089842653,3.5404979540231447,17.443197445462314,36.39319978539202
-36.39571641308761,-17.439253092382156,-3.530384774319828,3.803716371768564,2.2925046956309005,-1.7138428310218818,-5.1568166520389465,-7.755800744968761,-9.557654513514985,-10.736023263314904,-11.506523636412734,-12.066809117658233,-12.535577742501202,-12.895404620268089,-13.029816664061816,-12.816614039088307,-12.1975996196299,-11.202428830194329,-9.931947024122229,-8.524676188221521,-7.1200890064949744,-5.828661847381327,-4.717196302065636,-3.8066012824292463,-3.079267497711118,-2.4900649422019736,-1.98064492047802,-1.500987320975525,-1.032430700915519,-0.5924870742143212,-0.2212251021774338,0.0392115029688733,0.1649741984670757,0.1615560342182725,0.0653305439315114,-0.0648179781667921,-0.1610490700762824,-0.1644791717717585,-0.0387335445506328,0.2216873502038616,0.5929316162462437,1.0328532443472966,1.5013788738429563,1.9810244922193203,2.490452233678134,3.0796121231736207,3.8069229680324432,4.717490562576182,5.828917734340358,7.12030312998232,8.524836377236374,9.932047339010849,11.202463406860742,12.197567402806154,12.816518588076208,13.02964749539922,12.89518913023772,12.53535286828534,12.066532432235364,11.50620235607137,10.73565564661052,9.55728909554946,7.755392594948572,5.156350214711604,1.7133365188485228,-2.293071128036938,-3.804350120475922,3.529761141929101,17.43877703238883,36.39525946009744
-36.3975451031643,-17.4346505986627,-3.5195974277652677,3.806641881916317,2.270919632893445,-1.7408832684716622,-5.185296497241814,-7.785422445665729,-9.588806298753012,-10.768964522728927,-11.541284667497488,-12.103475547996704,-12.57459875550926,-12.93761388640586,-13.076241477273552,-12.868193492999836,-12.254896574521975,-11.265440737231534,-10.00004417840486,-8.596732307947029,-7.194714422340508,-5.904453391810432,-4.792936280009854,-3.881380141509375,-3.1525134468377387,-2.5614203852825086,-2.049750789465897,-1.5672548907198445,-1.0949052774076595,-0.6498284334579337,-0.2717770549980176,-0.0027118313484071,0.1334754816338813,0.1420000462138258,0.0586998032107768,-0.0581804179073899,-0.1414863165799587,-0.1329737782373224,0.0031964783654458,0.272245617531385,0.6502791268495468,1.095334287190049,1.5676512584148103,2.0501361513591445,2.561814654998376,3.1528618625968416,3.881706064332659,4.793235564995776,5.904712956601725,7.194931478867898,8.596894832415321,10.000145887596153,11.265475729749571,12.254863820178736,12.868096527662727,13.076069946940269,12.937395449189976,12.574370296932074,12.103194874461543,11.5409588989878,10.768592115775691,9.588435540325309,7.785008602007703,5.184823977115678,1.740370278216364,-2.271493342068692,-3.80728373539974,3.5189651159993938,17.43416690657749,36.397080575519496
-36.39914414055869,-17.42985445306143,-3.5087509229314637,3.809476273654267,2.249195315473913,-1.7680333085035134,-5.213910852358125,-7.815200185397629,-9.620130844871415,-10.802090755534618,-11.576239714000527,-12.140343699968538,-12.613829515248687,-12.980042158913507,-13.12289574348072,-12.920012014829204,-12.312440256196387,-11.328701545533916,-10.06839183304055,-8.669039054229122,-7.26958800016089,-5.980489359075282,-4.868915155012662,-3.956392711135465,-3.225986655483408,-2.6329968826616565,-2.119069877425375,-1.6337264183893798,-1.1575722100926582,-0.7073462322528316,-0.322484538476056,-0.0447612047580245,0.1018833534847323,0.1223870240480661,0.0520499573055762,-0.0515236478689516,-0.1218664236017268,-0.1013748703146708,0.0452526294396831,0.322959546395723,0.7078032090775238,1.1580074977331312,1.634128001421072,2.1194614731941344,2.63339739223503,3.2263393259008417,3.956723091172265,4.869219398271987,5.980752688345609,7.269808059710273,8.669203954063224,10.068494973228272,11.328736992601346,12.312406991268247,12.919913534513142,13.122721806903671,12.979820679565329,12.613597484763606,12.140058989382917,11.575909408387236,10.801713417693458,9.619754700006672,7.814780590484607,5.213432172277702,1.767513558541598,-2.2497763723224007,-3.810126408513423,3.508109699290447,17.42936292301515,36.39867185335283
-36.40054075489198,-17.424866627531138,-3.497848425582617,3.8122204754001543,2.227332615515084,-1.795296015913522,-5.242669239143356,-7.845151846634984,-9.651654373980874,-10.835435880954789,-11.61142923290179,-12.177460486638394,-12.653324415512566,-13.022753985267494,-13.169857020093678,-12.972162155043293,-12.37033851449197,-11.39233055982563,-10.137119519274012,-8.741735044769479,-7.344856428805254,-6.056923962661365,-4.945293166729569,-4.031804083649787,-3.2998551599048773,-2.704964265385314,-2.188772530532763,-1.7005709098132429,-1.2205974228484031,-0.7651993097161477,-0.3734941028453291,-0.0870619565418038,0.0701006275153763,0.1026554397117295,0.0453601118304835,-0.044826705862713,-0.1021277967741226,-0.0695852050866813,0.0875602985086873,0.3739757657669975,0.7656626869835144,1.221038745151161,1.7009785168779337,2.1891707009954104,2.705369959844543,3.3002128353692783,4.03213921298784,4.94560223106291,6.057191175663385,7.345079569926512,8.74190235073526,10.137224106215148,11.392366446972076,12.370304704159343,12.972062155402082,13.16968057828034,13.02252918767014,12.65308898504444,12.177171571324893,11.611094287506884,10.835053201125293,9.651272882054927,7.84472634520459,5.242184174965171,1.7947693413590284,-2.227921212562211,-3.8128789314546103,3.497198204354985,17.42436715266703,36.40006060547342
-36.40165365018428,-17.419683317749868,-3.486877964504033,3.8148687175358336,2.2053300408467686,-1.8226621228224669,-5.27154203297339,-7.875221975795229,-9.683296049803694,-10.8688954951728,-11.6467284847128,-12.21468077116814,-12.692914100338358,-13.065546512207142,-13.216877889180116,-13.024345565104674,-12.428240765037485,-11.455941951737891,-10.205807272793503,-8.814367730662179,-7.42003922008814,-6.133250310145423,-5.021542867214707,-4.107068379512968,-3.373562504221382,-2.7767580795558144,-2.25829264506532,-1.7672261689232287,-1.283427539643374,-0.8228570362641049,-0.424314489073256,-0.1291965260510191,0.0384507962314806,0.0830096293571375,0.038700013275601,-0.0381594713402481,-0.0824749009355164,-0.0379283751686074,0.1297018385715521,0.4248027650859344,0.823326986261646,1.283875404795382,1.767638846340656,2.258697326582946,2.777170702021343,3.3739241424068007,4.107408175517046,5.021857110858229,6.133521414698772,7.420265473420426,8.814537501585543,10.2059133456243,11.455978304858464,12.42820641952462,13.0242440048229,13.21669899795359,13.06531865496948,12.69267484109664,12.214387673506153,11.646388836630797,10.86850786966455,9.682908930385793,7.874790527686427,5.271050610513361,1.822128454171264,-2.2059261844030016,-3.815535635229912,3.48621850074239,17.419175684599026,36.401165442641485
-36.40254791214344,-17.414304467601358,-3.4758477601285214,3.8174250539402457,2.1831878810496,-1.850141329709888,-5.30055563969194,-7.905458102220758,-9.715124137805043,-10.902557148534031,-11.682241458238105,-12.252124994906715,-12.732738387244192,-13.108586384873558,-13.264160570395331,-13.076805297867557,-12.48643217842504,-11.519849622636697,-10.27479648640066,-8.887304388921823,-7.495525873835512,-6.209878998568374,-5.098091206824238,-4.182627014061225,-3.4475583366682243,-2.848834146945244,-2.328087185903084,-1.8341459257717685,-1.3465089950856366,-0.8807472363569623,-0.4753417165286735,-0.1715017534029234,0.0066726676082875,0.0632845500847914,0.0320133562539963,-0.0314655382864128,-0.0627426005169066,-0.0061431141454796,0.1720141680112682,0.4758367767092444,0.8812239052031245,1.34696329926439,1.8345640388000344,2.328498714059672,2.849253275182757,3.447924255188385,4.182971680918397,5.098410620083014,6.210154074317216,7.495755308812524,8.887476659167124,10.27490407024374,11.51988644547668,12.486397284964635,13.076702172690227,13.263979133008927,13.108355242001384,12.732495463806774,12.251827604592703,11.68189705802901,10.90216424282266,9.714731423184348,7.905020552432562,5.300057652550549,1.84960052499424,-2.183791771910139,-3.8181006009393488,3.475178963756482,17.413788587371084,36.40205157691497
-36.40319880722281,-17.408726761406868,-3.46475336015764,3.819889468457483,2.160906933551276,-1.877730481938904,-5.329701438923967,-7.935844500620231,-9.747115686166424,-10.936390981994894,-11.717932359981944,-12.289751438124028,-12.772748639082758,-13.151815444534208,-13.311634364298351,-13.129456184043216,-12.544812574521837,-11.58394245394038,-10.343965841037685,-8.96041443411229,-7.571177706248606,-6.286663716699182,-5.174785883364709,-4.25832258160912,-3.5216822086459354,-2.921029964201925,-2.397993225174421,-1.9011684204953705,-1.4096828045564356,-0.9387177448489769,-0.5264352460112152,-0.213857887252908,-0.0251409324510951,0.0435387991804547,0.025320080113566,-0.0247648945086031,-0.042989534674287,0.0256777166468684,0.2143774925950148,0.5269371830949421,0.9392012802691336,1.4101435921846277,1.9015919584350425,2.398411857579432,2.9214557207485776,3.522052348437366,4.258672250601511,5.175110549232433,6.286942819046452,7.571410382045172,8.96058924980837,10.344074974188455,11.583979772871718,12.54477713818688,13.129351504142528,13.311450378073744,13.151580973204284,12.77250203456844,12.289449724572092,11.7175831719568,10.935992733007073,9.746717325585124,7.935400804207612,5.329196825132271,1.8771824728568407,-2.1615186763713194,-3.820573918619305,3.4640749896209355,17.40820242742127,36.402694166218254
-36.40361547650587,-17.40294810068771,-3.4535952208322334,3.822263206106169,2.138486666349014,-1.9054326868374576,-5.358985429034662,-7.9663906554518675,-9.779283543618147,-10.970412812845511,-11.753819770639542,-12.327581351464232,-12.81296939350827,-13.195262621743808,-13.359334441970065,-13.182340529149377,-12.603431297288845,-11.648274088120994,-10.413372820531285,-9.033759334057544,-7.647059283681538,-6.363671692385087,-5.251696077981916,-4.334226231157952,-3.596006181801172,-2.9934183810436057,-2.468083633109978,-1.968365753220754,-1.473019769866388,-0.9968365371601784,-0.5776579231073663,-0.2563184202481388,-0.0570313082331761,0.0237460020762311,0.0186110534941934,-0.0180483326690261,-0.0231892578777879,0.0575754874672193,0.2568453513539165,0.5781668896258433,0.99732709128117,1.473487054283403,1.9687950349888907,2.468509583838096,2.9938505312829338,3.596380861870871,4.334581049730192,5.2520260266651375,6.363954922214644,7.647295274480569,9.033936735270544,10.413483521428285,11.648311894368565,12.603395279188527,13.18223422093648,13.359147829549796,13.195024749503894,12.812718922192063,12.327275192450845,11.75346564916993,10.97000913494024,9.778879314245389,7.965940620830901,5.35847400070258,1.90487726748205,-2.139106425607664,-3.8229564739831927,3.452907210512355,17.402415209740276,36.40310241780123
-36.40378478860169,-17.396968142842486,-3.442370909129254,3.824544703182226,2.115926963358188,-1.9332464615437528,-5.3884025891650245,-7.997087107373715,-9.811613948961114,-11.004604975146504,-11.789882453950511,-12.365589940644858,-12.853371490805747,-13.238892740521404,-13.407217094757092,-13.23540481579788,-12.66222485706571,-11.71277501992971,-10.48294201597575,-9.107257303757178,-7.7230835871096515,-6.440811183473365,-5.328726538461103,-4.410239146706917,-3.6704295047770046,-3.065896956501549,-2.538255522175344,-2.035635831882465,-1.536419030422898,-1.0550064322040928,-0.6289195361122291,-0.2988065513740674,-0.0889390807572691,0.0039440028169138,0.0118993441016182,-0.0113289951009481,-0.0033796868534899,0.0894907601944199,0.2993409154664097,0.629435616725644,1.0555041817423296,1.536892972605047,2.0360705598273183,2.5386890810226963,3.066336031070132,3.670808370503944,4.4105992275060455,5.329061924213768,6.441098577107415,7.723322940316673,9.107437330384569,10.48305431658354,11.712813345665737,12.662188279013694,13.235296875369052,13.407027839804368,13.23865146230132,12.853117063242804,12.365279332058822,11.789523358253083,11.004195886133388,9.811203762270145,7.996630697866272,5.387884282780178,1.9326835596178749,-2.1165549260338654,-3.825247188444554,3.4416730647214138,17.396426538150234,36.40326318838304
-36.40371363265955,-17.3907829066183,-3.431080702457367,3.8267358766412167,2.093227891058417,-1.961174412943304,-5.417958307370695,-8.027942574321992,-9.844118656424405,-11.03898192753174,-11.82613722316072,-12.40379633219072,-12.893976902376908,-13.282731816746091,-13.455314232890055,-13.288687770875685,-12.721238921133043,-11.777494540808236,-10.552726221357862,-9.180965259814052,-7.799310788291542,-6.518145295471767,-5.405942482381393,-4.486428867093688,-3.745020771470345,-3.1385354936047607,-2.608578980186143,-2.1030481787346704,-1.5999493514942484,-1.113293819484418,-0.6802819547076503,-0.3413749973495142,-0.1209050691392936,-0.0158933908759252,0.0051758354660803,-0.0045977062315917,0.0164654279653585,0.1214643890644488,0.3419169061286978,0.6808052707249107,1.1137989377775657,1.6004299903037469,2.103488537370612,2.609020411213802,3.138981352832662,3.745404057262748,4.486794327882221,5.406283376157817,6.518436958035297,7.799553589987938,9.181147969721764,10.552840153385356,11.777533369155238,12.721201743120217,13.2885781381154,13.455122278515764,13.282487084838415,12.89371842574224,12.40348116478826,11.825772967208945,11.038567275073282,9.843702359065334,8.027479661876987,5.417432975300415,1.960603840288737,-2.0938641317153253,-3.8274474540166574,3.4303728444067967,17.39023238913842,36.40318329831467
-36.403369650744025,-17.38439058073244,-3.4197191537746745,3.8288356598973663,2.0703900455241318,-1.9892118309961837,-5.447639755278633,-8.058933851481756,-9.87676401392141,-11.073500234489494,-11.862532261216511,-12.44214051586056,-12.934715932800865,-13.326696681645418,-13.50352451127914,-13.342066671293384,-12.780328713789135,-11.842272486472638,-10.622551344203668,-9.2546955408907,-7.875541499545669,-6.595463890491064,-5.483125475903958,-4.562569809550785,-3.819550024615972,-3.211101168731009,-2.67882032081618,-2.170370457551304,-1.6633818980749615,-1.1714788998039756,-0.7315417086785848,-0.3838495535071503,-0.15279427659268,-0.0356802930156162,-0.0015300284784645,0.0021160100354532,0.0362601297869589,0.1533613319467343,0.3843991012523647,0.7320723005235135,1.171991593657624,1.6638694139199135,2.170816028179624,2.6792699988384525,3.2115542554756176,3.8199374679724185,4.562940717760785,5.48347201387367,6.595759859129069,7.875787797026898,9.254880977239557,10.622666944394398,11.842311857339883,12.780290957000457,13.341955304428206,13.50332989662544,13.326448605253535,12.934453027409113,12.4418207868328,11.862162867737014,11.07308029971691,9.8763413223896,8.058464325551347,5.447107373529391,1.9886335051231223,-2.0710347086731598,-3.8295566492577606,3.419001120415303,17.383831020866364,36.40283047750608
-36.40278441288419,-17.377789763026577,-3.4082908078916057,3.830844312279463,2.047411765523238,-2.0173658440673847,-5.477462308476249,-8.090086754653639,-9.90958616837952,-11.108205805898164,-11.89912163290696,-12.480684611468693,-12.975660060365824,-13.37087191733967,-13.55195006377142,-13.395664310467282,-12.839638529951282,-11.907268156138285,-10.692590250296858,-9.328633902779732,-7.951972614366174,-6.6729742318867045,-5.560490856889273,-4.638884191716208,-3.8942434976356974,-3.283823081060356,-2.7492095275581128,-2.237831258782656,-1.7269417551191382,-1.229777819093616,-0.7828990557897723,-0.4264016619555941,-0.1847397847204137,-0.0555013373280027,-0.0082472052230287,0.0088411596792265,0.0560890887173995,0.185314695448733,0.4269589643293857,0.7834370249632591,1.2302982444700836,1.72743620789438,2.2382822186652453,2.749667601879529,3.284283220493163,3.894635490490128,4.639260599486192,5.560843059196093,6.673274610355386,7.952222471348644,9.328822100358757,10.692707544367314,11.907308097683158,12.83960022950107,13.395551230817016,13.551752733529304,13.370620359989964,12.975392761798878,12.48036024938096,11.89874708342134,11.107780431023317,9.90915706297116,8.089610513621764,5.476922747174425,2.0167796536728675,-2.048065019162105,-3.8315749560000234,3.407562405857903,17.377220978562335,36.40223623609928
-36.40197351883193,-17.370979906313405,-3.396797881695061,3.832762690810954,2.0242937735070834,-2.0456385916881703,-5.507432261956243,-8.121412946839747,-9.942601820557355,-11.14312015095902,-11.935930664799423,-12.519457743280014,-13.016842713534032,-13.41529709676789,-13.600638606892062,-13.449537903422067,-12.899235274248444,-11.972554815360526,-10.762921782858026,-9.402864667520154,-8.028693169589442,-6.750769729234688,-5.638135416517551,-4.715471716903558,-3.969202676997557,-3.3568038758503285,-2.819849650241687,-2.305532924483634,-1.79072965798993,-1.2882873118660976,-0.8344436182651823,-0.4691081806544157,-0.2168012370329854,-0.0753946160377208,-0.0149887540459954,0.0155908188358631,0.0759904201762887,0.2173841354737665,0.4696733530480626,0.8349890701859506,1.288815563287937,1.7912311356672124,2.3059897428884177,2.8203159881350746,3.35727070545648,3.969599946944319,4.715853594546863,5.6384932427644765,6.75107467496577,8.028946664648611,9.403055680640438,10.76304081356484,11.972595311631094,12.899196358597962,13.449423112954674,13.60043854348786,13.415041831372712,13.01657139166066,12.51912856926092,11.935550869842434,11.142688867546928,9.942166524179967,8.1209299510859,5.506885382403274,2.045044436263418,-2.024955689602531,-3.8335031317702737,3.3960588178214417,17.37040162661068,36.40141609433897
-36.40090763971205,-17.363961698330893,-3.385235586875611,3.8345882650363454,2.001034322428837,-2.074027890629499,-5.537539140508092,-8.152891426034378,-9.975779935074629,-11.178202641541416,-11.972910990038734,-12.558403629346904,-13.058198490701402,-13.459893433002092,-13.649493294829684,-13.503569316548894,-12.958978873266084,-12.037978872327358,-10.833379860133766,-9.477208535831842,-8.105512512980082,-6.828649461143276,-5.715850184234175,-4.792115873502274,-4.044207462967203,-3.4298197227456813,-2.8905158259476766,-2.373251245011918,-1.854525069295076,-1.346794904643596,-0.8859778970284223,-0.5118002014659855,-0.248847740314767,-0.0952764400065615,-0.0217258719622925,0.0223361526721755,0.0958804001993698,0.2494387412651886,0.5123733552652004,0.8865309312550466,1.3473311600796405,1.8550336995004304,2.3737137185943697,2.890990659670858,3.43029373960152,4.04460973047268,4.792503363206697,5.716213770974773,6.828959029101964,8.105769710795713,9.4774024183627,10.833500672329611,12.038019967223534,12.958939357606663,13.50345276592284,13.649290457870269,13.459634502337822,13.057922834413962,12.558069665952264,11.97252588417618,11.17776559925593,9.975338092132402,8.152401554990464,5.536984860264174,2.0734256360800853,-2.0017050042001925,-3.835338635398789,3.3844856907310863,17.363373765916382,36.40034083189423
-36.39957004528792,-17.35672781405988,-3.3736007441539835,3.836323765810773,1.97763367757098,-2.102533888662768,-5.567780957852463,-8.184516702639351,-10.009112068719109,-11.21344058009977,-12.010046990806265,-12.59750379248543,-13.09970604748106,-13.50463609065973,-13.698484675343993,-13.557724325787618,-13.01882980312972,-12.103494390173587,-10.903913243369352,-9.551611130119552,-8.182372977893815,-6.90655220557585,-5.793570807787204,-4.868750796953708,-4.119190363319134,-3.502802892663817,-2.961140103597145,-2.4409184434209554,-1.918261522262473,-1.4052376399265083,-0.937444012476832,-0.5544275659347155,-0.2808398228493844,-0.1151222719900039,-0.0284505435114875,0.0290691694647309,0.1157345107905387,0.2814390606418023,0.5550088381878759,0.938004688098686,1.4057820241557568,1.918777610848286,2.441386678095394,2.9616232193818246,3.503284156965878,4.119598225132497,4.869143773428705,5.7939401766726935,6.906866523800215,8.182633941860185,9.551807920106947,10.904035850426755,12.103536082493294,13.018789701467668,13.557605858433972,13.698279064813644,13.504373913989438,13.099425260577304,12.59716500107069,12.00965639790064,11.212998329190418,10.008663236330626,8.184019756644068,5.567219238808812,2.1019233581855628,-1.9783133279285623,-3.8370841792293375,3.372839908899438,17.356130108776448,36.398993739130056
-36.39803152446224,-17.349283203983298,-3.361905063014661,3.837967887562398,1.9540915943883164,-2.131165656749669,-5.59818342632848,-8.216336599785453,-10.042666781514686,-11.248924234004194,-12.047445367641505,-12.636881669746408,-13.141507225587905,-13.549693187178052,-13.747815249607672,-13.612245348466152,-13.07907222012151,-12.169416287048255,-10.97486349758852,-9.626437899669062,-8.259661305277673,-6.984885080700052,-5.871720705578595,-4.945812692417145,-4.194595613603001,-3.576202832315374,-3.0321736522885687,-2.508984117923,-1.982381105443481,-1.4640395523354597,-0.989234917319351,-0.5973280149742021,-0.3130403534941411,-0.1350992829689605,-0.035219659241719,0.0358468057884511,0.1357199750856503,0.3136480069294265,0.597917569450266,0.9898033760537338,1.4645921765931904,1.9829048055110543,2.509458521922807,3.0326648548824724,3.57669127400512,4.195009640032802,4.946211160496014,5.872095856481232,6.98520428842436,8.25992610715675,9.62663763921912,10.97498793038879,12.169458568792033,13.079031470231389,13.61212507485162,13.74760667427799,13.549427034446971,13.14122245586508,12.636537734644932,12.047049277659005,11.24847547342634,10.042211692205903,8.215832482101325,5.597613960635907,2.130546747360209,-1.954780371573437,-3.838738514293108,3.3611330648889526,17.348675508284963,36.39744552420049
-36.39625675611256,-17.341625550969397,-3.3501430529409646,3.839520904495673,1.930407253113376,-2.1599207170818606,-5.628735766893084,-8.24832933117304,-10.07641161974939,-11.284609770694086,-12.085054201330012,-12.676476620803388,-13.183532180444772,-13.59498053561385,-13.797383234268493,-13.667009648733426,-13.139561195436489,-12.23558350223169,-11.046055233205845,-9.701500649887944,-8.337177735261413,-7.063436873672189,-5.950079348219017,-5.023073716443107,-4.270191150722681,-3.649784115677313,-3.103379751877315,-2.5772117940902723,-2.046651312213878,-1.5229774752692882,-1.0411432889966772,-0.6403235758785981,-0.3453105929180653,-0.1551194157196837,-0.0420033809770204,0.0426391895146867,0.1557487030126828,0.3459267846047897,0.6409215193722544,1.0417196961936444,1.5235383853895124,2.047182654117456,2.577692982218684,3.103878746273428,3.650279594619264,4.270611819440264,5.023477758550244,5.950460275108426,7.06376108870701,8.337446453197376,9.701703389377524,11.046181515090945,12.235626371766694,13.13951979534301,13.666887525438222,13.797171684104368,13.594710585498694,13.183242970784194,12.67612753299046,12.08465246552021,11.284154783627905,10.07594993324155,8.247817920393368,5.6281584578676975,2.159293280516991,-1.9311052809404057,-3.8403019054632295,3.349359684703834,17.341007675120153,36.39566090259594
-36.39422236602153,-17.333753595995734,-3.338310866352662,3.840981560063329,1.9065796826772765,-2.188797128440077,-5.659429703533619,-8.280478451835384,-10.110322024125225,-11.320465332154914,-12.122835092654244,-12.716243987734297,-13.225728680169036,-13.640435867325138,-13.847112265717222,-13.72192434157993,-13.200187006949983,-12.301874973696636,-11.117357680180238,-9.776658437993962,-8.414772485595673,-7.142050242132527,-6.0284835329204425,-5.100365471677851,-4.345805284973132,-3.723372996496253,-3.174583925523716,-2.6454281042892838,-2.1109013121699265,-1.581886983473605,-1.0930169867301816,-0.6832833021732098,-0.3775492464795946,-0.1751176252554055,-0.0487791754072496,0.0494237745344758,0.1757556322847915,0.3781741129748924,0.6838897685436147,1.0936014838889336,1.5824562848361177,2.111440451175556,2.6459161174902137,3.175090692742553,3.72387595999225,4.346232494130298,5.100775204399997,6.028870351301999,7.142379530259382,8.415045184268113,9.776864222068406,11.117485836756051,12.301918458879792,13.20014495691894,13.721800247937589,13.846897674882287,13.640162215213367,13.225434648005535,12.715889709255062,12.122427589141882,11.320004278955675,10.10985339976023,8.279959584030063,5.658844456391381,2.188160998515281,-1.907287103990034,-3.8417729532543374,3.3375160175142264,17.333125415748,36.39361653946472
-36.39194657512656,-17.325666195595044,-3.326411936395794,3.842349707132543,1.882607800964335,-2.217799493428936,-5.690274754705302,-8.31279970662869,-10.144419900012863,-11.356518672400188,-12.16082049520201,-12.756221007672318,-13.26813938311356,-13.686109686306631,-13.897063089371551,-13.777062423195195,-13.261035263052724,-12.368384662246887,-11.188871783106018,-9.852019077367784,-8.49255924298102,-7.220844158216232,-6.107056374597991,-5.177814633462557,-4.421566736624398,-3.797099682647151,-3.2459167200448333,-2.7137630643186674,-2.175258850987457,-1.6408908245802507,-1.1449697670827037,-0.7263050326240703,-0.4098322194279448,-0.1951425465046173,-0.0555637901400874,0.0562173290240226,0.1957894246811739,0.4104659055812518,0.7269201547579043,1.1455625058575387,1.641468641168792,2.175805911928816,2.714258057964245,3.246431321529509,3.7976103301405857,4.422000539843167,5.178230204883407,6.10744918057612,7.221178597816036,8.492835995289385,9.852227951345585,11.18900184026068,12.36842877565562,13.260992564334924,13.77693636239114,13.896845394629672,13.685832177920574,13.267840526466037,12.755861440704004,12.160407174979698,11.356051354780298,10.143944270826854,8.312273224100089,5.689681387632815,2.2171545109494617,-1.8833248097962532,-3.843151689627289,3.325605457933627,17.325027567821284,36.39133065672046
-36.38943095384163,-17.317362717038574,-3.3144473132163026,3.843624358651451,1.8584903366278016,-2.246930022059479,-5.7212733953692245,-8.345295932823484,-10.17870848683796,-11.392773218981556,-12.199014165244778,-12.796411621869478,-13.31076843816295,-13.732006172900762,-13.94724010014509,-13.832428632039973,-13.322111187920925,-12.435118376397932,-11.260603889442852,-9.9275894645684,-8.570545420265727,-7.299826439251303,-6.185806039331252,-5.255429714542864,-4.497484177373948,-3.8709729848296086,-3.3173869749766065,-2.7822254705891982,-2.23973265194454,-1.6999975227435693,-1.197009547578952,-0.7693957425279154,-0.4421649722555394,-0.2151977280283974,-0.0623584825051785,0.06302108733704,0.2158536048700967,0.4428075954365552,0.7700196153028344,1.1976106618824414,1.700583943626956,2.2402877144400914,2.782727703341373,3.3179094485762515,3.8714913575526833,4.497924700873619,5.25585125058439,6.186204900455328,7.300166111246501,8.570826297578156,9.927801481484824,11.260735868764778,12.43516309303081,13.322067809417817,13.832300595990503,13.947019361085829,13.731724829347447,13.310464638498235,12.796046664013591,12.198594998978058,11.392299696215051,10.17822580282948,8.344761778332627,5.720671825995724,2.2462760860789985,-1.859217083141015,-3.844437236764709,3.313628934821546,17.31671339500708,36.38880472923577
-36.38668007119738,-17.308842531463345,-3.3024182434731144,3.84480605642766,1.8342272149426464,-2.27619032951614,-5.752428676180294,-8.377971921240093,-10.213194158855543,-11.429236871563493,-12.237425026141002,-12.836825826020153,-13.35362711543913,-13.778138704019938,-13.997659271715994,-13.888041944898136,-13.383436604671454,-12.502099233694464,-11.332577945029282,-10.003394490239916,-8.648756569925164,-7.379023141064811,-6.264758950201553,-5.333237481828336,-4.573584504225425,-3.945019937690193,-3.389021641889597,-2.850842116969144,-2.304348831756335,-1.7592320534767043,-1.2491594478436157,-0.8125752606798573,-0.4745627923040684,-0.2352930721198517,-0.0691666962248292,0.0698385202986303,0.2359581036516487,0.4752145001089677,0.8132080119041581,1.2497690901141327,1.7598272084994449,2.304912009026531,2.8513517694620654,3.3895521035524907,3.945546119865694,4.574031857557123,5.3336651385111535,6.2651639568206585,7.379368132366532,8.649041653675468,10.003609700802292,11.332711885707726,12.502144572633677,13.38339253778189,13.887911918618023,13.997435403467184,13.777853348004436,13.35331850135992,12.83645538906138,12.236999886388428,11.428756823549485,10.212704416647036,8.377429992796216,5.751818744069294,2.2755272967625126,-1.834963841639016,-3.8456299680423607,3.3015877468594304,17.308182305481765,36.386043356464135
-36.383662868925775,-17.300104254627954,-3.2903201109617783,3.845893034488104,1.809815640013701,-2.30557950827762,-5.783731166914557,-8.410807205022065,-10.247845596601104,-11.465867481852552,-12.276002884001048,-12.877404995730735,-13.396647496190702,-13.824425140798066,-14.048220576287994,-13.94378089892489,-13.444868023863938,-12.569168996259895,-11.404623639818954,-10.079251754751349,-8.726999473780191,-7.4582312743663,-6.343704325811792,-5.41102076812849,-4.649646323891353,-4.019016438627671,-3.460595514987651,-2.9193883194705794,-2.368886140232361,-1.8183815228183908,-1.3012218628776182,-0.8556729586769395,-0.5068931726698488,-0.2553434881330316,-0.0759591427364476,0.076640290880963,0.2560177734604069,0.5075540764093429,0.8563147104196985,1.3018401997117492,1.818985460313028,2.369457465439896,2.9199056627003515,3.461133936692767,4.019550506308124,4.650100662736211,5.411454657520031,6.344115531040039,7.45858165972733,8.727288834654775,10.079470208039584,11.404759581886609,12.569215010602226,13.444823298062405,13.943648672475655,14.04799363499456,13.824136301687204,13.396332947194464,12.877029167016063,12.275571631145436,11.465381868660188,10.247347993691644,8.410257299629977,5.7831128674392325,2.304907201471989,-1.8105622761300408,-3.846728097374491,3.289477356581497,17.29943299710911,36.383015560319954
-36.38043837594262,-17.291150644570116,-3.2781645526477416,3.846884318331605,1.785255651706799,-2.33510586596279,-5.815203981745336,-8.44384426515258,-10.282724408404,-11.502745688223447,-12.314842522472436,-12.918258710071244,-13.43995522380631,-13.871015462248696,-14.09910426764784,-13.99986215934509,-13.506659802609445,-12.636608233387696,-11.477043051323117,-10.1554839676705,-8.805615231289648,-7.537808796847067,-6.4230136727314,-5.489161945186324,-4.726059119550523,-4.093356444321884,-3.532504276490521,-2.9882586934113595,-2.433732899972469,-1.87781926377202,-1.3535431841425334,-0.8989879965403501,-0.5393887887349406,-0.275498162760411,-0.0827870626062234,0.0834777075286486,0.2761818781173749,0.5400590641494744,0.8996389120307461,1.3541703721036416,1.878432146890672,2.434312578609332,2.988783739652125,3.533050873390524,4.093898661890434,4.72652044354719,5.489602214317392,6.423431207348898,7.53816466825329,8.805908956770523,10.155705732586611,11.477181053048357,12.636654939701012,13.506614374908295,13.999727822584187,14.098874145640147,13.870722485191006,13.439635715904396,12.917877207135115,12.314405148124573,11.502253368242068,10.282219501552888,8.443286332331153,5.814577102490146,2.334424188475426,-1.786012447992284,-3.8477308004745545,3.277309214082992,17.29046804766041,36.37978019575819
-36.37696317365707,-17.281977843859746,-3.2659448945693046,3.847780629046375,1.7605458080354206,-2.3647664995041,-5.846833768351292,-8.477055838717316,-10.317789409686208,-11.539816084226898,-12.353878236634998,-12.959310401363023,-13.483462167957574,-13.917803731796202,-14.15018282618746,-14.05613214417367,-13.56863108589637,-12.704215921099443,-11.549618227210647,-10.231857653963562,-8.884356338424217,-7.617494828681457,-6.50241531188261,-5.567381037894594,-4.802537310668752,-4.1677509824294265,-3.604457477147681,-3.0571633869344783,-2.498603724694469,-1.9372710756106657,-1.4058689425632611,-0.9423006172849536,-0.5718783776308,-0.295647654847024,-0.0896130609592996,0.0903133572438907,0.29634095692407,0.5725581684117278,0.9429608261462508,1.406505157440777,1.9378929941956855,2.499191805977611,3.05769657948533,3.605012277103572,4.168301150154365,4.803005978509346,5.567827835611149,6.502839209969832,7.617856287510942,8.884654509258828,10.232082776076073,11.549758291027084,12.704263303677957,13.568584968630844,14.05599561393532,14.149949579282492,13.917506923693956,13.483136819631556,12.958923212199757,12.353434641130065,11.539317734683094,10.317276602592337,8.47648966137175,5.846198201806198,2.3640752416594117,-1.7613129921158646,-3.848638722001879,3.2650768502404035,17.281283780379017,36.376294017583895
-36.3732893226712,-17.272590484681313,-3.253672312326554,3.848579351781139,1.7356845852002136,-2.394569992554197,-5.878641544344058,-8.510479415031243,-10.353094596751133,-11.577148826811351,-12.393192441992438,-13.000654999694037,-13.527276955948988,-13.964918748037052,-14.201610182328068,-14.1127751123916,-13.630997648304795,-12.772230827293718,-11.62260669025207,-10.308648003995486,-8.963513953780543,-7.69759499225979,-6.58222658363196,-5.6460045331629365,-4.8794135060696044,-4.242536293648812,-3.676792801519544,-3.1264390791827497,-2.563829953709072,-1.9970554990824951,-1.4584944947864558,-0.9858663662135468,-0.604560838883156,-0.3159194904284447,-0.096480943224414,0.0971911053942318,0.3166225880727631,0.6052503459302363,0.9865360653051384,1.4591399509804206,1.9976866240992317,2.564426630371897,3.1269806348875626,3.6773559333911576,4.2430945443740935,4.879889717559963,5.646458013417269,6.5826569534647446,7.697962158668033,8.963816673665711,10.308876559514196,11.622748877404586,12.772278898369851,13.630950798624218,14.112636438378226,14.201373681297223,13.96461756622062,13.526946410777176,13.000261893454988,12.392742557737987,11.576643536756697,10.352574152606158,8.509904820971599,5.877997000234187,2.3938689555924064,-1.7364623822645704,-3.849449203303151,3.252791319136429,17.27188470354674,36.37260897337356
-36.3693821021181,-17.26298784021948,-3.2413417084093874,3.849279083161453,1.7106691784348065,-2.424514696334264,-5.91061591947479,-8.544090834866065,-10.388603198423414,-11.614695068079824,-12.432726924992748,-13.042224676577632,-13.571321003124917,-14.01226613464143,-14.253271576172995,-14.1696517652506,-13.693594800875037,-12.8404710198724,-11.695812458682104,-10.385644467166044,-9.042864198749776,-7.777873811670606,-6.662202686359813,-5.724779771388404,-4.956429764890909,-4.317451081194551,-3.749247447322001,-3.195823478380694,-2.6291529222027723,-2.056923112580561,-1.5111882808343935,-1.029484651186105,-0.6372804102386032,-0.3362133063818016,-0.1033560393511199,0.1040762055909988,0.3369263377404277,0.6379797669794172,1.030163965127944,1.5118431014854483,2.0575635641032424,2.629758352899632,3.1963734442171634,3.749819086173691,4.318017614250715,4.956913517416328,5.725240072790731,6.662639645540896,7.778246769672838,9.043171546918964,10.385876522904187,11.695956805148178,12.840519790074724,13.69354719183823,14.16951088422278,14.253031836389145,14.01196070176204,13.57098497553106,13.04182559972956,12.43227061272624,11.614182984438012,10.388074931545178,8.54350779739212,5.9099623633420615,2.42380378082404,-1.711457693676368,-3.8501609942561,3.240447443846422,17.262270056607022,36.368690315120176
-36.36523564261928,-17.253168812575062,-3.2289538052178157,3.8498798084155,1.6854982945771158,-2.454602243872732,-5.942757148853203,-8.577888499524807,-10.424311711646745,-11.652448686306911,-12.472474267847405,-13.084010357252629,-13.615583902050282,-14.0598326196985,-14.305151090160775,-14.226742754414763,-13.756399355622502,-12.90890985040362,-11.769205926331642,-10.462815311040556,-9.12237331032868,-7.858295039262112,-6.742305353336955,-5.803667341434919,-5.033545604380374,-4.392454469961015,-3.821780207736932,-3.2652752915859944,-2.6945318773617566,-2.11683498544274,-1.563914002966336,-1.0731241319434868,-0.6700123774873854,-0.3565135707781545,-0.1102331945736017,0.1109635224447727,0.3572366953680838,0.670721741876632,1.0738132328640737,1.5645784051012308,2.11748482371509,2.6951460660854707,3.2658342735138635,3.822360288076621,4.393028920238333,5.034037523409758,5.804134578699685,6.742748875899625,7.858673917041227,9.12268537438445,10.46305091468271,11.76935247455522,12.90895936829141,13.756350998590156,14.226599430316844,14.304908133933743,14.059523443395,13.61524122231767,13.083605355583485,12.472011325721212,11.651930719121996,10.423774752642348,8.577296775963884,5.942094523801703,2.453881210798864,-1.686297722520557,-3.8507738546950594,3.228046141555227,17.25243888760391,36.36453230064844
-36.36091636396361,-17.243141238977575,-3.21652310983027,3.850376460668088,1.6601691679133348,-2.48484337553329,-5.975091396225819,-8.611918933784606,-10.460286704192594,-11.69049755043904,-12.512536805935753,-13.126130112637956,-13.66019975433434,-14.107778140632991,-14.357438716681637,-14.28427504944265,-13.81967719984501,-12.977841721563326,-11.843104437229512,-10.54049874808204,-9.202398471272486,-7.939233874586273,-6.8229242884546295,-5.883067573429503,-5.111169213926768,-4.467958650925986,-3.8948051802660992,-3.3352074818457558,-2.7603734273074703,-2.17718152971196,-1.617034096081752,-1.117098633756505,-0.7030014738031362,-0.3769770612041416,-0.1171660669993966,0.1179067874866638,0.3777105084191246,0.7037210782640198,1.1177977350353807,1.6177082259975444,2.177841093741864,2.7609968381445658,3.3357748175799937,3.89539426636793,4.468542095685899,5.111668565806195,5.883541990166519,6.823374733042378,7.939618734240105,9.202715358978246,10.540737996777382,11.843253245363222,12.97789199556282,13.819628082905377,14.284129639339978,14.357192207469046,14.107463735441442,13.65985260826604,13.125718704510971,12.512067320955673,11.689971273499504,10.459742361771188,8.61131837111036,5.974419156803836,2.484112068959822,-1.6609797862461386,-3.851282949926583,3.215601764238242,17.242398893811735,36.36020123475214
-36.35632982296549,-17.232897152201584,-3.204033672670611,3.850771709517826,1.6346796817184397,-2.515229196795284,-6.007585566826261,-8.646117255544056,-10.49643188611974,-11.72871291852588,-12.55276305428699,-13.168408153006078,-13.704967419962324,-14.15586147464527,-14.409844945171816,-14.341900087434556,-13.883018020096348,-13.04681242888004,-11.917018817226058,-10.618172100814268,-9.282386117284211,-8.020108457291737,-6.903454900006249,-5.962358564990634,-5.188665867669516,-4.54332219428713,-3.9676776196722665,-3.404976968342357,-2.826043839634987,-2.2373534233965664,-1.6699828854671033,-1.160917918181607,-0.7358659553570552,-0.3973585715016106,-0.1240704071425716,0.1248216376048804,0.3981024570613423,0.7365959095081737,1.161627138195465,1.6706669034273232,2.238022721995155,2.8266763727824507,3.4055533644550624,3.968275615178167,4.543913944054214,5.18917349813978,5.962840220886597,6.903912159671205,8.020499430674347,9.282707890754487,10.61841501446186,11.917169888508324,13.046863482561076,13.882968164204048,14.341752194105414,14.40959506549467,14.155543075388003,13.704613418787751,13.167990632917457,12.552286800721882,11.728180479550778,10.49587855826091,8.64550761699559,6.006903865147383,2.514487391127442,-1.635501628064632,-3.851690673963908,3.203098548523332,17.23214228795851,36.35560282508745
-36.35151091667146,-17.222438845781117,-3.1914947457833,3.851063176427327,1.6090285030017728,-2.5457660724208067,-6.040254782866893,-8.680510115180132,-10.532784778907113,-11.7671437927995,-12.593209836340623,-13.210909905935232,-13.749961087484325,-14.20417115890543,-14.462475365392576,-14.399744914466474,-13.946571136077765,-13.115985905905786,-11.99112455353586,-10.696022539841747,-9.362534126573165,-8.101126309706913,-6.984112447606675,-6.04176166488061,-5.266261319858505,-4.618773306530935,-4.040626916509509,-3.4748126651917746,-2.891768643760027,-2.2975676081422574,-1.722961987325677,-1.204756675053933,-0.7687416838711073,-0.4177456252685241,-0.1309763609346423,0.1317382593364666,0.4185001057538569,0.7694821366420612,1.2054761517220247,1.723656033604059,2.298246756760617,2.8924104708240077,3.4753983389588954,4.041233824965865,4.619373366574029,5.266777558748246,6.042250636076287,6.984576565621174,8.101523514411785,9.362860853929652,10.696269157242464,11.991277901831952,13.116037731670197,13.946520534027506,14.399594438318424,14.462222186366178,14.203848906958877,13.749599689697192,13.210486166966492,12.592726768094366,11.76660557385057,10.532222140047228,8.679891199061645,6.039563511201728,2.545013592842926,-1.6098620042673153,-3.8519949142265073,3.1905456939188483,17.221671321885214,36.35077194666426
-36.34650729213148,-17.211771734256462,-3.1789188739298657,3.851246988587015,1.5832129292053545,-2.5764633950194167,-6.073119878468986,-8.715134030951326,-10.569396979377087,-11.805856507886798,-12.633955042922691,-13.253724967975192,-13.795283281348606,-14.252828376492252,-14.515474127454562,-14.457982816177728,-14.010539358932856,-13.185585341479062,-12.065660361067971,-10.774304426327706,-9.44311162591789,-8.18256877027712,-7.065188191429315,-6.121576217808654,-5.344260669751305,-4.69462014469616,-4.113962466815587,-3.545022739253876,-2.957851188427851,-2.3581160420220084,-1.7762419304788033,-1.2488500768965245,-0.8018114036884265,-0.4382562623092262,-0.1379248106599375,0.138697584395187,0.4390215401165607,0.802562554204153,1.2495800056989568,1.7769461857435624,2.358805226134407,2.9585025201640485,3.545617752749981,4.114578501476127,4.695228747936435,5.344785584392528,6.122072681416334,7.065659288635282,8.182972320509542,9.443443403514316,10.774554811742416,12.065816036077996,13.185637964171075,14.01048798904928,14.457829735517176,14.515217596279898,14.252501871813031,13.79491492277385,13.2532947921564,12.633465128938257,11.805311871580326,10.568825203733192,8.714505675842497,6.072418856653458,2.5757000727370394,-1.584058164503027,-3.852191713783194,3.1779555651790203,17.210991232990246,36.34575606880398
-36.34138701857833,-17.201111695929892,-3.1665541461131657,3.851323654785202,1.5577534371520572,-2.6066991700641844,-6.105505792162352,-8.749265834875679,-10.605493132933985,-11.844017446560784,-12.674115239278017,-13.29591704225603,-13.83993764343312,-14.300750326189256,-14.567653769360517,-14.515297999113708,-14.073468620053967,-13.254023193874758,-12.138922909508556,-10.851226982029177,-9.522271502144948,-8.262558057799707,-7.144800691042716,-6.19994159934884,-5.420831556813087,-4.7690733642365775,-4.1859426052982815,-3.613930954387697,-3.022698639262762,-2.4175291640104293,-1.82851788203954,-1.2921084365782682,-0.8342505558889597,-0.4583764755511755,-0.1447416188185441,0.1455252309121905,0.4591524748186539,0.8350122770540134,1.2928486275729203,1.8292319954439664,2.4182281624167765,3.0233593405876147,3.614534964955544,4.186567579771854,4.76968919868497,5.42136642714555,6.200444947292506,7.145278202588383,8.262967989520286,9.52260805341458,10.85148078474436,12.139080535998794,13.254076289508196,14.073416219735378,14.515141466248076,14.56739427962713,14.300421806894809,13.83955862893428,13.295481008272,12.673618490000951,11.843470098158448,10.604910505533343,8.74862809401802,6.104795594614193,2.605925232186012,-1.5586101315237222,-3.8522808164542512,3.165577325134278,17.200318917813696,36.34062417197586
-36.33595332236602,-17.190029553031977,-3.1539015200279263,3.851292808429216,1.531606120242738,-2.637714283214244,-6.138741114045387,-8.78430152599927,-10.642553499178758,-11.883198960303591,-12.715344013458507,-13.339224712130328,-13.885761747179435,-14.34991436052611,-14.62117152318134,-14.57405281955904,-14.137949238808064,-13.324124124268105,-12.213941306430405,-10.929968505701368,-9.603281095044505,-8.344400593965865,-7.2262460186578785,-6.280098834625265,-5.499148115645373,-4.845215575484882,-4.259551811069865,-3.684392373543633,-3.0890055265459853,-2.478273618684788,-1.8819608098328928,-1.3363298860794135,-0.8674114303537537,-0.4789430521074792,-0.1517093820988392,0.1525042010092171,0.4797301739268454,0.8681841450892497,1.3370807771321025,1.8826853203409708,2.478983012841248,3.0896759132207814,3.685005829138991,4.260186511126237,4.845839624147766,5.499692153925665,6.280610010008826,7.2267304714916385,8.344817117323707,9.603622819155024,10.930226122922749,12.214101250428795,13.324177951351398,14.137895986614105,14.573893275409254,14.62090888533058,14.349582064589958,13.88537452339884,13.338781939979723,12.714840434705518,11.882645966218048,10.641961100903568,8.783654044804653,6.138021031105374,2.636929252279006,-1.5324747456838534,-3.8522631546200174,3.152910017326515,17.189223405071512,36.33517789246422
-36.33031878820191,-17.178744197413618,-3.141217807724736,3.851147143032622,1.5052833148001388,-2.668898652952277,-6.1721726948814695,-8.819557831821728,-10.679851606137758,-11.922632373717608,-12.756833297681553,-13.38280076583632,-13.931860292232736,-14.39936083172078,-14.674974379918396,-14.633096958427853,-14.202719560145724,-13.394513232005425,-12.289243225726748,-11.00898273184773,-9.684548683633867,-8.42648784737923,-7.307922859299573,-6.360473259376806,-5.577670264099357,-4.921551533217097,-4.333344189107812,-3.755024653238535,-3.1554700728449707,-2.5391578282324287,-1.9355238353280892,-1.3806482568443814,-0.9006448488955536,-0.4995536566306524,-0.1586916259660817,0.1594978386936531,0.5003520982599826,0.9014287749486518,1.3814100905163802,1.9362589886175177,2.539877809347555,3.1561505091523707,3.755647738321209,4.333988442382139,4.922184628864712,5.578223377134051,6.360992385227086,7.30841452309164,8.426911084964582,9.68489573857272,11.00924432127784,12.289405643544658,13.394567909177226,14.202665493794925,14.632934599018482,14.67470847255649,14.39902402347488,13.931465780087729,13.382350967510629,12.756322781733852,11.922072590398647,10.679249795202663,8.81890042605459,6.171442431117643,2.668102295194137,-1.5061641762689104,-3.852131103583999,3.140211204043505,17.177924270404002,36.32953043182264
-36.32443848119859,-17.167249373355368,-3.128498731136702,3.850889138540384,1.4787853179298516,-2.700247835764747,-6.205785748444377,-8.855005611518383,-10.71734381747732,-11.96225808779357,-12.798512406189392,-13.426562537213744,-13.978138807105916,-14.448976014174615,-14.728928449265103,-14.69227034659304,-14.267592858658755,-13.464981296710846,-12.36460123120525,-11.08802847632992,-9.765821284862309,-8.50855248517837,-7.389551806300696,-6.440779773085645,-5.6561066188836095,-4.997787863046209,-4.407024191208133,-3.825533945527755,-3.221801360434416,-2.5999041517647297,-1.98894872563806,-1.4248396394326963,-0.9337748604945044,-0.5200963212285203,-0.1656504589798475,0.1664682045967913,0.5209062169446992,0.9345701456148658,1.425612565712849,1.9896946420187236,2.600634880596647,3.2224920369492565,3.8261666282401854,4.4076782108059565,4.9984301203528325,5.6566690120020215,6.441306913290534,7.390050759421396,8.50898255324316,9.766173748919089,11.088294090297882,12.36476616133474,13.465036848625042,14.26753797482367,14.692104962968749,14.728659342145823,14.44863526168728,13.977735900456716,13.42610569425083,12.797994805150193,11.961692250518572,10.716732008360236,8.85433809452944,6.205045151070635,2.6994399838607053,-1.4796786378508286,-3.851886879522759,3.127476888379674,17.1664155205623,36.3236370793729
-36.318385102609255,-17.155556999085597,-3.1157629819149197,3.85051035889516,1.452107155905032,-2.7317750883268648,-6.239609159693255,-8.890694759258187,-10.755102814664191,-12.002170962601497,-12.84049280902738,-13.470638273862054,-14.024743448295144,-14.498932810126457,-14.783239740847131,-14.751817527654335,-14.332854187576912,-13.535844332719748,-12.440355129950824,-11.167466312346804,-9.847478751588977,-8.590993971955864,-7.471548940389348,-6.521444746874761,-5.734892296368344,-5.074363878757748,-4.481033918138066,-3.896360606288906,-3.288434087928099,-2.660929265503954,-2.042623035800677,-1.4692409656297545,-0.967065158699806,-0.5407403952857839,-0.1726438268833726,0.1734733186029397,0.5415619571405441,0.9678720006444994,1.4700251738146006,2.043379879386273,2.6616710065000806,3.2891352031018006,3.897002781897044,4.481698102952914,5.075015638725405,5.735463837092365,6.521980119936419,7.472055367514282,8.59143096339915,9.847836731571546,11.16773602432324,12.44052260536328,13.535900777980611,14.332798448197218,14.751649220715157,14.782967311490538,14.498587410134796,14.024332981117617,13.470174102876198,12.839968136214685,12.001598111637158,10.75448136101666,8.890016952938897,6.238858002416412,2.730955546785779,-1.4530130978455058,-3.851522077608641,3.1147255647165224,17.154708906980026,36.31757040012324
-36.3121369239198,-17.143666643998788,-3.1030106779445994,3.850009452910244,1.425244009685653,-2.763483080148522,-6.273639366829672,-8.926613110742517,-10.793107673650704,-12.042341397700213,-12.882738472102574,-13.514985172379737,-14.071624364323872,-14.54917061185835,-14.837835030029996,-14.81164989050479,-14.398399235943304,-13.60698611247962,-12.516379455122532,-11.24716232839705,-9.929379005265618,-8.673661971941874,-7.553756753225193,-6.6023062029730815,-5.813861046275774,-5.151111399029204,-4.555203484596151,-3.967335075275962,-3.355200083058658,-2.722071518629948,-2.096395952147149,-1.5137207050701464,-1.0004127798377918,-0.561419577050409,-0.1796490082468973,0.1804904493975546,0.5622530006404796,1.0012313706817824,1.5145163761935705,2.0971638646833046,2.722824508861148,3.355911905784751,3.967986606567463,4.555878084273833,5.151772995934875,5.814441836981497,6.602849884661349,7.554270803140101,8.674106012311722,9.92974259253663,11.247436196882498,12.516549518848134,13.607043468534126,14.398342615334826,14.811478622562229,14.83755913901525,14.548820384518525,14.071206318088032,13.51451356586368,12.882206578027631,12.041761219732644,10.792476444064189,8.92592480915743,6.272877420144442,2.762651618793461,-1.4261627873125118,-3.851035167121677,3.1019575200588223,17.142804119877606,36.31130875038508
-36.30572934032328,-17.131585497063426,-3.0902549886004684,3.849382747781209,1.398194782775656,-2.795377880546127,-6.307890637700945,-8.962786170029963,-10.831395594148846,-12.082817238543337,-12.92530614456271,-13.559668649942806,-14.118856852987946,-14.599778111559132,-14.892820309926323,-14.871894056118364,-14.464375032102486,-13.678567949024329,-12.592845265508634,-11.32729811396761,-10.011714785791446,-8.756758207809481,-7.636384801582518,-6.683579277427756,-5.89323290888782,-5.228252615087662,-4.629756523942864,-4.038679742658191,-3.4223192449811286,-2.783542731311176,-2.1504639920173965,-1.5584510240159424,-1.0339517981962638,-0.5822210911949287,-0.1866964335001956,0.18755004099558,0.5830665972292564,1.0347823504703946,1.559258359136237,2.15124321573523,2.784307105025303,3.423041825921311,4.039341373763663,4.630441434575006,5.228923812922815,5.893823532796034,6.684131440014341,7.636906517930389,8.757209452449935,10.012084118542244,11.32757624541524,12.593018003905325,13.678626241564295,14.464317502841176,14.87171990439768,14.892540907730591,14.599422734545229,14.118431435697406,13.559189417837736,12.924766945300613,12.082229286791216,10.830754658074005,8.962087250844537,6.307117700336057,2.7945343135754395,-1.399126634744861,-3.850422919835295,3.0891857027180225,17.130708193181416,36.304887412821
-36.29909607911272,-17.119307344288313,-3.07748684770636,3.8486312331257952,1.370954556717685,-2.8274558182352174,-6.342341022419505,-8.999167118222354,-10.86989371057475,-12.1235013564424,-12.968079053451804,-13.604552730522103,-14.166283423509537,-14.650568200715735,-14.947970912807609,-14.93227983837846,-14.53046560711931,-13.75023982951014,-12.669377503799156,-11.407474369755606,-10.094062880258694,-8.83983747860987,-7.718968693374253,-6.764787731205954,-5.972520972822914,-5.305295599108666,-4.704197489548199,-4.1099011809517405,-3.4893035392550464,-2.844874100029229,-2.204391244727979,-1.6030512611564287,-1.0673852689617336,-0.6029529574441754,-0.1937197800970312,0.1945857127177083,0.603810703531517,1.0682279523648928,1.6038704267123998,2.2051818467797557,2.845650129480439,3.4900372269139424,4.110572375036335,4.704893230572239,5.305976822784556,5.973121320510142,6.765348425861232,7.719498239851693,8.840296030508188,10.094438011310382,11.407756800448617,12.669552927128125,13.750299048253249,14.53040714459357,14.932102707999505,14.947687984135738,14.65020792663616,14.16585008495009,13.604065806660714,12.967532386132817,12.12290600955308,10.869242718639658,8.998457354988592,6.341556845808952,2.826599924299455,-1.371899791331035,-3.849686030028626,3.076401366133991,17.11841516019325,36.298240324148125
-36.29231180300897,-17.10684693581421,-3.064727174049024,3.847743448428497,1.3435149859188888,-2.8597332782985365,-6.377022053024868,-9.035808361703348,-10.90867700475978,-12.164490708766955,-13.01117135368904,-13.64976862029417,-14.21405390627242,-14.701716989661126,-15.003495152432835,-14.993054414844591,-14.596957866328315,-13.822319851893967,-12.746318368666357,-11.488053743963832,-10.176804778770435,-8.923301800830338,-7.801928596117063,-6.846361355019053,-6.052163672587844,-5.382682993850063,-4.778972120854938,-4.18144313365822,-3.5565912405267683,-2.906484842705612,-2.258568354909772,-1.647861508480933,-1.100980078744498,-0.6237868158622042,-0.2007777528594203,0.2016562116734583,0.6246569989796924,1.1018350766606573,1.6486926620951663,2.2593704673868484,2.907272806321608,3.557336197207371,4.182123899048187,4.779678979597272,5.383374282124214,6.052774041337888,6.84693069343561,7.8024660393471645,8.923767818756644,10.177185811984309,11.48834053222252,12.74649650560464,13.82238000469881,14.59689847213148,14.99287443473458,15.003208553587807,14.701351254662471,14.213613267587808,13.649273867824585,13.010617215858344,12.16388717060924,10.908016246509913,9.03508765504314,6.37622646228029,2.858864900654768,-1.3444737517484937,-3.848813240855092,3.063625134587104,17.10593955506332,36.29144197188872
-36.28537415483021,-17.09420701865307,-3.0519824391489143,3.8467182733842833,1.3158744598370542,-2.89221224568493,-6.41193457007631,-9.072709218776156,-10.947743110551112,-12.205780960218004,-13.054577468469128,-13.69530934321761,-14.26216011849138,-14.753214358709098,-15.05938103318826,-15.054203323392649,-14.663834016314729,-13.894786179821702,-12.823641836550054,-11.569007944811112,-10.259911120593898,-9.0071192953332,-7.885230423914143,-6.928265169596825,-6.132125303619323,-5.460378449852639,-4.854043497609509,-4.253268407457056,-3.624145451912514,-2.9683399507166293,-2.312962163204487,-1.6928536632185451,-1.1347138418594285,-0.6447090801992814,-0.2078660593150214,0.2087572706922424,0.6455919241287729,1.1355813853432484,1.6936970296578762,2.313775989345754,2.969140069216947,3.624901849723148,4.253959065585935,4.854761480011153,5.461079899207332,6.132746164374392,6.928843241392991,7.885775822810326,9.007592968264117,10.260298184502105,11.569299183590804,12.823822784959122,13.894847305942177,14.663773622440695,15.05402048382361,15.05909060176712,14.752842826440402,14.261712543412065,13.69480661725976,13.05401562714234,12.205168560998546,10.9470726013652,9.071977432209591,6.411127348584073,2.891331135543933,-1.3168469530171516,-3.847803085789799,3.050863500468705,17.0932840820595,36.28448992262842
-36.278295146069865,-17.08139403762494,-3.039262158802196,3.845550836670206,1.2880272416596514,-2.9248998513571003,-6.447086841350178,-9.109879540778142,-10.98710370299269,-12.247385312723669,-13.098312548146568,-13.74119173671188,-14.310620811246718,-14.805081476971814,-15.115652792074563,-15.115754059747932,-14.731124555641838,-13.967671717916602,-12.901382321940623,-11.650372811942418,-10.34341946913499,-9.091328661764104,-7.968913584100263,-7.010539409907549,-6.212446411235452,-5.538422400514234,-4.929451621257219,-4.325416370772195,-3.692004318935484,-3.0304760513224664,-2.3676060484824624,-1.7380570402704796,-1.1686096125318886,-0.6657348204386953,-0.2149900251415289,0.2158942375219422,0.6666305716229293,1.1694899521561477,1.7389128621726273,2.368431825132568,3.0312885741615774,3.69277235894431,4.326117227971827,4.93018078803724,5.539134142708941,6.213078172515991,7.011126365771208,7.969467017518475,9.09181016382706,10.34381268986039,11.650668576741673,12.90156613913068,13.9677338773325,14.731063190051792,15.115568411283252,15.115358280009294,14.80470373946056,14.31016659952929,13.740680771707456,13.097742728862034,12.24676378956336,10.98642328831804,9.1091363908714,6.446267714800688,2.9240057460512467,-1.2890137608606231,-3.846651005253281,3.0381260886787844,17.08045532101666,36.27739635430075
-36.27104887170072,-17.06840816951688,-3.0265684155509964,3.844239954268213,1.2599689586239555,-2.957797277337692,-6.482471905108356,-9.147301145694168,-11.026728872474342,-12.289262899765246,-13.142326788463944,-13.787357387121526,-14.359368596463684,-14.857237660425652,-15.172213751876775,-15.177590175298944,-14.798693037670247,-14.040824483933116,-12.979376155740637,-11.73197410317059,-10.427145499923776,-9.175735360352396,-8.052773958982133,-7.092974977560906,-6.292913661195105,-5.616598744473436,-5.00497852910576,-4.397669138681193,-3.7599525988639457,-3.0926867030929435,-2.4223072025933035,-1.7833035398711452,-1.202536034159689,-0.6867794122398885,-0.2221206426366287,0.2230380283336942,0.687688249290893,1.203429361306379,1.7841720419920093,2.4231451805666997,3.093511747418262,3.760732451575228,4.398380661967312,5.005718845835548,5.617320863589386,6.293556649607704,7.093570962989578,8.053335567843966,9.17622483178928,10.42754500792422,11.732274518802088,12.979562955141938,14.040887762019128,14.798630739066436,15.177401705507643,15.171915150499702,14.856853917263209,14.35890723424762,13.786838287678794,13.141748865752117,12.288632239854168,11.026038230976017,9.146546467949994,6.481640631370819,2.9568899425694286,-1.2609697899709928,-3.845355856593398,3.025414829505672,17.067453296654243,36.27013520782877
-36.263701674692285,-17.05526576824546,-3.01392259397508,3.842772838947736,1.2316899048897172,-2.990920252589538,-6.518117632220355,-9.185018796927448,-11.066682135664102,-12.331496582710804,-13.186717997697908,-13.833919231731551,-14.408531880321137,-14.909834544170028,-15.229241684671418,-15.23992090313476,-14.866779606499296,-14.114509598184108,-13.057909038351474,-11.81411385007155,-10.511405212599492,-9.260673870910896,-8.137162815719778,-7.175930124910124,-6.37389160173676,-5.695275735853081,-5.080995137706459,-4.470396802043558,-3.8283553651053097,-3.1553199553203566,-2.47739157333909,-1.8288765208349045,-1.2367169343100302,-0.7079864987988812,-0.2293066986097017,0.2302375758368639,0.7089087285673877,1.2376235610109174,1.82975794144481,2.478241932175658,3.156158039586746,3.82914738792809,4.471118518711429,5.081747146172372,5.696008954049291,6.374545686983768,7.176535380697956,8.13773272721438,9.26117150322088,10.511811156790216,11.81441897697554,13.058098865410432,14.114573993932016,14.866716307854968,15.23972979921015,15.22893862613074,14.90944367040595,14.408064783970165,13.83339158091968,13.186131812303728,12.33085534909934,11.065981713546282,9.18425228376902,6.517273806237209,2.989999337897318,-1.2327053977707811,-3.843904713849375,3.0127513083329607,17.05429453398502,36.26277299706812
-36.25621917564656,-17.041966061215142,-3.001327283965736,3.8411505854434314,1.2031885602422332,-3.024266593793961,-6.554012495002011,-9.223008147424208,-11.106924885707688,-12.374034470899966,-13.2314231621801,-13.880803535097598,-14.458025531924164,-14.962771027691211,-15.286615802855808,-15.3026012536414,-14.935214977559008,-14.18853806522055,-13.136776105205824,-11.896574820962714,-10.595970949528033,-9.345901832055969,-8.221824004511273,-7.259143137552984,-6.4551132344372135,-5.7741832053307895,-5.157228762917159,-4.543326794591003,-3.8969432572140175,-3.218119168805743,-2.53261807961468,-1.874566430619142,-1.2709865778389922,-0.7292496210364303,-0.2365120649792358,0.2374566089938295,0.7301854269779334,1.2719066927262734,1.8754609461287572,2.5334809786635724,3.2189705528775043,3.897747599396824,4.544058653597877,5.157992890358631,5.7749278098835815,6.455778315386438,7.259757902775507,8.22240240832243,9.34640773333273,10.596383458034738,11.896884765261934,13.136969038262476,14.18860360839692,14.935150645882835,15.302407734197716,15.286308019368372,14.962372313426178,14.457553681796025,13.880267327600691,13.230828615217415,12.373381348390744,11.10621517361202,9.22222978858062,6.553155880303311,3.0233319155115628,-1.2042188915243712,-3.842298724399592,3.000137888456793,17.040978087783405,36.25527517775891
-36.24858329285456,-17.02851036751375,-2.9887890470383924,3.8393707741429446,1.1744608716172855,-3.057837963445197,-6.590152025125361,-9.261256592937944,-11.14743628801981,-12.416846192886906,-13.276405939055923,-13.927967092741486,-14.507799787013685,-15.015985778939124,-15.344262809456229,-15.365542923842732,-15.003895820790715,-14.26279475135374,-13.21585327724554,-11.97922557405594,-10.680704025801704,-9.431271944363813,-8.306602272522449,-7.342453865639204,-6.536416392744742,-5.853156443658253,-5.233514035796703,-4.616293400251783,-3.965554118321569,-3.2809284913118675,-2.5878410397012788,-1.9202462179872168,-1.3052441947748594,-0.7505035421934353,-0.2437143559645577,0.2446727492252769,0.7514531166480466,1.3061779706513312,1.921154047119872,2.5887168014045625,3.2817931213349563,3.9663708556784414,4.61703627936467,5.234289983674095,5.853912764994507,6.537092378515408,7.343078396266438,8.307189521523847,9.43178613586945,10.68112324003542,11.97954050098606,13.216049424750947,14.262861508259578,15.003830481806665,15.365346927630636,15.343950242844096,15.015579754469911,14.507322291328345,13.92742243725873,13.27580267172683,12.416181548243369,11.146716762045472,9.260466290779654,6.589282381229757,3.056889329250399,-1.1755062371966372,-3.840535336654813,2.9875810831247094,17.027505206981438,36.24762358841875
-36.24085652569412,-17.014915907070655,-2.9763338115813145,3.837422632114538,1.1455013605088276,-3.091646260787429,-6.626561295394,-9.299808450327507,-11.188282066101364,-12.460017172295956,-13.321767977030284,-13.97552692105764,-14.55798857874715,-15.069634391996278,-15.402364893200923,-15.428960179338278,-15.07306767842054,-14.337551604259836,-13.29543320812904,-12.062377258851376,-10.765932150748712,-9.517126343269156,-8.391852699262083,-7.426224602117725,-6.618170235286748,-5.932569138406608,-5.310228061965394,-4.68967426975345,-4.034562078767144,-3.344108344339916,-2.643396283219118,-1.966207551307008,-1.3397154844589034,-0.771892066659231,-0.2509626732051581,0.2519351702902732,0.7728556644345247,1.340663159413628,1.9671289288176368,2.644285284299189,3.3449862834467785,4.035391208893465,4.690429244630978,5.311015483820419,5.933337292235789,6.618857388147127,7.426859240205188,8.392448969398592,9.517648910068438,10.766358232722997,12.062697277465226,13.295632642569608,14.337619652172238,15.073001428881572,15.42876166752142,15.402047449781856,15.069221296737034,14.557504606659318,13.974973895500792,13.32115583929479,12.459341140921238,11.187552263409472,9.299005968991825,6.625678249444856,3.090683423391292,-1.1465621246069209,-3.838604160245576,2.9751069797781664,17.013893286732184,36.23988092520129
-36.23302857734942,-17.00118842535264,-2.963968216860212,3.8353020284778,1.116301833604245,-3.125696822653628,-6.663239334684432,-9.338654629273416,-11.22944405160906,-12.503521326184131,-13.367476086229347,-14.02344293721194,-14.608542946696272,-15.12365784171228,-15.460848834266894,-15.492763347962809,-15.142626248914388,-14.412694184778054,-13.375394970325983,-12.145900902275065,-10.851516455132243,-9.603317533295296,-8.477420337561972,-7.510296279372401,-6.700210722927182,-6.012256217380696,-5.387204134266077,-4.763304015929805,-4.103802387977291,-3.4074998977056308,-2.699135707593115,-2.012319543092908,-1.3742976389075143,-0.7933476418419089,-0.2582334085126661,0.2592202278012093,0.7943254837708803,1.3752594249385193,2.013254682175161,2.700038167827629,3.408391240946428,4.104644200063635,4.764071299144532,5.388003220392299,6.01303627205981,6.700909299600103,7.510941126975284,8.478025856174916,9.603848590057751,10.851949512605836,12.146226119913972,13.375597764733126,14.41276352488913,15.142559029755244,15.492562268780055,15.460526389383077,15.123237680302683,14.608052726223104,14.02288124129771,13.366854585525964,12.502833940658933,11.228703831712432,9.337839912498035,6.662342719376974,3.124719600801773,-1.117378169883615,-3.836500736202993,2.9627220748504195,17.000147917533916,36.23203671707068
-36.225248266656166,-16.98736574174567,-2.951739632010593,3.832992521711727,1.0868609682457249,-3.160007988117766,-6.700241010571408,-9.377902613227947,-11.271088365876375,-12.547576851100164,-13.41379027392125,-14.072013995901616,-14.659804763588628,-15.178452781653055,-15.520180632870684,-15.557505026648336,-15.213206852847838,-14.48892735861258,-13.456493334221465,-12.230597502145134,-10.938304333563115,-9.690730286052524,-8.5642216362358,-7.595606083428809,-6.783496550809634,-6.0931861250175325,-5.465419435002187,-4.838158516064789,-4.174244218209961,-3.472039658248295,-2.755928831923446,-2.059338579256601,-1.4095743434516113,-0.8152434932005367,-0.2656546158481949,0.2666562065550863,0.8162360304106226,1.410550645212611,2.0602877705735643,2.756845302578488,3.4729446490133564,4.1750985579426185,4.838939440034217,5.466229616080702,6.093979077160323,6.784205877274917,7.596261949416111,8.564836655356741,9.691269834065949,10.938744621755976,12.230928029069018,13.456699529818442,14.488997957462448,15.213138568127494,15.557301424972884,15.519852941705263,15.17802494796948,14.659308894942356,14.071443407952998,13.41315926697415,12.54687684404354,11.270338061538592,9.377075510275509,6.69933036474868,3.1590160900990445,-1.0879531907501403,-3.834208791772601,2.950473624279684,16.986306811303894,36.22423968188024
-36.217443762017005,-16.973444380941068,-2.939638857020789,3.830494693982743,1.0571657127761505,-3.194583736019543,-6.737548487638596,-9.417503471523982,-11.31313089433136,-12.592067767161302,-13.460568576452738,-14.12107372497154,-14.71158063990372,-15.233791149224157,-15.580088987120927,-15.622860992852848,-15.284435020674922,-14.565834908304437,-13.538279520039431,-12.315987675863148,-11.025787042525664,-9.778829315723325,-8.651699013270443,-7.681583362830668,-6.867440767729522,-6.174765259506458,-5.54427221086493,-4.913635988283948,-4.245286510098963,-3.53714650459424,-2.813233712609421,-2.1067920074058364,-1.4451796542500714,-0.8373455339207394,-0.2731464014140988,0.2741631182969222,0.8383531037116441,1.4461707921109863,2.107755615060149,2.8141645803793174,3.538065170840449,4.246153808516598,4.914430817171942,5.545093903624106,6.17557119130887,6.868161091861223,7.682250349136389,8.652323972177678,9.77937740686301,11.026234649221374,12.31632360837412,13.53848914282952,14.565906762947408,15.284365663213004,15.622654864150965,15.579755694719788,15.233355320654292,14.711079318320785,14.120494134091285,13.45992774919319,12.591354655188145,11.312370311449223,9.4166637053469,6.73662335469766,3.1935768133881246,-1.0582742569145267,-3.8317288928959634,2.9383528071864027,16.97236681496225,36.21641828914768
-36.20942174169108,-16.959389719279795,-2.927629497686296,3.827813668390359,1.0271970006800435,-3.2294170171588945,-6.775097648344233,-9.457309635412669,-11.355336208268463,-12.636679414727702,-13.507432439632131,-14.170183898266185,-14.76336700191254,-15.289083954594076,-15.639879154414746,-15.688005986215089,-15.355357924541114,-14.642358617335583,-13.61962210858505,-12.400867437792655,-11.112685067207192,-9.86628132692442,-8.738472177713719,-7.76681348423863,-6.950598513844847,-6.255532238168361,-5.62228985087621,-4.9882640959003295,-4.315469840216033,-3.6014063443073123,-2.8697392675955,-2.1535385031354326,-1.4802349993897792,-0.8590913547858208,-0.2805149590693132,0.281546791959588,0.8601139595544621,1.481241009296107,2.1545166527298107,2.870684498283879,3.602338908755458,4.316350619459601,4.989072145363269,5.623124181199699,6.256350283499568,6.951330941420188,7.7674913480745,8.73910714835173,9.86683831844644,11.11314013505087,12.401209017908316,13.619835419742238,14.642431956629352,15.355287697506956,15.68779725288424,15.639540567420887,15.288641141978074,14.762858489977488,14.169595463747752,13.50678143407216,12.635954588171424,11.35456415276573,9.456457017677891,6.774158070147528,3.228394822520989,-1.028322070277382,-3.8290660226040982,2.9263228710338027,16.958292997275592,36.20837895013665
-36.20129483944995,-16.94523251269185,-2.9157577964914214,3.824933974048776,0.9969549352825124,-3.264522930209233,-6.812932703988068,-9.497408927121556,-11.397836371796927,-12.681583804284667,-13.554585829449318,-14.219579386104584,-14.815433539231208,-15.34464765673566,-15.699927776335786,-15.753382868085884,-15.426489340608828,-14.719066165943245,-13.70111978414798,-12.48587506246182,-11.19968256150932,-9.95379590645151,-8.825280959272368,-7.8520524192336705,-7.033742842900199,-6.3362689643097365,-5.7002613376113205,-5.06283158646819,-4.385575609026709,-3.665574103412724,-2.9261474449013694,-2.200193890871447,-1.515212081449811,-0.8807864298891522,-0.2878668384051176,0.2889139746537539,0.881824239340907,1.5162331254828425,2.20118680550589,2.927107080075375,3.6665207237954607,4.386470285512661,5.063652509633174,5.7011087566472485,6.337098768011039,7.034488232956624,7.852740923553986,8.825925961754871,9.954362028686344,11.20014509316967,12.486222300986244,13.70133677307859,14.719140974837698,15.426418259672532,15.753171391239476,15.699583707190513,15.344197802890422,14.814917552742829,14.21898213476176,13.553924576174078,12.680847285502622,11.39705258135112,9.496543280184296,6.811978507931591,3.2634852736806605,-0.9980967237509324,-3.826204693332452,2.914430534959619,16.94411659426767,36.20023473837113
-36.19316496272816,-16.93100363739944,-2.904059742293113,3.821837331345191,0.9664303132079338,-3.2999204618577926,-6.851092642872014,-9.537874059285144,-11.440738191058896,-12.726920141889549,-13.602193215300234,-14.26944859593075,-14.867993722965066,-15.400729521708062,-15.760521246361552,-15.81933148459158,-15.498217281373853,-14.796388411988584,-13.78323361118022,-12.571496815195983,-11.287292790504704,-10.041911138832686,-8.912681002867282,-7.937871543943632,-7.117458789641282,-6.417566345326284,-5.778782172180013,-5.137932588139151,-4.45619426417797,-3.730222651525235,-2.9829904961189326,-2.2472187252814657,-1.5504692687081592,-0.9026596519989096,-0.295279968855393,0.2963427134543493,0.9037129702341288,1.5515056244588423,2.2482266880712887,2.9839647833127647,3.731183589509019,4.457103069305478,5.138766515187009,5.779642961971835,6.418408562078669,7.1182167286033415,7.938571057305583,8.913336334088607,10.042486483860037,11.28776290033692,12.571849829376893,13.783454342410018,14.796464673643996,15.49814528806536,15.819117323822034,15.760171502422518,15.400272019852745,14.867471160461976,14.268842236736369,13.601521569750798,12.726170760009186,11.439943056050415,9.53699526137922,6.850123484453575,3.2988671110768784,-0.9675890781075764,-3.823126736143165,2.9027114083087846,16.929868101607617,36.192087202572495
-36.18497934885676,-16.916699635021704,-2.8925357432380863,3.818516253574508,0.9356116573662092,-3.335617409892281,-6.88956460380891,-9.5786584553812,-11.483963237356411,-12.772580490753466,-13.650126613171022,-14.319643515831851,-14.920878145129343,-15.45712777420333,-15.821414781292711,-15.885559990115585,-15.570204821233254,-14.87395061515592,-13.86556769433293,-12.657310645396704,-11.375062561581473,-10.13015902984815,-9.000183187500214,-8.023769417637869,-7.201234544528679,-6.49890626700262,-5.857330264615822,-5.213043692924091,-4.526807668033089,-3.794847418486034,-3.0398024475804686,-2.2942037355211755,-1.5856938913946297,-0.924509120245081,-0.302683836717063,0.303762357901036,0.92557812074985,1.586745730942515,2.295226991337634,3.0407917091011654,3.795822678228452,4.5277308496122135,5.213891717081157,5.858203874878821,6.499760996283611,7.2020057103386925,8.024480053153113,9.000849106104193,10.130743835687412,11.375540463579156,12.657669699556932,13.865792404140446,14.874028573711524,15.57013215407899,15.88534299561607,15.82105960106537,15.456663537718468,14.920347014026785,14.31902813086911,13.64944417046958,12.771819778673114,11.483155223354457,9.577766071961635,6.888580442287746,3.334547934181729,-0.936787702129541,-3.8198245747242,2.8911657316442274,16.915543880499133,36.18388343086669
-36.17673714661439,-16.90233229954987,-2.8812112760230524,3.8149674371413456,0.9044868848530572,-3.3716213903642265,-6.928357405230686,-9.619768527279057,-11.527514380916676,-12.818567824073632,-13.698386103036158,-14.370163790060891,-14.974085117709986,-15.513843851906934,-15.882614481235528,-15.952074348202954,-15.642461003997148,-14.951753620497604,-13.948117009560017,-12.74331508278773,-11.462990318966655,-10.218533869044968,-9.08778738166843,-8.10974314279114,-7.285062898383424,-6.580280436556381,-5.935895133912818,-5.288156385377956,-4.597403736786481,-3.859440701751744,-3.096566729705865,-2.341144800081086,-1.620879339744214,-0.946332322305616,-0.3100792934430571,0.3111738116197777,0.9474172124474178,1.6219468641108374,2.3421835074206068,3.0975709753442064,3.860430676591772,4.598341555951342,5.289017737978873,5.936782440898031,6.581147908416433,7.285847118806655,8.110465066711877,9.088463928897667,10.219128256309205,11.463476042988692,12.7436801637949,13.948345653504912,14.951833139120216,15.642387505187257,15.951854549745711,15.882253666678151,15.51337208438603,14.97354668923661,14.369539045486333,13.697692950803582,12.817794414653491,11.526694350836229,9.618862525064284,6.927357862330346,3.3705356713577634,-0.9056804713074376,-3.81629493913912,2.879819537262218,16.901156271521337,36.17562305255574
-36.1684435894048,-16.88791215220348,-2.8701041359565065,3.811179569981164,0.8730432345313424,-3.4079402730839217,-6.967471356588721,-9.661198028192818,-11.571378833582562,-12.864861020725664,-13.74694421416276,-14.42097476008946,-15.027572920909751,-15.57082564244647,-15.944058069017414,-16.018800968261985,-15.714894085725993,-15.029699036735062,-14.030778783866136,-12.829398441110914,-11.5509578516519,-10.306913646762338,-9.175364872964192,-8.195661259701092,-7.368811264025215,-6.661554674138122,-6.014342444583251,-5.36313530437744,-4.66785002201276,-3.9238726807422446,-3.153165604367268,-2.387936293596402,-1.655945574724023,-0.9680770705839086,-0.3174477731956198,0.3185584253032691,0.9691779854018394,1.6570289264814284,2.388990633200184,3.1541849737890035,3.924877535387792,4.668802643600864,5.364010166874046,6.015243630610738,6.662434895408872,7.3696088744739265,8.196394589671568,9.176052166096138,10.30751779654734,11.551451518821551,12.82976966866313,14.031011452959936,15.02978020139305,15.714819840506747,16.01857833282739,15.943691590577554,15.570346464437248,15.027026853189277,14.420340686301207,13.746240200231622,12.864075037001475,11.570546408464724,9.660278247822736,6.966456291256743,3.4068380954009263,-0.8742545487787632,-3.812526443537582,2.868690250672286,16.886715452051497,36.16731100186784
-36.160227365696656,-16.873482793244303,-2.8592599480003265,3.807130567490935,0.8412701105585397,-3.444600386247349,-7.006961224293267,-9.70304697228904,-11.615703994662956,-12.911650598905322,-13.796026163586143,-14.472334201784983,-15.081634941586492,-15.628412740871532,-16.006142214840875,-16.086203288962764,-15.788036957960164,-15.108377795479491,-14.114181030467345,-12.916223016260624,-11.63966711956766,-10.396033391494132,-9.263675075723434,-8.282305806276923,-7.453278619484815,-6.743537201501369,-6.09348587608631,-5.438793049687021,-4.738952146609872,-3.988924361176837,-3.2103271899130563,-2.435208566644847,-1.6913814760871608,-0.9900573921953888,-0.3248968579903432,0.3260239996909152,0.9911746831891192,1.6924809808690062,2.4362787832208754,3.2113620159277496,3.989944416832682,4.739919561552977,5.43968203876284,6.094400923899405,6.744430792508282,7.454089258315679,8.283051091016466,9.26437328708514,10.39664737717925,11.640168905981398,12.916600477924954,14.114417781019457,15.10846057497444,15.787961870342992,16.085977857953417,16.00576984258374,15.62792552912386,15.08108198909592,14.4716904712988,13.79531111033394,12.910850980032144,11.614859540443073,9.702113293726253,7.005930276454268,3.443481535704565,-0.8424994054952301,-3.808497207196126,2.8578234702366085,16.87226501657278,36.15907596636763
-36.15202365008206,-16.859040124516962,-2.848687044742464,3.802813492233967,0.8091513419364383,-3.481606697092758,-7.046808443585888,-9.74525964314646,-11.660396523065446,-12.958809076311775,-13.845477268450926,-14.524061740749008,-15.136062423635858,-15.686359448329672,-16.06857482845521,-16.153938339754507,-15.86149110559591,-15.187345914266793,-14.19785025819842,-13.003287539445957,-11.728585780436037,-10.485333846509215,-9.352139532315288,-8.369079714679783,-7.537853790749839,-6.8256088059403,-6.172701008091957,-5.514505020456443,-4.810089791447907,-4.053992983435706,-3.2674896889440674,-2.4824745053135127,-1.7268094181372364,-1.0120307493370075,-0.3323434672581364,0.3334873300996616,1.0131646437098154,1.72792530265083,2.4835608373272526,3.268540185357826,4.0550284501553895,4.811072265353855,5.5154082924527215,6.173630135914713,6.82651597180334,7.538677660673396,8.369837099715973,9.35284885321306,10.485957827153328,11.729095816089808,13.003671345009542,14.19809115928315,15.187430366814858,15.861415208618231,16.153710070524088,16.068196481783815,15.68586418714672,15.135502226771123,14.523408209015123,13.84475092602621,12.957995761412691,11.659539632634022,9.744311796379488,7.045761337753098,3.4804708571377296,-0.8103989425641341,-3.8041999847341543,2.8472277627752183,16.857801023258318,36.15085324159207
-36.14378033705238,-16.844581438145898,-2.838400802479287,3.7982168472197153,0.7766741493025838,-3.5189620199803224,-7.086994908196664,-9.787787296340769,-11.705374827011372,-13.00622545153206,-13.895161260174952,-14.575998018628844,-15.19067007159356,-15.74444897747444,-16.13110036349226,-16.221706650515664,-15.934912611068338,-15.266220792761406,-14.28137464585282,-13.090155499769166,-11.81725272759622,-10.57433042814543,-9.440256723077914,-8.455465891231343,-7.622008722658514,-6.907234416136071,-6.25144904505366,-5.589732762929515,-4.88073047994219,-4.118563950564024,-3.3241737591381426,-2.529318699178129,-1.7619062851317122,-1.0337902626344797,-0.3397166485329948,0.3408772704027862,1.0349407990436823,1.7630386105121765,2.5304212433813227,3.325239987142776,4.119614952971519,4.881728228828329,5.590650141789365,6.252392612836241,6.908155228253676,7.622845981135346,8.45623541460904,9.440977320716168,10.57496453236947,11.817771106478348,13.09054575717762,14.281619807280403,15.26630703320284,15.934836038871502,16.221475676160523,16.130715960172065,15.743945553992598,15.190102806327673,14.57533472494423,13.894423702991077,13.00539825145651,11.704505527195174,9.786825143352328,7.085931384375615,3.517809024105901,-0.7779403188837776,-3.79962381172412,2.836918474343653,16.84332080754608,36.14259080414023
-36.13568839911359,-16.83017424962968,-2.828463082108657,3.793316181072556,0.7438231159373389,-3.5567052311622525,-7.1276047214235065,-9.83078394421992,-11.750867335515249,-13.05419454651156,-13.945429433158743,-14.628546076826902,-15.245919362201834,-15.80321493679488,-16.194343117757942,-16.290235772057898,-16.00913471905846,-15.345923959597982,-14.365737109831477,-13.177865000651977,-11.906766061701976,-10.664176283099875,-9.529218927431335,-8.542692693413814,-7.7069973291157154,-6.98968301685231,-6.331007137853564,-5.665751796645888,-4.952136795437205,-4.183859375527035,-3.3815186656048613,-2.5767289898041508,-1.7974393418931227,-1.055828738574326,-0.3471855625276974,0.34836330723717,1.0569962827830508,1.7985884561251275,2.5778480418172487,3.3826010323886706,4.18492613750962,4.953149807345511,5.666684352074003,6.331964893826116,6.990617667439805,7.70784818725972,8.543474786244518,9.52995091819828,10.66482064064127,11.90729297937004,13.178261835070918,14.365986621263492,15.3460119898129,16.009057380269624,16.290001919513568,16.193952610885134,15.80270354355958,15.245344669097571,14.627872939669498,13.944680239391408,13.053353533036963,11.749985238274247,9.829807409242369,7.126524653074123,3.55553482816352,-0.7451080522180095,-3.794743951549119,2.8269569565038286,16.828891396882984,36.13447916589087
-36.12764532528264,-16.815803514299205,-2.818882354045184,3.78810138514491,0.710581744896017,-3.594834784819729,-7.168599856473935,-9.874156535547645,-11.796722579238924,-13.102513001772255,-13.996034101777555,-14.681417813009045,-15.301476473012732,-15.86226749295083,-16.25784312528545,-16.358986025632532,-16.083537247970742,-15.425767065527827,-14.450201413560196,-13.26563674754665,-11.996299969059148,-10.75400394063789,-9.618128295903189,-8.629834300526529,-7.79187329292728,-7.0719961862390885,-6.410409837014142,-5.741597401326609,-5.023353149847443,-4.2489539857337215,-3.43866180492628,-2.6239573914703853,-1.8328277494678624,-1.0777731142878602,-0.3546221696554171,0.3558171863307875,1.07895781131032,1.8339938099600732,2.625093123745317,3.43976044708408,4.250036731103587,5.024381707616907,5.742544842993518,6.411382289753385,7.072945088850551,7.792737587779507,8.630629135594498,9.618871926814569,10.754658673289727,11.996835555618834,13.266040278491984,14.450455356459411,15.425856947299204,16.083459192238756,16.358749319152693,16.257446413560427,15.86174787341162,15.300894501304391,14.680734644422827,13.99527316777904,13.101657757628033,11.795827671145409,9.873165417617969,7.16750296357282,3.593646734713836,-0.7118857252271509,-3.7895501768500286,2.817352217244854,16.814498212653376,36.12641623226998
-36.11971641107971,-16.801502063242975,-2.8096985914586283,3.782552058573534,0.676931049499393,-3.6333746244518728,-7.210013490579223,-9.917953063873584,-11.843004246492722,-13.151259738131492,-14.04706574776599,-14.734714803419262,-15.357454760846537,-15.921735897391605,-16.32174843404328,-16.428126608013578,-16.158313147967288,-15.505963055607053,-14.534994396991,-13.353708481099709,-12.086104246355967,-10.84407706499003,-9.70725553913284,-8.717170221451559,-7.876921557347282,-7.15446246678944,-6.489947293038762,-5.817558983256268,-5.094665651263205,-4.314124188093094,-3.495861704635228,-2.671227326087969,-1.8682453878525496,-1.0997351333870076,-0.3620647795060731,0.363277292885266,1.1009372080817832,1.8694286207085664,2.6723799476122267,3.496976823988543,4.315223166183205,5.095709903055743,5.818521421801177,6.490934770758615,7.155425865490373,7.877799305027543,8.717978042420167,9.708010982475688,10.844742289990172,12.08664863392724,13.354118807941466,14.53525285639048,15.506054791882203,16.158234311971604,16.427887227472787,16.321345214911467,15.921207127588978,15.356866948446912,14.734021283843544,14.04629296554045,13.150388534157212,11.842097305355209,9.91694730797027,7.208899326031972,3.632168724616488,-0.6782543449399292,-3.7840220797748105,2.8081441558601865,16.800174020840707,36.11846723705646
-36.11194078822373,-16.787299595855806,-2.80095454394426,3.776647570502918,0.6428511160745018,-3.6723462588126856,-7.251869984828963,-9.962203263218202,-11.889748098193252,-13.200473500423056,-14.098568105076016,-14.788484281935204,-15.41390709705015,-15.981677877567984,-16.38612617884926,-16.497737139574753,-16.233550949811864,-15.586606575299378,-14.620212807710246,-13.442182038967612,-12.17628861561204,-10.934508006142952,-9.796717727563411,-8.804818719947981,-7.962262138097561,-7.237201671987704,-6.569739332518229,-5.893755396026806,-5.16619181583832,-4.379483889399198,-3.553224164063188,-2.7186313653721714,-1.9037626959240996,-1.121760807889795,-0.369529494356405,0.3707597833745874,1.1229805334727638,1.9049633592921351,2.7198011278348275,3.554356098053424,4.380599247396603,5.167251873215955,5.894733661081322,6.570741647578975,7.2381795917334015,7.963153838505314,8.805639760152138,9.79748512754449,10.93518389705764,12.176841980884497,13.442599291735691,14.620475896567603,15.586700265217804,16.233471362755687,16.497494913030668,16.385716329632643,15.98114034655776,15.413312464876675,14.78778046197891,14.097783078666748,13.199586891801456,11.8888282159126,9.961182550470005,7.250738276996729,3.671122116073673,-0.6441941132044273,-3.7781390480341535,2.799375554660445,16.785948530917494,36.11067132571284
-36.10434812163393,-16.773221625785606,-2.7926881737386022,3.770367878090173,0.6083225463286668,-3.711767686468267,-7.294185142615812,-10.006919981026892,-11.93696355970187,-13.250161884582814,-14.150545717848868,-14.842728755745036,-15.470832771261591,-16.042090369239485,-16.450968978436354,-16.56780489209228,-16.30923489846643,-15.66767923269741,-14.705836589771572,-13.531034014453084,-12.266825524010908,-11.02526817801457,-9.886483124658271,-8.89274680327757,-8.047860231994642,-7.320178301905273,-6.649749443433362,-5.970149585110352,-5.237893857946988,-4.444995534485003,-3.610714253856896,-2.766138525349848,-1.9393558685899528,-1.143834604046754,-0.3770110828949369,0.3782593179006993,1.1450721513536652,1.940574129412333,2.767325572645356,3.6118631765541394,4.446127455669259,5.238969876293445,5.971143821171683,6.65076683148939,7.321170934466423,8.048765858271985,8.893581277241564,9.88726263302424,11.025954816567204,12.267387990776058,13.531458276832693,14.706104330286111,15.667774844574655,16.309154565837346,16.567560024572817,16.450552447475076,16.04154382118011,15.470231979901897,14.842014595178608,14.14974845378319,13.249259288337466,11.93603113287353,10.005884372926891,7.2930356711338336,3.7105252079526174,-0.6096853646993743,-3.7718815185461247,2.791083954540303,16.77184699182973,36.10305797191364
-36.09689900306135,-16.759274204928687,-2.7849358012430634,3.763687957725707,0.573318077622239,-3.7516546385087217,-7.336950661789888,-10.052061119506156,-11.98457339925612,-13.300214389106822,-14.202862204576254,-14.89728695913232,-15.52804414858737,-16.10275123858279,-16.51601534293656,-16.63802537378941,-16.38501536957374,-15.748792333402625,-14.79144903428394,-13.619824602794315,-12.357249855391952,-11.11586596291933,-9.976044272403346,-8.980429558503745,-8.13317961525325,-7.402848178073248,-6.729429513125671,-6.046193582320456,-5.309229681937191,-4.510134842515957,-3.6678418680315255,-2.813325070307898,-1.974695163914601,-1.165744609546082,-0.3844367098033333,0.3857030391362376,1.16700012914663,1.9759311746459776,2.8145295786304967,3.669007972603922,4.511283432571538,5.310321854514999,6.047204073313537,6.730462096527366,7.403855507579159,8.13409949978536,8.981277577025963,9.976836060871925,11.116563512887511,12.357821580719373,13.62025602194923,14.791721549644445,15.748889975773984,16.384934371892907,16.637777547857436,16.515592137309866,16.102196410847107,15.527435393561158,14.896562534666025,14.202052226182476,13.299297084966565,11.983627101151065,10.051010305740244,7.335783408812411,3.750393482856706,-0.574701038941567,-3.765223555541308,2.7833063148985144,16.75787586638446,36.095588043788126
-36.08974148244679,-16.745523277621675,-2.7777567732756583,3.756585203491101,0.5378166583894903,-3.792044068561746,-7.380237474746241,-10.097747933190544,-12.032751204848047,-13.350854058416724,-14.255779133431416,-14.952457708244529,-15.585879843916462,-16.164051916305258,-16.581718601384573,-16.708921728739007,-16.461487185135137,-15.83060150568766,-14.877746907872572,-13.709286726546576,-12.44833679284276,-11.207118542704372,-10.06624452415462,-9.068738084560229,-8.219108917423654,-7.486111991358857,-6.80968585805284,-6.1227930063757325,-5.381095095269493,-4.575768975688121,-3.725418170252989,-2.8608935470832093,-2.01032678705148,-1.1878429418409284,-0.3919277382899114,0.3932124841122004,1.1891167511313712,2.0115808562106,2.862115784334616,3.726601717690092,4.5769345745087975,5.382203668450959,6.12381974972446,6.8107340984629,7.487134583554891,8.220042774641199,9.069600015113016,10.06704884881127,11.207827111101862,12.448917931139771,13.709725418930155,14.87802425897233,15.830701157116374,16.461405442019156,16.70867112193654,16.58128849155875,16.163487836176703,15.585264563066248,14.951722592308284,14.25495642905096,13.34992027967952,12.031791790462144,10.096681754637476,7.379051931091742,3.79076396567168,-0.5392200703686189,-3.7581431426184113,2.776101600431008,16.744100843085786,36.08840942924341
-36.08290498083053,-16.732000718018075,-2.7712012516578723,3.749032492536586,0.5017905180836791,-3.832961721997626,-7.424067397053662,-10.143997357563988,-12.081509003383358,-13.402086724295248,-14.309299130363067,-15.008239770294308,-15.6443357800383,-16.225983083941088,-16.648065444048985,-16.780476830762815,-16.538627053639143,-15.91307776959475,-14.9646964633418,-13.79938395217093,-12.5400474701472,-11.298981077429657,-10.157037109679516,-9.157621167574266,-8.305594515878683,-7.569913343689927,-6.890460428859505,-6.199888459581508,-5.4534303409208125,-4.641839261006508,-3.783387094056946,-2.908795180084849,-2.0462120859700663,-1.2101047605225477,-0.3994757899632221,0.4007792264337025,1.2113971260978469,2.047484481849144,2.910035411427881,3.7845884182327385,4.643022041720442,5.454555414078331,6.200932170906731,6.891524283654114,7.570951197504177,8.306542771677488,9.15849726077595,10.157854099331209,11.299700808518171,12.540638174669402,13.799830006508111,14.96497872355326,15.913179505183724,16.53854460666749,16.780223364186938,16.647628331107924,16.225409925368595,15.643713551481122,15.007494028135284,14.308463505365577,13.401136681551655,12.080535993400142,10.142915607322704,7.422863327864957,3.831662374677349,-0.5032146835825315,-3.7506132953030096,2.769519880436452,16.730553717719882,36.08155146921754
-36.07643991317705,-16.718744960215837,-2.765322194434184,3.7410015717799614,0.4652102195601122,-3.874437768057907,-7.468472248433238,-10.190843927403831,-12.130884107852014,-13.4539527405999,-14.36346455787251,-15.064677667657852,-15.703458542561556,-16.288594657238445,-16.715109506154,-16.85274873145761,-16.616498095463612,-15.99628861302678,-15.052368228728866,-13.890188756298295,-12.632456061471323,-11.391529619783167,-10.248498855659784,-9.247156163115427,-8.392713507021313,-7.654328989590301,-6.9718290239041885,-6.277554441518332,-5.526307477041264,-4.708414188702736,-3.841811344227137,-2.9570840571269787,-2.0823929797217517,-1.2325568640092366,-0.4070903377486866,0.4084128017044978,1.23386811664285,2.0836840107261856,2.9583425649482056,3.843030763089621,4.709614401430501,5.527449284229377,6.278615457986636,6.972908700322268,7.655382380701643,8.39367627509858,9.248046690935032,10.249328729228228,11.392260651410398,12.633056501685674,13.890642305586493,15.052655483050026,15.99639244170299,16.616414899463788,16.852492406215095,16.71466521684796,16.28801214133609,15.702829457949417,15.06392104351849,14.3626157112273,13.452985885806926,12.129897426425067,10.18974644248144,7.467249331099137,3.873118888450625,-0.4666554359369842,-3.742605515458133,2.763614218477102,16.717273008097568,36.075064649454895
-36.07021373916163,-16.705733669586273,-2.760163096714696,3.7324515987974096,0.4280433471148517,-3.9164696817297497,-7.513386155026348,-10.238134129847214,-12.180631255883911,-13.506122779902183,-14.417877223004538,-15.121308914533826,-15.762715341047889,-16.351265439200006,-16.78212482572733,-16.92489384430562,-16.694140720300457,-16.079173699695847,-15.139630112347463,-13.98050301904782,-12.724290125742696,-11.48342353091658,-10.339240095401813,-9.335908803274606,-8.479002645328352,-7.737877199782874,-7.052301345251238,-6.354302318597044,-5.598255055722633,-4.774069702080918,-3.899362681950328,-3.0046083400651584,-2.117973215225739,-1.2546216110641373,-0.4145722504230467,0.4159136685149061,1.255951697449967,2.119282847760069,3.005885131105994,3.900600203564693,4.775287352529094,5.599413774460689,6.355380582705976,7.053396947199544,7.738946062788902,8.479980139217648,9.336813745775132,10.340082967083024,11.484165973138694,12.724900405548814,13.980964163976044,15.13992243963087,16.07927974939112,16.6940569508789,16.92463444842999,16.781673653014256,16.350674736756787,15.76207750561215,15.120541810807742,14.41701502312734,13.505141067940093,12.179629558143132,10.237020634619808,7.512144499780274,3.915131034724448,-0.4295097983901853,-3.7340788320234655,2.758428298439008,16.70423656163885,36.06881661663744
-36.0643829229,-16.693043631227734,-2.7557961657850782,3.723351608684432,0.390254002690132,-3.9591108212012673,-7.558896887308116,-10.28600639512726,-12.230942411096066,-13.558838870592114,-14.472819546444178,-15.178454090506657,-15.822468160424483,-16.414410770569095,-16.849590192536223,-16.99746308893313,-16.772177355747083,-16.1624174502167,-15.227209130553955,-14.071092605817276,-12.816360261879115,-11.57551500589366,-10.430142230290569,-9.4247884806052,-8.565389044114951,-7.821496781477319,-7.132821419417402,-6.431075137421074,-5.67020526552841,-4.839708455209744,-3.956883380345432,-3.0520990092889426,-2.153521605797033,-1.2766659546020565,-0.4220481950182775,0.4234087397525007,1.2780150488214737,2.154850020393952,3.053394268626055,3.958139154344937,4.840943741927363,5.671381094682485,6.432170556885335,7.133933336938144,7.82258140423849,8.566381175557263,9.42570803841924,10.430998290318794,11.576268949928409,12.816980502209129,14.071561471621193,15.227506630848634,16.16252573096082,16.772092953816518,16.997200465442337,16.849132116056072,16.41381182167923,15.821821495132596,15.17767630316844,14.471943793249553,13.557842120060522,12.229925645490887,10.284876840119525,7.557636407569655,3.957752221247861,-0.3917418887559573,-3.725002402970297,2.754034251670503,16.691521079041085,36.06296373400844
-36.05892933136937,-16.68069519638462,-2.752285729717085,3.7136592968604503,0.351804730597286,-4.002381408304579,-7.604996747812707,-10.334417333840172,-12.281737337218532,-13.611986103074972,-14.528149746258162,-15.235946051667302,-15.882523054471976,-16.477801651480664,-16.917236495483685,-17.070142251332076,-16.850248149162667,-16.245620284578884,-15.314676184026768,-14.161502097073525,-12.908182915675765,-11.667293442102135,-10.52067560873802,-9.5132489485384,-8.651316403088519,-7.904624947671418,-7.212824132354015,-6.507309230917682,-5.741602515719046,-4.904794140389673,-4.0138744643538615,-3.099123095497619,-2.1887012436242648,-1.2984726757219758,-0.4294429620316987,0.4308226620791943,1.2998408102928685,2.1900484786477685,3.100436890943202,4.015148574555409,4.906047113025159,5.74279557718971,6.508422029008936,7.2139523182409935,7.905725325218207,8.652323419582785,9.51418320953742,10.521544960456962,11.668059005820764,12.908813244809792,14.161978764358556,15.314978879423402,16.24573089770887,16.850163319744755,17.06987604748324,16.916771923253553,16.477195626159777,15.881864927733648,15.23515779122093,14.527260384221288,13.610976731621092,12.280703722446496,10.333271158003852,7.603717609789552,4.001002529833108,-0.3533142926343752,-3.715333673693269,2.750496661393478,16.679147141646187,36.057488083100935
-36.05400885925838,-16.668770816171495,-2.74970976547159,3.7033414975901073,0.3126575849999872,-4.046336624667927,-7.65177362764791,-10.383502223807652,-12.333201256605788,-13.665796146119217,-14.5841369953075,-15.294089343772852,-15.943223081152276,-16.541830613463656,-16.985514564966888,-17.143447873328846,-16.928933784007775,-16.329419295716058,-15.402708269158012,-14.252445076188568,-13.000513106483757,-11.759551398408178,-10.611659381145245,-9.60213370457082,-8.737643360401526,-7.988129840560268,-7.293181235423962,-6.583874239098486,-5.813305014784838,-4.970156697197699,-4.071109105822942,-3.146351815378745,-2.2240339626226326,-1.3203782443294363,-0.4368731133328055,0.4382721894425311,1.3217656335997656,2.225400220302088,3.1476843328743462,4.072401706899559,4.971427516594971,5.814515426906151,6.585004494102812,7.294325919874604,7.989246143291124,8.738665215232553,9.60308286831344,10.612542144379733,11.7603285966103,13.001153573830363,14.25292955754786,15.403016150535809,16.329532195862747,16.928848445349157,17.14317780005031,16.98504359403463,16.541217751456255,15.942552876502978,15.293290499252524,14.583233992743898,13.664774621485453,12.33215041671424,10.382339296214663,7.650475921775032,4.04493731268197,-0.3141888915691774,-3.7050396173471727,2.747893159964635,16.667196949680644,36.05254533859301
-36.04970599422529,-16.657333574672545,-2.7481506576428782,3.6923537832664137,0.2727656372349998,-4.091027118292471,-7.699285036804376,-10.433330289089357,-12.385416270327864,-13.72036166996857,-14.640885256391654,-15.352997949450602,-16.004694759444053,-16.6066382247236,-17.054583806529546,-17.217561052461335,-17.00843143771575,-16.414025995775717,-15.491526638256662,-14.344155485239703,-13.093600790670736,-11.852545905963929,-10.70335774799998,-9.691711364678804,-8.824641907638703,-8.072284407416271,-7.374165853106582,-6.661041708583992,-5.8855811142324646,-5.036055623621574,-4.1288310155679335,-3.193992915080792,-2.259680700372616,-1.3424857521650706,-0.4443733332895792,0.4457921458901491,1.34389275069163,2.2610663192965297,3.195344485875748,4.13014248174562,5.03734446708877,5.8868090622772575,6.662190174384879,7.375326859783251,8.073416787578145,8.825678973516101,9.69267564478146,10.704254064485925,11.853334834373872,13.094251477228893,14.344647773776256,15.491839626991524,16.414141156326927,17.008345547765483,17.217286462935004,17.054106728919194,16.60601960408482,16.00400974348358,15.35218850061404,14.639968454301227,13.719330364275946,12.384346416458875,10.432149878817931,7.697968731908372,4.089606852259777,-0.2743191859583171,-3.694076122431656,2.7463066147659507,16.655733947905542,36.04822031070104
-36.04603536221301,-16.646419502734766,-2.7476859584509548,3.680646523296542,0.2320845164569652,-4.136483890950471,-7.747539918832265,-10.483883025634777,-12.438336238295404,-13.77561298257661,-14.698303980642386,-15.412562635054876,-16.066807297851444,-16.672068196749624,-17.124255751592536,-17.292257245751564,-17.088482079173797,-16.49915207879133,-15.580821750539732,-14.43630306319862,-13.18709245289662,-11.94590331848682,-10.795380564994362,-9.781578965033246,-8.911900266522856,-8.156671689329052,-7.455358190105164,-6.73839194231333,-5.958015453955584,-5.102088624766312,-4.186666423890628,-3.2417216195332936,-2.2953876991120787,-1.364631377095202,-0.4518873954851816,0.4533261566453564,1.3660581814401664,2.2967928357399496,3.243092371084844,4.187996852844713,5.103395597934403,5.959261073475497,6.739558296538903,7.45653584379736,8.157820631983544,8.912951956972899,9.7825585112489,10.796290579925632,11.94670383727761,13.187753253715451,14.436802988806017,15.581139610688536,16.49926925223603,17.08839537966262,17.291977582015956,17.123772992643357,16.67144442995758,16.06610615243158,15.411742509727825,14.697373607853692,13.7745732964659,12.43724664186812,10.48268489069334,7.746205378569024,4.135042528532733,-0.2336603201089193,-3.68239302808021,2.745814433485642,16.64479407850906,36.04452751621745
-36.0431240152848,-16.636114635813254,-2.748418414069514,3.66816874388751,0.1905567795807303,-4.1827770651330205,-7.796628664988217,-10.535276949835223,-12.49210534204497,-13.83172353060358,-14.756589056191988,-15.473002690932503,-16.12980526531715,-16.73840027937742,-17.19484974914101,-17.367898814649546,-17.169486733508517,-16.5852299318919,-15.671050698116,-14.529374827702137,-13.2815081759701,-12.040163414352412,-10.888284736663827,-9.872303747749024,-8.999992231925981,-8.241868897235214,-7.537336444527765,-6.816500700185641,-6.031177054201786,-5.168804446876971,-4.245132757151149,-3.2899766784095266,-2.331497477290858,-1.387033970576789,-0.4594876802803252,0.4609467958545087,1.388480975143311,2.332922484840873,3.2913669484818557,4.246482514146674,5.17012971570381,6.032440564846696,6.817685399557333,7.538530829670986,8.243034624090988,9.001058757947256,9.87329866853665,10.889208613266645,12.04097563734772,13.282179136566691,14.52988238695758,15.671373346522662,16.58534892827758,17.169398998347923,17.36761402307246,17.194361177724645,16.73776981080256,16.129089167587853,15.472171351726669,14.75564572035464,13.83067323485735,12.490996997099188,10.534060732546347,7.79527550341815,4.181314300808253,-0.1921551754881887,-3.669939691119263,2.746519462056292,16.63446347364791,36.04159413932738
-36.041029921599474,-16.62647692105134,-2.750444707710732,3.654862737306554,0.1481285667324936,-4.229952713583278,-7.846589101120072,-10.587539280131876,-12.546739831489466,-13.888699641483129,-14.81574152210593,-15.534312781748447,-16.193674355651343,-16.80561289814159,-17.266333971195284,-17.44443682725716,-17.251386176125713,-16.672189007959098,-15.762135697576294,-14.623286015717229,-13.376752407264068,-12.135224852564182,-10.981960490695805,-9.963769040192917,-9.088794825831,-8.327749541909471,-7.619971367716145,-6.895238187829424,-6.104935970820041,-5.236078081532273,-4.304108839144852,-3.3386549214287577,-2.3679273593412926,-1.409638323026597,-0.4671553160562129,0.4686351014297105,1.4111058211349028,2.3693724778724143,3.340064935289916,4.305478156303054,5.237421730449442,6.106217451287213,6.89644157781003,7.621182665299093,8.328931851739805,9.08987654403098,9.96477936183112,10.982898239840772,12.136048818880958,13.37743344786244,14.623801058539438,15.762462938667277,16.672309545674715,17.251297046102014,17.44414709930325,17.26583888837661,16.80497402946643,16.192947676372512,15.533468066130013,14.814784085034644,13.887638306820596,12.5456140460437,10.586304695727453,7.845216946585044,4.2284684420366245,-0.1497496830138917,-3.6566581571860888,2.748518302236705,16.62480000965066,36.03947806933197
-36.03971676393565,-16.61753172445133,-2.753864211335687,3.640655441777763,0.104740684130169,-4.278037446569583,-7.897396213697726,-10.640584563920044,-12.602095700127268,-13.946345882157807,-14.875519715054038,-15.596209647905818,-16.25808901351711,-16.873319321209966,-17.33825132946059,-17.521335949881735,-17.333569148894465,-16.759352572125227,-15.853352938791074,-14.71726285957932,-13.47199292249919,-12.23021128227046,-11.075496765587156,-10.055036047536705,-9.177350899252456,-8.413345849208525,-7.702290848286322,-6.973636178059817,-6.178335508710849,-5.302988139174931,-4.362723869045806,-3.3870125988748536,-2.404094173891321,-1.4320647692460238,-0.4747613475109034,0.4762617728909809,1.4335527805849964,2.405559495662828,3.388442491506266,4.364112958338995,5.304350394761105,6.1796350877062105,6.9748586287796845,7.703519403733354,8.41454462969662,9.178448273810954,10.056061992949388,11.07644865021976,12.231047373751757,13.472684435410608,14.717785873726658,15.85368527167884,16.759475171094163,17.33347903707668,17.521041594527134,17.337750052828056,16.872672070045006,16.257350503537065,15.595352490585547,14.874549067821908,13.945271325052692,12.60095262966617,10.639331449919815,7.896004717823623,4.276531368407203,-0.106384871772532,-3.642475591268481,2.751909346202575,16.615828074499877,36.03814212460637
-36.03930960755645,-16.609370481491705,-2.758799301971089,3.625484585976798,0.0603300986854327,-4.327101922834642,-7.949133301250487,-10.694514132657694,-12.65829318464661,-14.004799288039724,-14.936076961405176,-15.65886105927284,-16.32323213724083,-16.941723524746145,-17.410830582780083,-17.598851750499847,-17.416317997046544,-16.84702507311075,-15.9450209853264,-14.811642059090955,-13.567589722991086,-12.325498437741611,-11.169280087824724,-10.14650047751382,-9.26606127528533,-8.49906102062738,-7.784698527013669,-7.052095624606842,-6.251772155001793,-5.369917109188424,-4.4213404323135,-3.435358174306005,-2.440237873789433,-1.4544687412928188,-0.4823582225624883,0.4838794088029262,1.455977400312614,2.4417235556627523,3.4368081254675387,4.422749474179619,5.371298239859821,6.253090051370763,7.053337022074028,7.785944901959876,8.50027646182332,9.26717429003725,10.147542273322218,11.17024636575374,12.326346848349532,13.568291898031744,14.812173282458836,15.945358640199904,16.847149976048975,17.416227100127067,17.598553011127947,17.410323138647396,16.941067692826415,16.322481920960787,15.657991349904655,14.93509313912601,14.003710699324838,12.65713296671362,10.693242226884545,7.947722026512432,4.32557375093311,-0.0619977288227144,-3.627329912716956,2.7568154783358314,16.60763962468482,36.03771184807946
-36.03986287868316,-16.60206137457278,-2.765375347355323,3.6092717766163216,0.0148264660472839,-4.37720553459918,-8.00184126765216,-10.749349331208878,-12.71533576725774,-14.064047879318196,-14.99738873779896,-15.722230515670194,-16.389053686495963,-17.01075860681049,-17.483984532114697,-17.676875313634163,-17.49950307996932,-16.93505751653207,-16.03697469849872,-14.906242755175915,-13.663345990130017,-12.4208760505402,-11.263089511990586,-10.237933529511531,-9.3546922373493,-8.584658084147382,-7.866955967428126,-7.130377745111545,-6.32501011381925,-5.436635883039553,-4.479746957717616,-3.4835057163923056,-2.476213488658759,-1.476756828509716,-0.4899133245721556,0.4914553069201321,1.4782861787159385,2.477719585790117,3.4849758005593,4.481176038024769,5.43803604068015,6.326346472979991,7.131638175822319,7.868220439273674,8.585890214245048,9.355821094506098,10.238991303796606,11.264070342508631,12.4217369642923,13.664059000541672,14.906782418662392,16.03731788166261,16.93518486824408,17.49941144729479,17.676572293541422,17.4834709330815,17.010094149846328,16.38829185197077,15.72134819770042,14.996391681696588,14.062944932190312,12.714158426285255,10.74805850231976,8.000409975819501,4.375655093518555,-0.016517764406935,-3.611142703147027,2.763362162847098,16.600302946471913,36.03824175534624
-36.04145874168019,-16.595688923222532,-2.7737297807799943,3.5919341275042465,-0.0318454889685503,-4.428416161771597,-8.05557871366297,-10.805140982230052,-12.773267211530612,-14.124129414216783,-15.0594880158538,-15.786346593178065,-16.45557755594645,-17.08044267299833,-17.557724844968142,-17.75541041851772,-17.58312173530415,-17.023439790049558,-16.129196493146026,-15.001039674825575,-13.75922942337736,-12.516308069210716,-11.356885008355192,-10.329292560368575,-9.44319936383974,-8.670091559042284,-7.949017161905186,-7.20843629616114,-6.398003467326604,-5.503099080997972,-4.53790140170174,-3.5314169902635504,-2.511992021332189,-1.498910826498749,-0.497419876943462,0.4989826733197565,1.500460907374641,2.513518611305209,3.532907322572493,4.539350620391694,5.504518405100978,6.399358424168859,7.209715824514587,7.950299912997134,8.671340409871531,9.444344261916015,10.330366414942622,11.357880524786095,12.517181679379066,13.759953441843136,15.001587991373803,16.12954540757629,17.023569780641246,17.583029512094072,17.755103282384184,17.557205145514764,17.079769575071072,16.454804083816573,15.78545156470416,15.05847760016726,14.12301186306653,12.772072718080544,10.80383110627059,8.054127170263497,4.426843273335495,0.0301302802608632,-3.593831023388511,2.7716868391199943,16.59390256731128,36.03981402052369
-36.04422803243629,-16.590360654749077,-2.7840139797170878,3.5733797523184485,-0.0797747805234115,-4.480824995998086,-8.110444536852071,-10.86200077042415,-12.832211605481204,-14.185178976245387,-15.122519240718844,-15.85136257764857,-16.522967309747642,-17.150952210066716,-17.63224512095967,-17.834668143874012,-17.66740554254006,-17.112419939449303,-16.221944603998345,-15.096301525331944,-13.855521023049675,-12.61208766742328,-11.450967515546449,-10.4208834931664,-9.531890636339847,-8.755669839084192,-8.031189388142602,-7.286575811113884,-6.471050451848681,-5.569593129935931,-4.5960679588201145,-3.5793214558016846,-2.547752022758087,-1.5210467945413495,-0.5049180999240255,0.506501840322701,1.5226177418842068,2.54929926076833,3.5808322188050057,4.597537480010833,5.571031833343214,6.472424198299151,7.287874520076413,8.032490719676868,8.756935526438419,9.533051768162329,10.421973596929137,11.4519778823321,12.612974186513872,13.856256221066936,15.096858672993458,16.222299424455777,17.1125527368234,17.66731284063041,17.834356978057173,17.631719248023575,17.15027036496521,16.522182177838964,15.850454718545288,15.12149533309226,14.184046408472254,12.830999838498808,10.86067154854146,8.108972307256797,4.479229339597089,0.0780352717069235,-3.575302839925838,2.781941049960622,16.58854611836235,36.04255954941412
-36.04828582074691,-16.586184037112126,-2.796388249553005,3.5535053161494194,-0.1290551020715079,-4.534520769608308,-8.166525022273495,-10.92001581340718,-12.892256641251953,-14.24728457892622,-15.186570519668615,-15.91736695222754,-16.591312240283816,-17.22237810933563,-17.707639420503696,-17.914744167401356,-17.75245431255145,-17.202100162348337,-16.315321119577266,-15.19212954272738,-13.952322064746063,-12.708319404159244,-11.545442295681896,-10.512811780787128,-9.620870871536074,-8.841497002815116,-8.11357559157033,-7.364897501318283,-6.544249171199208,-5.636210845543804,-4.65433027281112,-3.627291412582622,-2.5835504350097525,-1.5432023137737194,-0.512421036079968,0.51402581939223,1.5447942340760452,2.5851184389078297,3.62882275338644,4.65582024638953,5.637669079774383,6.545641862866265,7.366215674719642,8.114895648554086,8.842779522757084,9.622048567335115,10.513918280301056,11.546467635060573,12.709219030988471,13.95306860908384,15.192695706482704,16.315682015074124,17.20223590247983,17.7523612181753,17.91442910381431,17.70710731460147,17.221687365848815,16.59051570786995,15.91644619916583,15.18553307753422,14.246136419091714,12.891027775760692,10.918667180180286,8.165031768518887,4.532902134615667,0.1272910077555324,-3.55545503086912,2.7942848697213214,16.584340879194833,36.046593246431655
-36.05363786784808,-16.583228370629488,-2.8110079348550903,3.53218854009405,-0.1797839890586101,-4.589568087637083,-8.223832885286095,-10.9791437490705,-12.95331026950524,-14.310310219736223,-15.251469006119748,-15.984152110631804,-16.660365214489254,-17.294424425280233,-17.783551554269835,-17.99521883276311,-17.837778954125657,-17.2919329504641,-16.408734408394764,-15.287880431818076,-14.04893454776644,-12.804266977789084,-11.63954453398858,-10.60429481569173,-9.709348642605516,-8.926778659446292,-8.195382651493562,-7.44261305138652,-6.616824424142422,-5.7022024162741936,-4.71199076723689,-3.67471991235232,-2.618918338858829,-1.5650746046686617,-0.5198236779242826,0.5214494478318161,1.56668745015641,2.620507067981947,3.676271795253425,4.713501146461711,5.703680148954903,6.618236053864004,7.443950773165461,8.196721362945999,8.928077923970568,9.71054301302772,10.605417787276698,11.64058487281766,12.805179802358523,14.049692541132252,15.288455708126898,16.409101442425218,17.29207166333476,17.837685486015317,17.9948999789267,17.78301321483796,17.293724716543494,16.659557321873923,15.98321840724699,15.250417937170203,14.309146478061558,12.952064179576515,10.97777556042047,8.222318430512711,4.587926316363361,0.1779951353870797,-3.5341649139252,2.8088742858293454,16.581356764773105,36.05192144281467
-36.06034206345837,-16.581589366710457,-2.8280472098921483,3.5092947085097657,-0.2320736476336407,-4.646059556761292,-8.282422984633927,-11.039404489822472,-13.015362164285117,-14.374220108845623,-15.317159184041284,-16.05164344747981,-16.730029587439386,-17.366965661651474,-17.859816165935694,-18.075896785654912,-17.92314047811809,-17.381643643517783,-16.50188683448791,-15.383225890585337,-14.144996328711995,-12.89954772413343,-11.732878825514325,-10.694927523338496,-9.79691680871478,-9.011107316168284,-8.276206258322581,-7.519323250709276,-6.688384656358374,-5.767187104754814,-4.768696957363661,-3.721300613390393,-2.6536209149268406,-1.5865114906954083,-0.5270728147305331,0.5287193814404275,1.5881450789614695,2.655230217091267,3.7228728554202255,4.770227522569834,5.768684450015673,6.689815128329666,7.520679783743504,8.27756368803558,9.01242359675497,9.798127699961556,10.696066804472792,11.733933955219028,12.900473846379764,14.145765749851194,15.383810216216055,16.50226000790307,17.381785396344466,17.923046680945784,18.07557389575885,17.859271994911403,17.36625803584167,16.729208459243893,16.050697352901384,15.316094427198776,14.373043193441577,13.01409739795279,11.038016637798153,8.280887937323108,4.644394538278777,0.2302600582172067,-3.5112977295521968,2.8258834503210832,16.579689453468422,36.05860198751688
-36.06855525185207,-16.58140891503698,-2.8477094184328697,3.4846746517393887,-0.2860572309799346,-4.704126489545617,-8.342425687916574,-11.100932191266686,-13.07855290354596,-14.43916472581662,-15.383796070131025,-16.12000222342076,-16.800471528105227,-17.440178603097735,-17.936620663760735,-18.156977155194117,-18.008751812008768,-17.47145642117597,-16.5950081699914,-15.47840295239086,-14.240756805306672,-12.99441797643486,-11.825705010315543,-10.784980640041288,-9.883848294032235,-9.094757759076582,-8.356318558392953,-7.595298423522037,-6.759193599451506,-5.83142557426745,-4.8246859235354185,-3.767241468339364,-2.68781920698327,-1.607617611992705,-0.5342054012524758,0.5358724869099346,1.609271714072576,2.689448920211128,3.768833993371625,4.82623668261767,5.832942559293698,6.760642869879109,7.596673943451492,8.357694994107524,9.096090946964132,9.885075970979944,10.78613643069022,11.82677518715043,12.995357826834198,14.241538121693042,15.478996942254016,16.59538820863594,17.471601954467175,18.008658372172018,18.156651123511946,17.936070810546244,17.439461874429615,16.799639057225786,16.119043471535203,15.38271786065875,14.437972762515122,13.077270135552611,11.099524471141706,8.340869888826425,4.702438022497981,0.2842186459566753,-3.486705023217449,2.84551441578197,16.579479656642334,36.06679071551406
-36.07831920687424,-16.58278745007727,-2.8701956634508794,3.4581556097678208,-0.3418707969692307,-4.763874459473076,-8.403887021067094,-11.163715651775105,-13.142825281582,-14.505047490238413,-15.451250101178305,-16.18906692460056,-16.871493225706573,-17.513818801153384,-18.01366437358014,-18.23809962423213,-18.094184965096478,-17.560889434274664,-16.68757222155447,-15.572841185575362,-14.335601829353331,-13.088219617740249,-11.91734830416339,-10.87376408766151,-9.969451884446876,-9.177038664917893,-8.435033315609456,-7.669857143251119,-6.828584877244842,-5.894271735290419,-4.879369052781241,-3.8120309186967782,-2.721114768416182,-1.6281368511363938,-0.541133849795257,0.5428210982605567,1.6298111350779088,2.7227646151246643,3.813643504674899,4.880939812505457,5.895808239945039,6.830052873522849,7.671251648661025,8.436428477243,9.178388811105664,9.970696482510077,10.87493640455608,11.9184335935269,13.089173421760345,14.336395336023967,15.573445200702825,16.687959526696048,17.561039114238024,18.094092200826807,18.237771025670988,18.013108819737305,17.51309234634764,16.87065083192426,16.18809542213447,15.450158559062167,14.503839126337128,13.141525210411723,11.16228799166664,8.402310158009247,4.762162456572536,0.3400069816430716,-3.460213384833393,2.8679693203983216,16.58082868150946,36.07653012564287
-36.08988213545145,-16.5859209096556,-2.895757050746385,3.4295473574049544,-0.3996847611545482,-4.825482003434877,-8.467013155754238,-11.227996492169089,-13.208452013403807,-14.572168197695063,-15.519846748192773,-16.25918713974664,-16.943474250290446,-17.588301130319714,-18.09141016525361,-18.31977185390172,-18.180005386058347,-17.650551608123937,-16.780215676015207,-15.667213444058063,-14.43024522293547,-13.181699268512824,-12.00857703315394,-10.962059552659522,-10.05451430488242,-9.25873797880715,-8.513135704342659,-7.743777882817313,-6.897322502902698,-5.956462843443538,-4.933427714513062,-3.8562616338124833,-2.753965677184333,-1.6483662799110794,-0.547961125858773,0.5496683675843157,1.6500605814613791,2.755635506233784,3.857894150233969,4.935018375369091,5.958018694507872,6.898809189848835,7.745191703627586,8.5145491349945,9.260104982690011,10.055776169338497,10.963248385836984,12.009677459641336,13.182667168982247,14.43105110578411,15.667827716929622,16.78061052830165,17.65070569941798,18.17991347965183,18.31944088972188,18.090848999026104,17.58756523734774,16.94262199303615,16.25820309882065,15.518741853561227,14.570943365051434,13.207134676034702,11.226548885843066,8.46541508377586,4.823746428940127,0.3977956072807474,-3.431632734982048,2.8934990558339764,16.58393233338327,36.08806831664747
-36.10333239860288,-16.59094697229902,-2.924638997033835,3.398624893942353,-0.4596794953705734,-4.889090582964785,-8.531899543595866,-11.293816756857732,-13.275432696190917,-14.640491167786434,-15.5895221596384,-16.330272722915993,-17.016294614771287,-17.66346768158541,-18.169651957741376,-18.401733830737097,-18.26589995612301,-17.740084173477143,-16.872542376329623,-15.76108784069715,-14.524218644569048,-13.27435517457242,-12.098873667789254,-11.049338876896428,-10.138505519552922,-9.339325779765742,-8.590098985199722,-7.816538632386378,-6.964895989268059,-6.017506756015341,-4.986411159074419,-3.8995422073842176,-2.786069844883953,-1.6681107393490562,-0.5546199742140075,0.5563468929486252,1.669824748541308,2.787759363026698,3.9011943761576666,4.988021463900752,6.019081596872574,6.966401269786221,7.817972090836433,8.591529781190014,9.340709550504762,10.139784935930663,11.05054411646337,12.099989175878289,13.275337222183731,14.52503704965309,15.76171253152729,16.872944960496305,17.74024289752203,18.265809152379376,18.40140079949211,18.169085344836493,17.66272260325304,17.015432582308463,16.32927637267276,15.588403943484767,14.639250034377865,13.274098203537836,11.29234948939985,8.530280417729575,4.887331620132515,0.4577651280431593,-3.4007376497115374,2.922349048600048,16.588928270008598,36.10149359773264
-36.11906057706735,-16.598149546867237,-2.9571491905997416,3.36513479012116,-0.5220705560367978,-4.954975606868632,-8.598875194122193,-11.361601652551332,-13.344267881330866,-14.710583829565456,-15.66089901136692,-16.402999544796415,-17.090692854695984,-17.740138411776186,-18.249319496848837,-18.485033497746556,-18.35304091659587,-17.830759588857003,-16.965897708829367,-15.855887113538316,-14.619029764538418,-13.367775175168296,-12.189865108942394,-11.137254508209084,-10.223080571544338,-9.420455987470408,-8.667564997307489,-7.88976587393919,-7.032894971820594,-6.078934675137943,-5.039722122501498,-3.9430913898038207,-2.818366796281877,-1.6879782686247484,-0.5613202844267041,0.5630669996019413,1.6897121001758204,2.820076132584586,3.9447633475447272,5.041352067424093,6.080528623003597,7.034419340621072,7.891218714942215,8.669013157072726,9.421856252862035,10.224378632438183,11.138475734496543,12.1909956357338,13.3687716360241,14.619860723205331,15.85652226207308,16.966308074334606,17.830922919538168,18.35295117150554,18.48469833129604,18.248747479553646,17.739384551549488,17.089820604698115,16.40199095063485,15.659767315663096,14.709326583854798,13.342916117423302,11.360114678284086,8.597234783985522,4.953193089558084,0.5201307532371598,-3.36727537508142,2.9548271815580764,16.596100593054217,36.11719672120567
-36.13708854349026,-16.60766013605672,-2.993559045851805,3.3287822809505294,-0.5870740566097987,-5.02328123636766,-8.667992592046131,-11.431297122099217,-13.414815030125478,-14.782228950696416,-15.733699805870431,-16.477034018732923,-17.166271619575227,-17.817835292113802,-18.329831142930196,-18.56897231030305,-18.4406121069483,-17.92166177940661,-17.059287509474693,-15.95053844382034,-14.713524246252298,-13.460733371781686,-12.280286971264246,-11.22451840339492,-10.306947212392444,-9.50083574615722,-8.744249576115116,-7.962187117411017,-7.100076183968843,-6.139548910465935,-5.092261385283192,-3.985953207262045,-2.850121256137545,-1.7074927700381006,-0.5678976872750712,0.5696639956658501,1.7092462272098492,2.851850196247712,3.9876447571462856,5.09391103519444,6.141161543033379,7.101618888537818,7.963660481307826,8.745714690559,9.502252324930977,10.308262987692672,11.225756373421346,12.281432631044732,13.461744028114538,14.714367907329969,15.95118416964854,17.059705756331667,17.921829912603965,18.440523668229027,18.56863514383409,18.329253773803146,17.817072884337442,17.165388845492625,16.476013290666973,15.73255466837916,14.780956145938578,13.413445715211704,11.429790333669317,8.666330809019163,5.021475146903788,0.5851087539079344,-3.330950603475534,2.9912051719823727,16.605581050584767,36.13519980226327
-36.15774957463668,-16.619766158230515,-3.034202744608443,3.289231631557063,-0.6549530728103385,-5.094286946700492,-8.739548843549233,-11.503233429459522,-13.487434980332653,-14.855815678048206,-15.808337278143975,-16.552812166377773,-17.24349455568561,-17.897059305177216,-18.41173782432513,-18.65415854134594,-18.529280950762598,-18.013505257205782,-17.153460557189018,-16.045826262670356,-14.808526317351818,-13.55409263160952,-12.37101890257138,-11.312021906029477,-10.390996010021604,-9.58135257873404,-8.821031806636778,-8.034670517329895,-7.167284548680197,-6.200160774447182,-5.144771415581547,-4.028771234887112,-2.881828343710171,-1.7269738690109322,-0.57446235834975,0.5762481704611824,1.7287468616439048,2.883576802082534,4.03048227608102,5.146440602215777,6.2017920664146855,7.16884578805563,8.036163864510229,8.822514000696549,9.58278536707686,10.392329737209945,11.313276387436863,12.37217963057293,13.555117547896051,14.809382677709143,16.04648260325768,17.15388678616527,18.0136782251298,18.529193785400174,18.653819442395957,18.411155250748244,17.89628850791469,17.242601616031433,16.551779560157364,15.807178820207715,14.854527032133596,13.486048491892843,11.501707240359984,8.737865930613193,5.092457456963657,0.6529624695738708,-3.2914280427155296,3.031816570347101,16.61765654859108,36.15583563542254
-36.181269379319815,-16.63472367141366,-3.079412386993133,3.24609754771524,-0.7259894656618573,-5.168249360597764,-8.81376225177146,-11.577590994759651,-13.562283579898445,-14.93147827710381,-15.884929333019642,-16.63043697021909,-17.32244858096374,-17.97787840326897,-18.495085125594706,-18.74061513789584,-18.61904538987595,-18.10626639817254,-17.248375357736034,-16.141691309835586,-14.90396044909618,-13.6477644934193,-12.461964189184696,-11.399662867789663,-10.475121757475854,-9.661899077790558,-8.89780300459631,-8.107106444709906,-7.234410909769557,-6.260663356439591,-5.197152274646405,-4.071457695118358,-2.913420257460701,-1.7463769563085323,-0.5809988406598285,0.5828041348370974,1.7481694561664838,2.9151882013232013,4.073188195103561,5.198840976704289,6.26231324360646,7.23599069336962,8.108619702460699,8.89930232439534,9.66334808036847,10.476473334869077,11.400933952815906,12.463140047148332,13.64880369527526,14.904829562718309,16.14235830725403,17.24880964450645,18.106444337746105,18.618959674144374,18.74027429070087,18.49449717021954,17.977098815161668,17.32154569293747,16.62939276576546,15.883757808558832,14.930173264540135,13.560879570998864,11.5760455330975,8.812057931140679,5.166396237220471,0.723973373548107,-3.248322045145629,3.076994247397681,16.632583728243684,36.1793304516536
-36.207811621841245,-16.652783729235146,-3.129520704411282,3.198943129657989,-0.8004888130449411,-5.245424000572412,-8.890811279973112,-11.654477311161116,-13.63939616295453,-15.009201016838436,-15.963418774521788,-16.709815152385897,-17.40299849744567,-18.0601071840715,-18.57961966885415,-18.82802189961492,-18.70951252487124,-18.19948345361073,-17.34352126104223,-16.237571394672436,-14.999212184475004,-13.74110445301996,-12.55245307454086,-11.486763404992232,-10.558643047316036,-9.741800054756116,-8.97389602681087,-8.178842188987462,-7.300821347554395,-6.320453113904981,-5.248848667860127,-4.113532668483638,-2.9445346904950287,-1.7654681780318071,-0.5874254653463731,0.5892500193141044,1.7672799674521027,2.946321890570972,4.115282420877243,5.25055680438481,6.322121217895986,7.30241921209382,8.180375811383058,8.97541232633897,9.74326501838532,10.560011808883669,11.48805146687584,12.553644132992057,13.742157750866726,15.000094115435404,16.238249174179693,17.34396365085468,18.199666307510466,18.709428549405843,18.827679571524342,18.57902570722012,18.0593194746612,17.402086243278603,16.70875942877091,15.962233909285167,15.007879400462269,13.637974582808122,11.652913181274204,8.889085287514268,5.243547133152898,0.7984471980116654,-3.2011954748261515,3.127071036845393,16.65061365477808,36.20584790757798
-36.23773696027692,-16.674309512858073,-3.1848929765029164,3.1472655899401123,-0.8788062331486773,-5.32615458368678,-8.971016644602622,-11.734196605652196,-13.71907767496197,-15.08928592125643,-16.04410743654439,-16.791247615846167,-17.485446904844213,-18.144051066027373,-18.66565876738693,-18.91670802874142,-18.80102346212629,-18.29350905683474,-17.439257381439383,-16.33383407651016,-15.094660732326666,-13.834500756251488,-12.642880744340646,-11.573716525396632,-10.641953144384184,-9.82144255492279,-9.049693458147896,-8.250250931519265,-7.366878982928038,-6.379873994793171,-5.300176608371203,-4.155270973406166,-2.97538091387072,-1.7843820367061278,-0.5937888342289028,0.595632461423467,1.7862129223233212,2.977187179296718,4.157039770754171,5.301903942788287,6.381560201734949,7.368494878273246,8.251804404338607,9.051226767151816,9.82292330658998,10.643339122072922,11.575021373016185,12.64408686364746,13.835568159578896,15.09555547594378,16.334522590405843,17.439707909655738,18.2936969869635,18.800941110143945,18.91636424045189,18.66505981592552,18.143254757857516,17.48452509267245,16.790180529950952,16.042909762278672,15.087947863373008,13.717639314310532,11.732613015558648,8.96926937059675,5.324254154700822,0.8767390771543407,-3.1495458006864148,3.182411987733249,16.672109361534606,36.23574854138631
-36.27140161148816,-16.69969349710551,-3.245884636441602,3.090497829474253,-0.9613282176493276,-5.410803719039541,-9.054689638957448,-11.817031727799831,-13.801581741480838,-15.171966317726335,-16.127212684159552,-16.874939116751854,-17.569986605689085,-18.229889494810138,-18.753369622940905,-19.006824779376608,-18.893717118888965,-18.38846955351656,-17.53569651036928,-16.430581586099418,-15.190402460891775,-13.928046270035138,-12.733335895212988,-11.660609862364012,-10.725137591319744,-9.900910974071037,-9.125278092383192,-8.321414307629707,-7.432663302025978,-6.439003815327212,-5.351207120610923,-4.1967353481628855,-3.0060072777968982,-1.8031499317541688,-0.6001001335123811,0.6019626456430286,1.804999718907137,3.007832409803913,4.19852300514069,5.352953416679356,6.44070794197182,7.434297187239029,8.322987216059845,9.126828295757685,9.902407435254426,10.726540727269883,11.661931276059471,12.734557009414264,13.9291277478746,15.191309975185494,16.431280831466545,17.53615523979454,18.388662678279847,18.893636524375506,19.00647961976074,18.75276578475314,18.229084889635796,17.569055203022543,16.87386094207993,16.126002339109746,15.170612040323316,13.80012670243064,11.815428868457392,9.052921161497464,5.40887983054629,0.9592356113317404,-3.092806077161164,3.243372573150862,16.697463352880213,36.26938860991928
-36.30921853749207,-16.72938939028793,-3.312839062289841,3.0280003288858937,-1.0484823602326925,-5.499768271362274,-9.1421699299793,-11.903284736703633,-13.887177882112692,-15.257488116680353,-16.2129616809007,-16.961101263057945,-17.6568131761086,-18.31780031134812,-18.842910869719443,-19.09851199096281,-18.987715751810416,-18.484473223026285,-17.632929463036763,-16.527893764319053,-15.28651250857764,-14.021804078376093,-12.823879935731505,-11.747500326167463,-10.808250813855963,-9.98025652806836,-9.20069820364708,-8.392377388083709,-7.498216524003133,-6.497882192046463,-5.401979012403974,-4.237959993679739,-3.036437024721288,-1.8217877158936493,-0.6063656583837259,0.6082468750293757,1.8236562190336625,3.038280832617075,4.239766328646377,5.40374409235536,6.499604035951023,7.4998682289031775,8.39396953020658,9.202265230580691,9.981768532651325,10.809670865573873,11.7488382572705,12.825115983227114,14.022899540053883,15.287432748214648,16.528603701252038,17.633396374529468,18.48467156893505,18.9876370242528,19.098165616627945,18.842302275407416,18.31698746253176,17.65587192898848,16.960012586927956,16.21173917683874,15.256117261941842,13.88570637588969,11.901662773120943,9.140380223194452,5.497820948481427,1.0463642800280573,-3.030336676726315,3.3102964772103447,16.72712949806767,36.30718117837058
-36.35177847648743,-16.76397813704909,-3.3860896312042232,2.959052601632364,-1.1407577114352967,-5.593534697738615,-9.233926031120744,-11.993435136710348,-13.97635739816829,-15.346356539663914,-16.30187364811109,-17.050267091610362,-17.746476843567585,-18.40835830392887,-18.93489202248363,-19.192418744611796,-19.083714195762063,-18.582257690900903,-17.731713362469844,-16.626556193020473,-15.383811159655934,-14.116601222577724,-12.915353686453493,-11.83522837211037,-10.892130199626022,-10.06030358736326,-9.276763471599908,-8.463927319015752,-7.5642982819581075,-6.557227248718989,-5.453149274521057,-4.27950632400963,-3.0670899608186364,-1.840566301302957,-0.6126803168484337,0.6145802256329419,1.8424535040968544,3.068952427796916,4.2813313110672055,5.454932926297814,6.558966869161154,7.565968153744746,8.465537944568101,9.278347105642071,10.06183152967188,10.893567438025148,11.836582287488588,12.916604595662148,14.11771074753796,15.384744052074462,16.62727683312878,17.73218851507846,18.582461249743552,19.083637275616898,19.192071101277502,18.934278762541457,18.407537424229837,17.745525684564782,17.04916823278719,16.300638816423213,15.34496918668835,13.974869428544489,11.991794164811555,9.23211508698664,5.591563950167327,1.1386141397402725,-2.9614170418112398,3.3835168701268,16.761688469537834,36.349716712341
-36.39951113205992,-16.804015374255254,-3.4658931972605367,2.8828715612400013,-1.2386692709146792,-5.692536511077309,-9.330276676568303,-12.08769404986742,-14.069234198612111,-15.438606682231626,-16.393920441864474,-17.14235324881342,-17.838834681008517,-18.501349124727,-19.02901628256017,-19.2881408931663,-19.181216355768736,-18.68124137058485,-17.831397885272217,-16.725857576274336,-15.48153037207615,-14.211630786088408,-13.006924097132057,-11.922954546855816,-10.975931023277292,-10.140219881822818,-9.352651999854176,-8.535265419704364,-7.6301341184823,-6.616308458398969,-5.504055886540943,-4.320807629272356,-3.0975400108987925,-1.859213043445147,-0.6189502384864894,0.6208685736031027,1.8611186832201505,3.099420833512858,4.3226509487946805,5.505858009815339,6.618065436621275,7.631821314687691,8.536895205143786,9.35425209897853,10.141763275902996,10.977384453151345,11.924324958329256,13.008189820493032,14.212754050984431,15.482475900552556,16.726588917578784,17.831881305202856,18.681450226959058,19.18114138760501,19.287792217330512,19.02839854416605,18.50052036452203,17.83787399453014,17.141244260037823,16.392673815288653,15.437203011589984,14.067729928748662,12.086034421970703,9.32844472737929,5.690542553438958,1.2365003837703443,-2.8852640875409787,3.463290608714767,16.801695871287993,36.3974248876119
-36.45299786515025,-16.85018634634491,-3.552465536664404,2.798596147073572,-1.342811761940951,-5.79727724511452,-9.431633503585246,-12.186370399142064,-14.16603482897249,-15.53439642297818,-16.489207600034504,-17.237417825184643,-17.933895638688213,-18.59672154995791,-19.12516439186895,-19.385479460629767,-19.27994961501551,-18.78108149614024,-17.93159670846459,-16.825362790593616,-15.579184034281791,-14.30639901515436,-13.09807359934244,-12.010152515145188,-11.05913022543116,-10.219485782684483,-9.427856840224374,-8.605897373762321,-7.695254518341255,-6.674684522214989,-5.554295314109275,-4.3615267191104765,-3.127542588679187,-1.8775675322172685,-0.6251191339377824,0.6270554762052138,1.8794911798281253,3.1294413476362704,4.363387969414733,5.556115505662772,6.67645844363553,7.696958684212235,8.607545838238728,9.429473261397431,10.221044104298278,11.06059961507287,12.011539182578376,13.099353921141814,14.307535851385348,15.580142105099892,16.826104762751285,17.932088374804888,18.781295760923445,19.27987691003645,19.38512982439609,19.12454264603702,18.59588607219106,17.932924183558967,17.236299307031647,16.487949468872387,15.532977911499978,14.16451394741622,12.184692377591308,9.429780782931866,5.79526033586954,1.3406177525538812,-2.80101658967324,3.5498338306605897,16.847837160794864,36.45088724797827
-36.5131464517822,-16.903405112542927,-3.64601334965873,2.705268444186634,-1.4538929376507943,-5.908431422232028,-9.538652127054917,-12.290104532520234,-14.267404751104996,-15.634378704171285,-16.588397942071527,-17.33613206834171,-18.032336252872422,-18.69516804743898,-19.224041885509138,-19.48518736440928,-19.38068795473616,-18.8825768785308,-18.03313088358597,-16.92591093612673,-15.67762818889092,-14.401769903052145,-13.189672258814095,-12.097684193074745,-11.142582600412805,-10.29894051009904,-9.50320301572184,-8.6766251026,-7.760433344834568,-6.733082290192778,-5.604526210062145,-4.402225790238623,-3.157522127577055,-1.895900294811396,-0.6312799127680406,0.6332339706616233,1.89784164919305,3.159438535968429,4.404104697814385,5.6063639452221015,6.734872957636964,7.762154814446045,8.678290968270538,9.504835193568068,10.30051412387611,11.144068210749348,12.099086121598829,13.190966951761002,14.4029202721872,15.67859856774843,16.92666340246313,18.033630712946483,18.882796483773102,19.38061751275878,19.484836983878846,19.22341608856841,18.69432559968455,18.03135678009692,17.335002783645695,16.587127277288342,15.632946966650454,14.265867692314671,12.288408356428809,9.53677907668223,5.906391870722928,1.4516741169267773,-2.7077166254247818,3.643353155007724,16.90102627142298,36.51101141476662
-36.58087233746664,-16.964656215621144,-3.7466884091529415,2.6018496304336103,-1.572713243563952,-6.026704551173177,-9.651947666194545,-12.39942335602102,-14.373796464445672,-15.738944866197029,-16.691832474655712,-17.438792323756726,-18.13440553499748,-18.796879452886103,-19.325773810949205,-19.587323718141725,-19.4834250236931,-18.985665003754743,-18.13588250287137,-17.0273417290464,-15.776674893485591,-14.497520783868389,-13.28148270108801,-12.185302906351753,-11.226032365380073,-10.378327403267113,-9.578429793653491,-8.74719142877131,-7.825416603581799,-6.791263701726797,-5.6545383197113415,-4.442727044786746,-3.187342712223587,-1.9141249926778965,-0.63740564087197,0.6393770004144737,1.9160836357204571,3.1892763293648327,4.444623170437652,5.656393177442257,6.793070699703774,7.827154835678934,8.748874467640396,9.580077594689614,10.379915657895246,11.227533737569887,12.186720023004774,13.282791477117572,14.49868442146223,15.777657429527302,17.028104598246173,18.13639046119364,18.98589003115416,19.48335700006582,19.586972924622483,19.32514403513696,18.79603026234622,18.13341958442777,17.437652007328452,16.690549053311926,15.737501007887277,14.372243785372678,12.397709432254064,9.650054792992504,6.024642762171157,1.5704699895495031,-2.6043254530053908,3.744000181512766,16.96224756924835,36.57871266211548
-36.65728588752018,-17.03511778315502,-3.854685560263659,2.487189082631513,-1.7002437612207175,-6.152971707431576,-9.772326345526666,-12.515058432843087,-14.485878414571436,-15.848710734463044,-16.8000840461163,-17.545934264185917,-18.240601875077832,-18.902306508733467,-19.43075975673113,-19.69223235340685,-19.58844751753384,-19.090576274561887,-18.240028804286908,-17.129790707375424,-15.876430030411177,-14.593730256450476,-13.373565808908184,-12.273056500639736,-11.309519434956773,-10.457680466092908,-9.65356852835476,-8.817625762465859,-7.890234528208103,-6.849259768780137,-5.7043631712935445,-4.483056584601202,-3.2170240340086496,-1.9322541621056637,-0.643501764184586,0.6454900451641719,1.9342297069965328,3.21897445956612,4.484969540550978,5.706234787550199,6.851082703397217,7.891989058139318,8.81932569040216,9.655231660075795,10.459282991457464,11.31103613872043,12.274488612356402,13.374888453446571,14.594906920008242,15.877424545134586,17.130563867453727,18.24054491115614,19.090806875072783,19.588382127722586,19.691881136592468,19.430126492818392,18.90145159788568,18.23960794827443,17.54478392411129,16.79878880602151,15.847255166127434,14.48431019111359,12.513327012410146,9.770413796369027,6.150887860444658,1.6979761179583888,-2.48969243250552,3.851970423950767,17.032679625693856,36.65510169219813
-36.743804873055055,-17.11620055350994,-3.970336793812177,2.359994389414789,-1.837681758066008,-6.288332734568551,-9.900855770621506,-12.638029362804213,-14.604631031225344,-15.964621404791732,-16.91407030692378,-17.658450954740154,-18.351791598848845,-19.01228837474085,-19.539809305300388,-19.80069064344317,-19.696498797631374,-19.198013367197117,-18.34622631071623,-17.233882858802215,-15.97750034333674,-14.69098010476523,-13.466476707628509,-12.361471115930712,-11.3935414298429,-10.53747171182562,-9.729065502043335,-8.888348969272329,-7.955279470364089,-6.907431499108914,-5.754322199733003,-4.523480409409788,-3.2467620913611714,-1.9504023895757991,-0.6496104524966705,0.6516152163812382,1.9523943988358197,3.248728892022492,4.525409773511326,5.756210213862501,6.909269912315726,7.957049641490407,8.890065750853298,9.73074394958943,10.539087654819731,11.395072975927128,12.362918297072694,13.467812937549278,14.692169500397576,15.978506703096086,17.2346662752229,18.34675063841629,19.1982497048797,19.69643628533379,19.800339291707928,19.539172960497684,19.01142817198595,18.350790186484303,17.65729088460688,16.912763631562083,15.96315481204598,14.60304764828493,12.636280778062297,9.898923906652218,6.286227168176497,1.8353899783067635,-2.362525334639382,3.96759531233809,17.113732786185704,36.74159590424364
-36.84193954088329,-17.209484861379504,-4.094204745308447,2.218794747813352,-1.9864861685090915,-6.434105867337621,-10.038761330421504,-12.76944472499111,-14.731058914375891,-16.087590779017138,-17.034632193921002,-17.77711710012069,-18.468679197743555,-19.12744332519185,-19.65344298022996,-19.913107189065663,-19.807866302541584,-19.308138087035537,-18.454532260388262,-17.339594033300934,-16.079795850489482,-14.789130862360423,-13.560033739381176,-12.450339744706469,-11.477878681830765,-10.61747887830399,-9.804702929997678,-8.959151960715191,-8.020355083337359,-6.965595691168783,-5.804246456728305,-4.5638490575893655,-3.276449371299305,-1.9685145491034903,-0.6557160034917978,0.6577366482454011,1.9705224253257427,3.278431947261112,4.56579423162205,5.80615031013024,6.967449054252633,8.022140333501312,8.960885147719793,9.806396242901926,10.619107822474689,11.479424555926364,12.451801602465943,13.561383250350293,14.79033268866787,16.08081385645495,17.340387621274143,18.455064835507628,19.30838031644005,19.807806973758957,19.91275581778114,19.65280446213852,19.12657966820812,18.46766901571662,17.775948332575606,17.033314739570063,16.086114856603285,14.72946059077919,12.767679821098389,10.03681092848519,6.431979233499149,1.9841708107895344,-2.221353491291429,4.091436971847798,17.20698695703083,36.8397051353401
-36.95358231814372,-17.31686598345248,-4.227262242864635,2.0618437028867653,-2.148488213486865,-6.591962793500529,-10.187633367476746,-12.910791789590895,-14.866565128665036,-16.218949110472938,-17.1630395580714,-17.90314712212567,-18.59241640999809,-19.24884544518684,-19.7726371097964,-20.030343657829167,-19.92329005559282,-19.42158004109212,-18.56548056056104,-17.44737831320444,-16.183691146193173,-14.888480855096514,-13.654481294481004,-12.5398720563948,-11.562719590873856,-10.69787325212446,-9.880636303395557,-9.030172005541726,-8.085576302940927,-7.0238406471967805,-5.854196678902674,-4.604208911388518,-3.306123736300661,-1.9866353771893384,-0.6618327239848523,0.6638686905307839,1.9886585668837584,3.308121563810035,4.606169406460213,5.856115899612764,7.02570850202578,8.087376097082409,9.031921137072596,9.882344216570756,10.699514745147503,11.564279364818733,12.5413482986848,13.65584384271689,14.889694904537622,16.18472066940553,17.448182036768006,18.56602142843587,19.42182839673017,19.92323436033925,20.02999249424676,19.77199712123286,19.247979332144222,18.59139646933428,17.90197036231235,17.16171218862961,16.217465139130738,14.864951864190171,12.909010810331594,10.185664816396937,6.589815438656869,2.1461494684976308,-2.0644299489265703,4.224468800699427,17.3143378163916,36.95132209932832
-37.08087413736645,-17.440551523195538,-4.371011853855141,1.88701231211458,-2.325918074673792,-6.763906438628824,-10.349332062016943,-13.063766025459683,-15.012701027477387,-16.36012200929457,-17.300612797590833,-18.0377625746288,-18.724112878364547,-19.377462913473444,-19.89818471794995,-20.152992640646016,-20.043162108789115,-19.538556437087657,-18.679137898014947,-17.55716293085034,-16.28898370201446,-14.98872930201881,-13.749464901557555,-12.629692775289666,-11.647683358756218,-10.778275021992318,-9.956488672639928,-9.101037282087756,-8.15057909738657,-7.081818567251757,-5.90385547681535,-4.644298222396417,-3.3355931080371257,-2.00465925504082,-0.667919562077797,0.6699701295031771,2.0066970495434813,3.337605486184005,4.646273349975861,5.905789469064066,7.083700346149957,8.152392704517073,9.102801934266443,9.958210950710376,10.779928459529218,11.649256420308424,12.63118316753096,13.750840246975024,14.989955366216746,16.2900246969215,17.557976881519487,18.679687304749287,19.538811343164195,20.0431106390393,20.152641912300474,19.897544266987857,19.376595977118136,18.723082172522783,18.03657847069768,17.299276092472756,16.358631872464805,15.011072906718288,13.061969463226696,10.347345908786366,6.761738817244508,2.32355617379196,-1.8896260627562291,4.368192940207164,17.437992708332768,37.07858747662776
-37.22661009255268,-17.58329138817058,-4.527755605490008,1.6916786896832658,-2.521533118582292,-6.952505291863882,-10.52633341187122,-13.230743795414462,-15.171745416965363,-16.51330018321025,-17.44946422896845,-18.18300318925485,-18.865724851398177,-19.515150276531557,-20.03181225219975,-20.282635714669453,-20.16889725220932,-19.660327458608062,-18.79662119759192,-17.669923330107366,-16.396526912856036,-15.09063796731516,-13.845669183015849,-12.720422837172222,-11.733332688645412,-10.859195097675638,-10.032723254760882,-9.17216410910124,-8.215732044292723,-7.139854596665231,-5.953498481080295,-4.684347575363496,-3.3650135028952004,-2.022666282076562,-0.6739919724262673,0.676056370764281,2.024717927683294,3.367039738881328,4.6863366848239165,5.955446631491716,7.141749876739359,8.217559043730553,9.173943513099903,10.03445943872936,10.86086044269625,11.734918692326335,12.721926893684318,13.847057166421214,15.091876053972967,16.397579440183254,17.670747752913734,18.79717960346648,19.66058953474105,20.168850707107428,20.28228589414222,20.03117226132511,19.51428344033847,18.86468354048441,18.18181227930342,17.448119035151468,16.511804652613325,15.170103050274683,13.228932169037016,10.52433024773413,6.950317933244147,2.5191484069534704,-1.69432002839898,4.524910646260255,17.580700995394587,37.22429583400439
-37.39420539231557,-17.74844032375709,-4.700754973499885,1.472611433806163,-2.7386737388968574,-7.160902531630138,-10.721660626917096,-13.41462313304291,-15.346465056575015,-16.681132744418754,-17.612135291084076,-18.34131259194995,-19.019583559227016,-19.66410882818851,-20.1755617881718,-20.421138433522163,-20.30215503732532,-19.788345514153672,-18.91918405702356,-17.78671373721939,-16.5072283776656,-15.195036425217337,-13.94381514038028,-12.812686807412083,-11.820207663312546,-10.941104211834972,-10.109755023882418,-9.243916071686572,-8.281353566327413,-7.198224774346714,-6.003349391798148,-4.724540420105436,-3.394501930731818,-2.040691372425107,-0.6800584685722008,0.682136029650633,2.0427562108048667,3.3965414153672007,4.726542941772315,6.005311045632057,7.2001333030492445,8.283194115682926,9.245709185063184,10.111504201833782,10.94278221819032,11.821806859971089,12.814203659468513,13.945215711935615,15.196286869331445,16.5082927207246,17.787549183695315,18.91975226574997,19.788615578823386,20.302114269857164,20.420790900033087,20.174922685713184,19.663240721825662,19.018535742867424,18.340114658234956,17.610782668740267,16.67962870967355,15.344810844967888,13.412796825309355,10.71964018280203,7.158695518032482,2.736265963958711,-1.4752808049163446,4.697883403107204,17.745817460230796,37.3918623036277
-37.58771011561187,-17.94010764872427,-4.894427784152813,1.2258496648311534,-2.981348268237725,-7.392858191583024,-10.938914698717303,-13.61878605625839,-15.540032666214476,-16.866602207804277,-17.791443416030052,-18.515355514114628,-19.1881830989082,-19.82662785451555,-20.331486280482608,-20.570284600916168,-20.44447740021775,-19.923846868116318,-19.04773305238495,-17.90817791562907,-16.62154194360391,-15.302239319722934,-14.044128961625722,-12.906652094020757,-11.908431245542634,-11.024091447954742,-10.1876423838285,-9.316323520555455,-8.34744853023181,-7.256914030703306,-6.053392852398029,-4.764854497993146,-3.4240548165373927,-2.0587375626094864,-0.6861335590226101,0.6882234845982022,2.060814841416711,3.4261068640838883,4.7668697942200495,6.055367331355193,7.258835571855532,8.349302711757154,9.318129460799051,10.189403581136316,11.025782825349744,11.910044107045003,12.908180916108735,14.045542163551264,15.30350271852034,16.622618619192757,17.909025246008962,19.04831219619407,19.924125945778197,20.444443329942043,20.569941964950548,20.33084772322943,19.825754530842644,19.18713797033767,18.51415036844701,17.79008470928803,16.865081891062523,15.538371325266212,13.616946347963792,10.93687669344746,7.390631904303617,2.978917544924462,-1.2285476699034628,4.891527527037586,17.937450275576467,37.58533592445181
-37.81213347156496,-18.16341937799174,-5.114450936668602,0.946418620296172,-3.254462113678999,-7.652952072633083,-11.182377802246496,-13.8472292257151,-15.756188402719674,-17.073227669935694,-17.990732637445127,-18.708308140117868,-19.37451525813769,-20.00544981777571,-20.502019971012317,-20.732127079354072,-20.59752658185379,-20.068109719778413,-19.18323555868661,-18.03502991783749,-16.739942265475538,-15.412517033942333,-14.146747926274308,-13.002370761713022,-11.998011422211034,-11.10814133672837,-10.266356132348587,-9.38934905646196,-8.413973375708672,-7.315868657307521,-6.103572832811161,-4.805216750468942,-3.4536034130276656,-2.076764231286901,-0.6921974468851604,0.6942990301924316,2.07885325447152,3.455667365624009,4.80724421480067,6.105559512943296,7.317802687046647,8.4158406912402,9.391167201088477,10.268128774992034,11.109845872138692,11.99963783988906,13.003911114264843,14.148173543212064,15.413793446288082,16.741031337990545,18.035889378371834,19.183826017693235,20.068398336646784,20.597499902235512,20.73179047547778,20.50138190012185,20.004572000213518,19.3734741940094,18.70709684624596,17.98936816268051,17.071690841504232,15.7545209097784,13.845376897914209,11.18032245347686,7.650706775310718,3.2520084864954564,-0.94914520073045,5.111521461629167,18.16072690891559,37.80972714333557
-38.07344272645061,-18.42467712546949,-5.3678633336533945,0.6282499509015403,-3.563813286324138,-7.946530238792831,-11.45694721057022,-14.104445336400287,-15.99903727282156,-17.304787557776354,-18.21350778100209,-18.92342633908963,-19.58155936567684,-20.203218175215262,-20.68939748473465,-20.908417325468207,-20.762492372663857,-20.22176759048034,-19.32585669090586,-18.167090064074504,-16.862004778222747,-15.52527537324313,-14.250972034206525,-13.099095350031655,-12.088186136004529,-11.192504705787355,-10.345174718795231,-9.46232110476478,-8.480328395911311,-7.374580346704907,-6.153479127446152,-4.845267765962402,-3.482856443164537,-2.094563440116437,-0.6981727825841806,0.7002853516269556,2.096663571652124,3.484931640341179,4.847306702434404,6.155477523331517,7.376526229024963,8.482207519194123,9.464151369096042,10.346959304721969,11.194221113608611,12.089825116842276,13.10064770606854,14.252409924928427,15.526564786687258,16.86310647777248,18.167962049024915,19.32645902760466,20.222066357933997,20.762473886059315,20.90808745193673,20.6887590861745,20.2023378704288,19.58052409080661,18.922209146503388,18.212137043556748,17.303233529976904,15.99736602752344,14.102581303949052,11.45487496322686,7.944266369752334,3.561337053705489,-0.6310054957245446,5.364903672073697,18.421948877775588,38.071003179995415
-38.37951908347756,-18.731812946607302,-5.663585418215996,0.2640165796144605,-3.916347731200463,-8.280204873763482,-11.76895923671916,-14.396532975289247,-16.274425354197664,-17.566905242065783,-18.46519223232617,-19.165945253782738,-19.8143338282958,-20.424677765432687,-20.89802813686194,-21.10317511557947,-20.94295392095883,-20.38793837662839,-19.478290199113328,-18.30664397574098,-16.989636872575332,-15.642156889011666,-14.358274553280868,-13.198141710503542,-12.180150274396008,-11.278271303918793,-10.425090255105223,-9.536124861729936,-8.547275787451209,-7.43366741668304,-6.203620966350747,-4.885425705327492,-3.512153104532855,-2.1123896936813367,-0.7041502241576996,0.7062733772162789,2.1145003661190467,3.514238731259635,4.887475058264921,6.205629652053087,7.435623536355439,8.549165202016189,9.537964939169694,10.42688579722616,11.2799972505264,12.181800349974948,13.199704059349362,14.359722522263358,15.64345688504902,16.99074815321605,18.30752483749549,19.47890034665577,20.388243716304125,20.94294179982772,21.10284874195429,20.89738598127231,20.42380345685813,19.81330274059824,19.16472255340447,18.46381493018717,17.56533777758024,16.272756965141244,14.394658396215906,11.766872025168263,8.277923823458309,3.913850627278068,-0.266798344499952,5.660601770111031,18.72905522415205,38.37705145612619
-38.73955210152366,-19.09415248238557,-6.012191592751673,-0.1547104552396835,-4.319901824750809,-8.661382508410156,-12.12547843168445,-14.730207145624068,-16.58873095363742,-17.865661466025774,-18.751606689347295,-19.44143782849518,-20.078123182707817,-20.674742347631287,-21.132345149295265,-21.32027434476032,-21.14217422661705,-20.569378685459824,-19.64271821477181,-18.455343123351177,-17.124151448396375,-15.764127255553513,-14.469411392558657,-13.300117303588484,-12.274407843961882,-11.365867587449513,-10.506469549907584,-9.61107936986672,-8.615092457776084,-7.493367710461862,-6.254171701640264,-4.92583365572754,-3.541608266262932,-2.130293797648233,-0.7101510686874613,0.7122838623712967,2.132413832063964,3.543702574411401,4.927890869865092,6.256188621171719,7.4953311589537135,8.616986409393627,9.612928319217326,10.5082744683661,11.36759985260672,12.276062412284128,13.301687545840204,14.47086627446462,15.765432240630249,17.12526667189589,18.456226736243064,19.64332929242602,20.56968374498625,21.142164597471165,21.31994667299752,21.13169442228464,20.673886835963096,20.077097031777026,19.440211650521995,18.7502234371977,17.864086092337445,16.58707551570242,14.728327106741338,12.123381399664511,8.659088192268376,4.317388354925479,0.1519077461889431,6.009191877573112,19.09137379108808,38.73706355206349
-39.163986490149945,-19.522292834826565,-6.42543213066655,-0.63714104571035,-4.782974781419903,-9.09814183823264,-12.534214553075191,-15.112904500019836,-16.949102005605408,-18.20788918631298,-19.07930088511648,-19.756165677065123,-20.378857786751045,-20.95890289589669,-21.397306077088604,-21.56407942076795,-21.36395784177985,-20.769267786670188,-19.82171950930159,-18.615216658105734,-17.267076648747842,-15.892313907582665,-14.585260873734455,-13.405738862901972,-12.371607102055837,-11.45590863946353,-10.589912545099704,-9.687781800342316,-8.684353317039278,-7.554218325460766,-6.305573310733181,-4.966823363194169,-3.5713828474326683,-2.1482950854446288,-0.7161732908854759,0.7183143940099507,2.150423289054236,3.573484850029757,4.968887512822072,6.307598087129917,7.55618953657366,8.686249744741367,9.689637788502996,10.591733281337818,11.457644889222443,12.373262751231591,13.407319979512511,14.586724060556252,15.893624663611288,17.26819774077958,18.61610532681902,19.822334329284597,20.769575879053026,21.36395295723152,21.563750665014545,21.39665433486872,20.958068835994496,20.377824533337627,19.754939830341332,19.077912234970963,18.20632080485991,16.947447649356352,15.1110181024286,12.532107425759516,9.095832635150428,4.78044223581112,0.6343147965747006,6.422413655539723,19.519490911018195,39.16147411215149
-39.66361184075991,-20.02716866520715,-6.914942073323844,-1.192491738421806,-5.314006347234997,-9.59831897227831,-13.00263275716384,-15.551656889277586,-17.362173993127243,-18.599870840105822,-19.454254370692915,-20.115838861884114,-20.72194096399634,-21.28221023438287,-21.697488094717897,-21.838605270910342,-21.611573117042816,-20.990065486992076,-20.01699089051358,-18.78730136683935,-17.418971777829036,-16.027095505933705,-14.706113874422371,-13.515278917383052,-12.472005702931314,-11.548638328836216,-10.6756500756748,-9.766435381893206,-8.755247358279464,-7.616426709012907,-6.358037770509467,-5.008602474823746,-3.6016462539257805,-2.166553121831177,-0.7223011490859558,0.7244491964264022,2.1686883484398014,3.603755389344187,5.010673845370038,6.360070338566029,7.618405626958756,8.757150030300249,9.768299556763225,10.677483349164865,11.550381115585882,12.473668459275457,13.516871506765035,14.707587861891126,16.028417219698028,17.420104568756106,18.78820197625656,20.01761757323447,20.990384759346902,21.61157908693443,21.83828300098464,21.69684407182,21.28138611786174,20.72090475865904,20.114614874207508,19.45286314875784,18.598306978860048,17.360510744300967,15.5497624603034,13.000512670392206,9.595991627993262,5.311450345050647,1.1896350583645054,6.911893156148456,20.02433298511237,39.661065369351086
-40.24927498638337,-20.61883940665151,-7.491805940288179,-1.828807649406136,-5.920339885898513,-10.16905343819995,-13.537689962287915,-16.05331527910878,-17.83469625273052,-19.048280419467638,-19.883074010211843,-20.52699965745981,-21.11383493857601,-21.65100398900302,-22.039029607397072,-22.149649958510764,-21.89031331958421,-21.23650297799428,-20.232672070618676,-18.975260270377294,-17.583154304744067,-16.17152856021658,-14.834765984678766,-13.631332040790758,-12.5780162563749,-11.646292276114249,-10.765750506077676,-9.848926862471258,-8.82948036776307,-7.681491154346895,-6.412853686858857,-5.052233288766335,-3.6331436513340254,-2.18558623358458,-0.7287310640610544,0.7308848206589986,2.1877272671951684,3.6352589523851857,5.0543115813937325,6.414893022991686,7.683476544988334,8.831392074757558,9.850799010067623,10.767593451548072,11.648041943518296,12.579688375538671,13.632938046677957,14.83625084413638,16.172863187101637,17.584301898716635,18.976176326468103,20.23331478833743,21.23683785308472,21.890333921944023,22.14933931470312,22.03839716166864,21.650184729816544,21.112799963380574,20.525779747458817,19.881683081186196,19.046719835871336,17.833019958097474,16.051413227732265,13.535555992542184,10.166706580913967,5.917758088182672,1.825916936477614,7.488719753482312,20.615964035753183,40.24668793956163
-40.92787982916193,-21.30321917382636,-8.162806568455938,-2.5498633684688343,-6.604856607108116,-10.81293641268362,-14.141757635058696,-16.620169299352735,-18.36890144971678,-19.55531305627296,-20.367901437766484,-20.99173789529143,-21.55655582132361,-22.067201348574702,-22.42369309888883,-22.498698929473427,-22.2013562643927,-21.509387821311567,-20.469227588066893,-19.179363031795653,-17.759840922311096,-16.325829798154594,-14.971421074609754,-13.754125703587558,-12.689866519252396,-11.749126515400098,-10.86050116301066,-9.935582157467724,-8.907419310616508,-7.749756561027501,-6.470357388609608,-5.09797944166209,-3.666125093551921,-2.2055571862058883,-0.7355012174678827,0.7376598760544507,2.2077032754974986,3.668246040129412,5.100062674495364,6.472402236145347,7.751750688239071,8.909336638169858,9.937461548050315,10.86235161934052,11.750884648065504,12.691548726194045,13.755744407413838,14.972916159191582,16.327178080553804,17.761004052823278,19.18029641036216,20.46988843061262,21.5097371886006,22.20139670996249,22.49841116587985,22.423053406731334,22.06638371577872,21.55554638404629,20.990529849625936,20.36651386082991,19.553739515102134,18.367204671832013,16.618272825921572,14.13960936489542,10.810570052826826,6.602247450454973,2.5469365817554954,8.159679629357742,21.30030113636319,40.925247668623626
-41.70042985279552,-22.07976571082321,-8.928005259929227,-3.35325562577866,-7.364609130932988,-11.527071203172987,-14.812198988356648,-17.249900009902333,-18.962767626092123,-20.11922720245607,-20.907247756024567,-21.50879092111372,-22.04908406997668,-22.530042842928932,-22.85095387099499,-22.88559583033758,-22.544767090029463,-21.80910205673465,-20.727549266556327,-19.400964428276023,-17.950645513664043,-16.49167292532038,-15.117795872195751,-13.885283171575544,-12.809094674242852,-11.858570101123243,-10.961215766261486,-10.02758582491184,-8.990090545114665,-7.822127527127416,-6.531332734467477,-5.146600288918068,-3.7012288863022818,-2.2268273416627333,-0.742713700735371,0.744873563147448,2.2289749446981766,3.7033519798741583,5.148685930901464,6.533381485007712,7.824126614522706,8.992013711985935,10.029472096077708,10.963069191242871,11.860338175657755,12.81078762136877,13.88691175524996,15.119301861833907,16.493035450156555,17.951825056610147,19.40191631358755,20.72822998889565,21.809470564936166,22.544829054612286,22.88532957639484,22.8503233166586,22.529229161744198,22.048093548981573,21.50759586854581,20.90586640657613,20.11765074553042,18.961054476140426,17.248004932958736,14.81003774568964,11.524684736671766,7.361971275575285,3.350289687954779,8.924834527576834,22.076803076539303,41.697749172930806
-42.55506928699703,-22.93571421126436,-9.77466705659765,-4.225260864296921,-8.185381231299091,-12.297162171269283,-15.534675516125722,-17.928357155852726,-19.60249586001998,-20.726555392165267,-21.48793143596639,-22.06522812379064,-22.578769326996785,-23.027200524939563,-23.30893599763959,-23.298989024732315,-22.91005022117252,-22.126226296012124,-20.99944546266012,-19.63302995931452,-18.149614044497905,-16.664214073112078,-15.269913995263382,-14.021504738712332,-12.9329041771639,-11.9722286417267,-11.065848198096951,-10.123245895373534,-9.076176449495456,-7.897721915919656,-6.595305829676691,-5.197969420392384,-3.73854642744546,-2.249459762215998,-0.7503209928752215,0.7524774186254898,2.2516046910347307,3.740667870839757,5.200054861395109,6.597356050927652,7.899722486893325,9.07810574210489,10.125138381568387,11.067700472609747,11.974006838153423,12.934610034669692,14.023140973787871,15.27143084335422,16.665592218620713,18.150811818257694,19.63400247430818,21.0001494922512,22.126620549790506,22.910135782366467,23.298743520383383,23.308332289671384,23.026393229322096,22.577789787749367,22.06404338386827,21.486557562150967,20.724983993229788,19.60077394185765,17.926456259871856,15.53250156171955,12.294754316805712,8.18271247506767,4.222252829885975,9.771451055456373,22.93270633293521,42.55233813954603
-43.46900498242912,-23.84751742919904,-10.678990440204714,-5.142851794948542,-9.044324223837044,-13.100731066154522,-16.28708205363144,-18.63402976084504,-20.267109435834303,-21.356855906912664,-22.09000595495816,-22.641606880989546,-23.12679897264319,-23.54071794145201,-23.780937521963168,-23.72361470554733,-23.28389127584198,-22.449267247731857,-21.2753610476994,-19.867981444021787,-18.35081760974545,-16.838823440409477,-15.423937820909996,-14.159658361590695,-13.058700047643017,-12.087978910092602,-11.172682630922584,-10.221237076416491,-9.164718634166157,-7.975833201091025,-6.6617964764461775,-5.251542990643423,-3.777847221017895,-2.2734572847551955,-0.7583407779916961,0.7604919608085379,2.2755979306339733,3.77996520542199,5.2536255711655215,6.663844674954207,7.977832919904354,9.166649651804684,10.223131297334586,11.17453423753393,12.089762969419292,13.0604157705578,14.161299167857184,15.425462912210117,16.84021406733111,18.35202982042854,19.86897115486391,21.276085446875467,22.449684559785805,23.28399841624653,23.72338902050849,23.780360793459863,23.539927155143182,23.12583243000366,22.640436739011637,22.088644155421274,21.35529691616017,20.265389817213435,18.632127541430364,16.28490087975956,13.098306261816427,9.04162883145592,5.1398024554114246,10.67572773851322,23.844463710511185,43.46622038972957
-44.40848437519568,-24.781503801331723,-11.60734830006795,-6.074786756649315,-9.910178763951563,-13.9068928230913,-17.038778186714907,-19.33669427664281,-20.926912491510134,-21.981071305485287,-22.685036371852902,-23.21013406154759,-23.66613988579122,-24.044586950183607,-24.24224670084183,-24.13648318040137,-23.64539429253388,-22.7600454975728,-21.539893365284613,-20.092894516603454,-18.54342547493272,-17.0063050038986,-15.57219099991439,-14.2933907681419,-13.181211282081774,-12.20141165592357,-11.27802354045176,-10.31849537022573,-9.253220561095716,-8.054483606032042,-6.729313888918334,-5.306425412581958,-3.818735901355041,-2.298869739172769,-0.7669733508263088,0.7691177912116286,2.301004245637486,3.8208483023541175,5.308503147028691,6.731357488395842,8.056479931058984,9.255151391848829,10.32038985786328,11.27987345027513,12.203196468873184,13.182936012619669,14.295035381667136,15.573722406776922,17.007706646527087,18.54465086312499,20.093900576641097,21.540637558926072,22.76048507826092,23.64552389630476,24.13627943725121,24.241693738421485,24.043816052577604,23.66518826845244,23.20897931004958,22.683687572852055,21.979524515489363,20.92519758744901,19.33479275359596,17.036591568351778,13.904453353394606,9.90745819968376,6.07169852451097,11.60404369093507,24.778408697097703,44.40564869329846
-45.34527037866829,-25.709613816535217,-12.532191587950972,-6.995783777901772,-10.758543067546052,-14.69172460460784,-17.766771979859623,-20.014212758599395,-21.560745423744315,-22.57885164221257,-23.25338140456017,-23.75183446828372,-24.17859955717911,-24.521685072647585,-24.67722177517959,-24.52401712579436,-23.983208331244043,-23.049429120290046,-21.785684868215288,-20.30185985812985,-18.722854636808133,-17.1631518262119,-15.712048177299843,-14.420479456469415,-13.298468224623594,-12.310676258571064,-11.38012859780463,-10.41338900153737,-9.340201281675418,-8.132428617052717,-6.796810163834378,-5.361860198197795,-3.86035624752224,-2.324874673901011,-0.7758486859245088,0.7779829089298373,2.326999291850702,3.862459271113962,5.3639296228173965,6.798846386308334,8.134418798960324,9.342128264299523,10.415282236967233,11.381975176090508,12.312458159865932,13.300198284856274,14.422127231736502,15.713583600066038,17.16456245117952,18.724091797699835,20.3028809112697,21.786447780715243,23.049890874543934,23.9833610096496,24.5238362810394,24.676695716461687,24.52093660216781,24.17766541734492,23.75069691867457,23.25204791646735,22.5773198290242,21.559039253959085,20.01231500100473,17.764583663728832,14.689273619993587,10.755800201555406,6.992658082397583,12.528846846455185,25.706480518086188,45.34238673930319
-46.25452946699584,-26.608023939214384,-13.430578890608285,-7.885143273798423,-11.569049697876968,-15.43543980153321,-18.45178478537207,-20.647897072092302,-22.15046793888061,-23.13261007853248,-23.77797011842848,-24.25016074700312,-24.648267629337106,-24.956963675825023,-25.071975844848744,-24.873719432591493,-24.286415508127988,-23.30803195203521,-22.004818725195435,-20.488358257407928,-18.8838000327998,-17.30499214376739,-15.839713482253911,-14.537579392597022,-13.407437975926715,-12.413019381309908,-11.476501431340967,-10.503693833066498,-9.42376069959166,-8.208107740296931,-6.863100681667378,-5.416852039362249,-3.901930856932509,-2.35091759715463,-0.7847355402574928,0.7868572178852725,2.3530297450222317,3.904021757143132,5.418910555165836,6.865126789002114,8.210089025980428,9.42568220701466,10.505581366651084,11.478344312936358,12.414797833331727,13.409166473870355,14.53922972113228,15.841251474881505,17.30640863555491,18.885046847434324,20.48939226097101,22.005598047498555,23.3085136153088,24.286589856423817,24.873561524495493,25.07147720796957,24.956239247155192,24.647352995820576,24.249042264801385,23.776653983045897,23.131095932834743,22.148774084305565,20.64600696956529,18.449598804633816,15.43298105669581,11.566288372487566,7.8819833527932035,13.427196909314375,26.604856665815102,46.25160254908857
-47.12405443908143,-27.46552987975836,-14.291956747569284,-8.734100641704698,-12.33346504088176,-16.13029433637282,-19.08651326226574,-21.230848557810244,-22.68962850981452,-23.636310167332223,-24.253135370870208,-24.699796752315176,-25.070227802656827,-25.34600638524296,-25.422694983158543,-25.1824464464158,-24.552537062170856,-23.533989605269188,-22.195985818618844,-20.65148106175908,-19.025532428256103,-17.431120149883533,-15.954454740917893,-14.643907846978372,-13.507312202617683,-12.507614773271555,-11.566307394049344,-10.588572831308555,-9.503053087556028,-8.280685048100901,-6.92735482758726,-5.47066581101215,-3.942876856817376,-2.376650481877239,-0.793527781410068,0.7956345424277934,2.378747804558354,3.944953478815063,5.472711800217256,6.929368782106999,8.28265508837069,9.504969275917128,10.590453066006706,11.568143647567965,12.509387968855965,13.509037841396411,14.64556085750465,15.955992985447248,17.432540737588727,19.026787759245813,20.652526660881254,22.196780841483857,23.53449132394862,24.55273379867877,25.182310996508065,25.42222141506985,25.34530567988138,25.069332378318137,24.69869702625605,24.2518369225984,23.63481288747871,22.687947948325277,21.228965846648585,19.084330066519552,16.127829222251176,12.33068596170623,8.730907759145904,14.28854522995954,27.462337649224967,47.12109388180213
-47.95254132990704,-28.281499993573185,-15.115916193561397,-9.543484257950178,-13.053329523238562,-16.778233338451845,-19.67321965259133,-21.76560722764063,-23.18102477956492,-24.09296299149677,-24.682058058820918,-25.104070336507164,-25.447957793794945,-25.69245168644155,-25.73315473386024,-25.454060123758488,-24.7854049678362,-23.73101297970166,-22.362637886945283,-20.794262117629422,-19.150576705486053,-17.543529992933724,-16.057817579253477,-14.740658304936252,-13.598998877511164,-12.595138830372113,-11.65001510558554,-10.66828978728601,-9.578132438760838,-8.349998633972788,-6.989237836098472,-5.5228909429638895,-3.982843501795505,-2.401856224719375,-0.802152817713794,0.8042428538904512,2.403936908866953,3.984903933377064,5.524921714323572,6.991238267162794,8.351957311023321,9.580037042096295,10.67016078435061,11.651844644163043,12.596906987409072,13.600719197056245,14.742307343831618,16.059356310934184,17.544952646156343,19.15183699695222,20.79531636976148,22.363445045881424,23.731530802535108,24.78562097439569,25.45394607292475,25.73270663566783,25.69177531313772,25.44708479334531,25.10299183969657,24.680780371792387,24.09148506456568,23.179361292699795,21.763735656645256,19.6710421278537,16.77576461923176,13.050535739841385,9.540262127353648,15.112478980422692,28.27828765900943,47.949553124305766
-48.73790705112427,-29.05492371176999,-15.901586408292598,-10.31362503844519,-13.729251894099452,-17.380073885003625,-20.212789464792365,-22.25308204932977,-23.625561789508694,-24.50347308263757,-25.0656456730057,-25.46389345902612,-25.78237671820532,-25.99722280328488,-26.004277701796937,-25.6894521423,-24.985849552521938,-23.89982485174208,-22.505339143127824,-20.917077168669856,-19.259114115538587,-17.642252917184393,-16.149699735613034,-14.827656547236243,-13.68229165002882,-12.67537450001194,-11.72740555562434,-10.742631750287329,-9.64879855751065,-8.415876661375655,-7.0486206775754265,-5.573390479773447,-4.021711612072162,-2.4264512608567306,-0.8105715472937207,0.812644120782364,2.428514264781372,4.023754454907199,5.575404427672954,7.050605095226268,8.417820939101706,9.650690644886811,10.744490303521594,11.729225118374906,12.67713468691872,13.684003413433455,14.829299897604038,16.15123487989448,17.64367324895225,19.26037484949374,20.91813469684465,22.50615259581959,23.900352867490497,24.98607943983686,25.6893554535268,26.00385271485232,25.996570897172603,25.781527159511597,25.462838366921066,25.064391681584084,24.502018531089952,23.623920279030678,22.25122683442825,20.210622680395275,17.377606345775586,13.726447964134826,10.310378878088256,15.898132291042073,29.05170052362408,48.73490060994611
-49.487620071751486,-29.793381897938367,-16.656213084859097,-11.05228472900144,-14.36970615198064,-17.94449580806834,-20.714031029474505,-22.702117564666352,-24.03208570826616,-24.876649245488764,-25.41264868966372,-25.787943035058845,-26.08205346125485,-26.268715567327117,-26.2441737691462,-25.89631676020157,-25.16098812272288,-24.04684638206507,-22.629710900774462,-21.024684749782026,-19.355075838315376,-17.730494249033693,-16.232740792788583,-14.90708677447534,-13.759006655166171,-12.74983135723184,-11.79971327614848,-10.812559426468594,-9.715729402286836,-8.478703615168357,-7.10561871546469,-5.622118824391345,-4.059371664777413,-2.4503460529057626,-0.8187585619566251,0.8208129266076599,2.452390672162724,4.061396323743221,5.624115374907549,7.107586751369706,8.480633076699483,9.71760771818666,10.81440514120281,11.801522380034028,12.751583106787272,13.76070935457619,14.908722925417228,16.234271944490015,17.731911457630464,19.35633587537673,21.02574436825981,22.63052924869917,24.047383129573504,25.16123062347873,25.896236628581345,26.243770605745567,26.268086121267327,26.0812273653642,25.786911630776565,25.41141949422707,24.87521837722891,24.030466609736543,22.70027918014039,20.711875522209027,17.942030459735236,14.366893196832056,11.049016536236088,16.652745478432433,29.790151673895043,49.484600656460536
-50.20671101926499,-30.502201527557784,-17.384852056385018,-11.764987821631353,-14.980618713162505,-18.477526043076026,-21.183010259351335,-23.11873823619299,-24.40654762849133,-25.218351816555018,-25.72883592981744,-26.081889733836864,-26.352536446955607,-26.512302265361303,-26.45796628281924,-26.07943568137801,-25.315173059217894,-24.175917459985413,-22.739034171295188,-21.11980971350398,-19.440679745577462,-17.810056463383514,-16.3084127661915,-14.980165127694985,-13.830162991961204,-12.819368055447791,-11.867655317806488,-10.878651504281308,-9.779360713491354,-8.538773343725508,-7.160395092915836,-5.669131221321154,-4.095812972986903,-2.473512958551023,-0.826702092078265,0.8287379296505273,2.475538886596329,4.09781914343779,5.671110076313642,7.162346402851556,8.540687364218485,9.781225286917266,10.88048457836712,11.869452885006767,12.821110413126783,13.831856824059496,14.981793843719387,16.309939126536257,17.811470011403166,19.441938484524243,21.12087072290968,22.73985678790967,24.176462210159556,25.31542713205508,26.07937101279189,26.45758377138088,26.51169504999068,26.351733174739973,26.080881253817445,25.727630498442892,25.216944260737304,24.404951166979103,23.11691722219759,21.180866802952675,18.475063956868546,14.977798014810883,11.761699382843004,17.381373149991962,30.498966760643416,50.20368264430287
-50.90251092614678,-31.18851772334852,-18.094166907968752,-12.458614102158355,-15.569303129574209,-18.986550375971444,-21.627157678989317,-23.51035477559486,-24.75629767395268,-25.535839152433347,-26.0213616036785,-26.352774479765905,-26.60071801462625,-26.73465978055997,-26.652011063575163,-26.24472577350509,-25.453750960803163,-24.291737086052592,-22.837321133580183,-21.20579694981288,-19.51868631735813,-17.883204189918853,-16.378589865071852,-15.048442705066352,-13.89704923571522,-12.88505061578547,-11.932099745427156,-10.941582517628058,-9.840167589092502,-8.596362558636159,-7.213048254034503,-5.714417899757062,-4.130979871462462,-2.4958976013048724,-0.8343834147618617,0.8364003445071826,2.497904589043708,4.132967483936561,5.716379172148848,7.214983005856927,8.598261068318486,9.842018802009935,10.943403512846013,11.933885477732233,12.88678331996388,13.89873475424327,15.050064312826962,16.38011148633774,17.88461438514869,19.51994430325612,21.206859934432195,22.83814861588996,24.292290371607542,25.454017092536628,26.24467729479743,26.651648981958903,26.734073220433263,26.59993730701326,26.35178810981371,26.020179160868363,25.53445306668192,24.754722490681367,23.50855082326908,21.625026247150164,18.98409200835261,15.566475474508206,12.455305483716453,18.090676057787054,31.185278284961736,50.899475628482506
-51.57543294367683,-31.853446883832053,-18.785225973321637,-13.134644671375032,-16.137299162253473,-19.47311644465208,-22.047985228284517,-23.87838789229435,-25.082653514305,-25.830334803043403,-26.291369590841352,-26.601666839112266,-26.82758693567368,-26.936670686785146,-26.827068171637684,-26.39279975152864,-25.57720303806995,-24.39463048407998,-22.924764129337305,-21.28274878980803,-19.589127730846293,-17.949946166946795,-16.44325912942216,-15.111915636052204,-13.959679512616988,-12.946915852680789,-11.993108906361137,-11.00144490458593,-9.898274359067832,-8.651626539439755,-7.263761628216183,-5.7581372261771815,-4.164978874444863,-2.517562090885649,-0.8418208906064238,0.8438190558799797,2.519550296033818,4.166948134951045,5.760080945131696,7.265679925239407,8.6535101192521,9.900111823248816,11.00325257276642,11.99488396231844,12.948640102387852,13.961355305032097,15.113529551552748,16.444776295779306,17.95135286847237,19.590384421718785,21.2838131639739,22.92559577381679,24.395191304884733,25.57748047756009,26.392766771701485,26.826724621236096,26.936104234299403,26.82682685283685,26.600703433125137,26.290210821390318,25.828969257986,25.081098628302804,23.87660086551661,22.04586549431722,19.47066212311871,16.134465185383316,13.131317583854685,18.781725125087405,31.85020445857035,51.57239382553635
-52.23200212380633,-32.503123190848825,-19.46368264786654,-13.7987567420647,-16.690627430696168,-19.943284573781597,-22.45157995181797,-24.228916820716396,-25.39165066183372,-26.1077999069053,-26.544732804559366,-26.834340338819416,-27.03878211617917,-27.12378334009929,-26.9882988578343,-26.5284257957932,-25.68978763970229,-24.488306270392613,-23.004506649880057,-21.353272369615123,-19.65415714229801,-18.01204652403459,-16.503880991019244,-15.171782223048243,-14.019035856430753,-13.005761208783987,-12.051314488158836,-11.058707360062568,-9.9539841342535,-8.704709101483909,-7.312537896756829,-5.800227782181765,-4.197740101674834,-2.538453917560683,-0.8489977602217629,0.8509767210447838,2.540423022365608,4.199690863039121,5.8021537918948045,7.314439858284401,8.706578697383147,9.955807341402323,11.060499875622352,12.05308105948514,13.007479260332254,14.020699872611534,15.173387951956766,16.50539481596802,18.013449972266145,19.65541265250759,21.35433866092073,23.005342985751465,24.488874577136663,25.6900770328062,26.52840900065356,26.9879701682454,27.123236839495046,27.03804544274601,26.83339940044253,26.543595861998718,26.106452215855622,25.390113931093957,24.22714867049332,22.449472065492145,19.94083464459729,16.687788107192905,13.79541207451494,19.46017113534321,32.49987727250962,52.22896087772924
-52.87386222896062,-33.13950433483327,-20.13133199689141,-14.452912843351012,-17.231388384603243,-20.399162154712272,-22.84004288295067,-24.56400029657481,-25.68529406318552,-26.370173945516655,-26.783327229814407,-27.05260536876198,-27.23603721272612,-27.2976251113164,-27.137198899130063,-26.652923605617683,-25.792639478864302,-24.573700185666823,-23.077293216264884,-21.41795073361113,-19.71422863379644,-18.069870369566004,-16.560750324048833,-15.2282919235972,-14.075334366826285,-13.061776251540705,-12.106883728866274,-11.11351793764728,-10.007425534820808,-8.755718149345114,-7.359471971916139,-5.840760626213748,-4.229311996040358,-2.558604540342825,-0.855924588666195,0.8578844172959947,2.5605547693979114,4.231244615145968,5.842668568789376,7.361358005847672,8.757577323608626,10.009231915039926,11.11528812693157,12.108650596434185,13.063495147371665,14.076978326259276,15.229887554374248,16.562264554647545,18.0712706552302,19.715482382103676,21.41901923665167,23.07813429893644,24.57427532038378,25.79294044288799,26.65292276492151,27.13688271447161,27.29709713263664,27.23532464787663,27.051685422104036,26.78221045977661,26.36884122042575,25.683774316727217,24.56225073069579,22.837945791278447,20.396716178528763,17.22854353612927,14.44955207871161,20.12781271248373,33.13625713272351,52.87082201975941
-53.503814180729975,-33.7653449860582,-20.79067171371075,-15.09965717106051,-17.762309616245933,-20.843495740565142,-23.21612434462845,-24.88637418333568,-25.966266946330084,-26.620096297988777,-27.009725686344336,-27.258975313532293,-27.421777079478897,-27.460516610672027,-27.27591121724188,-26.768233359136502,-25.887436183966276,-24.652214395453957,-23.1442687499032,-21.477699736799064,-19.77007404446506,-18.124000022760065,-16.614351161430957,-15.281829488578095,-14.128880047774569,-13.11521464425604,-12.160011292400876,-11.166013488779091,-10.058691551892224,-8.804703811829699,-7.404557776811388,-5.879731065573082,-4.259690587591932,-2.57800901454596,-0.8626032365402132,0.8645424769984964,2.579939070278767,4.26160359921496,5.881619855368802,7.40642800552534,8.80655061440884,10.060474600118845,11.1677700207488,12.16178747292025,13.11690968748707,14.13050993276216,15.28342361092118,16.615860166283134,18.125395497148048,19.77132616770126,21.478769335132625,23.145113423984544,24.65279604912004,25.88774680447936,26.76824805176676,27.275610965233785,27.46000135768887,27.42109543403489,27.25807497397981,27.00863136644789,26.618773744600283,25.964771791430053,24.884643102768912,23.21403745913353,20.841054330331552,17.759459558528604,15.09628075782774,20.787147155333056,33.76209905139083,53.50077925731286
-54.12415672564272,-34.38299113347683,-21.44380715540044,-15.741108318277895,-18.285674707717394,-21.278616508138896,-23.582166582884664,-25.198369565514547,-26.236870194795905,-26.85980201372156,-27.226121370897044,-27.455580941235542,-27.59807147022948,-27.61440704345584,-27.40625311038952,-26.875993795742303,-25.97561291858636,-24.72507102887844,-23.20643835689557,-21.533326734210743,-19.822337368229377,-18.174953888551368,-16.66508886673831,-15.332726652084558,-14.179941010820809,-13.166280096776331,-12.210864977047477,-11.216317115709153,-10.107853230724391,-8.851697008289303,-7.447807377335532,-5.917122413267631,-4.288858756028101,-2.5966561282905043,-0.8690270257530534,0.8709453700912058,2.598565749219927,4.290751875810621,5.918992467517768,7.449661108498055,8.853528210700018,10.109621639850026,11.21806098709062,12.212629499441752,13.167968583823686,14.181559208048816,15.334313083773775,16.66659368525098,18.176345044340444,19.823587820224983,21.53439739190284,23.20728663718672,24.725659298728576,25.97593300281882,26.876023032411577,27.405969353279744,27.61390837057527,27.597414205007265,27.454700740981053,27.225047387037744,26.85849507074497,26.23539683793745,25.1966563187505,23.58009048540218,21.27617990592033,18.282820034748088,15.737716616189864,21.440277333764136,34.37974643289247,54.12112880177603
-54.73417228686947,-34.992311521016575,-22.09054808637025,-16.377201069212788,-18.80147263887218,-21.704569329235124,-23.938220318526152,-25.50001722157841,-26.497095977192693,-27.08924764161896,-27.43243471117438,-27.642313038790583,-27.76477646908715,-27.75912001390387,-27.528011857897933,-26.975958251373022,-26.056903484792617,-24.79198425674074,-23.26350847103857,-21.58455004173671,-19.8707617388603,-18.22251282599173,-16.712778233096614,-15.380838586078797,-14.228414422762604,-13.214911454681532,-12.259414332541944,-11.264439166336029,-10.154962364831569,-8.896784691730721,-7.489340431131767,-5.953047594293255,-4.316903423977375,-2.6145989303467174,-0.875211998267134,0.8771099005262072,2.6164885810958447,4.31877717920729,5.9548993965900845,7.49117806573377,8.898600803603067,10.156716332849866,11.266170488754732,12.261168195257994,13.216592923666434,14.23002126702556,15.3824174677275,16.714278985551932,18.223899777470425,19.87201054763421,21.585621707989567,23.26436010704644,24.792578625938244,26.0572324286056,26.976001090427896,27.52774414991064,27.758638191830663,27.76414041286789,27.64145232931396,27.4313794343979,27.087957669205995,26.495642330503888,25.498321114682163,23.936155148162666,21.702137610048123,18.798613910691863,16.373795376106003,22.087014002327876,34.989068432937515,54.731152896267126
-55.33326241253306,-35.59327187550521,-22.730773825425075,-17.007917873354874,-19.309747568854775,-22.12148982765702,-24.284437386438047,-25.79146362097283,-26.747061766737257,-27.3085248863606,-27.62873241490312,-27.819218928736078,-27.921917486450077,-27.89465865459999,-27.641164267415697,-27.06807232610811,-26.131215645386483,-24.852824397416715,-23.315325100514745,-21.63121287396593,-19.91520404682168,-18.26655539103825,-16.75732232533637,-15.42609558247547,-14.274260888515508,-13.261098333125148,-12.305677848751166,-11.310428170880876,-10.200098856108328,-8.940075020275051,-7.529282697040264,-5.987620375829249,-4.3439085211126205,-2.6318830948010588,-0.8811704883932405,0.8830488292225808,2.6337536209378944,4.345763832754312,5.989454784772978,7.531104809692239,8.941876686057576,10.201839021665272,11.31214725837825,12.307421828138873,13.26277270327568,14.275856711216209,15.427667368284595,16.75881910077685,18.2679383183999,19.9164513146646,21.632285549240382,23.3161801622161,24.853424932351206,26.131553300827207,27.06812791132776,27.640911620776453,27.894192883806223,27.92130026779597,27.818376996482325,27.62769506073001,27.307251526896582,26.745626338922683,25.789783599471644,24.28238291504424,22.11906304781554,19.306885397584484,17.00449920105216,22.727235538793018,35.59002988600437,55.33025245446447
-55.92330076859733,-36.18768704286496,-23.366062861916376,-17.634805088953897,-19.812207378379583,-22.531196014840106,-24.622658893134297,-26.07455097326841,-26.98858631554465,-27.519423048807077,-27.816772796668765,-27.988022901707804,-28.07117447046876,-28.022637644657504,-27.747226574531958,-27.153708569602436,-26.199735377361392,-24.908574640252542,-23.362690225376017,-21.67396569712736,-19.95618767297893,-18.307494984116545,-16.79904570125756,-15.468747896645754,-14.317669897522329,-13.30498164253028,-12.34975603928558,-11.354349422523526,-10.243294495795528,-8.981570232297067,-7.567607317478894,-6.020808416149518,-4.369837907692035,-2.6484765335935903,-0.886890914647938,0.8887497771514216,2.6503280419369157,4.371674948313937,6.022625690447508,7.569414064091546,8.983357713163064,10.24502119241935,11.356056442029448,12.35149043376746,13.306648569392616,14.31925535119787,15.470312692666813,16.8005383241867,18.308873922673342,19.957433239905807,21.675039099329485,23.363548291256286,24.90918078459965,26.200081163388784,27.15377580350905,27.746987990911368,28.022188093895256,28.07057465073373,27.987198926987624,27.815752283565285,27.51816673634258,26.98716837192444,26.07288638075018,24.62061508198883,22.52877412704624,19.809342326348386,17.631375576926455,23.36252188782733,36.18444660353804,55.92030177436408
-56.503542428754,-36.775299615528304,-23.99608935295603,-18.257599405151225,-20.308693076212677,-22.93361642277038,-24.952843930839148,-26.34924528007725,-27.221625300483822,-27.721888441498223,-27.99649186083578,-28.148654041344543,-28.21246818036046,-28.14297126853681,-27.84610005415753,-27.232747936318454,-26.262316881592152,-24.959059867394792,-23.40541510037139,-21.71262696053032,-19.99355013662319,-18.34519429279784,-16.837841070441794,-15.5087185748591,-14.358592045175008,-13.346545491068673,-12.391660389437874,-11.39624258056485,-10.284615114885325,-9.021362461002424,-7.604421392223372,-6.052708224774214,-4.394762590786903,-2.664420840228068,-0.8923860942309604,0.8942257761514185,2.6662536203107785,4.396581754635963,6.054508607916165,7.606212838562214,9.023136993930423,10.286328454959078,11.397934791196509,12.393387238846223,13.34820693233736,14.360166481155469,15.510274525040368,16.83933045316641,18.346569512564848,19.99479349089081,21.71370079169909,23.40627573660609,24.95967105814916,26.262670333372014,27.232826214238425,27.84587497848847,28.142536595036063,28.211885419496603,28.14784753655571,27.995488025642565,27.720648869412173,27.22022424584462,26.347595762662507,24.950810372436308,22.93119916148214,20.305824842942872,18.25415906716531,23.99254746392673,36.77206217221485,56.50055658577764
-57.076180550805695,-37.35807897761621,-24.622548028687817,-18.877871590989773,-20.800991041088984,-23.330645817990025,-25.276922793640143,-26.61748554870886,-27.44810592628695,-27.917823992420665,-28.169767206179262,-28.302957016465037,-28.347600686536765,-28.25738807658911,-27.93940533798208,-27.30665488595956,-26.320236796005744,-25.005360268199883,-23.44439596796362,-21.74792917630818,-20.02787637166939,-18.380113569950566,-16.874054322606906,-15.54626129940932,-14.397210532067811,-13.385906473140931,-12.431455759663924,-11.436121490787452,-10.324032143058638,-9.059381904722509,-7.639628934474044,-6.08322238831553,-4.418600502953598,-2.679659599977525,-0.8976343639265438,0.8994555387507137,2.6814743000498997,4.420402438821458,6.085006682126254,7.641405548060575,9.061143393143803,10.325733036195206,11.43780085644766,12.433174304810818,13.387561080018427,14.398775263491965,15.547809998556698,16.875539636961943,18.38148516302905,20.02911786943769,21.749003451764526,23.44525919305416,25.00597658968806,26.32059788296301,27.30674352862643,27.93919343982099,28.25696886720584,28.347032789631065,28.302167132880843,28.168778797989543,27.9166014138192,27.44672024430809,26.615849965546712,25.274899384881174,23.32823307483087,20.79812016110385,18.874421213911003,24.61900501915101,37.35484380378889,57.07320827828226
-57.64045631429278,-37.93569656974169,-25.24503627289781,-19.49522914942065,-21.288856822492622,-23.722123258689702,-25.59478468493633,-26.879185434415835,-27.667949209257216,-28.107155219907582,-28.336523351899743,-28.45085704694743,-28.476494566646945,-28.365809743576435,-28.027055269425976,-27.37532754746582,-26.373376778932148,-25.047343182431028,-23.47948811705862,-21.779728768073653,-20.05903644783774,-18.412144584010875,-16.90760116919457,-15.58132019407102,-14.433492771555866,-13.423058855925618,-12.469157788579368,-11.474026359977158,-10.361603500163032,-9.095703415080695,-7.673319600821751,-6.112426301568839,-4.44141091689427,-2.694230176852197,-0.902645835215492,0.9044497391149826,2.696027959989587,4.443196810728425,6.114195690452442,7.675082212536867,9.09745233009742,10.363292911725283,11.4756944824531,12.470867373427076,13.4247060627026,14.435049025147356,15.58286214039494,16.909082003286283,18.41351265212615,20.060276095847712,21.7808031867614,23.480353417756906,25.047963905625597,26.37374454210672,27.375425213430656,28.026855134505965,28.36540398703479,28.475940046997263,28.450082036277497,28.33554930833679,28.105948369154955,27.66657836409313,26.877562744787436,25.59277142505947,23.71971538476329,21.285984208953035,19.49177080743809,25.241493448385743,37.93246391790395,57.63749828685627
-58.19695068329352,-38.508762703345454,-25.8640467145991,-20.110086237985783,-21.77291518917403,-24.108748168660107,-25.90717803612573,-27.1351123490338,-27.88192807776756,-28.290651761795345,-28.49751472745089,-28.59309373834201,-28.599864181183865,-28.46891977902215,-28.109680479301677,-27.439324213460846,-26.42221014073868,-25.085385356210335,-23.51098764821576,-21.808254021008736,-20.08720102010576,-18.441411643772334,-16.938576644649828,-15.613963176923583,-14.467488203361262,-13.4580353233021,-12.50478643189439,-11.50996261666291,-10.397325419396417,-9.13031502926831,-7.705466927152029,-6.140302749110909,-4.463178952161729,-2.7081251979409533,-0.9074222838609132,0.9092092225209162,2.70990637908976,4.464949116345917,6.142057514397901,7.707215846745526,9.132051866765138,10.399003348726827,11.511619214528448,12.50648783433349,13.459675311861384,14.469035876266291,15.615498203801748,16.940053099198167,18.442776201073027,20.088438630101223,21.80932840704713,23.511854829189414,25.086010134762255,26.422584244626297,27.439430901765263,28.10949133920369,28.46852591723683,28.59932414011268,28.592332841843373,28.49655572891802,28.289458788828146,27.88057219720608,27.133502843066744,25.90517495000971,24.10634572383089,21.77004160301027,20.106619885238093,25.860503773005213,38.50553222104413,58.194007690579454
-58.74583431605334,-39.0776022057737,-26.479761748121177,-20.72254429515209,-22.253468541361244,-24.490921966997885,-26.21456686204308,-27.38576251404951,-28.090553285751128,-28.468818883957702,-28.65325101483493,-28.730166296361134,-28.71820377996513,-28.56718178296568,-28.187710807210177,-27.499023075930054,-26.467059186195502,-25.119751971091077,-23.53909875127488,-21.833658255186556,-20.11248352293041,-18.468002597022704,-16.96704096966692,-15.644236304178586,-14.499233044781947,-13.490864014464588,-12.538364101353778,-11.54394874230482,-10.431211123908051,-9.163224399764012,-7.736079610617973,-6.166851397177033,-4.483906521558452,-2.721344511539281,-0.9119597416737916,0.913730670410881,2.7231100220019617,4.4856618679217455,6.168592465723237,7.737815428170771,9.164949350201177,10.43287886263902,11.545595010304991,12.540056129974992,13.492496761180112,14.500773560485726,15.645764642059424,16.968512611802804,18.4693636807019,20.113718990560518,21.834732185224738,23.53996721479625,25.120380146893623,26.46743869098684,27.499137093027212,28.18753185656768,28.566799900217596,28.717674722698952,28.729419326476204,28.652304226539748,28.467640816428784,28.089210597877617,27.384164848456003,26.212573813091872,24.488524784618686,22.25059431002525,20.719072279227877,26.476220934532265,39.07437492526885,58.74290741612369
-59.28574622593448,-39.64138010341873,-27.09131292755723,-21.331729797839284,-22.72981574687146,-24.86805145477556,-26.51644167468128,-27.6306701042119,-28.29339174502694,-28.641251958779065,-28.80334317184871,-28.861704906420574,-28.83115629034921,-28.66025802651072,-28.26082453590245,-27.55411177383773,-26.507644895991888,-25.15018759002232,-23.56357676031297,-21.85572020829847,-20.134696825847133,-18.49178087583569,-16.99289109573136,-15.67207887280671,-14.528701191521108,-13.521553684779024,-12.569927767980476,-11.576049068422686,-10.463346432175396,-9.19453447985962,-7.765267923805821,-6.192165719968697,-4.503671488371493,-2.7339320629441195,-0.9162662839749144,0.9180224009459728,2.7356830596259614,4.505413102935632,6.193893994500218,7.76699129360395,9.196248247769228,10.46500473986006,11.577685021238436,12.571609976151889,13.523179773783683,14.530235164873837,15.673599908867995,16.994357656543286,18.493138338436136,20.13592967231874,21.85679301431912,23.56444579190192,25.15081839264889,26.508028939890195,27.55423198520179,28.2606548008017,28.65988740780597,28.83063733308565,28.86097054841798,28.802408989363265,28.640088842069805,28.292062654338583,27.6290840969865,26.514459096092597,24.865660372132968,22.726942088691224,21.328253051175217,27.08777390781774,39.63815507347688,59.28283493494272
-59.820377049359486,-40.20290528472913,-27.70118115414722,-21.939815075235146,-23.204438962381637,-25.242695961577283,-26.81539673912266,-27.87242865472229,-28.49301366680514,-28.810478165598894,-28.950266718668743,-28.990126844924216,-28.9410627513168,-28.75038096650628,-28.33109949274785,-27.606473693166585,-26.545626186121904,-25.178112351352528,-23.58563150190273,-21.875441736274016,-20.154632116302004,-18.513337108110925,-17.016553496857426,-15.697766841690562,-14.556046063504676,-13.550150988169785,-12.599435843271475,-11.606137532762231,-10.493533699461082,-9.223993347170667,-7.792745442944242,-6.216003380031431,-4.522278735146401,-2.7457722105614573,-0.9203130773623228,0.9220550015176388,2.7475093057517954,4.52400719802575,6.217719416745355,7.794456674717471,9.225696299969366,10.495183943735514,11.607762634755913,12.601106774945896,13.551772773341908,14.557573943049343,15.699279514455696,17.018015188862844,18.51469103617814,20.155862035749404,21.876513013954625,23.58650059116032,25.178745172726,26.546014101789865,27.606599462451364,28.33093813882629,28.750020732322785,28.94055340400475,28.989404220908284,28.949344577165963,28.80932897535197,28.491697924921187,27.87085371370661,26.81342422779609,25.240311019889923,23.201566195457005,21.936335050293376,27.697645340691214,40.19968319884709,59.81748203594103
-60.34907499463709,-40.761787811526446,-28.308912176019643,-22.546280159766614,-23.67701272396628,-25.61463217857433,-27.111281695832137,-28.11092884013632,-28.68933394038785,-28.97642217877604,-29.0939568569744,-29.11537128483149,-29.047868173747982,-28.83749287477704,-28.398477061473866,-27.65604553284102,-26.58094104098398,-25.20346233571946,-23.605191583429253,-21.892750513618548,-20.17222297141256,-18.53261680054079,-17.03798501646355,-15.721273557336067,-14.581253102533813,-13.57665525386993,-12.626900852817991,-11.634240705392646,-10.521808100248782,-9.251645056608176,-7.818562908826642,-6.238407444067684,-4.539763547369653,-2.7568855243596517,-0.9241048440688672,0.9258333476347286,2.7586094740621414,4.541479604349847,6.240111968063986,7.820262125764908,9.25333760391068,10.52345250100196,11.635853944536352,12.628558359567018,13.578274588841934,14.582777082216753,15.722776034328046,17.039441505452874,18.53396743484557,20.17344950226282,21.89381965520873,23.60606006746321,25.204096357420937,26.581331823648444,27.656175359525427,28.39832340168426,28.83714333626018,29.047365809189053,29.11465966406423,29.09304561341934,28.9752880841905,28.68803040358401,28.109364437440117,27.109319506805367,25.61225360656578,23.67414148244758,22.542798921030982,28.3053810729842,40.758569276493056,60.34619668767214
-60.869992739652815,-41.31674950099441,-28.913260635395982,-23.149860881764216,-24.146459686477453,-25.98290791449948,-27.403241821580867,-28.3453840492758,-28.88161679192547,-29.138384880160693,-29.23374702155318,-29.23679882671111,-29.1509639689397,-28.9210169685976,-28.4624199626762,-27.702335137673742,-26.613148425820373,-25.2258496958287,-23.6219127945719,-21.907351709074707,-20.187234170834923,-18.549448217634016,-17.057075695586555,-15.742543336843228,-14.6043133568197,-13.601097274775343,-12.652388136801,-11.660455201367729,-10.548293998298796,-9.277632562193055,-7.842868455993508,-6.259506154818538,-4.556228149837025,-2.767331391683998,-0.9276574923112222,0.929373306308696,2.769042923302808,4.557932400960594,6.261199709643298,7.84455614244367,9.27931473474302,10.549933042193688,11.662057054408878,12.654031305073708,13.602714827667088,14.605833076622542,15.744035322669577,17.058526905614425,18.550795108849645,20.188456831601226,21.90841811601037,23.62277996466533,25.226484181918,26.613541226949256,27.702467245421904,28.46227418162731,28.92068001631312,29.15046360321661,29.236098375601056,29.232846080318296,29.13727070652347,28.8803238768532,28.343829873800946,27.40129151501754,25.980536734847558,24.143591026620143,23.146378897001348,28.90973405867245,41.31353383891588,60.8671307965769
-61.38549614111921,-41.86955711972728,-29.51573087159376,-23.751822448811087,-24.614311727563923,-26.34913174434146,-27.692921837317403,-28.57744686260661,-29.07149313784124,-29.29797713466336,-29.371199555652662,-29.3559337515714,-29.25181129961634,-29.002356173749096,-28.524225302660447,-27.74651838249441,-26.643273153604238,-25.246163255078024,-23.636554682567212,-21.919866436012526,-20.20015208160385,-18.56418207920548,-17.074066432844095,-15.76171661573388,-14.625287227568109,-13.62347135122211,-12.675834639241764,-11.684666939447474,-10.572835788440962,-9.301769680275925,-7.8654681995371325,-6.279127853287332,-4.571536224895018,-2.777029078414578,-0.9309476333806964,0.9326518490169003,2.7787293381108435,4.573229792866953,6.2808115085191165,7.867145535570172,9.303442864765897,10.574470174532514,11.686258038713984,12.677465744615802,13.625087575226978,14.626803242382367,15.763199223489831,17.075513333255707,18.565526019014232,20.20137158775815,21.920930842954345,23.63742125821705,25.246798700076763,26.643668144665625,27.746653677724208,28.52408614575238,29.002026759110155,29.25131772055267,29.355241207168945,29.37030788618226,29.296874099996025,29.07021098895022,28.57590092398146,27.69098057404417,26.3467665791646,24.611445486356068,23.748341792873063,29.51220937960661,41.86634432415707,61.38265052431743
-61.8947577447162,-42.4196222030228,-30.11571776708468,-24.351480780153818,-25.08008870250155,-26.712929426384704,-27.980029985545563,-28.806879981844848,-29.25876026350426,-29.45501060243416,-29.50614598500824,-29.472617271664607,-29.35026814200433,-29.0813745754153,-28.583769440216248,-27.78848568990464,-26.67120383761108,-25.264306878991253,-23.64902748799436,-21.93020976026752,-20.210913850819026,-18.576772638180465,-17.088930978386653,-15.778783581648089,-14.644182265150846,-13.643802452992222,-12.69727624579683,-11.70692907956456,-10.59549971000719,-9.32412699832142,-7.886432846664526,-6.297325400174527,-4.585733393686934,-2.7860012413874986,-0.933978299052256,0.9356720870641164,2.787691491582431,4.587417435443919,6.299000169651576,7.888101405434734,9.325792129809852,10.597128526286104,11.708512467252326,12.698898461893906,13.64541486897518,14.645694313254678,15.78025978088603,17.090374048699747,18.57811391712551,20.21213102707123,21.93127293495067,23.649894190429546,25.264943983617243,26.671601423860807,27.78862427911533,28.583636247897548,29.081051084385564,29.34977996533492,29.47193099655002,29.50526198974181,29.45391710774824,29.257487000240538,28.805340789599217,27.97809635297174,26.710569578228085,25.0772249239142,24.348001542292376,30.11220010485301,42.41641113686506,61.8919277450764
-62.39851175250488,-42.9674831279933,-30.713632628781653,-24.949088980811496,-25.544275290964176,-27.074870830085032,-28.2651840938604,-29.034331072279944,-29.4440747451826,-29.61013669807072,-29.639225857582208,-29.587475254466145,-29.446940221146846,-29.158651305010963,-28.641590852747523,-27.82873078628518,-26.69735847250649,-25.280636952025088,-23.659644228819012,-21.938640587963047,-20.21972055791162,-18.587361095186026,-17.101766046898707,-15.793806004527704,-14.66102661071182,-13.66209300164493,-12.716698905756685,-11.72720870576215,-10.61624340291382,-9.344645142230108,-7.905696488897601,-6.314049025603759,-4.59876829702393,-2.794215558249434,-0.9367444674333852,0.93842891561215,2.7958969399641216,4.600443909761236,6.315715867308775,7.907357694806534,9.346303230573708,10.617866507066603,11.728786500701792,12.718313947628385,13.663701843337437,14.662534086337416,15.795277691600807,17.10320615562874,18.58870010356688,20.22093613384441,21.939703188757896,23.6605116017307,25.281276072757432,26.6977585235181,27.828872374436894,28.641462748849317,29.158331696506327,29.44645695976897,29.58679363125222,29.63834785604295,29.60904970619644,29.44280799285584,29.03279677154977,28.26325645523028,27.072515425853428,25.54141409011378,24.945612750747816,30.7101190525155,42.96427364105927,62.39569698235701
-62.89916344908062,-43.51489031688614,-31.310952596329635,-25.54590790422712,-26.008352257679192,-27.436488545249077,-28.54991897614146,-29.261326172310508,-29.628932031869407,-29.76481125365104,-29.77185479689532,-29.701879672420063,-29.54314832146792,-29.23543440399833,-28.698848525958265,-27.868296676427278,-26.72266378986606,-25.295941354024905,-23.66908484173319,-21.945728137385544,-20.226996565518803,-18.59624475249599,-17.112756732032466,-15.806876482566503,-14.67584460828548,-13.678307789715763,-12.734015562258149,-11.745372547246982,-10.63488927796566,-9.363131706448495,-7.923061044795709,-6.329138908144204,-4.610490273783603,-2.801585815470429,-0.9392306913551072,0.9409066283064644,2.803259107802561,4.612158211697279,6.330798503339602,7.924715609595605,9.364783336259832,10.636506773983973,11.74694582271719,12.735624276092876,13.679912145723902,14.677348402009216,15.808344193335886,17.11419378008808,18.597581606461496,20.228210602163752,21.94679007367313,23.66995270102284,25.29658219018278,26.72306594904001,27.868441038643077,28.69872501620261,29.235117934700348,29.542668609994028,29.701201770230934,29.770981729640624,29.76372997984687,29.62767049447191,29.25979611410144,28.547996787981667,27.4341375546626,26.005494099008484,25.54243581494124,31.307443533763184,43.51168251759364,62.8963638724058
-63.39459826839294,-44.06030216719323,-31.906191438128943,-26.140453683571856,-26.47101454762361,-27.79661970240376,-28.833185557199258,-29.486903111687283,-29.81243862402192,-29.918194699091483,-29.903235335728706,-29.815069872871263,-29.63817087018361,-29.31104708061093,-28.75492120776935,-27.90662094272253,-26.74664075083333,-25.30981635295121,-23.67700983898291,-21.951196895109707,-20.232522266870387,-18.603278992921364,-17.121824435974755,-15.81797735513659,-14.688667710156944,-13.692518205248724,-12.749329940281918,-11.761550769576436,-10.651588067254194,-9.37975733204526,-7.938699623771703,-6.3427535979444905,-4.6210140526499135,-2.808178694472424,-0.941457774989524,0.9431259015589072,2.8098445586100698,4.622674977061096,6.3444066080091,7.940348164950928,9.381403060896812,10.653200403945966,11.763119818356422,12.75093282569587,13.694118503828433,14.690167779387846,15.819441337253044,17.12325849110673,18.6046135562424,20.2337345354933,21.952257773677324,23.6778776919167,25.310458336889397,26.74704431584644,27.90676726362661,28.754801049847877,29.31073255008665,29.6376936956498,29.8143945794904,29.9023661132741,29.91711791520441,29.81118161914876,29.48537689987465,28.831268394567907,27.79427308287889,26.468160059290533,26.136988302689613,31.902688637370797,44.05709696128925,63.39181400135588
-63.88540716832743,-44.60411939116496,-32.49960828849405,-26.73287158322856,-26.93257245499212,-28.155677626060594,-29.115455754093425,-29.711561959869808,-29.99510092177684,-30.070788986814986,-30.03386130250561,-29.927528735327805,-29.73247685180962,-29.38593712257149,-28.810230252915662,-27.944091253468784,-26.769649824147265,-25.32258292640161,-23.683689254948337,-21.95526634312149,-20.23646631714441,-18.60858734834413,-17.1290585026275,-15.82717071060578,-14.699535576815538,-13.70474288290977,-12.762641319958982,-11.775725741615176,-10.666307811654711,-9.39448137193,-7.952575717515049,-6.354854939524168,-4.630314514342613,-2.813983355960634,-0.9434222032948564,0.9450833468421476,2.815642546757736,4.631969141785178,6.35650208096077,7.954218831726756,9.39612168521162,10.667915322262626,11.777291085577035,12.76423888831735,13.706338749753872,14.70103245160259,15.828631150263568,17.130489434066103,18.60991953349676,20.237676646872487,21.95632588728522,23.68455665835756,25.32322538209033,26.770053934061487,27.94423863924552,28.81011254174949,29.38562394566273,29.732001536096927,29.926855563881745,30.032995234576155,30.069715956364263,29.99384748204632,29.71003896143888,29.113543200713472,28.1533354304799,26.929722169239817,26.72941450591318,32.49611292673063,44.60091733279946,63.88263813205448
-64.37053259923334,-45.14551972405771,-33.09037438150964,-27.32229762211536,-27.39232131627098,-28.513100921939145,-29.3962717809861,-29.934913022730555,-30.176574783616594,-30.222280309386257,-30.16344056541931,-30.03898257529996,-29.82581135323749,-29.45987277107734,-28.86457178017146,-27.98053998254314,-26.791560406036147,-25.334144801074345,-23.689041341524916,-21.957866508592986,-20.2387836793465,-18.612152924951992,-17.13447214888014,-15.834493357279174,-14.70850225870162,-13.715048468972636,-12.774026434209643,-11.787981231023728,-10.679138942097712,-9.407394285596585,-7.964782270824652,-6.365521737940421,-4.6384662713109455,-2.819047129476444,-0.945135703692066,0.9467906323865252,2.820700367337252,4.640115260127199,6.367163622446263,7.966420463485701,9.409029575807883,10.68074190996427,11.789543315350636,12.775619094132391,13.71663978179286,14.709996214702594,15.83595042855782,17.135899849271247,18.613482601743225,20.23999185750758,21.958924357747968,23.689907760250343,25.334787134450107,26.791964567871297,27.98068807345541,28.86445598573246,29.45956036941126,29.82533756002332,30.038311057432946,30.162577179541582,30.221210298320333,30.17532455444717,29.93339301774213,29.394363645313856,28.51076330108469,27.389475824313195,27.31884977109044,33.086886834719564,45.14232082567299,64.36777829789303
-64.84995192714003,-45.684413772974985,-33.67833381195342,-27.908495092886017,-27.85017717133029,-28.8689241531082,-29.675743013748384,-30.157107267016823,-30.35702972809925,-30.37284534376176,-30.292152839877737,-30.14961245656299,-29.91835565444767,-29.5330347865738,-28.9181259300819,-28.01614700414585,-26.812546974806317,-25.344662804470477,-23.69320119644834,-21.95910746307892,-20.23957177304802,-18.614059226926496,-17.13813873478005,-15.840008700305006,-14.715622325968887,-13.723481015213077,-12.783523530346178,-11.798347246935462,-10.69010436969065,-9.418511123469408,-7.975333703514834,-6.374761445316436,-4.645489377459215,-2.823385995036717,-0.946601352398566,0.9482507965684204,2.825033980033264,4.6471333899466165,6.376398710213277,7.976967507651911,9.420141859741822,10.691703194550968,11.799906377381568,12.785111752394323,13.725067754824051,14.71711354655031,15.841462588398592,17.139563118362656,18.615386281425643,20.240777594910767,21.96016332688904,23.69406622432356,25.34530449307076,26.812950664577173,28.01629527890348,28.918011433617064,29.53272264518601,29.917882687497052,30.14894199086176,30.29129154333324,30.371777989820075,30.355782445824925,30.155590206872,29.67383920645549,28.866591316092293,27.84733707324581,27.90505746754384,33.67485420785176,45.68121798315326,64.84721167485003
-65.3264814055762,-46.22279631298205,-34.26524913667785,-28.493024486433637,-28.30778944964475,-29.224822047434262,-29.955508273378022,-30.37972744180409,-30.537975082294235,-30.52393045018953,-30.42139275781974,-30.260765105634693,-30.011404365691355,-29.6066503174447,-28.972034942065708,-28.05194315928955,-26.8335160562307,-25.35490595297569,-23.69680239804444,-21.9594957721614,-20.239219466768503,-18.61456788582929,-17.140206785235375,-15.843776053088838,-14.72088631342972,-13.72997597066753,-12.791021833978313,-11.806672359455352,-10.699017663198433,-9.42762248034555,-7.984015087882006,-6.382363335668496,-4.651225114848265,-2.826904298226043,-0.9477900080915072,0.949434830188078,2.8285478136687003,4.652864859009516,6.383996652165523,7.985644955860938,9.429249074701463,10.700612861138564,11.808228611933856,12.792606034788896,13.731557768515858,14.722375324433386,15.845226776768904,17.1416276379209,18.61589224739698,20.240422737588624,21.960549392389566,23.697665688185467,25.355546539456626,26.83391879635023,28.05209095319261,28.97192140379289,29.60633873063219,30.010930676341285,30.260095637790503,30.420533217751625,30.52286688503501,30.536729915688344,30.378212876010423,29.95360877876215,29.222494187703955,28.30495514082671,28.489597301367745,34.26177730931222,46.219603425713046,65.32375452810356
-65.7958808600456,-46.75745192119144,-34.84811257695615,-29.07301380192664,-28.76251712487143,-29.57837197586497,-30.233360330090395,-30.600739966773556,-30.71752916503777,-30.673766130877148,-30.549476243667584,-30.37083221957232,-30.103429954972384,-29.67929650388257,-29.025005555151758,-28.08680477871554,-26.853514365247054,-25.36409353777652,-23.69921427767388,-21.95854012903849,-20.237384423061748,-18.613496069122984,-17.14063400722698,-15.845858494472564,-14.724436671535695,-13.734738556274436,-12.796778296847291,-11.813257760099956,-10.706217420417987,-9.435084200121617,-7.991184207568581,-6.388667664093552,-4.655956001116989,-2.829779303824131,-0.9487523778786512,0.9503933002989357,2.831419053003496,4.6575921318528,6.390297623890616,7.992810662831816,9.436707097959635,10.70780915045098,11.81481160126808,12.798359008855464,13.736315263785905,14.725923392805887,15.847306413468337,17.14205119529835,18.61481755954622,20.23858493360515,21.95959116974464,23.700075382223147,25.36473245539745,26.853915513463622,28.086951519883147,29.024892243659806,29.67898456279024,30.1029557837926,30.370162814253288,30.54861796424232,30.67270459920961,30.716285723192577,30.599227410927146,30.231464789116973,29.576049135540195,28.759688911417392,29.06959829014643,34.844649858188994,46.75426304254013,65.79316731434544
-66.2618710901,-47.291034228716825,-35.42928995735803,-29.65059297227616,-29.21653493407941,-29.93172968439457,-30.51137305308058,-30.82212695133402,-30.897573607311,-30.82415201549917,-30.67813645246384,-30.481486112440475,-30.196038350835178,-29.75249367356795,-29.078449061396448,-28.12200003299381,-26.8736505570146,-25.373163749056413,-23.7012136661631,-21.95686306806433,-20.234537475560952,-18.61115533817338,-17.139589877215176,-15.846313338514287,-14.726244496426265,-13.7376721015554,-12.800639240475396,-11.817901701929577,-10.711460317912202,-9.440626306744392,-7.996564152113224,-6.39340762548332,-4.659469768140728,-2.831879250620325,-0.9494493429828842,0.9510871041466044,2.8335159300201465,4.661102930827861,6.3950348281697,7.998187736187896,9.4422459815041,10.71304866380654,11.819453617515958,12.80221748860055,13.739242803917657,14.727729151606054,15.847758958600426,17.141003160589467,18.612473784167648,20.23573501852335,21.95791119535704,23.702072146858782,25.373800477998756,26.87404959438791,28.122145082808256,29.0783352135258,29.752180949766156,30.1955627446606,30.480815671439327,30.67727933892096,30.823092393931784,30.896331421326437,30.820616470620102,30.509481602342603,29.92941220140274,29.213713673178788,29.64719038325188,35.42583660273999,47.287849194310816,66.25917003498111
-66.7222727182209,-47.82181148455916,-36.00713482080884,-30.22417964876351,-29.668445952359715,-30.283650124926076,-30.78844172424529,-31.04289039626991,-31.07720071619409,-30.97424414127836,-30.80657757553361,-30.59197417848789,-30.28852152375576,-29.82559060902701,-29.131784807834983,-28.15703899246988,-26.893521861150862,-25.381798786144405,-23.702556481859077,-21.95429026159653,-20.230579177007368,-18.60752069545812,-17.137111749848405,-15.845221390624967,-14.726424130199948,-13.73891777842388,-12.802766440295876,-11.820786183643428,-10.714944862804382,-9.444453722417762,-8.000357998733847,-6.396773716359604,-4.661930703668999,-2.833312666726493,-0.9499135630089512,0.9515488825119532,2.834946968823225,4.663561551332533,6.398398693580821,8.001979287904932,9.446070866098385,10.716529134212175,11.822336782802902,12.804344781311867,13.740480049088426,14.727906753564152,15.846665862144896,17.13852070037313,18.6088358712308,20.231773585965723,21.95533514650061,23.703411884344995,25.382432736282706,26.893918134027636,28.157181752965503,29.13166974835924,29.825276071805146,30.288044360676583,30.591302986953277,30.80572046224956,30.973185351298117,31.075959535252004,31.04138137826818,30.78655390006232,30.28133794439517,29.66563198068345,30.22079129591969,36.00369211992769,47.81863119934102,66.71958382444934
-67.17702286812231,-48.34960681177952,-36.58143800855178,-30.79353091657081,-30.11812799951271,-30.63409186979677,-31.06458255755301,-31.263077617193105,-31.256481074655987,-31.12412638529456,-30.934891676743003,-30.702393964681598,-30.380982732666265,-29.898698263975824,-29.185131132777943,-28.19204858767271,-26.913253877003093,-25.390118957167324,-23.703355518278368,-21.950927872329974,-20.225611457750023,-18.60268811961265,-17.13328754932753,-15.84265914463453,-14.725041616660976,-13.738535056580655,-12.80321622203505,-11.821964997345274,-10.71672052150605,-9.446610427064154,-8.002603437103138,-6.398798627928447,-4.663371010759128,-2.8341033224910253,-0.9501526688055671,0.9517861759391388,2.8357358692500183,4.665000151178726,6.400421794798473,8.004222841935313,9.448226003693648,10.71829971264801,11.82351447420893,12.804798079329602,13.740085719367745,14.726522658375416,15.844103648526405,17.134691535644183,18.603999975787424,20.22680260960789,21.951969239931785,23.70420752646154,25.39074970495659,26.91364688500872,28.19218863497864,29.185014099715318,29.898380891123484,30.38050462948511,30.70172137905985,30.934034373423128,31.12306682060609,31.25524118549197,31.261570204822995,31.062698145126557,30.631785148839544,30.115321841932232,30.7901576111733,36.57800640267234,48.34643147604979,67.17434542078131
-67.6255007948321,-48.87380149898859,-37.15158222549496,-31.358039319503728,-30.565104034688567,-30.982680843982795,-31.339499574205977,-31.482444916171648,-31.435210438350968,-31.27362155913799,-31.062922918290543,-30.812607473009816,-30.473303489006412,-29.971720626707256,-29.23841882779085,-28.226989389665917,-26.932831707303087,-25.398131004199307,-23.703636208817603,-21.946820564915328,-20.219698666563986,-18.59673583008847,-17.12820287958294,-15.838715879455489,-14.722185649454683,-13.736611597285636,-12.80208415307192,-11.821533271583126,-10.71688198350868,-9.447192199839082,-8.003390901154006,-6.399565054765083,-4.663866080435108,-2.834306908179618,-0.950186690478754,0.9518189267225758,2.8359382257943886,4.665494089338679,6.401186856532519,8.005008475641999,9.448807056056804,10.718457317035895,11.823080587279051,12.80366857013777,13.738152331592673,14.723666355590394,15.840159261582038,17.129601561776205,18.598044695114663,20.2208862913988,21.94785802977516,23.704484453083133,25.398758103859343,26.933221015798484,28.227126353016423,29.238299199612413,29.971399763303232,30.47282425557472,30.81193290792225,31.062064911638693,31.27256036388153,31.43397166260777,31.48093917947043,31.337618332890948,30.98037970343899,30.562306234383563,31.35468215968817,37.14816232271804,48.87063140451091,67.62283420174167
-68.07073937865314,-49.39657479895055,-37.71953491771462,-31.919493531476324,-31.011131187098293,-31.33113655048984,-31.61481553406882,-31.70253338354774,-31.61483800824777,-31.424113802498603,-31.19200555070134,-30.92390439161841,-30.56672562573315,-30.045833275440504,-29.29273625237925,-28.262823682344266,-26.95309322229153,-25.40654366948733,-23.70398601731544,-21.942435653416787,-20.21318173516565,-18.589881999981067,-17.12196524844823,-15.833424292383222,-14.71783027958514,-13.733073330316753,-12.7992528617004,-11.819334091724004,-10.71524067381918,-9.4459943578667,-8.002509308896071,-6.398870264777434,-4.66322902020475,-2.8337952951405256,-0.9499776809077,0.9516093248817508,2.8354260077256583,4.664856463954539,6.400491255858399,8.004125274974408,9.447608471286442,10.716813910201775,11.8208790223102,12.800836187767258,13.734608316950467,14.719310518534924,15.834865004782417,17.12335895962426,18.591187814941883,20.214365510775057,21.94346895395515,23.704830193295127,25.40716673508749,26.953478419137262,28.26295709676759,29.2926138500338,30.04550935014728,30.56624414192328,30.923228135705063,31.19114643949173,31.423052093776,31.61359971200197,31.701029159593467,31.612937594604784,31.32884123305578,31.008342034692348,31.91615253581538,37.71612652835411,49.3934098780606,68.06808274432301
-68.51163219514942,-49.91695323949903,-38.284359773020526,-32.47701007483049,-31.45543690947033,-31.678795101036155,-31.889958839143038,-31.922836984536136,-31.794915083168032,-31.575195445717625,-31.32176243130896,-31.035934602119863,-30.660927040369007,-30.12075027508654,-29.347839356932177,-28.29935972246336,-26.97389352298669,-25.415258447584797,-23.704347535025452,-21.937755410626146,-20.206082642557604,-18.58218404038434,-17.114659891167502,-15.826883973898894,-14.712087479899097,-13.728043590393291,-12.794851539054164,-11.81550709653854,-10.711943199371266,-9.44316307008937,-8.00009957499238,-6.396845578349288,-4.661574335800624,-2.832647908945762,-0.9495518854582864,0.9511835192527612,2.834278570817081,4.663201745172453,6.398466240411505,8.001714268214938,9.444776589030765,10.713515442170287,11.817049655085077,12.79643163051722,13.729575415556202,14.713567248740029,15.828321068797973,17.11604883492662,18.583486702895595,20.207262321305294,21.93878427114196,23.70518733493473,25.41587718031112,26.97427435230518,28.29948924734621,29.34771387017576,30.120423037845075,30.660442610884505,31.035256528719643,31.320901799916992,31.574133409945496,31.79367722152814,31.921334370935,31.88808445424968,31.676505927895743,31.452656928731077,32.4736854644808,38.28096265573577,49.91379332345791,68.50898455353986
-68.94910893170045,-50.43553665338562,-38.846588111443246,-33.03106456504444,-31.89850965853421,-32.026163519029915,-32.16542636524024,-32.14384210249718,-31.97590953971681,-31.7273233140974,-31.452639599522964,-31.149135751195665,-30.756334420145357,-30.196883365585123,-29.40411719052776,-28.336948078802653,-26.995547845633784,-25.42455134327188,-23.704957786676456,-21.932977370002185,-20.19855703798381,-18.57376040602044,-17.10636911516487,-15.81915425224004,-14.704997273923832,-13.721545632508397,-12.788887570099718,-11.810046232892462,-10.706970173388358,-9.4386706353651,-7.996128228137151,-6.39345640246653,-4.6588595840891,-2.830830528247024,-0.9488982859048842,0.950530559542236,2.832461744487344,4.6604874847080575,6.39507722067899,7.997742216061102,9.440283557986003,10.708541689634036,11.811587355162136,12.790463637955485,13.723075019997411,14.706476079519074,15.820587668885311,17.107753479183458,18.575059497406546,20.199732321856604,21.934001474257503,23.70579276304842,25.425165257208786,26.99592380708373,28.33707283679713,29.40398838241631,30.19655346758116,30.75584495829658,31.14845571996896,31.451776949415848,31.726262471793746,31.974670989995666,32.14234051130256,32.1635556341811,32.02388050766255,31.89573911760113,33.02775706554638,38.84320318035746,50.43238243515619,68.94646980775025
-69.38272386987826,-50.951848878503405,-39.40575254329448,-33.58122510456973,-32.33997692798975,-32.37294957360495,-32.440974516242015,-32.365354305522985,-32.15765583917851,-31.880347243016484,-31.584513184115234,-31.26340013140184,-30.852864795279903,-30.27416191816904,-29.461522236042267,-28.37555984840372,-27.01805222102211,-25.434442015529797,-23.70585638362016,-21.92815903815664,-20.190678205766,-18.56469463328133,-17.097177506899182,-15.81032822772965,-14.696660846408232,-13.713679033255188,-12.781460184092952,-11.803046784142444,-10.700417510671077,-9.432614529610328,-7.990690838344898,-6.388789222842824,-4.655150660460998,-2.8283870747892563,-0.94803346315636,0.9496669001654868,2.830019358306478,4.656779429636375,6.390410647292276,7.99230485179623,9.434226193068618,10.70198847988469,11.80458842596943,12.783030471567209,13.71520750027736,14.698137180286478,15.81175826735474,17.098558032308144,18.56598952145408,20.19184885049365,21.9291782461427,23.706686235704428,25.43505085505475,27.018423149568942,28.375678807614047,29.46139052796971,30.27383106232245,30.85236548769517,31.262717760816702,31.583647555010675,31.879291738253247,32.15641436034529,32.36385245144786,32.43910806555362,32.370672711326684,32.33721615768875,33.57793556489998,39.40238073518768,50.94870104452456,69.38009266800373
-69.81245357484708,-51.46571638419773,-39.96165001123043,-34.12733425754635,-32.779705765311085,-32.71908826625874,-32.71657769286265,-32.58736815288464,-32.340178061335465,-32.03431371617272,-31.717431194662588,-31.378782497704982,-30.95057027879721,-30.35265403055932,-29.520129989466653,-28.415297868405837,-27.041513585615444,-25.445045078927997,-23.70716591109348,-21.923426003465057,-20.18256890633782,-18.555097573623005,-17.087196728303358,-15.800495727818737,-14.687152143743472,-13.70451657565057,-12.77264260133098,-11.794584470822574,-10.69236163427544,-9.425063681205598,-7.983846533125806,-6.382896202965534,-4.650504132809834,-2.825361081672985,-0.9469720916817368,0.9486073894178124,2.826995096677091,4.652134379567023,6.384518692410516,7.985461070967929,9.426674607679606,10.693931801450546,11.796126429102047,12.774209119273507,13.706042725431509,14.688625710691143,15.801922949898762,17.088573115473352,18.556387939808094,20.1837347073646,21.92443993915523,23.7079902603746,25.44564841996595,27.041879047708107,28.4154110666696,29.5199947696425,30.352320137295568,30.95006389174132,31.37809700982825,31.716563257503573,32.03326040540263,32.33893497848813,32.58586621250899,32.71471543936132,32.7168179575517,32.7769555215834,34.12406316899682,39.95829133709881,51.46257459523859,69.8098292553844
-70.23578199404399,-51.97499019587352,-40.51230551422105,-34.66759175388352,-33.21604460798389,-33.06309358410404,-32.99090615309202,-32.80867179465665,-32.52236696753007,-32.18818827766695,-31.850420418684656,-31.49436253555413,-31.048589607718785,-30.43156888111172,-29.57923820109141,-28.455564298042205,-27.065441516026667,-25.45597655262662,-23.70861061079969,-21.9186146957822,-20.174167036919663,-18.544995437637592,-17.076519645304813,-15.789797395043005,-14.676650318489449,-13.694268051920863,-12.76267120633582,-11.784920644802549,-10.683081362019855,-9.41630516320941,-7.975874973244501,-6.376045195245256,-4.645155619866356,-2.8219212443794746,-0.9457745431004452,0.947412268049326,2.8235575479258666,4.646787865451633,6.3776691254229645,7.977490414000074,9.41791577502974,10.684650869667369,11.786462902025477,12.764234335660053,13.695791945278,14.678121215286756,15.79122183001084,17.077891698278144,18.54628115246885,20.175327856494956,21.91962305674324,23.709429145860422,25.4565740224793,27.06580103973133,28.45567136586238,29.579098836926946,30.43123089465996,31.048076642049782,31.493673289878195,31.849550120476565,32.18713590818036,32.52112254923087,32.80716965907213,32.98904794686436,33.060829938620344,33.21330533406459,34.66433991066766,40.50896066927094,51.97185505836342,70.23316380796022
-70.65648769774742,-52.48252966225643,-41.06032691825784,-35.204398865541826,-33.651199688065795,-33.40705406422254,-33.265882775449874,-33.03108039443112,-32.70592140843367,-32.3435888582772,-31.98503037880481,-31.61162957888695,-31.1483440995326,-30.5122395993376,-29.64006706222021,-28.497430479035437,-27.090769020305828,-25.468026565584136,-23.71083389623779,-21.914210800159523,-20.16580312415209,-18.534581218767126,-17.0652248056103,-15.778239179097689,-14.665099476149583,-13.682826720464384,-12.75139237617728,-11.77385868442367,-10.672343669282716,-9.406085459499232,-7.966518686652365,-6.367974875294106,-4.638845612536585,-2.8178690094609293,-0.9443705005912733,0.946011260428707,2.819508158711559,4.640480349084345,6.369600702454238,7.968135415416422,9.407695789941274,10.67391286805064,11.77540140670615,12.75295198566033,13.684348532281406,14.666567485767416,15.7796605326359,17.06659257813056,18.53586196391571,20.166958655118105,21.915213264167654,23.711646274789334,25.46861786477192,27.091122307619887,28.49753123160353,29.63992328285632,30.51189708896501,31.14782484927972,31.61093628229424,31.98415779304824,32.34253683952779,32.70467593987815,33.02957811041467,33.26402873709531,33.404797416926186,33.648471793663745,35.201166462206444,41.05699594164747,52.479401290816334,70.65387475507326
-71.07308842747882,-52.987018534881685,-41.60450468345145,-35.736670821407635,-34.08415426695564,-33.75006536052056,-33.54070687376013,-33.25386918727295,-32.89018715418001,-32.4999091216206,-32.120693139260545,-31.730048023478247,-31.249333513930416,-30.594209443210573,-29.70221463183679,-28.540564682012647,-27.117231178649885,-25.480997825385806,-23.713706440160145,-21.91015401368001,-20.15747775307415,-18.52390710538956,-17.05340692905388,-15.765940058629717,-14.65264059719339,-13.670352036742363,-12.73898314185954,-11.76159109650924,-10.660351796222676,-9.39460874051659,-7.955971355941213,-6.358866463671353,-4.631733245478018,-2.813317284845529,-0.9427996045554664,0.944443892340272,2.814959760976097,4.633370902362616,6.360494533098911,7.957589716481305,9.396219066569474,10.66192063901174,11.763134392965066,12.740539966374012,13.671871146280663,14.654105634266706,15.767358533185346,17.054770188092043,18.525182631000284,20.158627778425128,21.911150229923333,23.71451226482908,25.481582500860487,27.117577713007517,28.540658811765034,29.702065997347464,30.593861819238967,31.248808141254877,31.72935015316068,32.11981788151418,32.49885640186878,32.888940490848846,33.25236654925668,33.538856763254834,33.747815766810845,34.08143821476533,35.73345909474229,41.60118905671401,52.98389775688871,71.07048014333569
-71.48436346117091,-53.4873143151158,-42.14379558655928,-36.2634856873107,-34.51404192985056,-34.09136771829166,-33.81471050411206,-33.47643777621268,-33.07462455002291,-32.656650734109235,-32.256943172785256,-31.849179942096367,-31.35115025922676,-30.67710834623101,-29.765357628107697,-28.58470285237304,-27.144620931196865,-25.494742422564624,-23.71714367972058,-21.906422772115626,-20.14921909994221,-18.51304096041382,-17.04116636216649,-15.753019642184483,-14.639412095840049,-13.656997984454646,-12.72561234994308,-11.748299582607777,-10.647296608639005,-9.382066495427294,-7.944414493454229,-6.348891442389136,-4.623969910038307,-2.808373590630652,-0.941100498342399,0.9427487733699604,2.8100198309999387,4.625610869299002,6.350522051024241,7.9460347955460255,9.38367703241706,10.648865160230782,11.749843604733725,12.72716643945085,13.658514636731464,14.64087391623807,15.75443520821678,17.042525044152352,18.5143110591706,20.150363464456085,21.907412537155675,23.71794275867713,25.495320336967765,27.14496060463292,28.58479038239564,29.76520385215233,30.67675530768555,31.3506193591438,31.848477706370755,32.256065632799185,32.65559715162293,33.07337723686948,33.474935289518186,33.812864562038385,34.08912566463232,34.511338195193424,36.26029406736849,42.14049412420973,53.48420012435663,71.48175860581995
-71.8897922196604,-53.98282416722816,-42.67766231981717,-36.784376099386094,-34.94040634337604,-34.430577694923166,-34.08755979328944,-33.69850029774924,-33.258979183369064,-32.8135845971875,-32.39357031313967,-31.96883194083131,-31.453618680157245,-30.76078076814495,-29.829365230603525,-28.62974033054273,-27.17286767139239,-25.50922456130172,-23.721144772856437,-21.90304774694333,-20.14108208711583,-18.50205673929436,-17.028590356355497,-15.739579315765752,-14.625525397318576,-13.642883946640945,-12.711404889799676,-11.73411319832155,-10.63330917985335,-9.368589227587972,-7.931973107364172,-6.338161820905558,-4.61564456011028,-2.803096664062851,-0.9392944488948436,0.9409470346760164,2.804746990010826,4.617289100355351,6.339795216483882,7.933595596407753,9.370200122548324,10.634877537076106,11.73565802231752,12.712956590486623,13.644398131978312,14.626983986541171,15.740992027863689,17.02994453742141,18.50332131537604,20.142220692130053,21.90403092388793,23.72193691738423,25.509795479086343,27.173200174982668,28.629820979618685,29.829205814267645,30.760421867992022,31.45308226980268,31.968124942606785,32.3926900748286,32.81252932181977,33.25773100918362,33.6969978961203,34.08571776514639,34.4283431545282,34.93771512131195,36.78120529812978,42.67437609206382,53.97971737747252,71.88719028938375
-72.29264679994301,-54.476083653819884,-43.20840864665952,-37.30147382259831,-35.36514687245451,-34.76947545131729,-34.3608870053072,-33.92159775707666,-33.44469542255674,-32.97208523843635,-32.531888609505444,-32.090263929295205,-31.557937389587625,-30.84634801962145,-29.895262502180003,-28.67658543257541,-27.202767290120477,-25.525123577329317,-23.726258287780368,-21.90043495828277,-20.13334289769995,-18.4911177850114,-17.01575215017523,-15.72563216672774,-14.610941067241932,-13.627928245330189,-12.696239858876806,-11.71887529470236,-10.618202067142954,-9.353969039577994,-7.918431390762168,-6.326446653151336,-4.6065265600933145,-2.7973090460047683,-0.9373159311200476,0.9389732993714872,2.79896387567852,4.608175037837179,6.3280831830956,7.920056333335009,9.35558020881028,10.619770591223064,11.720421607148603,12.697788153270032,13.62943963151112,14.612397543442146,15.727041384114298,17.017101571017825,18.492376843280237,20.13447553446259,21.90141136124896,23.727043389092703,25.525687439346083,27.20309257010044,28.676659196741017,29.895097254869263,30.84598309359428,31.55739565262475,32.08955226421328,32.53100578863101,32.97102814400557,33.4434466133056,33.92009576131136,34.35904911065412,34.76724874809041,35.36246830887629,37.29832317212186,43.20513719364557,54.4729839856852,72.29004697431002
-72.69065697516923,-54.96510650817149,-43.734244838259286,-37.81317634925597,-35.78677638281967,-35.106712503894144,-34.633487186830536,-34.14461903033365,-33.630756861467475,-33.13119889032269,-32.67099737191205,-32.21262140823179,-31.663303209987752,-30.93307189532215,-29.96238912046485,-28.724673557598184,-27.233850166992934,-25.54206899924107,-23.73222270513154,-21.898436625950232,-20.125949007491386,-18.4802533824883,-17.002749755227903,-15.711317511126646,-14.595837376221066,-13.612340073609332,-12.680355255009276,-11.702847834243531,-10.602255022900083,-9.338488645491529,-7.904063805918069,-6.314012749028488,-4.596856226974085,-2.791183162830553,-0.9352267947863568,0.93688932458244,2.7928428544505857,4.59850894723768,6.31565274226537,7.905691501754166,9.340100508494318,10.60382371267973,11.70439500993517,12.681902142772516,13.613848145357965,14.597290774574004,15.71272372539102,17.004094502258415,18.481506615748224,20.12707539212748,21.899405993159945,23.733000401749884,25.54262539012584,27.23416780207326,28.72474012950653,29.962217588583595,30.932700091674118,31.662756045976025,32.21190506190384,32.670112014754864,33.13013993697674,33.62950708581035,34.14311794752065,34.63165355833686,35.10449390062166,35.7841112207422,37.81004685336495,43.7309882545386,54.96201382665201,72.68805818700237
-73.08259071390702,-55.448723938503896,-44.254118515689576,-38.31854587831644,-36.20440817047731,-35.441495038022886,-34.90464788501601,-34.36692024720397,-33.81656913784615,-33.29037427801952,-32.81037857931743,-32.33541557015461,-31.769259918635683,-31.020533304425804,-30.030376055375573,-28.773686264742828,-27.265859053951747,-25.559867272328617,-23.73891067771754,-21.896992563496667,-20.118898621674333,-18.46951238048464,-16.989671991725867,-15.696752505854134,-14.580357003587627,-13.596279544704103,-12.663927901634294,-11.686218491780233,-10.585665679045125,-9.322343686429042,-7.889065026154865,-6.301042337403077,-4.586786524093158,-2.784825032352797,-0.9330653695907052,0.934733493350461,2.786489962416192,4.588443776324597,6.30268614624184,7.890695562486209,9.323956100239393,10.587235155820796,11.687766244199764,12.665473129340782,13.597784762515364,14.581807284571257,15.69815504634123,16.99101243736014,18.47075964677903,20.120018428620437,21.89795483582497,23.73968082983704,25.56041597687496,27.26616892576235,28.77374553305328,30.030197767739335,31.020154994138867,31.76870761574604,32.3346943125983,32.80949022261085,33.28931264532637,33.81531864037734,34.365419833348334,34.90281821411607,35.439284469930726,36.20175633277172,38.315437539988096,44.25087767094654,55.44563905792457,73.0799925641401
-73.4716525788371,-55.92947078085676,-44.77032616986891,-38.81971429003187,-36.61992194731544,-35.77557193865926,-35.17595877002983,-34.59000332180366,-34.00353636833678,-33.45094589203219,-32.95130749513491,-32.459869685893096,-31.876971946220507,-31.10982201211504,-30.100219785670284,-28.82450405593634,-27.29956827455987,-25.579182881381403,-23.74685285054901,-21.89648842661769,-20.112460017078853,-18.45905375054677,-16.97657990759848,-15.681957872562188,-14.564465044321564,-13.579664971200454,-12.646838016425605,-11.668825448638458,-10.568234536630923,-9.305331269813497,-7.8732244761919,-6.287301674166934,-4.576082876618288,-2.7780569665243817,-0.9307664128991648,0.9324410164206408,2.779727901977552,4.577745301559108,6.2889502656887535,7.874857577712296,9.306943165352957,10.56981001027387,11.670371651091829,12.648372952198764,13.581176510231694,14.565913020247349,15.68335168600358,16.977917127479653,18.46029505882124,20.11357225263974,21.8974431373192,23.74761493772166,25.57972329600208,27.29986994021305,28.824555758435174,30.100034411772526,31.109436973238395,31.87641450497978,32.459143477173235,32.950416072146474,33.44988135699716,34.00228527695478,34.58850373054658,35.1741332006608,35.77336993483824,36.61728434975066,38.81662768987312,44.76710145721707,55.926393494597,73.46905421493155
-73.86054097145565,-56.40946165853135,-45.284767684821695,-39.31846228932046,-37.03486487470649,-36.11038869162957,-35.4487448500511,-34.81511036616275,-34.19284385971028,-33.61404878512012,-33.094871327595456,-32.58702554705579,-31.987423349537483,-31.20186014380444,-30.17275430602025,-28.877924218901654,-27.335668095011197,-25.600614351037777,-23.756556088948507,-21.897310614540096,-20.10690188080117,-18.449049556170205,-16.96359784945251,-15.666978822018365,-14.548163744462697,-13.56246217548718,-12.62900351455418,-11.65056800044599,-10.549850202930797,-9.287317311543369,-7.856394966164918,-6.272617334964369,-4.564583465963858,-2.770750923195731,-0.9282777899169924,0.9299586247540492,2.7724276747063032,4.566250988586776,6.274270231163481,7.858030907598838,9.288930761443892,10.551427009688563,11.652113081228384,12.63053783537953,13.563970519698156,14.54960926384975,15.66836841037876,16.964930021639315,18.45028482711726,20.108007179449107,21.89825773887777,23.75731018851026,25.60114672341638,27.335961642224536,28.87796850815456,30.172562089514216,31.20146827282784,31.986860712367204,32.58629419355979,33.09397676400018,33.61298133338817,34.191592576414244,34.81361162971133,35.44692351087045,36.10819545036667,37.03224158088663,39.31539737455271,45.2815588801973,56.4063916272567,73.85794147825544
-74.24647738078994,-56.8863005052709,-45.79529820778533,-39.81284993802743,-37.44746572611238,-36.444312385316174,-35.72154240198987,-35.04086768606356,-34.38323192361898,-33.7784952864927,-33.239946756767175,-32.715813135950214,-32.09960747091515,-31.29571650151509,-30.247150120205585,-28.93322196070311,-27.373543037138976,-25.623660361679203,-23.76765180314188,-21.899231641654275,-20.10212219348853,-18.439508855229388,-16.950811547152107,-15.651969037745223,-14.531652645800843,-13.544907099737207,-12.61070073402825,-11.631747616536725,-10.530832127481606,-9.26863419133846,-7.838896802223934,-6.257308694198603,-4.552576482986906,-2.763113788581788,-0.9256739792428108,0.9273618541915568,2.7647971377433502,4.554249728389963,6.258966305652647,7.840536143520273,9.270249438847795,10.532409667189883,11.633292982686942,12.612233974576698,13.546411685416787,14.533095609754904,15.653354958520415,16.952138158434018,18.44073761610993,20.103220323248888,21.900170831183527,23.76839744979166,25.624184247394865,27.37382801701735,28.93325839605208,30.246950462485103,31.295317367323342,32.099039175886624,32.71507616538965,33.239048433032444,33.77742435942396,34.381979941266465,35.03936945987862,35.719725089187804,36.44212802615834,37.44485732242851,39.80980791113167,45.7921067759457,56.88323873478823,74.24387627686062
-74.62994874502405,-57.360312561047365,-46.30221471287141,-40.30317161892242,-37.8579473304633,-36.7775460856926,-35.99454667113383,-35.26746173573187,-34.57488119179339,-33.944460932379926,-33.386707316852004,-32.84640363069135,-32.21369445479385,-31.391556749137933,-30.323570924479775,-28.99054723734675,-27.413336827528937,-25.64845149354453,-23.780257934361416,-21.90236115941491,-20.09822301510863,-18.43052913248674,-16.938311141855937,-15.63701064136223,-14.51500516336952,-13.52706794132528,-12.591994172930388,-11.612424331036594,-10.511230718413676,-9.249324936992736,-7.820754084136441,-6.241398220933881,-4.540076985176635,-2.7551512068523625,-0.9229564546426058,0.9246522617492284,2.7568419835708267,4.541756649241531,6.243061093876491,7.822397278003752,9.25094230726666,10.51280915306255,11.613969980400372,12.593526107308262,13.528569062782788,14.516445252938064,15.638392601484796,16.93963176396755,18.43175090071074,20.099313489317066,21.903291904418197,23.780994604657607,25.648966410509587,27.41361282739024,28.990575388091717,30.32336345819494,31.39115034494541,32.21312014041234,32.84566112342729,33.38580516069814,33.94338688157636,34.573628610165905,35.265964313005185,35.9927337996814,36.77537128826706,37.855354704444906,40.30015267021077,46.29904030932756,57.35725856608965,74.6273450686406
-75.0049872713797,-57.82634681192188,-46.800909986900855,-40.78523443605173,-38.2625498539078,-37.1066152422142,-36.26460535742964,-35.49196564615443,-34.765042818441515,-34.10934436727799,-33.53267792137442,-32.97643884042989,-32.32746032614689,-31.48731511097876,-30.40014879503126,-29.04821182699323,-27.453614380384977,-25.673802427453325,-23.793457645868862,-21.906080939974235,-20.09485055210241,-18.42198293888744,-16.926132024615907,-15.6222850620791,-14.498516419261597,-13.509334453485945,-12.573349588757637,-11.593128663403917,-10.491625021003085,-9.22999939095011,-7.80258467174568,-6.225499583903505,-4.52763840691017,-2.74725980395672,-0.9202697837876038,0.921973522080511,2.7489579858370057,4.52932449373356,6.227167700350855,7.804231661733543,9.231618931947756,10.49320443324725,11.594674491717775,12.574879776939683,13.51083259681226,14.499953583872127,15.623662927790832,16.92744670743174,18.423197791050537,20.095933430789877,21.90700330059917,23.794185482364416,25.67430853195267,27.453881715035063,29.048231934219764,30.39993362305714,31.48690225222192,32.32688040768313,32.97569176836828,33.53177259002129,34.10826817885997,34.7637896632155,35.490469613750726,36.26279714801514,37.10445003395683,38.259972478028224,40.78223666920313,46.79775094277807,57.82329965657676,75.00238034592408
-75.37821034959293,-58.289894365184914,-47.2963007244392,-41.26356491520128,-38.66525994412356,-37.435196674258,-36.53506352746381,-35.71750991397015,-34.95664390398944,-34.27592990691554,-33.68051616015589,-33.1084660704038,-32.44332092436369,-31.585253777140256,-30.478938604053106,-29.10807668321976,-27.495991649429246,-25.70107257390986,-23.808332520495764,-21.911173780196265,-20.09252394908819,-18.41416408983481,-16.914396739576578,-15.607765453916633,-14.482043519834248,-13.491466581982769,-12.554446704891758,-11.573467009448,-10.47156279958403,-9.21015306060294,-7.783869262430908,-6.209077965712254,-4.514757413015905,-2.739071155421347,-0.9174791871703576,0.9191909815674986,2.740776856600736,4.516450023766264,6.210751408569731,7.785520139221755,9.211774796061457,10.473143251074209,11.575013206314162,12.555975138621957,13.4929616530473,14.483477876628635,15.609139174420504,16.915705448704475,18.415371990435013,20.09359913325631,21.91208766465198,23.80905143199261,25.70156969920887,27.49625010501705,29.10808859354778,30.47871554289841,31.584834033077037,32.442735694092704,33.10771405591697,33.6796072842795,34.274850558553666,34.955389939180925,35.71601497968526,36.53325960796983,37.433040746586194,38.662697820448045,41.26058927000705,47.29315874432603,58.28685515421464,75.37559985707276
-75.74601649281364,-58.74780782956942,-47.78557734709935,-41.73562054598799,-39.06378767811917,-37.76116800717247,-36.80399266844367,-35.94229410301203,-35.14800236489908,-34.442621891672495,-33.82870436185288,-33.2410362495915,-32.559909843771976,-31.684101096887154,-30.558797319734232,-29.169107014427134,-27.53958743897736,-25.729538474449523,-23.82432668838719,-21.91726920538227,-20.091036529994685,-18.40700432399633,-16.90314413803181,-15.59358137585617,-14.465788135207504,-13.473724417070905,-12.535593515012136,-11.553787573358557,-10.45142293636175,-9.19018196094088,-7.765006901037151,-6.192524783285964,-4.501783663513602,-2.7308337608360267,-0.9146746651499332,0.9163938745929254,2.7325463840469943,4.503482285821652,6.194203157167927,7.766661425523285,9.191805738953803,10.453004423564378,11.555334243638091,12.537120151334465,13.475216618949569,14.467219947817073,15.59495105713839,16.904447186163686,18.40820568622742,20.092104372355063,21.918174961780743,23.825037070577185,25.73002707123461,27.53983747273372,29.1691112278126,30.5585668997216,31.683674439068493,32.559319385138124,33.24027945290622,33.82779229803702,34.441539854920904,35.14674833293992,35.94080089190923,36.80219343931169,37.759021686896176,39.06124100004322,41.73266633693021,47.7824509446029,58.74477487638183,75.74340110566288
-76.1078540074998,-59.19953474424512,-48.2682448213729,-42.20098016894755,-39.457717335376415,-38.0841492926338,-37.07102994816383,-36.16597735406238,-35.33880591004211,-34.60912702190488,-33.97696506420372,-33.373884630818864,-32.67697664263866,-31.783623857897712,-30.63951523034712,-29.231120955147365,-27.58424527910549,-25.75907845493799,-23.841356750593437,-21.924321817280383,-20.09038025765404,-18.400522731944275,-16.892428656794944,-15.579809588595149,-14.449844074333075,-13.456210898677938,-12.516899101322862,-11.534203417232575,-10.431322681395498,-9.170206131656762,-7.746119004672077,-6.1759465121595465,-4.488794519131764,-2.7226010470755937,-0.9118776429042114,0.9136037227368532,2.7243200858777192,4.490498704304152,6.177629408691924,7.747776897918074,9.171831757580003,10.43290503519683,11.535750637130027,12.518424018889128,13.457700260940392,14.451273618741023,15.58117544983472,16.893726353558232,18.401717944731484,20.0914411373102,21.925219867410814,23.842059072439525,25.75955897289093,27.584487295074684,29.231117836960244,30.63927801839452,31.783191019274287,32.67638129791674,33.37312363416832,33.97605007552749,34.60804279894431,35.33755170663913,36.16448589121123,37.06923524051119,38.08201203143164,39.45518495896606,42.19804589392814,48.265133434159225,59.19650811584348,76.10523335763706
-76.46344353477207,-59.64470308491204,-48.7439725901484,-42.65937586466119,-39.84677647752682,-38.40387846046346,-37.33594353811347,-36.38832543486578,-35.52884619549845,-34.77524980893663,-34.12511387353891,-33.50683517336624,-32.79435190706937,-31.883665356836534,-30.72094543124885,-29.29401531636045,-27.62987383928728,-25.78962456424151,-23.85938973358639,-21.932321525685055,-20.09056498337924,-18.3947564607577,-16.882299687165876,-15.566515876831184,-14.434286075945607,-13.43901226466205,-12.498459032034209,-11.514819491596718,-10.411370345408464,-9.15033593623563,-7.727304228108839,-6.159431155760966,-4.475867735214065,-2.7144194557559844,-0.9091011228996582,0.9108337004107184,2.7161445738406127,4.477577215484649,6.161118299250168,7.728965210771385,9.151963247079609,10.412953563836686,11.51636710635806,12.499981765065298,13.440499437246972,14.435713653834066,15.567877718333191,16.88359237796937,18.395945872854856,20.091619188983447,21.933212222209487,23.86008433395101,25.790097302539383,27.63010814913591,29.294005070365,30.720701710095177,31.88322664309282,32.79375146540921,33.50606985152433,34.124195568688286,34.774163101069256,35.527591249857906,36.38683534013642,37.33415285717072,38.40174953047532,39.84425779936593,42.65646181736551,48.74087761995364,59.64168372360605,76.4608172755445
-76.81213721586889,-60.08266309551228,-49.2121775761315,-43.11030599698678,-40.23048465039909,-38.7198972499871,-37.598316008292166,-36.60894019390344,-35.717743627754935,-34.940630402322,-34.27280615315285,-33.63955919359054,-32.91172410863096,-31.983936608085035,-30.802825238950103,-29.35755496911131,-27.67627430167447,-25.821013713433928,-23.878304900436977,-21.94119058530868,-20.09155260135997,-18.389711239808523,-16.87278256958377,-15.553751534629324,-14.419191276023884,-13.422222142243193,-12.48037917031294,-11.495750354122524,-10.391691647259046,-9.130693481500082,-7.708675184955677,-6.143087108829568,-4.463099885243587,-2.706352444356364,-0.9063658055007764,0.908104904286624,2.708083669678617,4.464814690170726,6.144778473123407,7.710339425287051,9.132322888715024,10.393275253479644,11.49729854565437,12.4819007239047,13.42370649415746,14.42061717594507,15.55510936230162,16.87407040833153,18.390895045155798,20.09260013000566,21.942073967583216,23.878991828929813,25.82147871450572,27.676500984333018,29.35753749884273,30.802575005013043,31.98349221274145,32.911118464798825,33.63878951612807,34.271884568346394,34.93954124196901,35.716488355867675,36.60745161271264,37.59652939375417,38.717776798367765,40.22797972663085,43.10741163869061,49.20909833296525,60.07965043965736,76.80950474322711
-77.1554733663014,-60.51463858326375,-49.6739499240364,-43.55480415486691,-40.60970929557836,-39.03299873877816,-37.85885454370627,-36.82849018760535,-35.90612190932702,-35.105860200445306,-34.420607609547694,-33.77259901717661,-33.02961133240421,-32.08492362409048,-30.885606530970826,-29.422144076735552,-27.72381002913873,-25.853564153920157,-23.8983624680517,-21.95113008892043,-20.09349393621902,-18.385489843505013,-16.863952487972885,-15.541561860814248,-14.404578071625794,-13.405838531563791,-12.462642783030216,-11.47696449452154,-10.372237842241992,-9.111218710559156,-7.6901668468538915,-6.126836844485943,-4.45040679911426,-2.698335495048475,-0.9036483213756386,0.9053936482104972,2.7000725581304934,4.4521265937291625,6.128532098640655,7.691834324842148,9.112850046486226,10.37382142257819,11.47851311448338,12.464162979278614,13.407320792504516,14.4060026065359,15.542914778719863,16.865235699262293,18.386668604009788,20.094534831000995,21.952006315978267,23.89904202118055,25.854021703421648,27.724029497470283,29.42211982612447,30.885350197384003,32.084473870972566,33.02900117550662,33.771825346344315,34.41968313090408,35.10476852177938,35.9048667704985,36.82700355670241,37.857071969972864,39.03088664125601,40.60721756895867,43.55192843618746,49.6708856290289,60.511632273657575,77.15283415205549
-77.4902483681133,-60.937801484176205,-50.126757767584174,-43.9905871914191,-40.98240481922498,-39.34127332549766,-38.11581878903163,-37.045332363877655,-36.09242438265279,-35.269453768551,-34.5670955259179,-33.9045903233412,-33.14671601413361,-32.185409887142406,-30.96817210166536,-29.486768852052528,-27.771601114457944,-25.88653399461465,-23.918970774031365,-21.96171272490483,-20.09610772327308,-18.381943039153217,-16.855762660469622,-15.529994390713323,-14.390568906837574,-13.390044851830684,-12.445480534945425,-11.458733498100273,-10.35331298875202,-9.092235339097522,-7.672095480697646,-6.11099423740878,-4.43807844252496,-2.690571259811372,-0.9010195298762338,0.9027707776608244,2.6923139243905228,4.4398029572579,6.112692909862962,7.673766535359262,9.0938687326811,10.354894440613938,11.460283583976649,12.446999988841275,13.391525635338096,14.391990676949984,15.531341963500497,16.857042200299237,18.38311682690228,20.097141816755475,21.962581980536434,23.91964314670344,25.88698419551188,27.771813439147053,29.486737869254807,30.967909981847743,32.18495522928525,33.14610160012061,33.90381313752292,34.56616839757174,35.26836005112586,36.091169302911,37.043847992418286,38.114040454307066,39.33916945430771,40.97992595714227,43.987729821986775,50.123708453092014,60.934801344924416,77.48760167577421
-77.82019994837258,-61.35525855040834,-50.5733708929253,-44.42022111812294,-41.350781523251975,-39.64675460894048,-38.37104384307445,-37.26119565512399,-36.278274922277056,-35.43295740451686,-34.71374820683587,-34.03695125581137,-33.2643885587278,-32.28666453177648,-31.05169405187064,-29.55249173212817,-27.820585820504984,-25.920731853318557,-23.94078546132709,-21.97343141888928,-20.099745768212376,-18.379292209607897,-16.848343290348073,-15.51908939215406,-14.377132092525647,-13.374754602544948,-12.428758873227778,-11.44088402123078,-10.334706235791524,-9.073507947519085,-7.654220103307501,-6.095302175569051,-4.42586437932355,-2.682876724804928,-0.8984133249444777,0.9001702715822216,2.684624829701441,4.427593357109589,6.097004015948135,7.655894887227806,9.075143310403847,10.33628521545964,11.44243551840312,12.43027747741328,13.376233221964572,14.37855367684018,15.520429735535936,16.84961862297064,18.380462132341723,20.10077292946888,21.9742935885444,23.94145081891723,25.92117481883693,27.820791131460023,29.552454084972062,31.05142622288024,32.2862049580516,33.26376981364728,34.03617074105248,34.71281879310354,35.43186226339695,36.27702044837288,37.259714119402986,38.36927015384395,39.64465925676667,41.34831579167096,44.41738185806447,50.57033591013614,61.35226367032513,77.81754485349836
-78.14132755527858,-61.76351971897679,-51.01066566832669,-44.8408939344394,-41.71232189073577,-39.94710095057282,-38.62237750007324,-37.47404950960741,-36.46174876635644,-35.594532533271725,-34.85880090051182,-34.16798522429048,-33.381009439601094,-32.38716287325526,-31.13476378159045,-29.618032865197996,-27.869641557987805,-25.9552071224022,-23.963038799504776,-21.985712300541653,-20.10401388820707,-18.37730738999217,-16.84159352541256,-15.50886136080313,-14.36437749890463,-13.360146074262923,-12.412715654434365,-11.423702349210606,-10.316745040845811,-9.055390758657149,-7.63690248852168,-6.080115494902879,-4.414087961194615,-2.6754805016846688,-0.8959105926504051,0.8976731126287306,2.677233921634953,4.415821340280584,6.081820181823038,7.638580761694185,9.057028581640814,10.318321278898326,11.425254177701843,12.414233946296024,13.361623644033063,14.365797721324046,15.51019427626006,16.842865321387464,18.37847331366759,20.10503410073909,21.986567666698896,23.96369725608227,25.955642990909062,27.869840085448388,29.617988757849567,31.134490589878517,32.386698834654545,33.38038638382209,34.16720193915351,34.857869556238235,35.59343699694122,36.46049474753713,37.472570894716746,38.62060873968602,39.94501399139956,41.70986876401929,44.838071736507366,51.00764444695432,61.760529731452735,78.13866368224716
-78.45904159597069,-62.167152995949856,-51.4427215972126,-45.256353482172266,-42.07027785990299,-40.245302239520086,-38.87253595915372,-37.68644623644866,-36.6452533796704,-35.75647410252105,-35.00445263414328,-34.299804404262446,-33.498593148938404,-32.48880158980921,-31.219134893396078,-29.68499032016464,-27.92017842030454,-25.99116845549832,-23.986717237195094,-21.999305997157855,-20.10945154659231,-18.376334418159004,-16.835712348123813,-15.499373303112206,-14.35226151828725,-13.346090240475194,-12.39714972385038,-11.40692534682812,-10.299115195327431,-9.03753184296172,-7.619774013908114,-6.06505528025485,-4.40238813091135,-2.668121589386016,-0.8934180801470762,0.8951861561360677,2.6698803576474512,4.4041257284781175,6.066762774628753,7.62145629436464,9.039171063041032,10.300687835721476,11.4084786716067,12.398667884592664,13.347566820062802,14.353678382551973,15.50069999579197,16.83698027119843,18.377496259881188,20.110464853795428,22.000154453351595,23.987368899636493,25.991597364565383,27.92037034592017,29.684940046755298,31.218856791739253,32.48833347560053,33.49796632850399,34.299018597156376,35.003519707387866,35.75537808845637,36.64400029293573,37.68497081623107,38.87077221641327,40.24322367697646,42.06783717977941,45.25354782523932,51.43971367609492,62.16416761752041,78.45636837795406
-78.7709975684381,-62.56410249740912,-51.86770476133772,-45.66496293887903,-42.42317158569884,-40.53997309582984,-39.12023914787127,-37.89717330685437,-36.82763702172869,-35.91767945845129,-35.14964365966013,-34.43138835711227,-33.61616414541398,-32.59066038828024,-31.30395570939349,-29.75258983558918,-27.971517388158603,-26.02804232918892,-24.01135699358382,-22.01386486619509,-20.11582054595069,-18.37623667992576,-16.830643320550188,-15.49064164084109,-14.34085368198598,-13.33270089256126,-12.382210929301609,-11.39073303516302,-10.282019333450124,-9.02015061299633,-7.6030605725276335,-6.050339269248929,-4.3909615905035055,-2.660937885508848,-0.8909839546655202,0.8927574528493226,2.6627018141972303,4.392703422084158,6.052049494672722,7.60474605361697,9.021791770036058,10.283589706429682,11.392285754621671,12.383728848728817,13.33417631809442,14.342268643335307,15.491961688754364,16.831907132806112,18.377394524207947,20.11682717237304,22.014706631237623,24.01200195976062,26.028464466692377,27.971702971339354,29.75253360822669,31.30367293775324,32.590188354593245,33.61553370386378,34.43060022466395,35.14870936348538,35.91658323296789,36.8263849395537,37.89570115545904,39.118480497751655,40.53790272838693,42.42074282743011,45.6621731143464,51.8647099940488,62.56112178922688,78.76831470265871
-79.08029784790637,-62.95697098256149,-52.28794595092344,-46.06886095054072,-42.772849222184405,-40.83279858907424,-39.36702330291747,-38.10767117059187,-37.01026165414582,-36.07944810089699,-35.29562122158918,-34.56393679672282,-33.7348691450653,-32.693822748289115,-31.39023319147092,-29.821756128448914,-28.024480942308134,-26.066538978573664,-24.03754783831729,-22.029850343033168,-20.123465327702373,-18.37725133625648,-16.82654003678971,-15.48274308291079,-14.33017150667267,-13.319947547895616,-12.367827538109632,-11.37501937081027,-10.265322418069417,-9.003088559224677,-7.586589395321542,-6.035786305017557,-4.379631294653964,-2.653799719123771,-0.8885617775571003,0.8903407871677624,2.655568868530104,4.381377284608098,6.037499359902132,7.588277959485027,9.004730804709554,10.26689108632816,11.376571328795483,12.369345065279177,13.321421327275244,14.331583909571146,15.48405765719694,16.827798812363977,18.378404999130417,20.1244654268866,22.03068524365478,24.03818612631745,26.066954372233997,28.0246601479113,29.8216940686966,31.38994593779304,32.69334696599825,33.73423518302893,34.56314633290787,35.294685417268774,36.07835158604606,37.00901030523091,38.106202175587406,39.36526974252338,40.83073627853359,42.77043256025513,46.06608787096696,52.28496540345415,62.95399526615553,79.07760465988254
-79.38359872293766,-63.3428626390069,-52.70085322393148,-46.46572189315978,-43.11722356507506,-41.12183035022997,-39.61108677938832,-38.31623294858704,-37.19150289246049,-36.240223790487576,-35.44088769668469,-34.696006533712456,-33.85332669918079,-32.79698291392547,-31.476755102242716,-29.8913803700932,-28.078090278210457,-26.10582510776653,-24.064606247007745,-22.046739731888568,-20.1320163718882,-18.379150799408293,-16.823284920500207,-15.47566229044807,-14.32027676832626,-13.307952099618454,-12.354171470168597,-11.359997065655437,-10.249272930198533,-8.986618279258048,-7.570643096612691,-6.021674106085025,-4.368655260410084,-2.64688931959831,-0.8862147277695326,0.8879991435720203,2.6486635611486937,4.370405590777712,6.02339001378025,7.572334286657224,8.988262298375489,10.250840681435124,11.361548393882217,12.35568823832824,13.30942407466084,14.321686638276836,15.476972751699565,16.824539219826267,18.380299656793888,20.133010387378068,22.0475682166692,24.065237841077987,26.106233855060697,28.078263277268288,29.8913126465756,31.476463359958156,32.79650328186842,33.85268866865388,34.69521385852699,35.43995046775559,36.23912803464528,37.19025186041366,38.31476687871734,39.60933858978794,41.119776131676105,43.11481890844989,46.46296445772974,52.69788552829559,63.33989114929391,79.38089504290578
-79.68508961783236,-63.7253447180156,-53.10962505534331,-46.858467493139166,-43.45882369015614,-41.40939339593705,-39.85454808480644,-38.52483952381912,-37.373252077155946,-36.40181586602812,-35.58718314911887,-34.82927114648934,-33.97313483681695,-32.90164997557427,-31.56492252010986,-29.962761593316923,-28.133494064156437,-26.146882877906236,-24.09335905272863,-22.065187331254062,-20.14195992118159,-18.382262477757227,-16.82109850271444,-15.469504892720858,-14.311190321260916,-13.2966637609968,-12.34113554981474,-11.34550897218358,-10.233671404077162,-8.970505929307103,-7.5549699636031455,-6.007752879044764,-4.3577730825708345,-2.6400228836236583,-0.883884703372069,0.8856754191596559,2.6418030709163163,4.359527864808149,6.009472801876696,7.55666533664616,8.972149175217774,10.235239601908836,11.347060294057162,12.342651908377285,13.29813405865736,14.31259654515896,15.47081190940968,16.822346436843734,18.3834074394635,20.14294752373637,22.06600818573328,24.0939837656142,26.14728455607493,28.13366011484102,29.96268797717958,31.56462573516759,32.90116598100617,33.97249209364775,34.82847597526758,35.5862440930781,36.400721309653015,37.37200036595001,38.52337583200051,39.8528055893654,41.40734764493638,43.456432195050205,46.85572707762056,53.106670985006055,63.72237743061316,79.68237501989043
-79.99092808067324,-64.10958703327184,-53.51894456212243,-47.25133631060403,-43.80137411167048,-41.698874551283005,-40.10052579502195,-38.73648028787387,-37.55832258205443,-36.56691726203261,-35.73709398211096,-34.96622906780972,-34.09669584982856,-33.01011488484282,-31.65689415780369,-30.03787968270704,-28.192474192697475,-26.19127027033349,-24.12512751985383,-22.08624067807001,-20.154098234551725,-18.387158341928973,-16.820357315904765,-15.46448998620584,-14.302999542607935,-13.28606985149596,-12.32862183012828,-11.33138505422814,-10.218286400938675,-8.954480689442025,-7.539279445059326,-5.993690406641188,-4.346640089248992,-2.63295113182846,-0.881483762628716,0.8832893378880035,2.6347447626268767,4.348405252715319,5.995418509198697,7.540980770074583,8.95612328281713,10.219852156792346,11.332934437568804,12.330135135723724,13.287534906101468,14.30439657631562,15.465785593840108,16.82159464702792,18.388292537170862,20.15507225640716,22.087047314980627,24.125739240923288,26.191659687340707,28.19262874033596,30.037797449240173,31.656590512443604,33.00962482818997,34.09605042184686,34.965432891602106,35.73615620736917,36.56582685821519,37.55707510091938,38.73502329993429,40.09879550982164,41.69684412593779,43.799001846516816,47.24861707456009,53.51600688926345,64.10662394031127,79.98820084348326
-80.29655124567404,-64.49163724277956,-53.92528803658045,-47.641143556570746,-44.14206953147431,-41.98764841609956,-40.346634263427084,-38.94886612634241,-37.74454476983298,-36.73344387826107,-35.88862197066036,-35.104955310454336,-34.22217239133504,-33.12063774549963,-31.75105320044552,-30.11525992929713,-28.25373642148115,-26.237891361844465,-24.1589997421173,-22.109204898456145,-20.16793571222309,-18.393540904433785,-16.820904337539424,-15.460592048034904,-14.295784295922507,-13.276336601202129,-12.316867384456602,-11.31792493609694,-10.203468577673767,-8.938921654563982,-7.523944063772829,-5.979857648814043,-4.335637002353907,-2.6259308776948487,-0.8790918442825035,0.8809111438242235,2.627736948796456,4.337412273821349,5.981593160309969,7.525650050016587,8.940565685980259,10.205032364629584,11.31947193892686,12.318378022768192,13.277795495516134,14.29717488267454,15.461877847525816,16.822131595478158,18.394664659427377,20.1688975468564,22.10999869181725,24.15959919541495,26.23826942463679,28.253880386404333,30.115169033422188,31.750743237151163,33.12014290709281,34.22152328598435,35.10415775795422,35.88768470445127,36.73235653194599,37.74330135547519,38.947415132297486,40.344914577391705,41.98563209106387,44.13971529549509,47.6384444993305,53.92236609386361,64.488678490896,80.29381161905744
-80.59783735547268,-64.86804728693141,-54.32553473185455,-48.02510478545212,-44.47840492537025,-42.27340748211155,-40.59071676528736,-39.15992642650831,-37.9299572299024,-36.899519742948335,-36.039959337503824,-35.24370411685486,-34.34788194541398,-33.23161947275222,-31.845893244148005,-30.193520500638137,-28.31604152513786,-26.28566729658647,-24.19407677917281,-22.1333845740304,-20.182958323600005,-18.40106795426428,-16.822542355432166,-15.457733968819127,-14.289561472066678,-13.267551113730876,-12.306016834150078,-11.30531809648957,-10.189442255737871,-8.924076562114704,-7.509229836884082,-5.966538436874883,-4.3250331451096,-2.6191615442838394,-0.8767837474349016,0.8786139846321616,2.620977443175512,4.326816333747563,5.968279550678028,7.510939064197165,8.925721223744283,10.191003680711429,11.306862974679383,12.307524909304856,13.269004172003784,14.29094491647395,15.459012017456931,16.82376128472667,18.40218202639381,20.183909707880108,22.13416768870653,24.194665915658657,26.286035830210423,28.31617689887988,30.19342313094628,31.84557811322153,33.23112060180581,34.34723200832541,35.24290612775099,36.03902370609289,36.89843441315025,37.928718755836,39.1584820077962,40.58900679470028,42.27140362684846,44.476066034483615,48.02242320036476,54.32262649698316,64.86509175111303,80.5950847783899
-80.89969958178683,-65.24291701797833,-54.72340617949285,-48.40657273780739,-44.81332862649657,-42.5588351594683,-40.83525620720178,-39.37201461744453,-38.11679280359007,-37.0672801476096,-36.19316604300123,-35.38446599023134,-34.475743158905765,-33.34488687880897,-31.94313699809009,-30.27425989444597,-28.380829774345617,-26.335860170940997,-24.231436448264898,-22.15964581946139,-20.19983546176032,-18.410219921656168,-16.825600193215845,-15.4561188055029,-14.284435362955104,-13.259740317900649,-12.296032304400462,-11.293471629933054,-10.176068666671764,-8.9097690458826,-7.494929438259251,-5.953501674974457,-4.314587620646516,-2.612467432080724,-0.8744987227335101,0.8763382133041006,2.614291699313354,4.316377827025765,5.95524786804829,7.496641089745398,8.911414737830855,10.177629958706229,11.295014397978653,12.297537713114476,13.261188423739796,14.285814240409914,15.457391337775428,16.826811509690415,18.41132561158915,20.20077829787648,22.16041989454539,24.23201659030917,26.33622034211999,28.38095753918002,30.27415632425653,31.94281736248812,33.344384722658184,34.47508990132868,35.38366689122604,36.19223051012417,37.06619725557309,38.11555695115644,39.37057478383921,40.83355414488227,42.55684197606891,44.81100389260716,48.40390807340483,54.72051139513611,65.23996500171161,80.89693437518113
-81.19776141471523,-65.6126142134142,-55.11560682422875,-48.78261993878066,-45.14419799966922,-42.84149485689316,-41.0779566965424,-39.58295828869398,-38.30297506460962,-37.23473711851349,-36.34631742605335,-35.525379591978115,-34.60395900352049,-33.45873196661875,-32.04117655212717,-30.355989076460016,-28.44675409807499,-26.387294186971072,-24.270100508835505,-22.18721609904519,-20.217988850011743,-18.42059936337956,-16.82983568330446,-15.455633479108863,-14.28038742723168,-13.252957090939525,-12.28702292419039,-11.282541793014374,-10.163541975875784,-8.896226816293948,-7.48129655123092,-5.941019912735871,-4.304551364497666,-2.606041597617101,-0.8723145177945822,0.874160500163778,2.6078718570161104,4.30634614349641,5.942769978223446,7.483010969409594,8.897872078187818,10.165103229987166,11.284083693128489,12.288526189711272,13.254402147475972,14.281761897959235,15.456902412139632,16.831041407067914,18.421698327246386,20.21892519944705,22.18798344246601,24.27067351063328,26.387647533844135,28.44687587137512,30.355881126996312,32.04085286458535,33.45822540489804,34.603305665968854,35.524579110928684,36.3453824310824,37.23365333108272,38.30174233815816,39.58152286668592,41.076260552896514,42.83951037536802,45.14188518119542,48.7799700384675,55.11272388025233,65.60966517641131,81.19498353901494
-81.49463776734447,-65.97928453276754,-55.504099771252285,-49.15500847515102,-45.47256552629954,-43.12278056110917,-41.320122508014656,-39.79398020776734,-38.48966454847516,-37.40299928540246,-36.500485746833874,-35.66748249531972,-34.73353239176001,-33.57411134215968,-32.14091623852556,-30.439551801464763,-28.51458899324105,-26.44065819848437,-24.31065384893031,-22.21657391436895,-20.23779259286025,-18.43249156653214,-16.8354587313311,-15.456417816230932,-14.277504472860912,-13.247249422122245,-12.279007940526965,-11.272525229236486,-10.151839365342417,-8.883402040364075,-7.468256245073499,-5.9289957192051705,-4.294837244890156,-2.5998047948226413,-0.8701914289553925,0.8720465465129169,2.601643353474812,4.296639824586052,5.930751824773249,7.46997326610893,8.885050016952984,10.153403218138152,11.274066763754972,12.28050896954634,13.248691538149318,14.278874903419,15.45768344422684,16.8366592072834,18.433582829296935,20.238721357162262,22.21733290411964,24.31121822942928,26.441003058061398,28.51470247676973,30.43943754649264,32.14058623717687,33.573597501424565,34.732877417233944,35.66667844646496,36.49954918675464,37.40191163262073,38.48843329632378,39.79254753207034,41.318431357506185,43.12080582704585,45.47026767662323,49.15237681481644,55.50123089096224,65.97633966111488,81.49184800862835
-81.78971399174718,-66.34238843562648,-55.88840793498685,-49.52332209895912,-45.79803676250743,-43.40231156030335,-41.56139146880216,-40.00471246553168,-38.67651359299427,-37.57173155330107,-36.65534898554099,-35.810462845088416,-34.86416290694949,-33.690737504469446,-32.24208544444196,-30.52470101345653,-28.584122991697978,-26.4957798973746,-24.352947220165383,-22.24760599688225,-20.25917654151825,-18.445866304584257,-16.842459501790973,-15.458485438858784,-14.27582122183238,-13.242668750522538,-12.272051211661086,-11.263493403046253,-10.141038875043758,-8.871376124854683,-7.4558928055002385,-5.91750562009093,-4.285524079793161,-2.593806829129892,-0.8681421421113812,0.8700066576547195,2.5956540775615853,4.287334187722966,5.919267963740075,7.457613626824111,8.873025714564461,10.142604836243754,11.265035326259865,12.273549985816992,13.244107760132575,14.27718815545606,15.459747311670402,16.84365419922474,18.44695001358805,20.260097626382315,22.24835657560605,24.35350278278952,26.496116254381807,28.584228235449064,30.52458045799097,32.24174903495687,33.69021647014588,34.86350655376506,35.8096556237329,36.65441099642617,37.57064009967599,38.67528398130618,40.00328264922556,41.55970546700336,43.40034674731688,45.79575363619479,49.520708096300616,55.88555268082348,66.33944752385727,81.78691221137379
-82.08260073091918,-66.7016701352223,-56.26828795762655,-49.887373824679294,-46.120404423432106,-43.679886800697176,-41.80154524913534,-40.214953216738,-38.863320155778574,-37.74074031922007,-36.81071416316448,-35.95413219170883,-34.99566457723486,-33.80843403082468,-32.344515792449705,-30.611276164470077,-28.655200261216187,-26.552518997852843,-24.396878116122583,-22.2802372006101,-20.282088648136533,-18.460689887367785,-16.850830528673868,-15.46184840778098,-14.275357448762076,-13.239239460646177,-12.266180566792574,-11.255470294510369,-10.131162984577616,-8.860175600240334,-7.444234892930513,-5.90658748255852,-4.276632505462135,-2.5880767604658503,-0.8661885696279394,0.8680602011169432,2.589930695990295,4.278447643254056,5.908354915840572,7.445960431511597,8.861822033770643,10.132730678169692,11.257021214765953,12.267668013526514,13.240673234513457,14.276730994030894,15.463102999693094,16.85201807347712,18.4617698806024,20.283003130449814,22.280980278145066,24.39742682041734,26.552848391363487,28.65529864681661,30.611151231621417,32.34417373944197,33.80790632080751,34.995009386704645,35.953322739682044,36.80977549187161,37.73964413419521,38.86209290318637,40.21352711751314,41.799863765143066,43.67793072060659,46.11813394391727,49.88477534958969,56.26544475062618,66.69873224527954,82.07978622999426
-82.37451191708875,-67.05809386500287,-56.64464029568134,-50.2479632019568,-46.44037467384968,-43.95612935022745,-42.04116257169852,-40.42523842245527,-39.05059395125177,-37.91050778276304,-36.9670536538744,-36.098947892033074,-35.12848546514659,-33.92762489783301,-32.44861312141995,-30.69966388485074,-28.72818574145808,-26.61120927626437,-24.44273074419179,-22.314707330604627,-20.30672751135245,-18.47712755156505,-16.86070252707761,-15.466607355505356,-14.276200162992032,-13.237032132846943,-12.261450160348552,-11.248509202945264,-10.122253530595966,-8.849825972983606,-7.433298090014866,-5.896239666964233,-4.268160742296871,-2.5826003374791577,-0.8643178398879825,0.8661948122412336,2.5844593140159104,4.269980071601508,5.89801039706649,7.435026160247215,8.851473197645154,10.123821321779312,11.25006058847511,12.262935656079591,13.238463413476143,14.277572205760514,15.467858424896184,16.861885401487797,18.47820277395448,20.30763671532261,22.315444567513488,24.44327351319337,26.61153285580461,28.72827858153117,30.699535237892405,32.448266779689,33.92709287404539,35.1278295899318,36.09813737345397,36.96611419952998,37.909410048660206,39.04936813218918,40.42381577666491,42.03948563755054,43.95418109827117,46.43811527754774,50.24537855099856,56.64180788898526,67.05515823776734,82.37168414923862
-82.66167897496211,-67.40850774656879,-57.01459841899842,-50.60257273046864,-46.75565044002077,-44.22892378428681,-42.27824393373337,-40.63365809245108,-39.23650392596359,-38.079269573737285,-37.12265486794816,-36.24324517924993,-35.26101117656085,-34.046759256598094,-32.55290514557257,-30.788490999637236,-28.80183857067553,-26.670749162614012,-24.489550302167974,-22.350244024149227,-20.332499978091988,-18.49474956164756,-16.871774206231613,-15.472563238223376,-14.278226304682084,-13.235988618597972,-12.25785881664546,-11.24265337247975,-10.114400304144167,-8.840459295979578,-7.423245710463661,-5.886643842949519,-4.260287088072715,-2.5774939385328524,-0.8625650445776358,0.8644466630114912,2.579357250381753,4.262110015657781,5.888417427751787,7.424975739537514,8.84210700527695,10.115968336777442,11.24420467904716,12.25934243650384,13.237417610903996,14.279596590044063,15.473811206752742,16.87295283511259,18.495820287339672,20.333404297205323,22.350975957006494,24.490087659370023,26.671067485211505,28.80192649915654,30.788358992506996,32.552555043547905,34.046223973377664,35.26035426345966,36.24243415144306,37.12171478002146,38.07817127919616,39.2352793127401,40.632238821495655,42.27657147443997,44.22698275283314,46.75340119829823,50.60000103711221,57.0117765412523,67.40557434411727,82.65883767979389
-82.94800502155783,-67.75619356258238,-57.38116402520479,-50.95386332375002,-47.06860518921752,-44.50041664307902,-42.51478900461812,-40.84210715307044,-39.42285469183245,-38.24876245245869,-37.279196486767226,-36.38865435123688,-35.39481757944036,-34.16735325624308,-32.65883083063528,-30.87910171798053,-28.87737787995392,-26.732225585777847,-24.53828936361965,-22.387629836041103,-20.360025192947724,-18.514022502240277,-16.88439445125679,-15.47997039983173,-14.281614843668494,-13.2362269979567,-12.255471757427449,-11.237919088957884,-10.107573507358056,-8.832004986072395,-7.413970562639299,-5.877670061010725,-4.252870088370159,-2.5726648936719907,-0.8609040556422417,0.8627898628585755,2.574532124443656,4.254696266145167,5.879446205894333,7.415702574330229,8.833653367170719,10.109141519006544,11.23947049043254,12.256953669811518,13.237653865217483,14.282983576748704,15.48121526610002,16.88556915741661,18.515089132364423,20.360924916997725,22.38835674157157,24.538821597788505,26.73253889180357,28.87746118512309,30.8789666365582,32.65847706421813,34.1668146479068,35.39416021899725,36.3878428862715,37.2782560096092,38.24766334140312,39.42163164091874,40.84069144026329,42.51312100398901,44.49848273177764,47.066365837909046,50.95130384231809,57.378351874490654,67.7532618037584,82.94514995250493
-83.23137087671057,-68.09936196130244,-57.74271545102175,-51.30041767723355,-47.37793507609357,-44.76940136165666,-42.74965323376689,-41.04948509916768,-39.60858855009247,-38.417962969001366,-37.43568489767761,-36.53420761155441,-35.52896628489485,-34.28850275594053,-32.7655325076442,-30.9706970609211,-28.95408526705927,-26.79499868895355,-24.58838987602283,-22.426416201429173,-20.388962196935797,-18.534701170526,-16.8983899820037,-15.48871318825994,-14.286296629317825,-13.23771629568154,-12.25429139874328,-11.2343399157175,-10.101835911699116,-8.824551163392574,-7.4055812029140835,-5.869433808789474,-4.246018545945439,-2.5681782127141,-0.8593518305290146,0.861241493868614,2.5700490314344444,4.247847687641926,5.87121229803287,7.407314950063036,8.826199934229068,10.1034039061984,11.235891506870306,12.25577137734182,13.239140910410484,14.287664004654852,15.489955102871717,16.8995607973377,18.53576384895355,20.389857512375844,22.42713832461908,24.588917258971943,26.795307249167536,28.95416429448824,30.970559210834228,32.76517529277112,34.28796114661393,35.52830892267297,36.53339598467457,37.434744303659976,38.41686311507043,39.60736737169558,41.04807318756144,42.74798978844059,44.76747453189738,47.37570540700727,51.29786980725604,57.73991232614458,68.09643127620213,83.22850169928029
-83.51206985015686,-68.4382957049025,-58.09951471121218,-51.64248370323399,-47.68383512856968,-45.036037285156425,-42.9829690728546,-41.25591013159446,-39.79381084835872,-38.586969078507806,-37.592211209921366,-36.67999135178612,-35.66353823642491,-34.4102841960459,-32.87308046937932,-31.063339964828263,-29.03201387852049,-26.859114014434983,-24.639897911677597,-22.46664463071837,-20.41934828536725,-18.55681698590395,-16.913789169780348,-15.498816678395354,-14.292293317549948,-13.240474510288315,-12.254332062592573,-11.23192639006485,-10.097194105223885,-8.818101198678846,-7.398078171796484,-5.8619359801383375,-4.239726675875218,-2.5640331245428665,-0.8579111962330485,0.8598046111125126,2.565907411502759,4.241558672652845,5.863716719483351,7.399813499065442,8.819750273655929,10.098762045109137,11.233477890040144,12.255810372484635,13.2418970588789,14.293659107616003,15.50005562970778,16.914956297492154,18.5578758242531,20.420239250033248,22.467362096958563,24.64042060792971,26.859417971467263,29.032088802781804,31.063199552056904,32.87271980788407,34.40973955387515,35.662881418058866,36.679179663703856,37.591270641746014,38.58586804565596,39.79259171938057,41.25450210504621,42.98131001461505,45.03411733184713,47.68161491768912,51.63994725337347,58.09672060313321,68.4353660703586,83.50918639006662
-83.79172113080247,-68.77433283318975,-58.45280402899768,-51.98115405748799,-47.98728197602489,-45.30119489589567,-43.21554711399383,-41.462143455256665,-39.97924662383708,-38.75647680589341,-37.749450696447774,-36.82666205663102,-35.79917095720362,-34.53331148130993,-32.982061796590564,-31.15758546177324,-29.11167733275736,-26.92503695927049,-24.69322318460348,-22.508660321232124,-20.45146674289517,-18.580595774637704,-16.93077176291483,-15.510424415369576,-14.299720701008066,-13.244595536233772,-12.25566854640973,-11.230734934442507,-10.093686573553423,-8.812675852032761,-7.391464155681556,-5.8551621038134805,-4.233970804682958,-2.5602098640969766,-0.8565747973889186,0.8584718050412566,2.562087455715952,4.2358055306862985,5.856944976701797,7.393200979227942,8.81432526713618,10.095254437506329,11.23228634301226,12.257144992937178,13.24601587417538,14.301084915282384,15.511660492236524,16.93193522032385,18.58165078510057,20.45235345686744,22.50937323580084,24.693741282761685,26.925336434985763,29.11174835669751,31.15744262442411,32.98169779146276,34.532764112921875,35.7985148422332,36.82585056166321,37.7485102933793,38.75537486011076,39.97802970669121,41.46073951022672,43.21389258526069,45.299281857375306,47.98507111446594,51.97862861875255,58.4500184320536,68.77140386427544,83.78882311686701
-84.07016970823244,-69.10737225569962,-58.80249643235694,-52.31636694487626,-48.28819796684142,-45.56478725018,-43.44729216160788,-41.66808734246929,-40.16479615407276,-38.92638721852796,-37.90730484338632,-36.974122665559946,-35.93576893916229,-34.65749259413196,-33.09238894174682,-31.253352011405727,-29.193001790375455,-26.9927035177462,-24.748316200454976,-22.552429732205585,-20.48529952427987,-18.60603232842398,-16.94934305860973,-15.523549427738203,-14.30859736488926,-13.250101744063198,-12.258326251363926,-11.230793696380742,-10.091343165529535,-8.808306194105132,-7.385770508027505,-5.849142159548255,-4.22877418418812,-2.556724445755432,-0.8553490410493774,0.8572494505275273,2.55860514544676,4.230611472305961,5.850927036672559,7.387508654499425,8.809955836606083,10.09291099365477,11.23234486271181,12.259800828361742,13.251519892885744,14.309960008154672,15.524782768013973,16.950502919239568,18.60708365123343,20.486182144585417,22.553138307769416,24.74882992690426,26.99299869031437,29.193069202425395,31.253207010171167,33.09202167058292,34.656942617315174,35.93511387367756,36.97331145506043,37.90636467638688,38.92528418913538,40.16358156174902,41.66668728803229,43.445641958952905,45.56288085503726,48.28599607413239,52.31385224894683,58.79971944691717,69.10444401445348,84.06725703212862
-84.34561444036663,-69.43592923016791,-59.14724037484651,-52.64695500720796,-48.585493637631785,-45.825805954891166,-43.67723825288349,-41.87281017585281,-40.3495584241487,-39.095825290921454,-38.064919564295806,-37.1215383218025,-36.072518504730986,-34.78204054699396,-33.20330926618223,-31.34992967339636,-29.275335571363154,-27.06152320022094,-24.80466190724332,-22.59753191637053,-20.52051539368145,-18.63287132875148,-16.969307768329713,-15.538045148614106,-14.318815484749232,-13.256917304362725,-12.26225715903668,-11.23208107128999,-10.090168317801544,-8.80502104782941,-7.381046357823646,-5.843938505812392,-4.224194311048818,-2.553613117652293,-0.8542453766416582,0.856149036746081,2.555496750202136,4.226034014081919,5.84572528637981,7.382785771685032,8.806670898953113,10.091736010777709,11.233632007684758,12.26373000233306,13.258333280064836,14.32017641573166,15.539275791464384,16.970464241390975,18.633919020201013,20.52139399211954,22.59823621885561,24.805171353091158,27.06181420262091,29.27539944622625,31.34978263823265,33.20293872581523,34.78148797430599,36.07186498685521,37.12072761110681,38.06397980041081,39.09472085743906,40.348346319950615,41.87141445631238,43.67559237905551,45.82390618898941,48.58330066611195,52.64445077168476,59.14447153320847,69.43300141000327,84.3426868948517
-84.62042645831859,-69.76200359006812,-59.48888084151012,-52.97453481952752,-48.880630790325775,-46.08556258496165,-43.90661280989062,-42.07747565729488,-40.53464559870847,-39.265863555546254,-38.22333667987724,-37.26992414073722,-36.210406311147146,-34.907908303701184,-33.315733845960565,-31.44817901814601,-29.35947044846594,-27.132217975634603,-24.86290165493348,-22.64450481579489,-20.55755316186796,-18.66146537688912,-16.990951070985382,-15.554142189593984,-14.33056170105351,-13.26519194181764,-12.267578185519444,-11.234682146705136,-10.090214852559056,-8.802841994919788,-7.377284149126358,-5.839520793190593,-4.220192789631047,-2.550852356405771,-0.8532583043070526,0.8551652089222957,2.5527389095851643,4.222034844241122,5.84130943069164,7.379024753246333,8.804491843074164,10.091782453039626,11.236232886000122,12.269049231216576,13.266605705484638,14.331921018152538,15.555370061522911,16.99210406269756,18.6625095172548,20.558427733802887,22.645204891438578,24.863406931960576,27.13250489854664,29.359530907135213,31.448030096632667,33.31536008406209,34.9073532281564,36.20975460868058,37.2691140491336,38.22239736063572,39.26475761051586,40.53343608058776,42.07608441879424,43.90497128279832,46.08366944071228,48.87844673964451,52.97204089911245,59.48611994677374,69.7590759491799,84.61748383168873
-84.89480311376117,-70.08577563980293,-59.827595326233485,-53.29926969667295,-49.1737446315355,-46.3441648595518,-44.13550712514758,-42.28216301850398,-40.72012924371508,-39.43656870153755,-38.3826199345901,-37.41934163157684,-36.34949209893104,-35.035153998948495,-33.429719860488376,-31.54815661157737,-29.445462326613875,-27.20484275022407,-24.92308933546126,-22.693401816763064,-20.59646528922876,-18.691865479637805,-17.014322796735257,-15.571889168864011,-14.343883345786008,-13.274971903232249,-12.27433434856672,-11.238640389619713,-10.091524385911724,-8.801807259487342,-7.374517664767268,-5.835916485421303,-4.2167896978091,-2.5484539621879296,-0.8523916663561196,0.8543016884800588,2.5503433257640906,4.218634020728603,5.8377068294138,7.376259422430272,8.803457260043484,10.093091562581993,11.24019067272178,12.275803813190109,13.276383619057484,14.345240865686105,15.573114130221567,17.015472362394497,18.69290612923195,20.59733589553856,22.694097725145284,24.923590550772865,27.20512571187369,29.44551950827641,31.54800594255998,33.429342954673395,35.03459660635161,36.34884240466754,37.41853236466925,38.38168113630245,39.43546132958633,40.71892240863386,42.28077642807001,44.13387000647644,46.3422783736554,49.17156947065086,53.2967858907028,59.82484206184979,70.08284788993537,84.89184520291016
-85.16848695757812,-70.40704777090995,-60.16321273057999,-53.62102243704405,-49.464693115629046,-46.60146925047013,-44.363774454384775,-42.48672374112856,-40.9058616334728,-39.60779367636185,-38.54262534295468,-37.56964900936012,-36.48963800595121,-35.16364308217452,-33.545139820758074,-31.64974444341566,-29.53320609559736,-27.27930532853996,-24.985148199454084,-22.744167454914454,-20.637216179319555,-18.7240510565728,-17.039414330196735,-15.591286929078382,-14.3587895974296,-13.286273194190304,-12.282547651853838,-11.243983101307649,-10.094129163101744,-8.801953324377305,-7.372784579273651,-5.833159948034004,-4.214012750653284,-2.546433553284068,-0.8516496060864585,0.8535625341907711,2.548325505449089,4.215859185618159,5.834951968873593,7.374527417888969,8.803603330883385,10.0956961469602,11.245533227472256,12.284015372847536,13.28768271792558,14.360145212197503,15.592509412128752,17.040560765344708,18.725088179820258,20.63808293414227,22.74485935460017,24.98564542348614,27.279584438819253,29.533260171944807,31.649592002310825,33.54475990591239,35.16308382222203,36.48898984992003,37.56884076990293,38.5416870078644,39.60668557077982,40.90465729706988,42.48534176214106,44.36214183501326,46.59958936062863,49.46252667661529,53.61854837128884,60.16046672856912,70.40411962125461,85.16551363335226
-85.44075116075224,-70.72526056158058,-60.49522393869718,-53.93936561815037,-49.75306311786808,-46.85708589415819,-44.59103105905051,-42.690781818555344,-41.09147458673005,-39.779179404425946,-38.70299965960545,-37.72049965555969,-36.63050369232989,-35.29304521086274,-33.66167464473345,-31.752638321868595,-29.62241926271028,-27.35534844608973,-25.0488563631714,-22.796622371075333,-20.67966583783934,-18.757915078661718,-17.066144013712798,-15.612275170682612,-14.375236574689492,-13.29906484230658,-12.292198050594576,-11.250700451226534,-10.098028918510144,-8.803288708917625,-7.372102234513816,-5.83127582129798,-4.211883362444233,-2.5448061649609865,-0.8510382863929113,0.8529539543032802,2.5467005286725555,4.213731750025537,5.833069366240889,7.373846033654649,8.804938661632143,10.099595539236574,11.252250276667404,12.293664211393544,13.30047227004535,14.376590090605244,15.613495179665565,17.067287439371242,18.758948811876287,20.68052886460039,22.79731038889624,25.0493497803252,27.35562388626737,29.622470427857927,31.752484301878702,33.66129183590645,35.29248421213675,36.62985737540463,37.719692617359485,38.70206192282719,39.77807034287343,41.09027280957082,42.68940448561643,44.58940283626954,46.85521241405085,49.7509051992554,53.93690112914552,60.49248511697088,70.72233195004277,85.43776229408013
-85.71217913342004,-71.04091259841802,-60.82410268260551,-54.25471661545672,-50.03922619790462,-47.1113371909508,-44.81757254506691,-42.894611174042495,-41.277227406921725,-39.950973824803256,-38.86398352360983,-37.87212756395838,-36.77231684431262,-35.42358021620181,-33.779535896639814,-31.857041193979292,-29.7132925666498,-27.433149883707728,-25.114375737759755,-22.85090956711008,-20.72393841492446,-18.79356406588064,-17.09460530254685,-15.634936116763274,-14.39329791753082,-13.31341368975857,-12.303346073145542,-11.258846745323108,-10.103270725489452,-8.805852926154484,-7.3725006555385315,-5.830283635682969,-4.210413081795629,-2.543577567218016,-0.8505593451144136,0.8524776075032042,2.5454741840939032,4.212263319160569,5.832078595224212,7.374245181544741,8.807502896160859,10.104837206862117,11.260395991235734,12.304810546114556,13.31481898078498,14.394649517755957,15.636153759496269,17.09574562563172,18.79459447794676,20.724797833871225,22.85159379581933,25.114865435256007,27.433421765354776,29.71334098625608,31.856885675908167,33.77915035164006,35.42301775636281,36.77167234543304,37.87132192568916,38.86304650725778,39.94986416928211,41.27602828756814,42.89323861248623,44.815948888150245,47.10947015434275,50.03707668704069,54.25226127881242,60.82137053118349,71.0379831805212,85.70917456863454
-85.98434405862272,-71.35534514178049,-61.1510903329341,-54.56816105092325,-50.32417285146423,-47.36511202386588,-45.04423355754934,-43.099006050578254,-41.463882138344594,-40.12391531485655,-39.02629630607134,-38.0252364094816,-36.91576407237978,-35.555915898229195,-33.89936729572992,-31.96356758406811,-29.806400208261408,-27.513242498263995,-25.18218743186025,-22.907443419631427,-20.770384621096717,-18.831296033569444,-17.125054007957807,-15.65949016569089,-14.413164007834371,-13.329484595828593,-12.316133383494616,-11.268540686298843,-10.109949570046227,-8.809715909044126,-7.374024622282311,-5.830205725759872,-4.209612332976815,-2.5427546001672328,-0.8502161293146835,0.8521368464982816,2.544653348209213,4.211464307903315,5.832001960472696,7.375769822510499,8.811365847711286,10.111515684656991,11.27008952008941,12.317596005125385,13.330887617084583,14.414514026872864,15.660705344358052,17.126191145608825,18.832323196999383,20.771240515091424,22.9081239750146,25.182673567855733,27.51351097148207,29.80644604929917,31.96341070769065,33.89897915701868,35.55535208374916,36.9151215944224,38.02443223038568,39.025360071936895,40.12280506765288,41.46268573167486,43.09763825991831,45.04261444900646,47.363251340262856,50.32203165430327,54.56571477505739,61.14836478954847,71.35241474068651,85.98132363010043
-86.25403181612408,-71.66591574075005,-61.473764967136894,-54.87762193255898,-50.60596170457906,-47.616630585316,-45.26930816897411,-43.30232029017984,-41.64984407740842,-40.29644991235268,-39.18841782329972,-38.17833510996299,-37.05938666121497,-35.68863129928426,-34.01979785278688,-32.0709115050487,-29.90052504789608,-27.594506310503466,-25.251298070852634,-22.965389686738785,-20.818319239070824,-18.87054696402268,-17.15702194076601,-15.685550045639491,-14.434515390846506,-13.347015049585847,-12.330348709787753,-11.279620421789735,-10.117954069102945,-8.814816166200647,-7.376658851635964,-5.831061320429955,-4.209506818275462,-2.542351728210765,-0.8500115448976147,0.8519344572596423,2.54425233994758,4.211360344899957,5.832858720848432,7.378404480709732,8.816465955628246,10.119520112773488,11.28116871648446,12.33180953138341,13.348415853688689,14.435863611504676,15.68676323596534,17.15815611317816,18.871570903416146,20.819171785041288,22.9660667789366,25.25178083754524,27.594771565631085,29.90056853400122,32.070753382239985,34.0194072728341,35.688066484647884,37.058745928373405,38.17753260314436,39.18748242702275,40.29533933848389,41.648650207726895,43.30095714800852,45.26769355217533,47.61477605823188,50.60382855455114,54.875184426105,61.47104580718391,71.66298427709205,86.25099547656592
-86.52448112282418,-71.97536474128162,-61.79465947812156,-55.1852941834794,-50.88661717152678,-47.86772013389775,-45.49452578308394,-43.5062072038057,-41.83670600394801,-40.47012473609171,-39.3518580999277,-38.3329024183872,-37.20462881798051,-35.823131834934244,-34.142182162739054,-32.180364865423,-29.996872970523164,-27.67805790325704,-25.322711392481786,-23.02560604262392,-20.86846137662917,-18.91192386474414,-17.191026870771704,-15.71355733526081,-14.457728769788083,-13.366326527379368,-12.346263062915954,-11.292307545089717,-10.12745381566115,-8.821270732660821,-7.380469217577242,-5.832875612375237,-4.2101040393508,-2.5423760242499487,-0.8499510932485979,0.8518761542649745,2.5442784641217786,4.21195908658337,5.834674085323028,7.382215169550089,8.822920410845258,10.129019638377947,11.293855072641394,12.347722165699736,13.36772514131214,14.459075169055671,15.714768417579467,17.192158069530013,18.912944631981983,20.869310571345306,23.026279707903253,25.32319087057158,27.678320002178552,29.996914217436117,32.18020567436103,34.141789196657925,35.82256602916654,37.2039902355836,38.33210166202058,39.35092368236653,40.469013785927885,41.83551485219018,43.50484875420752,45.49291570189376,47.86587173923865,50.8844919626885,55.18286527137612,61.791946526460734,71.97243206974511,86.5214287638543
-86.79454450066507,-72.28276850433446,-62.11293306263334,-55.49046779692464,-51.16546572114626,-48.11775710901425,-45.71928196521457,-43.71007843513945,-42.02389563304865,-40.64438055038665,-39.516068868287086,-38.48839961985017,-37.35096247087133,-35.95890223538677,-34.26602230957189,-32.29145437463889,-30.09500376400326,-27.76349387566718,-25.39607342394836,-23.087799937408658,-20.920574941912488,-18.955236170180733,-17.226913119025433,-15.743386679355098,-14.48270431907378,-13.387340726163712,-12.3638175614235,-11.306561760393723,-10.138427273884211,-8.829075690705784,-7.385467318090948,-5.835669408146766,-4.211422471680298,-2.542837385231082,-0.8500370593424234,0.8519641234997347,2.544741512007432,4.213278901275424,5.837468827629597,7.387213494290815,8.830725119304407,10.139992856423175,11.308108586742213,12.365274896764012,13.388737119529395,14.484049050812228,15.74459573021166,17.22804136445907,18.956253914765355,20.92142085696013,23.088470278776988,25.396549802369066,27.76375291312167,30.095042932066995,32.29129438033561,34.265626950168944,35.95833544434398,37.35032627518085,38.48760069067668,39.515135563285696,40.64326912174403,42.0227072839268,43.70872457375558,45.717676409824506,48.11591477341226,51.163348333322205,55.488047338733104,62.11022615231297,72.27983447530104,86.79147599541693
-87.06532635701215,-72.58908026913586,-62.42947215316251,-55.79392027290374,-51.44321774841851,-48.36737829932601,-45.94417526655772,-43.91450465564236,-42.21196156445895,-40.81974900344499,-39.681569932517554,-38.64533580667516,-37.498886473071664,-36.09642779533366,-34.39178863505931,-32.404630751601786,-30.195343876840514,-27.851214713392896,-25.47175013780546,-23.15229342649969,-20.97493978816216,-19.00072865416469,-17.26489592838256,-15.77522886585287,-14.509612132104287,-13.41021030056267,-12.383148486100817,-11.322502371448255,-10.150975959072303,-8.838312471780798,-7.391715161398387,-5.839483257212551,-4.213488675491387,-2.5437518807665485,-0.8502750318725588,0.8522038293099871,2.5456574320210685,4.2153462718584604,5.8412834860410285,7.393461528773999,8.839961788963432,10.152541356863065,11.324048360827511,12.384604198680154,13.411604586795152,14.510955067586911,15.776436155108543,17.266021417205653,19.00174346774769,20.975782544265915,23.152960610032864,25.47222354520674,27.85147067401252,30.19538109664553,32.4044701800465,34.39139084912352,36.09586030570537,37.49825215864619,38.64453895175033,39.68063781931633,40.81863771013972,42.21077588409575,43.91315513036384,45.94257442192483,48.365542046917874,51.44110804389762,55.79150799384074,62.42677095426769,72.58614464197775,87.06224159327286
-87.33610785085627,-72.89373098647688,-62.74376465410125,-56.09522583728478,-51.71946437762521,-48.61619831319555,-46.1688285572578,-44.11912253684824,-42.40054470934278,-40.99587745871862,-39.84801393144925,-38.80336926481076,-37.648065893010624,-36.23538155747721,-34.51916668563189,-32.51958814354342,-30.297612465316167,-27.940967032155623,-25.549518470674336,-23.218904729203548,-21.031411732173524,-19.0482840877425,-17.30488324414686,-15.809010621673238,-14.538395837663678,-13.43489278876353,-12.404226341368808,-11.340112850909016,-10.165095523262028,-8.84898897568207,-7.39922905047542,-5.844335595002237,-4.216318910415019,-2.545128359431628,-0.8506664973548125,0.8525968558663164,2.5470351670930333,4.218177543179814,5.846136483652535,7.400975426962491,8.850638117134254,10.166660725045936,11.34165810521836,12.405680144810104,13.436284747289465,14.539737194326724,15.810216284900896,17.306005988397303,19.04929595461969,21.03225137939673,23.21956894596295,25.54998911226036,27.941219951918058,30.29764797274681,32.519427340822425,34.51876653614398,36.23481362966861,37.647433265482064,38.80257464812159,39.84708316241843,40.99476687896925,42.39936163240194,44.117776932512186,46.16723253425455,48.6143680434327,51.71736210466616,56.09282155456808,62.74106905721359,72.89079370061353,87.33300674897352
-87.60580480644781,-73.1958390172774,-63.0550148573172,-56.3937161072077,-51.99356782787602,-48.86361885627605,-46.39266004152209,-44.32337456244785,-42.58909421702792,-41.17222515360261,-40.01486689076322,-38.96197401380357,-37.797983981066935,-36.37525860977801,-34.647668028511205,-32.63584973292896,-30.40136521738472,-28.03234594251981,-25.62901620183922,-23.287325888184117,-21.08973561832252,-19.097688121216457,-17.346694893024694,-15.84457996839418,-14.568927448858492,-13.46128103517557,-12.426963731653858,-11.359325987822094,-10.180740162556289,-8.861079345522867,-7.407997309855,-5.850223228407749,-4.219916050186535,-2.546967540727688,-0.8512090844386834,0.8531409062897862,2.548875507158678,4.221775646998534,5.8520247399911245,7.409743521257563,8.862728169067312,10.182305358298056,11.36087001752964,12.428415842998035,13.462670859673567,14.570266850382524,15.845784168158266,17.347814968925732,19.098697056278255,21.090572166504284,23.287987260023648,25.62948422390637,28.03259593241498,30.40139917601554,32.63568876566694,34.64726569295121,36.3746903400294,37.797353109503696,38.96118172425899,40.01393760131515,41.17111535329591,42.58791378418682,44.32203290343278,46.39106883235508,48.86179455312731,51.99147290543239,56.39131965798656,63.05232467615661,73.19289989227767,87.60268731609662
-87.87665449696189,-73.49732017655462,-63.36499323368613,-56.69093038179204,-52.26695085979491,-49.11093117945499,-46.61689779056546,-44.528433434262645,-42.7787490271426,-41.34990176459986,-40.18321690695164,-39.12221812933928,-37.94968705117263,-36.51707925339717,-34.77827895354673,-32.75436744943888,-30.507499205081054,-28.126189207724703,-25.711008173220737,-23.35822656956798,-21.150489326417176,-19.149444977966795,-17.390773035592456,-15.882327303601953,-14.601552325390838,-13.48968143603983,-12.45163016145866,-11.380373216381704,-10.19810102277208,-8.874731927280322,-7.418127090898732,-5.857219309827772,-4.224327514290378,-2.549299758299614,-0.8519158814207614,0.8538489547350163,2.551208690486321,4.226187904696635,5.859021229191336,7.419873107762304,8.876380555845719,10.19966598890322,11.381916380787342,12.453080377898878,13.491068899359894,14.602889997321416,15.883530018747791,17.391890549530157,19.15045105805699,21.15132290346662,23.3588852623405,25.711473665681435,28.126436259536668,30.50753173661796,32.754206445731114,34.77787454467092,36.51651082129428,37.94905766256096,39.12142828082244,40.182289233448046,41.348793216359965,42.77757122388095,44.52709555361413,46.61531155697041,49.10911290400512,52.26486322922674,56.68854163721666,63.36230822514662,73.49437898395765,87.87352047202279
-88.14824616078015,-73.7978807269392,-63.67343968470314,-56.98666444509385,-52.53941091537224,-49.35793813704088,-46.84134632316224,-44.73410769260555,-42.969319847663904,-41.5287211346828,-40.352879392326265,-39.28391923590743,-38.10299451790562,-36.6606668543639,-34.91082702488083,-32.87497451112831,-30.615860167338894,-28.2223603567092,-25.795380120235823,-23.43151594263082,-21.21360321643293,-19.203503264428385,-17.43708089485009,-15.922228053922376,-14.636255309620555,-13.52008592541289,-12.47822366044082,-11.403258534705795,-10.217186746812514,-8.889960124262933,-7.4296350477319155,-5.8653424025549095,-4.229568623046867,-2.5521355138947444,-0.8527912967129676,0.8547255824100551,2.554045370032639,4.231429740528086,5.867144674961644,7.431380787027324,8.891608484367541,10.21875148138474,11.404800394126934,12.479672253204845,13.521471290902422,14.63759098568644,15.92342923193156,17.4381959006038,19.20450658402339,21.214433724284447,23.43217201729371,25.795843254826806,28.222604433889323,30.615891402312087,32.87481389462565,34.910420429040435,36.660098123092936,38.10236703055698,39.28313190821767,40.35195359216804,41.527613815171,42.9681448987384,44.73277337717138,46.83976514403206,49.35612590082148,52.53733036003037,56.98428316863591,63.67075962206948,73.79493738439228,88.14509556373969
-88.42024588935057,-74.09727033179941,-63.98013434055886,-57.28075322132746,-52.8107742106856,-49.60447684864143,-47.06584211140623,-44.94022927562029,-43.160646110890106,-41.70852366361542,-40.52369880757254,-39.446922347601244,-38.25775306572255,-36.80586677336895,-35.04515875063185,-32.997529683236785,-30.72631800922821,-28.32074024620137,-25.88203092256242,-23.507117867150036,-21.27902269830916,-19.259822825638583,-17.485587825947462,-15.964261674939369,-14.673025302867634,-13.552492016752192,-12.506748831846211,-11.427992010343855,-10.238013081130084,-8.906783380178855,-7.442545270435905,-5.874616846836576,-4.235657118497844,-2.5554853261959307,-0.8538380009796924,0.8557732798649188,2.5573959064012386,4.237518782011415,5.876419331624359,7.444290691090966,8.908431452966596,10.239577653857888,11.42953263530878,12.508195636814351,13.553875159502944,14.674359049392038,15.965461623878266,17.48670029033426,19.26082336816679,21.27985038838001,23.507771400118266,25.882491637542675,28.320981720097684,30.72634810038667,32.99736868870176,35.04475087662122,36.805298584428826,38.25712647167656,39.44613757750179,40.52277456446313,41.70741869295665,43.15947351490995,44.93889890817152,47.0642659388789,49.60267055672468,52.80870067889768,57.278379219771104,63.97745900899812,74.09432464897776,88.41707864865072
-88.69182270923794,-74.39483004725129,-64.28449220262516,-57.57270818697001,-53.080573275401086,-49.85010424827068,-47.28995483888091,-45.146375550787525,-43.352316582573415,-41.88890581049591,-40.69527551346109,-39.61083164361881,-38.41356902312044,-36.95229159021387,-35.18089254231614,-33.12167044937967,-30.83852518461907,-28.4210079053926,-25.9706783608649,-23.584789060838283,-21.346540632045382,-19.318230114587653,-17.536148771037052,-16.008304239366666,-14.711755661243805,-13.586807398524943,-12.537126873273268,-11.454509110224018,-10.260529607725374,-8.925166456395282,-7.456833378277377,-5.885029406934212,-4.242588360999325,-2.5593480741681263,-0.8550553797577447,0.8569915502744164,2.561259314101336,4.244450523340314,5.886832033037419,7.458578391198234,8.926814165901362,10.26209406396444,11.45604855617387,12.53857171216396,13.588188173942491,14.7130876394062,16.00950310979031,17.537258720056357,19.319227754401677,21.347365687401098,23.58544006720892,25.97113659186339,28.421247224236915,30.83855424298332,33.12150842882851,35.18048420515357,36.95172431285006,38.41294325899959,39.61004921849506,40.694352641390026,41.88780337341219,43.35114621779017,45.14504962893247,47.28838343807863,49.84830367323549,53.0785066691781,57.57034127490981,64.28182148675734,74.39188199977505,88.6886388416467
-88.96495434258003,-74.69227286408973,-64.58809719427933,-57.86391137216541,-53.35009226737117,-50.095989021637415,-47.51479953732238,-45.35362366677902,-43.54537283413623,-42.07088564343821,-40.86860776361991,-39.77663001945876,-38.57140869870834,-37.10088888119542,-35.31895222827188,-33.24828130775078,-30.95332681399237,-28.52396120459802,-26.06205479818896,-23.665179536068813,-21.41672799542016,-19.379232138752432,-17.58921846176753,-16.05476513443396,-14.75281483062684,-13.623363472887307,-12.56965388773859,-11.483069566394391,-10.284956628877838,-8.945287783471075,-7.472636572695643,-5.896680847703811,-4.250434960871978,-2.5637691244793444,-0.8564618824216965,0.8583989292977338,2.565681055779696,4.252297604262542,5.898483433902156,7.474381000401907,8.946935012402161,10.286520622536028,11.484607623340798,12.57109694331448,13.624742069844627,14.75414497361452,16.055962733696315,17.5903259978158,19.38022690915155,21.417550442772136,23.66582814713884,26.062510750741044,28.52419850081536,30.95335493309188,33.24811861923845,35.318543422736994,37.10032227815621,38.5707843958415,39.77584982095216,40.86768648149448,42.06978528925005,43.54420501844224,45.35230207285249,47.513232882242974,50.09419410655138,53.3480325608925,57.861551522308055,64.58543110582379,74.68932227410974,88.96175374938183
-89.23778939272462,-74.98806731230337,-64.8895578431033,-58.15319308870703,-53.618215778686846,-50.34110144507644,-47.73937816781334,-45.56100583632767,-43.73887198295815,-42.25353785525905,-41.04278303355747,-39.943415639566766,-38.73038129181376,-37.2507829163841,-35.45848132076112,-33.37654334717376,-31.069941222104838,-28.628872574066023,-26.155505705385156,-23.74771844754808,-21.489095819422623,-19.442410449890215,-17.64443173775003,-16.103325625774456,-14.795923276906016,-13.66191581054708,-12.604118269883934,-11.51349488334993,-10.31115114713094,-8.967039435698611,-7.48988118425194,-5.909522040433256,-4.259167713340115,-2.568733885897255,-0.8580492580282407,0.8599869848623458,2.570646323959255,4.26103063208669,5.911324549510061,7.491625163225075,8.968686054513853,10.312714735169834,11.515031801070952,12.605559427610212,13.663292080395768,14.79725176327823,16.10452193151995,17.64553690035462,19.443402570360984,21.489915743786504,23.74836456504029,26.1559593527598,28.62910799814522,31.069968402932,33.37637993686021,35.45807220394358,37.25021690476142,38.72975888997452,39.9426376631604,41.04186350838564,42.25243913000296,43.73770695089864,45.55968885683637,47.737816146649365,50.33931212561429,53.61616289112126,58.15084012260897,64.88689619635457,74.98511415285606,89.23457207901517
-89.51158914796814,-75.28330243225557,-65.18990060499858,-58.44144563759626,-53.88577449578599,-50.58619591278077,-47.96441179748103,-45.76921442000675,-43.93348695821827,-42.437518222911486,-41.21844656598563,-40.11182293213418,-38.89111166084737,-37.40258361898782,-35.60007521235422,-33.50703176843875,-31.188920086834376,-28.736262346091497,-26.25151088443196,-23.832837834061,-21.5640292334841,-19.508110638196445,-17.7021047920105,-16.154272833991286,-14.84134277642008,-13.702702400563952,-12.6407351565253,-11.545976453563624,-10.339278190541007,-8.990559326563451,-7.508675969694805,-5.923637278143932,-4.268850182709677,-2.5742822280400164,-0.8598329328486835,0.8617712095221234,2.5761950655878514,4.270713297031422,5.925439586226602,7.510419291944823,8.992205369497693,10.340841430611349,11.547511797860288,12.642174596995014,13.704076578621612,14.84266926428876,16.15546801195388,17.70320763960604,19.509100034248824,21.56484681161463,23.833481569585068,26.251962315841297,28.736496125475316,31.188946416908337,33.506867499955085,35.59966620532916,37.40201879300597,38.89049032129152,40.11104731598025,41.21752873707777,42.43642196338008,43.93232441702661,45.76790196524557,47.96285450718795,50.58441211381441,53.88372836955457,58.43909942835732,65.18724324901171,75.28034658666434,89.5083550471627
-89.78621956321219,-75.57790014795546,-65.489071065653,-58.72864368950371,-54.1527339046125,-50.83123557745716,-48.18985781462964,-45.9782068261141,-44.12917186592891,-42.62278011391213,-41.39555021062763,-40.28180336358423,-39.05355055738771,-37.556242499508606,-35.74368683147232,-33.639701042547266,-31.310223011592463,-28.846097501306527,-26.35004613701597,-23.92052358894624,-21.64152484788983,-19.57633913456289,-17.762250294176233,-16.20762488299632,-14.88909460052401,-13.74574691243539,-12.67952972946985,-11.580540228914026,-10.369364497792342,-9.015873965027676,-7.529047495779006,-5.939051275085191,-4.279503669747379,-2.580429893114609,-0.861818422632813,0.86375718015918,2.582343091071409,4.281366929128395,5.94085327549678,7.530790075845456,9.017519333528288,10.37092726262636,11.582074116108643,12.68096731647296,13.747118928103722,14.89041919838411,16.208818945835237,17.7633508088015,19.57732574193634,21.642340108321573,23.921164977560693,26.350495421450564,28.84632978046779,31.3102485772928,33.63953590463615,35.7432782087865,37.55567916626815,39.05292995942463,40.28103012899445,41.39463411615825,42.621686794399615,44.1280117399787,45.97689879190413,48.18830532790344,50.82945725123572,54.15069449991691,58.72630413957074,65.48641792066772,75.57494150248095,89.78296864219698
-90.06065142077352,-75.87106113761344,-65.78635081644187,-59.01419056438921,-54.41852823128796,-51.07568967491345,-48.415196032526254,-46.1874744804085,-44.32542432238708,-42.80882851636139,-41.57360277353524,-40.45287039922597,-39.21721539814961,-37.71128389026652,-35.88884839468387,-33.774092767777354,-31.433412223041007,-28.95796838171436,-26.450740646984457,-24.010452096997778,-21.721303486190184,-19.64685371862309,-17.82465616077011,-16.263194357954394,-14.939011551252364,-13.790898828619415,-12.72036707202711,-11.61706743224764,-10.401307860925623,-9.042899675061625,-7.550931005915148,-5.955719700611202,-4.291098190063947,-2.587160719880917,-0.864000402465259,0.8659394410372938,2.5890741140986124,4.29296144448342,5.957521318975332,7.552672869234863,9.044544377362868,10.40287011520924,11.618599782353847,12.721802779010115,13.792268708814213,14.940334292203596,16.26438714616186,17.825754497189656,19.647837717403736,21.722116489677585,24.011091225611548,26.451187881637225,28.958199225925927,31.433437060899465,33.77392697623245,35.88844015492751,37.710721756490685,39.21659626851518,40.45209944212649,41.57268867123668,42.807737618750586,44.32426701461551,46.18617095263857,48.41364830308509,51.07391678119775,54.41649542177529,59.01185748155409,65.78370168430958,75.86809963041884,90.05738368692154
-90.33566197215951,-76.16344363254706,-66.08237782766199,-59.29864418952703,-54.68367514816288,-51.32003133307771,-48.64087662868208,-46.39744881270038,-44.52266413919427,-42.99607206295536,-41.75300622382973,-40.625419037442384,-39.38249533978773,-37.8680883594205,-36.03593248684984,-33.91057267256969,-31.558838357670684,-29.072207774129904,-26.553904072265432,-24.102905375211076,-21.8036225756632,-19.719891856149527,-17.889542122395955,-16.321184535387182,-14.991281954031352,-13.838333184578447,-12.763408986236293,-11.655705466919272,-10.435240383841224,-9.071750835072413,-7.574422403855171,-5.973718100796619,-4.303691808302258,-2.5945126466684902,-0.8663918291389135,0.8683310434727997,2.596426145813859,4.30555496078298,5.975519229685453,7.576163436283952,9.073394761069784,10.43680210607733,11.657236215944431,12.76484285911672,13.839701049995472,14.992602718403734,16.322376088347564,17.89063827886561,19.7208732560178,21.804433401172545,24.10354228762168,26.55434932227812,29.072437283638987,31.55886251514193,33.91040620754922,36.03552485919818,37.86752775114655,39.38187725430837,40.6246505092202,41.752094228644125,42.99498405746618,44.52150962267506,46.39614981062759,48.63933382390743,51.31826394920856,54.68164891672345,59.2963173807364,66.0797323768131,76.16047905165792,90.33237737526784
-90.6107935004052,-76.4546915895883,-66.3768496593327,-59.58176065322311,-54.9479400610096,-51.5640391259458,-48.866677700538624,-46.607911229677576,-44.72067338316677,-43.1842938922907,-41.93354458100485,-40.79923424067103,-39.54917643777856,-38.02644396483918,-36.18473057618954,-34.048938583842826,-31.68630754987163,-29.188635474129622,-26.65937518293421,-24.19774446116069,-21.888365626233423,-19.79535681703911,-17.956826226903022,-16.38152547056102,-15.045845382302009,-13.887997689566967,-12.808610609172655,-11.696416933218138,-10.47113251672063,-9.10240599801128,-7.5995079855607,-5.99303956240197,-4.31728141252451,-2.602487314670967,-0.8689926737909108,0.8709319101757005,2.6044007906284667,4.31914433939729,5.99484010809705,7.601248115888842,9.104049100284662,10.472693677628824,11.697946054468078,12.81004251984171,13.889363545745386,15.047164183824233,16.382715853140816,17.957920256134553,19.79633565250479,21.889174380059867,24.198379247046827,26.65981850889192,29.188863751830517,31.68633110324041,34.04877139976639,36.18432380487149,38.02588518851019,39.54855898253804,40.79846816236419,41.93263470552753,43.18320932747882,44.71952152841927,46.60661659502775,48.86513986861407,51.56227717937528,54.94592033234877,59.57944008011716,66.37420784691246,76.45172390917284,90.60749205640312
