-36.53542800000002,-24.688531620306076,-15.424701191946829,-8.423368692909639,-3.386098971700221,-0.0359087359424751,1.8834144590224573,2.607993221536444,2.354541335025119,1.321044769398399,-0.3125573075489385,-2.383691518736692,-4.746469266398624,-7.271005720682004,-9.842738808246882,-12.361748200865616,-14.742074304022276,-16.91103724551208,-18.80855586404081,-20.386466697824247,-21.6078429731876,-22.446313593164938,-22.88538212609861,-22.917745794238684,-22.54461446234236,-21.77502962627341,-20.62518340160162,-19.1177375122022,-17.281142278855178,-15.14895560784494,-12.759161979559511,-10.15349143709011,-7.376738574830501,-4.476081527076471,-1.500400956625212,1.5004009566252186,4.476081527076471,7.376738574830518,10.15349143709011,12.759161979559511,15.14895560784494,17.281142278855178,19.1177375122022,20.62518340160162,21.77502962627341,22.54461446234236,22.91774579423868,22.88538212609861,22.446313593164938,21.6078429731876,20.386466697824247,18.80855586404081,16.91103724551208,14.742074304022276,12.361748200865616,9.842738808246882,7.271005720682004,4.746469266398624,2.383691518736692,0.3125573075489385,-1.321044769398399,-2.354541335025119,-2.607993221536444,-1.883414459022468,0.0359087359424751,3.386098971700221,8.42336869290967,15.424701191946829,24.68853162030612,36.53542800000002
-36.91447494535354,-24.87768786130419,-15.534049856535589,-8.455050284069161,-3.3738973951297,0.0110993452853703,1.9608164209806025,2.6353767033777404,2.3241586538358887,1.2398398371521395,-0.4182372631802499,-2.4906041380607964,-4.861164511035182,-7.415424018854194,-10.035577462721871,-12.609423705619482,-15.038942434780406,-17.243314886866145,-19.15678844394808,-20.7302443800774,-21.92978359534558,-22.7348933092488,-23.136641764330992,-23.135045164498376,-22.737151943772947,-21.95524027335977,-20.80466465993615,-19.30050609433941,-17.462484214888452,-15.319313497664352,-12.90791756938933,-10.272201226822258,-7.460957368182053,-4.525254962809715,-1.516472597748599,1.516471642422118,4.525254070065301,7.460956603910155,10.272200623457106,12.907917107638989,15.319313267473046,17.462484265289163,19.3005065659316,20.804663202112803,21.9552419780963,22.73715829036975,23.13504690871066,23.13664571791451,22.734898072928736,21.929787457478923,20.730247739552897,19.156791187859643,17.24331693047183,15.038943314611757,12.60942402478989,10.035579044888468,7.415422520052808,4.861164700259453,2.490604682126823,0.4182366560538609,-1.2398425673466176,-2.324162744709098,-2.6353783793940795,-1.9608188500081407,-0.0111028405455081,3.3738949258105646,8.455047853525086,15.534047441502992,24.87768529134259,36.914472164596766
-37.28102152731552,-25.059913905983095,-15.636952213443422,-8.484672644642247,-3.3617159825783136,0.0568530236259593,2.033542785014536,2.661722161126058,2.294444837044172,1.1617461098736108,-0.5193451622631495,-2.5928117059259077,-4.970293489373384,-7.552274866801145,-10.21823847185254,-12.844658452817436,-15.32190513455349,-17.560847582080626,-19.490200623635296,-21.05971469195012,-22.238370201428957,-23.01138665253812,-23.377190249319654,-23.342988224996105,-22.92145158829181,-22.127935538126952,-20.976861643573727,-19.476200260670502,-17.637430632145207,-15.484521143441032,-13.053193700542478,-10.389114530267417,-7.544651875835627,-4.574602466591876,-1.5326595891496275,1.5326568186901193,4.574599948618036,7.544649795534018,10.389112978245707,13.053192668329393,15.484520526040615,17.63743066678458,19.47620096195936,20.97686060976721,22.12794036962716,22.92146587894152,23.34299376092049,23.3771999247251,23.01139809998281,22.238379778110524,21.059723334551418,19.490208144208275,17.560853985447505,15.321908782640978,12.84466096811192,10.218245865236035,7.552272863411028,4.970295450264682,2.592814665870645,0.5193453525568347,-1.161750647248827,-2.294452812588319,-2.66172800451191,-2.033551105365412,-0.0568632298915201,3.361707008803339,8.4846638129367,15.636943460753365,25.059904298954766,37.28101085503241
-37.63436287510409,-25.235027399471477,-15.73358304783193,-8.51227993297557,-3.349453820682843,0.1014912051849497,2.10211187281428,2.6870444835500997,2.2654516645291127,1.0867142746255871,-0.6159928463024713,-2.6904143517602104,-5.074030607233914,-7.681875985617495,-10.391225894377383,-13.068123476567791,-15.591767283092963,-17.86462774355333,-19.809943169115105,-21.37620049718824,-22.535102073561497,-23.277456394250247,-23.608812467495493,-23.543381375722795,-23.09928447597133,-22.294817075244566,-21.143408886572168,-19.646367359933443,-17.807389847396628,-15.645791890310832,-13.195946109701548,-10.504921415946985,-7.628294988072825,-4.624385910687533,-1.5490732757520853,1.5490699061638664,4.624382902211227,7.628292580604796,10.50491971958293,13.195945098331393,15.645791358152824,17.80739025101295,19.6463685520884,21.143408490643456,22.29482436749187,23.099303733828307,23.54338944866985,23.608825462421212,23.27747171895988,22.535114711540768,21.3762117897566,19.809952933112765,17.864636094174376,15.591771546876496,13.068126908511854,10.39123706308549,7.681871270358679,5.074033453660444,2.6904184667832185,0.6159936314665738,-1.086718821068567,-2.2654624151490217,-2.6870550917111955,-2.102122607574558,-0.101505301921054,3.349441223996331,8.512267594344877,15.733570863138768,25.23501400971824,37.63434806352684
-37.974524395447226,-25.403065948306292,-15.824129800612344,-8.53788757383735,-3.33701163736638,0.1451379755808977,2.166952653406832,2.7113715366074853,2.237235815332154,1.0147070034366603,-0.7082815786452215,-2.7835080227105777,-5.172532959258828,-7.8044882132912,-10.554911089367293,-13.280243809476165,-15.848940446539563,-18.15505395594968,-20.116376843036893,-21.68002652760676,-22.82027057718719,-23.533354953578147,-23.831729500565626,-23.736397158400937,-23.270773840158466,-22.455963358829727,-21.30436214696406,-19.81103366787912,-17.97233166987297,-15.803017415582612,-13.335984614762236,-10.61937521326363,-7.711636454298084,-4.674392498179484,-1.5656392801263368,1.5656364644775675,4.674390018503526,7.711634542106712,10.619373973093907,13.335983985767523,15.803017237318404,17.972332692162936,19.81103546446619,21.304361369833742,22.455972402897764,23.27079499435657,23.73640644579305,23.83174378385401,23.533371759826185,22.82028400985345,21.68003800601646,20.116386238568943,18.155061449613576,15.848942621785968,13.280246170441174,10.554922380915464,7.804477529956816,5.172535035352341,2.7835112226669247,0.7082820151055497,-1.0147109113524704,-2.237250118184457,-2.711388058163,-2.166959515668332,-0.1451527017248242,3.336999914778757,8.537876278698585,15.824118573373328,25.40305377656501,37.97451111367909
-38.30166048225168,-25.564122577014427,-15.908793549394472,-8.561520678439232,-3.3243115133842536,0.1878962365760178,2.2284193938935704,2.7347368068701985,2.2098468511204774,0.945681929792924,-0.7963174438657158,-2.8721960537833406,-5.2659599359392,-7.920364605176893,-10.709652419385431,-13.481422281845015,-16.0938063968925,-18.43248118996344,-20.409803072273576,-21.971438899460345,-23.094066607076044,-23.77921003587926,-24.046008155230066,-23.922062999057285,-23.435898154890168,-22.611317488455235,-21.45964475938301,-19.97010158526748,-18.13211013736069,-15.955989242736672,-13.473027651221676,-10.732155431801786,-7.794362426644248,-4.724372055653423,-1.582264900857608,1.5822630920895533,4.724370433827987,7.794361163051128,10.732154630070037,13.47302722047636,15.955989193243706,18.13211133486085,19.970103422691626,21.459642487430973,22.61132543142352,23.435916286048936,23.922070887620983,24.04602016190885,23.77922457902688,23.094077860626992,21.971448053698115,20.409810005395524,18.43248596472,16.093806060854728,13.481423041689215,10.709659100272807,7.920351738215456,5.265960463798068,2.8721972774317948,0.7963170441677706,-0.9456854192409256,-2.2098624901762816,-2.734753779206154,-2.2284192550385438,-0.1879082127644898,3.324304353305517,8.561514040044203,15.90878672793706,25.56411554676752,38.30165306606133
-38.615798510805554,-25.71824480882229,-15.987811516591403,-8.583245722492688,-3.3113134558413573,0.2298368811748623,2.286788823951038,2.7571312702617883,2.1832623868143304,0.8795157241812533,-0.880290678691719,-2.956666895739374,-5.354552376195588,-8.029844996054395,-10.85589818684357,-13.67217398577134,-16.32689561493084,-18.697441796425554,-20.69074861527782,-22.250947143155848,-23.35698264344755,-24.01548765284272,-24.252088530282094,-24.10079249495517,-23.595039369056177,-22.761226009698674,-21.609581956507668,-20.123863450091974,-18.28695701171056,-16.104848458803026,-13.607122720591082,-10.843242472768925,-7.876422261856762,-4.774265453990715,-1.5989295135995538,1.5989283928117788,4.774264397013659,7.876421396670428,10.84324190126147,13.607122326005175,16.10484837072353,18.28695809022889,20.123864962747056,21.60957866381547,22.761231983197465,23.595053428845382,24.100798393374845,24.252097321010197,24.015498889958018,23.356991084141512,22.250953749189414,20.69075328496294,18.697444435480108,16.32689417756855,13.672174213995795,10.855900467082538,8.029833721498225,5.354552098889778,2.9566669335970888,0.8802899645828204,-0.8795191010836639,-2.183277803531221,-2.75714611290117,-2.2867832120559366,-0.2298461908236602,3.3113100586900357,8.58324291888662,15.987808312882224,25.718241939876155,38.61579575886751
-38.917161649646985,-25.865561001945085,-16.061411670598805,-8.603115335483292,-3.2979850076819908,0.2710233796663118,2.3423076282450643,2.7785697899214323,2.157487822965703,0.8161230016039707,-0.960351864382435,-3.0370726809638184,-5.438509861256111,-8.133218204679704,-10.994030551136154,-13.852932764616344,-16.54864009576089,-18.950341936173967,-20.95957889195618,-22.51886468153399,-23.60927650243773,-24.242392832651,-24.450124885420376,-24.2726814060469,-23.748265351666944,-22.905727990875725,-21.75420047153901,-20.27232723329518,-18.436828793050303,-16.249501780677228,-13.738102412022585,-10.952418544836668,-7.957596251542856,-4.823904861705562,-1.6155686388363293,1.615567425577796,4.823903769038231,7.957595404244914,10.95241803089078,13.738102102908847,16.249501753711826,18.43682987906434,20.272328752207237,21.7541990894918,22.90573308767387,23.74827797873051,24.272686586950307,24.450131754912466,24.24240213988261,23.60928343606269,22.5188704549656,20.95958367550603,18.950345514468395,16.548640673490517,13.85293567472256,10.9940343755073,8.13321160637552,5.438511258545385,3.0370744142610904,0.9603528183845312,-0.8161246184268378,-2.157499693572533,-2.7785838230051656,-2.3423042919131887,-0.2710336051009442,3.297979081176464,8.603110086026003,16.06140621206391,25.86555552592495,38.917156001270286
-39.20604841978592,-26.00623017986564,-16.129822412859813,-8.621173895329948,-3.284299038604023,0.3115177159150001,2.3952062655675643,2.799082480026444,2.1325319774582354,0.7554269037352183,-1.036640932314817,-3.1135571055419096,-5.518019575208903,-8.230755047858501,-11.12441610064368,-14.024112464471155,-16.75945596538427,-19.19157017806267,-21.21664028395517,-22.775487848957944,-23.851177997501853,-24.46009785640221,-24.64022943160348,-24.437795317962177,-23.895595309671627,-23.044813238328945,-21.893481738570102,-20.41546254399505,-18.581663088576395,-16.38982803895591,-13.865788803831029,-11.059449482673664,-8.037641346040308,-4.873113623770133,-1.6321077728057074,1.6321069390981329,4.873112891947671,8.037640802711502,11.059449161274223,13.8657886146547,16.389828081552807,18.581663726863045,20.41546403783177,21.893481326679492,23.044815659561763,23.895602902665797,24.437797223190877,24.640230975181066,24.4601014684278,23.851180160133293,22.775490019754763,21.21664303561938,19.19157323839787,16.759458332445593,14.024117555197469,11.124419317930156,8.23075472201754,5.518022641855367,3.113560216030102,1.036644110649965,-0.7554257450145981,-2.132539678710654,-2.7990932025378146,-2.39519891302197,-0.311527704101503,3.28429351311431,8.621169013796646,16.129817284853594,26.006224996314756,39.206042970466
-39.48262371795386,-26.140365951558564,-16.193275915791567,-8.637499334926446,-3.2702519341119745,0.3513524450639836,2.445652074916054,2.81866461610754,2.108348764505569,0.6972867188327853,-1.1093625037523378,-3.186328070505114,-5.593330368382994,-8.322790008621707,-11.247483646629636,-14.186209149296651,-16.95986211288107,-19.42164349431915,-21.462432186419196,-23.021289147139235,-24.083136778171067,-24.66901681897364,-24.82279457949058,-24.596496629877755,-24.03735340184885,-23.178776416243075,-22.02771280116172,-20.553539459397733,-18.721693861551017,-16.525975137333543,-13.99025530280751,-11.16434742143774,-8.116531032609917,-4.92185000213975,-1.6485354523650744,1.648534517525663,4.92184921752461,8.11653047575191,11.16434707884074,13.990255122456391,16.525975176472752,18.721694413636943,20.55354108035896,22.02771297425432,23.17877890162958,24.037357591430634,24.596496045974067,24.822792836529217,24.66901668212942,24.08313601869302,23.02128951360442,21.46243458653792,19.421647677786204,16.95986738895788,14.18621723818147,11.2474888369803,8.322795284301762,5.593336091431158,3.186333633448778,1.1093684172854346,-0.697283058715615,-2.1083543821527058,-2.818669559358425,-2.445646574890654,-0.3513635142442003,3.270244102720865,8.637492073237539,16.193268579091782,26.140358204738984,39.482615346121925
-39.747024367546366,-26.268071693819664,-16.252006437064846,-8.652173665147107,-3.255848976469576,0.3905445015354548,2.4937823699404067,2.837283761142416,2.084848738027832,0.6415081067675062,-1.1787785402545126,-3.255654146857007,-5.664748321917506,-8.409708591642257,-11.363715388673542,-14.339775767313409,-17.150443085435786,-19.641157351149737,-21.69754326916948,-23.25683962788803,-24.305724641066625,-24.86971867395813,-24.99834747857238,-24.74929267648511,-24.17401298621315,-23.308067313775627,-22.157323352795466,-20.68696949168493,-18.85728463921148,-16.658246594296806,-14.111706985499618,-11.26724723383036,-8.19435175520097,-4.970150071451293,-1.6648685951164566,1.6648660226952374,4.97014776559571,8.194349838487799,11.26724571668605,14.111705830093504,16.6582457481394,18.857284416087204,20.68697046860666,22.157324510403367,23.308069920965423,24.17401831475404,24.74929415768187,24.998347661037325,24.869720835425444,24.30572660535445,23.256842873813103,21.69754869368072,19.64116469019115,17.150451362740284,14.339785969901856,11.36372412942879,8.409717147747882,5.6647557727304765,3.255661558851881,1.1787855282176043,-0.6415045853803409,-2.084853362484878,-2.837285531638779,-2.4937844585230025,-0.3905577978347905,3.255836805977247,8.652162046809563,16.251995034546876,26.26805943466404,39.74701111664112
-39.99968841376794,-26.38955935102465,-16.306221939915524,-8.665238761459428,-3.241079133251307,0.4291389989804801,2.539771038734449,2.8549962078843256,2.0620646786164283,0.5880540472321694,-1.244979490709932,-3.321631469774569,-5.732404421373889,-8.491714150882036,-11.473394822647544,-14.485142703129004,-17.33153664753129,-19.85042071063153,-21.92223400484259,-23.48234225124385,-24.51906224655429,-25.062246439165463,-25.166882992947578,-24.89610803961532,-24.305463160389724,-23.432549901068867,-22.2821827491738,-20.81562097073212,-18.98828692605038,-16.786448430589545,-14.229912509859847,-11.367877475787914,-8.270828938296916,-5.017812326443231,-1.6810255466125406,1.681021623995087,5.017808763241679,8.270825906750582,11.367874999010324,14.229910553280048,16.786446904542704,18.98828618773604,20.81562143671448,22.282184424331053,23.432553925382216,24.30547038102165,24.89611249001253,25.166886425659023,25.062252076342286,24.519067780253565,23.482348746920863,21.92224230327674,19.85043047204075,17.33154616596593,14.485153769030088,11.473407108472877,8.491722025815184,5.732412281862255,3.3216393861403435,1.2449862962536182,-0.5880506570466011,-2.0620685093706275,-2.8549985019652744,-2.539780328234759,-0.4291530453791962,3.2410635331838105,8.665223862585819,16.30620750332444,26.389543852901813,39.9996718099741
-40.24101149174165,-26.50502996295387,-16.356136764086596,-8.676752014003995,-3.2259436493846216,0.4671675600405386,2.583766560428369,2.871851548098215,2.0400113035708305,0.5368670648890722,-1.3080741681769978,-3.384373999272741,-5.796445263001747,-8.569022444901615,-11.576821103915142,-14.622662231113376,-17.5035110465098,-20.049791512984317,-22.13682679967765,-23.69807428965133,-24.723372224690117,-25.246752855507616,-25.328512491103627,-25.037004345681645,-24.43172890741146,-23.55222863011439,-22.402292540687764,-20.939493790905672,-19.114680941665004,-16.91051468208376,-14.344765325485977,-11.4660836644271,-8.345787902743597,-5.064701385440864,-1.6969523732951484,1.6969477957471568,5.064697237512161,8.345784390176748,11.466080805163156,14.344763148850676,16.910513086933342,19.114680326477284,20.939494349594018,22.402295807471862,23.55223392306504,24.431738833807284,25.03701155285262,25.32851894653588,25.246761857132903,24.72338104515305,23.698083780405945,22.136837804252707,20.04980350264781,17.503521774811944,14.622674951434789,11.57683669161968,8.569029646940296,5.796454124403129,3.3843829869917608,1.3080814252585646,-0.5368630207255387,-2.040014114802588,-2.8718558419461164,-2.583784668429664,-0.4671824700828978,3.225923569558402,8.676732694182402,16.356118331218426,26.50501009527913,40.240990396101566
-40.47142066155932,-26.61469162500064,-16.40195649910807,-8.686773299809639,-3.210443661907797,0.504657906172431,2.6259107864430007,2.8879145947029388,2.018725250693928,0.4879204154875849,-1.3681345511070766,-3.4439581316061134,-5.856977630496397,-8.641807446301865,-11.67424558350122,-14.75264003041051,-17.66668275232712,-20.239581475903297,-22.341587073548613,-23.90423485743908,-24.91881617429545,-25.42331809277599,-25.483251784897966,-25.1719700872812,-24.55276636588955,-23.667046834328104,-22.51759124666167,-21.058525303265025,-19.23638056089516,-17.030332588524423,-14.456115900041643,-11.56168128746311,-8.419037416896929,-5.110661870927598,-1.7125948324864932,1.712589163942528,5.110656729617949,8.419033051468737,11.561677736153197,14.45611324274726,17.03033072935396,19.23638000744955,21.058525879600865,22.517595984539355,23.667054031939006,24.55278050171652,25.171980736951653,25.483262646798625,25.423332126996968,24.91882980554754,23.904248783241037,22.34160192394172,20.23959660631729,17.66669515673213,14.752654732715882,11.674265528495877,8.641813999109337,5.856987965633419,3.44396864997375,1.3681423720957155,-0.4879161087109088,-2.018727808143564,-2.8879211119204267,-2.625939962165646,-0.5046748176663437,3.2104180620730287,8.686748189800545,16.401932794244793,26.614665894089804,40.47139344847687
-40.69113522657204,-26.718679417910103,-16.44389606960648,-8.69537654118792,-3.194599703282707,0.5416132807910147,2.666289137449808,2.903153376986299,1.9980987719178376,0.4410137670216692,-1.4254193379306286,-3.5006521877716104,-5.91429754752756,-8.710428675217363,-11.76611411142421,-14.875590823806675,-17.821616242103286,-20.42036840176937,-22.537106371500848,-24.10142304210583,-25.105970686150343,-25.59253761486933,-25.631669821689457,-25.301527646447663,-24.66906901846832,-23.777473434840868,-22.62854017911926,-21.173164133590063,-19.35380057323693,-17.146267625532257,-14.564242518285688,-11.654880365367411,-8.490729686585233,-5.155784819530954,-1.727982001403666,1.7279769794246709,5.1557803000127,8.490725889496158,11.65487732174293,14.56424038599548,17.146266410441573,19.35380097544841,21.17316481061756,22.628545373199447,23.777480896449003,24.66908558749487,25.301536771161626,25.63168067741465,25.592552084262945,25.105984007430727,24.101436771971688,22.53712101203904,20.42038301273663,17.821628321089122,14.87560614008863,11.76613343201074,8.710435092025937,5.914308512884036,3.500663271626495,1.4254278025567195,-0.4410089818611126,-1.998101934858726,-2.9031624089508434,-2.6663185252209405,-0.5416303256898061,3.194573647886791,8.695350636793956,16.443871663706485,26.718652797685102,40.6911070815556
-40.90053828532976,-26.81718423310504,-16.482151360201694,-8.702622856147716,-3.178423067115237,0.5780536980094495,2.705008848708746,2.917614460153669,1.9781378535682437,0.3960880603586175,-1.4800310693237104,-3.554564022281852,-5.968539144407793,-8.775081473733247,-11.852692026826755,-14.99183874270773,-17.968660401404627,-20.59250015109881,-22.723708430913447,-24.28992148438603,-25.28507826444249,-25.75460717714171,-25.7739084787822,-25.42577850327396,-24.780728237700263,-23.883571247698843,-22.735203093731776,-21.28345971052265,-19.466995098564617,-17.25833630747563,-14.669116488773922,-11.74561554432226,-8.560779618558387,-5.199994508589222,-1.7430853339763035,1.7430812028067206,5.1999908196757545,8.560776558333542,11.7456131351037,14.669114947772528,17.258335712700458,19.466996147166995,21.28346075735048,22.73520803807809,23.883578234622643,24.78074481479645,25.42578575119132,25.773917737963583,25.75462017065911,25.28508967233082,24.289933558877124,22.723721720097515,20.592513469640977,17.968671396120012,14.991853928990444,11.852710997622236,8.775086959981897,5.968550015559757,3.554574970381871,1.4800397510250904,-0.3960823617324464,-1.9781399248183449,-2.9176246455225723,-2.7050376380089767,-0.5780685758755508,3.178398337721182,8.702598052947964,16.482127981534305,26.817158586539023,40.90051116010617
-41.100004303281366,-26.91039999024719,-16.51692209526701,-8.708573578818315,-3.161928454262757,0.6139919545678053,2.7421679269078885,2.931329765831744,1.958821229384762,0.3530533677103479,-1.5321045578185066,-3.605835192994679,-6.0198682562284445,-8.83598915477164,-11.934274288849927,-15.101736781317102,-18.10819932087227,-20.75637376221179,-22.901781225009422,-24.47009302577008,-25.45647277952487,-25.909813660610546,-25.91021459560458,-25.54494212113228,-24.88791539894533,-23.985509188719693,-22.837741555540298,-21.38958494224778,-19.576101651344604,-17.366647460855745,-14.770806088193424,-11.83390079559758,-8.629166448513185,-5.243264711596196,-1.7578916311525428,1.75788796263954,5.243261448579483,8.629163758117013,11.833898705590116,14.770804820200407,17.36664719087153,19.576102957036117,21.389586121935498,22.837746558916816,23.985516043020745,24.887931916424805,25.54494918962966,25.910223406688115,25.90982635839785,25.456483666493444,24.47010443139615,22.901793714903476,20.75638616866805,18.10820923994613,15.101751465934909,11.93429291276666,8.835992899893972,6.019878789195228,3.605845771911033,1.532113102863072,-0.3530471905521279,-1.9588230027190117,-2.9313408434648904,-2.7421961884938355,-0.6140056247050798,3.1619048143103723,8.708549654803592,16.51689948743801,26.910375112262177,41.09997795199851
-41.28986287493564,-26.99849904409028,-16.548390331343718,-8.713289715880519,-3.145132759898129,0.6494375815287128,2.7778473529417584,2.944317249560834,1.940111041960335,0.3118048336022906,-1.581786598934018,-3.654619326422897,-6.068461155683044,-8.893381538790397,-12.011160380571273,-15.20564292931567,-18.240628397550857,-20.912392066201896,-23.071721053747712,-24.64231762522872,-25.620499868879666,-26.05847663675564,-26.040874774584903,-25.65926794405832,-24.99084869255701,-24.083490550088573,-22.93635706653676,-21.49174075792607,-19.681303037550084,-17.471347141011705,-14.869412582332505,-11.91979137174901,-8.695909969394007,-5.28559675894052,-1.772398941026321,1.7723952573313058,5.285593467239596,8.695907230729201,11.919789224461825,14.869411208865616,17.47134686775073,19.681304204988123,21.491741609637728,22.936362034967534,24.083497274950336,24.99086475955188,25.6592758288237,26.04088398399305,26.058489888577345,25.62051138465187,24.64232944479569,23.071733621263885,20.91240424533461,18.240637722635583,15.205657159508286,12.011178605768146,8.893384174054356,6.068471339021652,3.654629525770812,1.581794756391541,-0.31179892049836,-1.940113313304607,-2.944328316721788,-2.7778756662261666,-0.6494507223174238,3.1451098444136214,8.713266317659054,16.548368145499055,26.998474653528003,41.28983698929703
-41.470443540993706,-27.08165445371081,-16.576730755114184,-8.71683128639181,-3.128054194283433,0.6843982675186825,2.812121838998067,2.9565940446042496,1.9219696633822905,0.2722414922784494,-1.6292177780539463,-3.701063812338156,-6.114486385552729,-8.947478331181745,-12.083635356151694,-15.303899779334,-18.366328943169638,-21.060947028949386,-23.233915558417664,-24.80696969584753,-25.777503628304416,-26.200913561409003,-26.16617271731588,-25.76900516224671,-25.089749536130704,-24.17772018073681,-23.031251737030622,-21.590127048597637,-19.78278472907145,-17.57258831094622,-14.965043910523054,-12.003352282148493,-8.761038508839206,-5.326997826887646,-1.7866074998935804,1.7866034296908266,5.326994136452281,8.76103536550637,12.003349737157215,14.965042059772104,17.572587748662443,19.78278535212749,21.59012683898067,23.03125639780562,24.17772647348894,25.08976424755927,25.7690138736331,26.16618248689869,26.200927725529283,25.77751648613408,24.80698271198617,23.23392907360941,21.06095991366396,18.36633855666194,15.30391402740067,12.083653334349382,8.947480682544752,6.114496537038652,3.701073945945793,1.6292258572419196,-0.2722358602731981,-1.921972689015508,-2.9566044546080668,-2.812150394907773,-0.6844115151832918,3.1280315791356124,8.71680802254374,16.576708590184804,27.0816301813486,41.47041777372512
-41.64204808767252,-27.160031633677686,-16.60210997509772,-8.719255672152286,-3.1107115493441007,0.7188782004117389,2.8450543263964394,2.968162212552788,1.904335198042985,0.2342330004481424,-1.67456965487158,-3.745348083440693,-6.158143284726238,-8.998527544111575,-12.152010567913386,-15.396877726197651,-18.485714037143968,-21.20247454916675,-23.38880778694513,-24.96448991722833,-25.927907670349885,-26.337525472833853,-26.286477928825647,-25.87449228063776,-25.184930513728908,-24.26849156664136,-23.12271388800849,-21.68502479883517,-19.880813637056768,-17.670603427145146,-15.057881100640094,-12.08471206882405,-8.824631718594102,-5.367512908554757,-1.8005297061112382,1.8005252745795557,5.367508846536934,8.824628212141416,12.08470915044353,15.057878725027171,17.670602711455487,19.880813795051708,21.68502349319189,23.12271830218352,24.26849754975025,25.184944129968645,25.874501380093395,26.286487847488534,26.33754002972912,25.927921355998198,24.964503795308925,23.388822126932197,21.202488208078517,18.485724207472533,15.39689239581465,12.152028844342576,8.998530069188112,6.158153655233872,3.7453584132809374,1.674577994220562,-0.2342272138023958,-1.904338191789485,-2.9681723687966914,-2.8450828311151204,-0.718891913334019,3.110688848228503,8.719232206498837,16.602087524832328,27.160007165558525,41.64202207883307
-41.80504055825762,-27.23381097401936,-16.62468454805165,-8.720613995885769,-3.093117909307954,0.7528895643722204,2.8767242722783166,2.979066750732837,1.88721101470937,0.1977325969288976,-1.7179207488698576,-3.787556365102588,-6.199534501575077,-9.04667682814988,-12.216490687969674,-15.48483193650052,-18.599068702938183,-21.337267391003863,-23.53667770629882,-25.115129414660483,-26.07192820598955,-26.468485535474056,-26.401924359405594,-25.975827797124087,-25.27646879847854,-24.35587204548279,-23.21081173032409,-21.776503357812693,-19.97545013308753,-17.765433376720257,-15.147938070020226,-12.163855034383348,-8.88665439874679,-5.407104793405543,-1.8141512279646397,1.8141462520058356,5.407100187414959,8.886650356005106,12.163851550943088,15.147934998199874,17.76543234915267,19.975449656856647,21.776501180666543,23.21081535683817,24.35587745791461,25.27648093572968,25.97583588485504,26.40193303960296,26.468499003703236,26.07194138597569,25.1151433976492,23.536692881907417,21.33728250783591,18.599080673423064,15.484848446534905,12.21651050420506,9.046681182706106,6.199546252340092,3.787568035470621,1.7179306675666095,-0.1977251710486078,-1.8872119205903908,-2.9790765240055155,-2.8767518594246217,-0.7529046962480566,3.093094196838773,8.720589408856181,16.62466091156898,27.233785268031824,41.80501317450877
-41.95975828936341,-27.30316548421556,-16.64460574212762,-8.72095743451988,-3.075288515991193,0.7864420651232118,2.907200089086181,2.989340004275688,1.8705813184453144,0.1626739866651739,-1.7593683928831485,-3.82779180878867,-6.238780369651203,-9.0920895665711,-12.27729499429223,-15.568032849640176,-18.706697910135443,-21.46564413408355,-23.677838552157667,-25.259183301507864,-26.209832307947497,-26.594025074711755,-26.51270938697428,-26.073177463055547,-25.36450696520569,-24.439993115017096,-23.29567533995563,-21.86469402172892,-20.06681459526888,-17.857177566434252,-15.235283185116971,-12.2408168156413,-8.947114749331499,-5.445767047467293,-1.8274684358598363,1.82746289776726,5.445761871311073,8.947110119128983,12.240812695329767,15.235279354500197,17.85717610188356,20.066813387625785,21.864691029356944,23.29567783654372,24.439997492470685,25.364516240301626,26.073183077449087,26.512715201067657,26.59403567050666,26.20984348701914,25.25919638978196,23.677854276184465,21.465661136953024,18.706712785339032,15.56805238465761,12.277317080218769,9.092096964998431,6.238794579497113,3.827805902426492,1.7593812575832053,-0.1626635246344318,-1.87057915270532,-2.98934815982317,-2.907225236876429,-0.7864594027781059,3.075263306705957,8.72093133188661,16.64458049247835,27.30313807539488,41.95972900250005
-42.10649258096793,-27.36825344529781,-16.662015673437846,-8.72033734493602,-3.0572415942264914,0.8195388157513811,2.9365327943225625,2.998990559265136,1.854395289170116,0.1289514157767333,-1.7990512303461492,-3.866199899281902,-6.2760427009940924,-9.13496848385271,-12.334680924168085,-15.646790663645737,-18.808951917988704,-21.587979155376058,-23.81267169396226,-25.397029999690098,-26.34198340500662,-26.71448309450203,-26.619144201132848,-26.16682524025851,-25.44930477794048,-24.5210996580796,-23.3775449790984,-21.949833137848863,-20.155130823349467,-17.946032938925704,-15.320073514876183,-12.315712219229876,-9.006086014659004,-5.483540339607098,-1.8404933356602968,1.8404874980833064,5.483534832255734,9.006081006623843,12.315707648764256,15.32006911566784,17.94603110842788,20.15512895595497,21.94982936209982,23.377546095639453,24.52110245690908,25.44930983028552,26.166827172183478,26.619145683964348,26.714489099877657,26.341991117828524,25.39704110207992,23.81268724451269,21.587997723514764,18.808969912291225,15.646813579885942,12.334705006396998,9.134978960210256,6.276059709193095,3.8662168901264256,1.7990676802449133,-0.1289371630908645,-1.8543919570759544,-2.998994165469313,-2.9365539770667723,-0.819557968185368,3.0572154845522426,8.720310462638771,16.661989456905456,27.368225022379967,42.10646212545181
-42.24557357810821,-27.429238298041263,-16.677048198071642,-8.71880033828424,-3.0389899323253475,0.8521905770085848,2.964786086635852,3.008059816470196,1.8386586876039956,0.0965287485152877,-1.8370303098907388,-3.902846418607535,-6.311402047683927,-9.175431108214518,-12.388815561125153,-15.721317730891403,-18.90607063985437,-21.704519963380967,-23.94140963375775,-25.528876183419783,-26.46855484680156,-26.829993490021412,-26.7213280202271,-26.256840778069385,-25.530913430017787,-24.599233236434912,-23.456464069107916,-22.031966744998893,-20.24044290369613,-18.032030341490326,-15.402319936637587,-12.388534257588397,-9.063547081825996,-5.520398716805998,-1.8532164754809717,1.853210900703975,5.520393411340932,9.063542191521776,12.388529693724635,15.402315410559437,18.03202839417468,20.2404405048612,22.031962085274216,23.45646362483794,24.59923384679157,25.530912977708677,26.256838152816627,26.721324244650138,26.829993693172835,26.468557782620103,25.528883906071748,23.94142359634009,21.7045386590263,18.90609051648377,15.721342518644777,12.388839682241723,9.175444285761166,6.311420835479472,3.902865380715336,1.8370495349116764,-0.096511678369844,-1.8386548295660627,-3.008056416682387,-2.964801918817795,-0.8522095185130263,3.038965094227269,8.718774998350803,16.677023213053122,27.42921121205762,42.24554436845383
-42.37726654493829,-27.486272228528577,-16.689832087155693,-8.716390777073855,-3.0205505582881345,0.8843970810245715,2.991997144661371,3.0165437994817847,1.823301623250236,0.0652769566562137,-1.873467091985053,-3.9379002756238775,-6.34504180373546,-9.213697646494678,-12.439969345891356,-15.791935613492443,-18.99841811408429,-21.815665408313038,-24.06447605165384,-25.65515200483755,-26.58997120544296,-26.940964767457647,-26.81964100495102,-26.343577453493683,-25.609666279193487,-24.67470921777749,-23.53274145195074,-22.111394232071245,-20.323038997131853,-18.115428327763752,-15.48223857143206,-12.45944378795021,-9.119608563223336,-5.5564147657327645,-1.8656587680293304,1.8656538704115289,5.556410074458209,9.119604191886973,12.45943961606472,15.48223432617494,18.11542668311412,20.32303657705409,22.111388897759348,23.53274049006317,24.67470856300184,25.60966070296185,26.343570649106635,26.819632258306545,26.940958972438604,26.589968794417334,25.65515544159072,24.06448726011566,21.81568298275049,18.99843886634041,15.791961125574431,12.439992597699929,9.213713364472977,6.345062008794662,3.937920830852357,1.8734882666174584,-0.0652588279202189,-1.8232982390640693,-3.016528671721279,-2.992010930093452,-0.8844141724274499,3.02052746305638,8.716367471011516,16.68980884290653,27.48624694920645,42.37723904364128
-42.501862674998165,-27.539505751175135,-16.700487886938603,-8.713154518077543,-3.001939310190941,0.9161633909167832,3.0182163079694804,3.024467680332673,1.8083125933843225,0.0351450709231312,-1.908436510745184,-3.971441543930602,-6.37705513411506,-9.249895385476,-12.488313031966204,-15.85885949261727,-19.086240578015328,-21.92167639720075,-24.182127096263237,-25.77609916049341,-26.70645016410584,-27.04758417293215,-26.91424267192913,-26.42716803113929,-25.68567663086453,-24.74763225245312,-23.606480689731757,-22.188220650772404,-20.403017950367,-18.19631206554009,-15.5598918688239,-12.528481658701429,-9.1742897340705,-5.591591714366367,-1.8778212430609265,1.8778167297426096,5.591587381153773,9.174285670446451,12.528477716200811,15.55988784381528,18.19631085077232,20.403015934251087,22.18821510242131,23.60648077515089,24.747632216925997,25.68566822892464,26.427159020096934,26.914231176391027,27.047574502980595,26.70644410100266,25.77609958075212,24.182136509976683,21.92169357135888,19.08626245508625,15.858886194628669,12.488336938810138,9.249912979845597,6.377077422619683,3.971464276328281,1.9084597647273915,-0.0351258437687635,-1.8083094906628236,-3.024441790713423,-3.0182325703277018,-0.9161799429348616,3.001915427443343,8.71313059169899,16.70046388123821,27.539479630354496,42.50183409079906
-42.61968006746128,-27.589095487418216,-16.709133719748227,-8.709132419206874,-2.9831659577086915,0.947499759499355,3.043505224448944,3.031880829662817,1.7937173647970472,0.0061289295077762,-1.941961080098723,-4.003496212207328,-6.407479733334981,-9.284092309592042,-12.533954409156344,-15.922235428475211,-19.169705666000027,-22.02272355474217,-24.294516268112908,-25.89184038574928,-26.818080033830466,-27.14990090900906,-27.00514677416443,-26.5076024048278,-25.758916831752774,-24.817972314375805,-23.677655581415355,-22.262426953743216,-20.480361420940987,-18.27465861489286,-15.635251440286778,-12.59561036832015,-9.227550455295864,-5.625892609826,-1.889691848788106,1.8896876351182048,5.625888575024455,9.227546673160612,12.595606679994509,15.635247731212408,18.274657887747196,20.480359942023945,22.262421709531736,23.677657106306192,24.817973537045297,25.75890779916774,26.50759308460688,27.00513476801739,27.14988981104504,26.818072490522507,25.891839464600764,24.294524721552488,22.022740238554142,19.16972786288467,15.922262544207346,12.533978460879185,9.284110625744333,6.407503252860886,4.003520265664589,1.9419854463458197,-0.0061092416362371,-1.7937145521438802,-3.031849974763658,-3.043524053470806,-0.9475163914805326,2.9831410483397343,8.70910742671653,16.70910851909781,27.5890680740661,42.61964998402376
-42.73095871732109,-27.635176322257188,-16.715876657578153,-8.70436668559428,-2.9642477036170125,0.9784070019555848,3.0678937031226536,3.038784816311205,1.7794622362689534,-0.0218709381307706,-1.974165833080404,-4.034195853400888,-6.436459024785614,-9.31646179668452,-12.577110089641724,-15.982325553036128,-19.24911201066479,-22.11913640606074,-24.40198654807534,-26.002721906938763,-26.925199428091176,-27.248237562395587,-27.09264891481787,-26.58515329021612,-25.82963869953936,-24.885970041274977,-23.746500911505404,-22.33424546335709,-20.555286767659837,-18.350662908006083,-15.708482934818292,-12.660960314115588,-9.27948004018704,-5.659370829601716,-1.9012881547694125,1.901284081555888,5.659366938089975,9.279476391259044,12.660956737123678,15.708479420857644,18.350662685999065,20.555285970715936,22.33424025079103,23.746504702953988,24.885973395186785,25.829628709643707,26.5851440776928,27.09263680694557,27.248225177867237,26.92519053299147,26.00271977376804,24.401994327991925,22.11915322717789,19.249135032545816,15.982353622797998,12.577135602140276,9.316480934336484,6.436484308528519,4.0342217125680575,1.9741915455401151,0.0218912946076932,-1.7794590821256913,-3.038747430759521,-3.0679171577643105,-0.978424323973007,2.9642204386593503,8.704339383239061,16.71584908842109,27.6351464534825,42.73092591870967
-42.835963472859206,-27.67788701145538,-16.720820233721632,-8.698894099857625,-2.94519439862072,1.0088882805936386,3.0914267966263647,3.0452053595180613,1.7655375497875598,-0.048899782073518,-2.0051150980994508,-4.063608822879813,-6.464071699166767,-9.347109858304885,-12.617925129034967,-16.039308995636826,-19.324670362712773,-22.211139168661127,-24.504762468857283,-26.108956019722743,-27.027998489495957,-27.34275668598492,-27.176887199168853,-26.65993394569408,-25.897940319897167,-24.95171453026845,-23.813105694804307,-22.40376493741081,-20.62788224497643,-18.424404068688904,-15.779647438220575,-12.724571056735366,-9.330100800137616,-5.692037277318858,-1.912612088969353,1.9126083015784792,5.692033676823629,9.330097438316283,12.72456775666472,15.779644277903127,18.42440441233343,20.627882066876463,22.40375966329051,23.813111483746024,24.95171978767047,25.89792964243062,26.65992555363168,27.17687588559204,27.342743992027557,27.027989250966964,26.108953485430337,24.50476987129762,22.211155749230358,19.324693331796414,16.03933698344889,12.617951122336502,9.347129228154772,6.46409770650244,4.063635432826818,2.0051410150521094,0.0489194623105262,-1.7655341052931368,-3.045164483656436,-3.091453459156264,-1.0089058986800636,2.945165657695425,8.698865362607176,16.720791137979987,27.677855628015724,42.83592899516082
-42.93492162837143,-27.717355402800752,-16.72405906814236,-8.692749263626327,-2.9260195373547333,1.0389467836146096,3.1141348635457105,3.051145765232739,1.7518973031833778,-0.0750445864198561,-2.0349183985578687,-4.0918506395288965,-6.490443759755732,-9.376189250336818,-12.656589883151504,-16.09341754907806,-19.396647919300054,-22.29902637378027,-24.60315659604476,-26.21086021247075,-27.12678491499578,-27.4337458294772,-27.258133327648192,-26.732191169737124,-25.964048126813875,-25.01541931534552,-23.87767798101896,-22.471190166059746,-20.69834348307072,-18.496061185741397,-15.84889210140237,-12.786556460396676,-9.379492033380338,-5.7239413181723,-1.92367813241474,1.9236747667848888,5.723938141034563,9.379489096128848,12.786553576466314,15.848889415093874,18.496062117775505,20.69834382951017,22.47118485315524,23.87768539475527,25.015426094639118,25.964037036091774,26.73218385373097,27.258123312454213,27.43373359964156,27.12677607030691,26.210857738040996,24.60316367725054,22.299042448221147,19.39667030433844,16.09344471184053,12.65661551470217,9.376208224655588,6.490469764921354,4.091877204449906,2.0349436997856545,0.0750628027347636,-1.751893712844698,-3.05110229974187,-3.114164296678518,-1.0389643626376732,2.9259899562624345,8.692719751076648,16.724029090317902,27.71732324165372,42.93488628290168
-43.02807715395577,-27.753708668940018,-16.725684906021595,-8.685966708239505,-2.906734057214409,1.0685894030358496,3.1360564205251307,3.056631908656403,1.738536669937662,-0.1003395160546375,-2.0636264194505043,-4.118976069406415,-6.515639103450496,-9.40378754623798,-12.693224987149437,-16.144806268805546,-19.46522330470611,-22.382989338318435,-24.69735787506121,-26.30860901825497,-27.221710888781907,-27.5213317766056,-27.33648798949194,-26.80200436265688,-26.028027176167903,-25.07714314125108,-23.94027721527328,-22.536582032601103,-20.76673138407361,-18.56568803204039,-15.916259187979527,-12.846944742486953,-9.42766849384146,-5.755087416718862,-1.934487709487616,1.934484883260872,5.755084777531303,9.42766609367754,12.846942381707631,15.91625705833176,18.565689492306173,20.766732077337814,22.53657703296701,23.94028534073942,25.077150533333647,26.028016236886447,26.801997700465563,27.33647899172725,27.52132006876144,27.221702474198118,26.308606634223224,24.69736455645856,22.38300467580856,19.46524480974729,16.144832161845834,12.69324967292918,9.403806101282374,6.515664709429225,4.119002085414088,2.06365055958472,0.1003555767040464,-1.738532370717598,-3.056586450531842,-3.1360877059996444,-1.0686065178009894,2.906704339560527,8.685937144939587,16.72565475407691,27.75367646405536,43.02804174432987
-43.11563510396884,-27.787061581917037,-16.72578028052935,-8.678577313154062,-2.8873508970210278,1.0978197670752543,3.157217559893004,3.061664543251746,1.725411717747463,-0.1248638497575643,-2.091337649168572,-4.145088776709194,-6.539770700920634,-9.430041590080744,-12.728001101307296,-16.19368378461908,-19.530638375540462,-22.463294648957778,-24.787651971006824,-26.402489603851077,-27.313055171035664,-27.60578017109136,-27.412193405970854,-26.86959558038517,-26.090081800326384,-25.13707837902926,-24.001089678284185,-22.6001221781353,-20.833218784510876,-18.63344162342748,-15.981883652084464,-12.90583899040617,-9.474702229425995,-5.7855226219429845,-1.9450537254835167,1.94505146120496,5.785520549607268,9.47470039436321,12.905837174293897,15.98188210287436,18.633443581326432,20.83321975548276,22.600117561810396,24.001098099872618,25.13708596921161,26.090071120692528,26.869589345784004,27.412185215240854,27.60576892165883,27.31304712853541,26.402487307167664,24.787658258286587,22.46330920662277,19.53065893058208,16.193708301728172,12.728024700222198,9.430059587380596,6.539795822033206,4.145114163709682,2.0913605474476102,0.1248776522192278,-1.7254071682694,-3.06161701843309,-3.157250302396671,-1.0978361453216456,2.887321364772029,8.678548042372025,16.725750305088855,27.78702968718052,43.11560000773122
-43.19783097172075,-27.817539488566688,-16.72443098497682,-8.670613753985453,-2.8678793667549125,1.126644312677553,3.17765592656506,3.0662746519764856,1.7125252473547423,-0.1486407168224658,-2.118089391816238,-4.17022953509772,-6.5628871166161735,-9.455020917022717,-12.761017462088043,-16.240179600516775,-19.593047017088804,-22.540109653164453,-24.8742037135141,-26.492655275587083,-27.400952497375897,-27.687200379462443,-27.48533454279561,-26.935029786209817,-26.15026535628204,-25.195273499726007,-24.06016548316648,-22.66186346884169,-20.897858608520625,-18.69936825772506,-16.04580297038903,-12.963265350749865,-9.520607430930276,-5.81524773734963,-1.9553789413675364,1.955377377794,5.815246361054358,9.52060629062374,12.96326420369099,16.045802089039586,18.699370726002343,20.897859817310945,22.661859207932164,24.06017383070041,25.195280822148668,26.15025464063386,26.935023530398748,27.48532667977753,27.68718923309113,27.40094451872482,26.492652797071905,24.874209413952894,22.540123315967385,19.59306657491265,16.24020254692305,12.761039602394492,9.455038333674889,6.562911822424892,4.17025432193959,2.1181110332509365,0.1486518771118565,-1.7125210778431423,-3.066223591296583,-3.177690079616831,-1.1266595975367435,2.8678504817063977,8.670585260180317,16.72440167453623,27.81750838846776,43.19779671051317
-43.27484952131197,-27.84524453647701,-16.721708570580716,-8.662103513705043,-2.8483307166407186,1.1550666447795566,3.197395667577026,3.0704645660977588,1.6998412081894716,-0.1717371666095705,-2.143965527137832,-4.194486891604749,-6.585085049247791,-9.478842964825258,-12.792421235652755,-16.28447409824468,-19.652659743408773,-22.61366626493313,-24.95726058995114,-26.57935372727132,-27.48564109578988,-27.765817190863363,-27.556115458447174,-26.99849247795316,-26.208746852739303,-25.251887022680588,-24.11765775800603,-22.72195513374464,-20.960793557260537,-18.76359871157298,-16.108129550140234,-13.019310915083276,-9.565445303825175,-5.844303258345457,-1.965473857987006,1.9654730505092448,5.844302634433286,9.565444914509763,13.019310497659635,16.10812938868861,18.76360169777213,20.96079501391728,22.72195137179378,24.11766589189784,25.25189388751525,26.20873619486977,26.99848594561672,27.5561076477844,27.76580604421993,27.485633052917105,26.579350949621016,24.957265628716367,22.613679029222247,19.652678359728007,16.284495560709235,12.792441872096711,9.478859608483594,6.585109380482886,4.1945112074561415,2.143986041395024,0.1717460627537736,-1.699838312992609,-3.0704092781646453,-3.19743111274929,-1.1550808735221234,2.848302542205225,8.662075848350984,16.721679987540863,27.84521429398332,43.274816145977006
-43.34688423837392,-27.870281239080647,-16.717683861167842,-8.65307382139023,-2.828714256139896,1.183091621919707,3.2164641738405924,3.0742476241703667,1.6873428546285936,-0.1941965654469821,-2.1690230341674246,-4.217921312074346,-6.606432014678436,-9.501594176794976,-12.822326453216863,-16.326711009837425,-19.70964587884821,-22.684149858185567,-25.03701385823017,-26.66277016023158,-27.56729180211937,-27.841782174269703,-27.62466654057568,-27.06009599136144,-26.265625077960312,-25.30701102081824,-24.173656794199648,-22.78048754970872,-21.022110898611,-18.82621286214227,-16.168931478385563,-13.0740276674801,-9.609250908765032,-5.872709040732123,-1.975344496587673,1.9753444677890013,5.872709196307472,9.6092512948553,13.07402800672574,16.168932078107154,18.82621639559317,21.02211265636651,22.780484412359705,24.17366465375616,25.307017394699105,26.265614693542773,27.06008923044178,27.624658761583493,27.841770999121884,27.567283644516497,26.662767135966245,25.037018334816175,22.684161736138112,19.709663566930654,16.326731071337846,12.82234565911846,9.50161004859314,6.606456016536219,4.217945258357563,2.1690425111701743,0.1942033102777154,-1.687341523804833,-3.074188500173776,-3.2165006733369443,-1.1831050073123708,2.8286867219180114,8.653046886538096,16.717655920011993,27.870251754491782,43.34685165368322
-43.41412759317705,-27.89275315258969,-16.71242574587557,-8.64355135487325,-2.809038728761444,1.2107249088677725,3.2348901803151926,3.0776428893116314,1.6750223389073542,-0.2160505471322208,-2.1933062569922663,-4.240580627529544,-6.6269823981257305,-9.523346242988044,-12.850829734645478,-16.367013640212154,-19.764151471188,-22.75172039542416,-25.113626883247484,-26.743060716797675,-27.64604593457856,-27.915216859986938,-27.691089168986387,-27.11992453799659,-26.32097179371133,-25.36071175132217,-24.22822815994342,-22.837527803864084,-21.081876229240866,-18.887271139389306,-16.228260289591994,-13.12745481549046,-9.652050280825112,-5.900478444364379,-1.9849953476649052,1.9849960920394485,5.90047937677574,9.652051440761024,13.127455910282594,16.228261654639436,18.88727522912949,21.08187833542274,22.837525360275112,24.228235757332943,25.36071766551053,26.32096180059849,27.11991759288149,27.69108144410605,27.91520569597781,27.6460376578978,26.743057454084145,25.11363082409924,22.75173144972341,19.764168291951453,16.36703236533165,12.850847580276175,9.52336135955845,6.627006117080208,4.240604284414057,2.193324810114422,0.2160552732164071,-1.6750226029068933,-3.0775804025752715,-3.2349275134935787,-1.210737667634597,2.8090117373706325,8.643525027817097,16.71239833551627,27.8927243063072,43.41409568523422
-43.476750786582826,-27.91275394344913,-16.705995945200414,-8.633559886981228,-2.789312583289524,1.2379715264019595,3.252697401277156,3.0806602371190155,1.6628592994316294,-0.2373444411837241,-2.21687339110703,-4.262526611082011,-6.646804297951576,-9.544184063769857,-12.878040739027826,-16.405519056307895,-19.816338390320624,-22.81655699746806,-25.18728778082278,-26.82041116323979,-27.722078658228927,-27.986280197523406,-27.75552385802614,-27.17810177314676,-26.374897361996048,-25.4130924053928,-24.281472309923977,-22.893175401276267,-21.140185208507383,-18.94686148463629,-16.286191951622314,-13.179652035481164,-9.693885408613069,-5.9276366243399,-1.994434010249126,1.9944355177872484,5.9276383241848025,9.69388733198945,13.179653877579232,16.2861940732683,18.946866125258992,21.14018769275928,22.893173681044782,24.28147970258112,25.413097944876476,26.37488785217567,27.1780946793675,27.755516191913607,27.98626914159962,27.72207033400516,26.820407648938165,25.18729114904519,22.816567267344876,19.816354433130837,16.40553652887309,12.878057282094211,9.544198413719302,6.646827752150202,4.262550007725112,2.216891102691707,0.2373473894235375,-1.6628609964429322,-3.0805947949817005,-3.252735384160636,-1.237983874242963,2.789285999303197,8.633534016609806,16.70596891817733,27.912725582451053,43.47671939027856
-43.53493457929456,-27.93038063534502,-16.69845717603668,-8.623124102849374,-2.769542766067131,1.264837576202403,3.2699127454567365,3.083320097439473,1.6508515545348237,-0.2581001109334422,-2.239756575047847,-4.283794022615321,-6.665937899116,-9.564162767644596,-12.904036508328504,-16.4423278605643,-19.86632694021608,-22.87879193123244,-25.258129104400695,-26.894945892206746,-27.795498976287085,-28.05506134170584,-27.81804125923179,-27.23468255089124,-26.427446557230112,-25.46419351902376,-24.33343041301036,-22.94747380767077,-21.19708202450481,-19.00502536337005,-16.342762059960272,-13.230647332084894,-9.734774918139236,-5.954191864325575,-2.003664067156423,2.0036663361991938,5.95419432928154,9.734777609485752,13.230649934725353,16.342764946746215,19.00503056472939,21.197084934260463,22.947472870735048,24.333437652866245,25.464198756846177,26.42743764149264,27.234675385140378,27.818033667888034,28.055050415448203,27.795490599281543,26.894942154287527,25.258131922846683,22.87880139492194,19.866342186114757,16.442344088854167,12.904051735612942,9.564176384503352,6.665961102506551,4.283817218112484,2.23977353136795,0.2581012998748139,-1.650854899030603,-3.08325229019648,-3.269951073822773,-1.2648496479339015,2.7695166108508307,8.62309867206924,16.698430519951856,27.930352729824147,43.5349036670169
-43.58883351303776,-27.945717777447143,-16.68986402324439,-8.612264980591625,-2.749737427969986,1.2913278588193071,3.2865565243449595,3.085629726780199,1.638978447392184,-0.2783609640596849,-2.2620107518312347,-4.304441001997112,-6.68444684162444,-9.583360675211903,-12.928917316782734,-16.47756503007313,-19.914264625073542,-22.938588227549506,-25.326323303834904,-26.96683534745608,-27.866467212735508,-28.12170590392613,-27.878769422146608,-27.289779612766168,-26.478719575698268,-25.514108467426205,-24.38419295613137,-23.000512518172144,-21.252652806370225,-19.061842677198847,-16.398040447987334,-13.28049600163879,-9.774758524683977,-5.980169326102451,-2.012692354720273,2.0126953553157185,5.980172530936233,9.774761955376588,13.280499337236025,16.398044086850163,19.06184843699384,21.25265616696058,23.00051235433317,24.384200113231916,25.514113532513704,26.47871133444403,27.28977250246573,27.878761973304627,28.121695176412896,27.866458870249197,26.966831466120656,25.326325598916437,22.93859689397525,19.91427912737696,16.47758012873282,12.928931362389148,9.583373611407945,6.684469736916784,4.304464010647565,2.26202698115139,0.278360599506984,-1.638983229717093,-3.0855601193152578,-3.286594967399596,-1.291339899216177,2.749711546255812,8.61223982376118,16.68983757776056,27.945690165070435,43.58880291718765
-43.63859008197081,-27.958843835543775,-16.68026644058952,-8.601000915075609,-2.7299052520716747,1.3174488440758634,3.3026486438124514,3.087593897302552,1.6272205319295483,-0.2981709097286784,-2.283690752570172,-4.324525543372595,-6.702394102407222,-9.601854682241076,-12.952781017013308,-16.51135318872206,-19.960296827518373,-22.996106626561257,-25.392044818332533,-27.03625446721244,-27.93515039976784,-28.186369307609667,-27.937846414182037,-27.343517655351103,-26.52882917821199,-25.5629416872276,-24.43385990608756,-23.052390409436537,-21.306990801201238,-19.11739983708246,-16.4521029385827,-13.329256807172271,-9.813879187720838,-6.005597934778178,-2.0215256600400355,2.021529140018821,6.005601622016708,9.813883097197852,13.329260617098129,16.452107059187504,19.117406080685964,21.30699457228065,23.05238989391315,24.43386818870564,25.56294763325468,26.52882003906357,27.343511146772663,27.937839488809,28.186358654038216,27.93514205710757,27.03625036586522,25.39204663844625,22.99611480107568,19.96031070028316,16.511367351740315,12.95279503582186,9.601867411813398,6.702416724691979,4.324547875730411,2.2837058540506137,0.2981689352351833,-1.6272216166585078,-3.087525716123396,-3.3026874887291218,-1.317460506805496,2.72987916112541,8.600975629869254,16.680239814475087,27.95881608904982,43.638559317156655
-43.684362888432105,-27.969844962442192,-16.66971753815363,-8.589353956968404,-2.7100506363675168,1.3432049682759408,3.3182116466716733,3.0892332708478416,1.6155737851520702,-0.3175478199862461,-2.304823474948688,-4.344076965355043,-6.719813625559058,-9.61969122340576,-12.975692583691767,-16.54377702646772,-20.00452574876012,-23.05146268828033,-25.455407035346397,-27.1033108859407,-28.001643639524904,-28.249126997158363,-27.995332621470748,-27.39594086167656,-26.57781197483757,-25.61072629012116,-24.482466443614136,-23.10314438724478,-21.360135638930533,-19.17173355027824,-16.504980938185103,-13.376957342188618,-9.852155893581887,-6.030483629002591,-2.030169732110896,2.0301736594142645,6.030487761054654,9.852160237337376,13.376961582001435,16.504985487596972,19.17174038367352,21.360139883286923,23.10314287151973,24.482476684158406,25.610733697338315,26.577800789137875,27.39593511321077,27.99532633586058,28.24911612213711,28.00163508299558,27.103306463657688,25.45540841880061,23.0514705229813,20.004539211256784,16.543790551336322,12.97570665341465,9.619703711499428,6.719836274783875,4.344099013821047,2.304837871865068,0.3175448898005678,-1.6155722643983224,-3.08916542197987,-3.318251039484107,-1.3432166345510883,2.710024111101738,8.58932829369464,16.669690482383913,27.96981683483196,43.684331693545815
-43.726284020724805,-27.9787937332034,-16.658261844958968,-8.577341231913792,-2.690179595018983,1.36860196143917,3.3332640992973976,3.0905566908488047,1.6040214514222213,-0.3365271691752162,-2.3254539461223955,-4.36314301643818,-6.736757766450765,-9.63693491347001,-12.997735288967512,-16.574941450845568,-20.047076718393363,-23.104797102338598,-25.51655947711773,-27.16815421286444,-28.066089277287432,-28.310108486784497,-28.051342631240043,-27.447149791798463,-26.625757201388552,-25.65754603366037,-24.53009395970616,-23.152854064253518,-21.412164346306152,-19.22491494097035,-16.556736664451503,-13.423647697549306,-9.889625270654236,-6.054848765808497,-2.0386317162502525,2.0386360403611885,6.054853291057228,9.889629997120576,13.423652323699905,16.556741596345844,19.22492239281248,21.41216905412401,23.15285136192053,24.530106323853303,25.657555088844244,26.6257436792217,27.4471447242493,28.051336970970905,28.310097223004707,28.06608048084153,27.168149508992578,25.51656049729884,23.104804668449887,20.04708988309468,16.574954631341633,12.997749434106789,9.636946897946531,6.736780627537502,4.363165260930959,2.325467984169563,0.3365237610124688,-1.604019904213306,-3.090486815652815,-3.3333046855558943,-1.3686136008331669,2.6901525684885166,8.57731512069602,16.65823428817755,27.97876514601572,43.726252312675264
-43.76450729393783,-27.98577172219848,-16.645949955447247,-8.564983193608755,-2.670297042033713,1.393645697340448,3.3478282832921296,3.0915827787306336,1.592570751019441,-0.3551150330436007,-2.3455941724531795,-4.381736915982241,-6.753242758214791,-9.653611630109957,-13.018950321669603,-16.604903776427115,-20.08801952535441,-23.15618566834776,-25.575573983797764,-27.230845985469387,-28.128531964166232,-28.369340125033435,-28.105887726633263,-27.497144708101494,-26.67265752889059,-25.70339377555764,-24.57673795979604,-23.20151845514393,-21.46308089303319,-19.27695115771233,-16.607377633369875,-13.469335854916377,-9.926293029584627,-6.078695198378974,-2.0469128178445257,2.04691764670248,6.078700233244779,9.926298262372006,13.469340998214424,16.60738309460757,19.27695923900096,21.46308605043157,23.20151569795618,24.57675142722977,25.70340372016617,26.672643426083404,27.49713996522129,28.105882607548352,28.369328816672173,28.128523098392755,27.230841092135623,25.575574650174257,23.156192831780317,20.088032195900794,16.60491641307186,13.018964031355514,9.653622994470217,6.75326554608758,4.381759230733197,2.345607831851739,0.3551110933832395,-1.592570351557986,-3.0915119381358127,-3.3478690805211757,-1.393657470320539,2.670269790588644,8.564956849383128,16.645922104938,27.985742885468404,43.76447531124606
-43.79914450680544,-27.990841455052355,-16.632818937386673,-8.55229334156899,-2.6504090722880864,1.4183416957650203,3.361918324559915,3.092312954823857,1.5811969973442497,-0.3733567500138854,-2.3652993411085323,-4.399916942969291,-6.76933107734311,-9.66979510309367,-13.039428784324256,-16.63377634077481,-20.127487483166828,-23.20577822024797,-25.63261398467769,-27.29155375222557,-28.18913595331145,-28.426976942643165,-28.1591086799188,-27.546052820130576,-26.71862965463404,-25.74837760110959,-24.62250194017382,-23.249238499601923,-21.512980521457425,-19.32792919790085,-16.656979878951454,-13.514082233807686,-9.962204084145675,-6.102051964727743,-2.055021552290377,2.055026878016118,6.102057496173613,9.962209814311477,13.514087887130716,16.656985851453207,19.32793788003601,21.512986105680493,23.24923575253113,24.622516394300053,25.74838840688846,26.718615168210267,27.5460484173746,28.159104141866656,28.426965689055887,28.189127122357384,27.29154879726876,25.63261439689624,23.20578504821957,20.127499703840208,16.633788500072313,13.039442119560444,9.669805843265037,6.76935380615134,4.399939317178228,2.3653126202693397,0.373352278525191,-1.5811976421749352,-3.092241007620051,-3.3619595417710912,-1.4183537438201248,2.6503814548925866,8.552266634204981,16.632790670442873,27.99081225551364,43.7991121290592
-43.8303394381046,-27.994079955352163,-16.618914725303767,-8.539290566825322,-2.630518938726136,1.4426969306492845,3.3755563295309603,3.092768714964843,1.5699105455305729,-0.3912526077644858,-2.384574893762678,-4.417689460793548,-6.785031592660014,-9.68550259742908,-13.059201137809442,-16.661603881132752,-20.16553684723108,-23.25363797515486,-25.687739061407967,-27.350327842261017,-28.247937120773,-28.48303813625122,-28.21101124918449,-27.59386974321183,-26.763663611329488,-25.792487412971223,-24.667378912914096,-23.296011959787474,-21.56186589324413,-19.37785517633854,-16.705550433080223,-13.55789448571744,-9.997363966181156,-6.124919893380322,-2.0629599613981924,2.0629658615813047,6.124926001080757,9.997370276046434,13.557900733277783,16.705557008593246,19.377864482262225,21.56187191813094,23.296009705499653,24.66739397278457,25.792498766820053,26.763649449228268,27.593865561012358,28.211007254943297,28.483027094673925,28.24792836936748,27.350322832672024,25.68773919114033,23.253644386187805,20.165548556375487,16.66161545833133,13.059213849671572,9.685512736257998,6.785054105708978,4.417711720461459,2.384587742871211,0.3912475793547942,-1.5699121187765956,-3.092696594671361,-3.375597445545643,-1.4427094222183612,2.630491059929456,8.539263563948134,16.618886108962506,27.994050459166363,43.83030673167734
-43.85820253635848,-27.995547910849773,-16.604272836482814,-8.525988173660066,-2.6106316571920285,1.4667166874915976,3.388755665302985,3.0929536480094733,1.5586935741151915,-0.4088369054666788,-2.4034630403281527,-4.435098968670004,-6.800392145609776,-9.700791323661624,-13.078339388735875,-16.68847628295397,-20.202274728615727,-23.29988477551001,-25.741077688142862,-27.407297485672466,-28.3050584999302,-28.537636161757995,-28.26169442166731,-27.640682533396397,-26.807837315005106,-25.835795148262648,-24.711438163804896,-23.341907013695632,-21.609802664874778,-19.42679019797813,-16.75314319405944,-13.600816431578474,-10.031805575562368,-6.147320204866984,-2.070734400674896,2.070740882387598,6.147326896619358,10.031812474775052,13.600823285955842,16.753150385600623,19.426800114834496,21.609809130345838,23.34190538594319,24.71145371525289,25.83580696510001,26.8078236926565,27.640678571341294,28.26169097898116,28.53762541516057,28.305049858267644,27.4072924465482,25.741077579239192,23.29989079611338,20.202285898832372,16.688487256670577,13.07835144382958,9.700800885301414,6.800414386526301,4.435121036946275,2.4034754341904647,0.4088313340743418,-1.5586958736364434,-3.092881780554032,-3.38879656151205,-1.4667296997787214,2.6106035223796504,8.525960869144425,16.60424386500104,27.9955181096021,43.85816949796725
-43.882856671410586,-27.99531128288617,-16.588931974679472,-8.512401572435994,-2.5907505514347298,1.4904074316021494,3.4015340072850813,3.0928815762983675,1.547545993436604,-0.4261212946828766,-2.421980880885715,-4.452163732782247,-6.815433385424559,-9.715689626984927,-13.09688424074686,-16.714448355089228,-20.2377683105205,-23.344594327018942,-25.792706700012285,-27.46253437879937,-28.360561295448694,-28.59081909830284,-28.31119387267241,-27.68651717049321,-26.85117024967633,-25.878318345780183,-24.75469809792098,-23.38694451349553,-21.6568139048336,-19.47475837158528,-16.79978069110101,-13.642867997536918,-10.065544138502949,-6.1692615677459735,-2.0783484117908544,2.078355501596296,6.169268872994812,10.065551663173244,13.64287549717696,16.799788548980473,19.47476890176988,21.656820810435136,23.38694383343817,24.754713878779665,25.87833040495951,26.851157698575037,27.6865133464678,28.31119086168769,28.590808753661737,28.36055283923344,27.462529314628277,25.792706265815596,23.344599828259707,20.23777889891041,16.714458676762906,13.09689548429916,9.715698646060108,6.815455203059586,4.452185488096244,2.4219927450032883,0.4261150997298242,-1.547549085470311,-3.092810822719482,-3.401574035209627,-1.4904209996282836,2.5907223056659,8.512374088861716,16.588902766308326,27.995281290436605,43.88282343226026
-43.90440090000749,-27.99342558063083,-16.572922674988387,-8.498542716156853,-2.570879604702452,1.5137747479115096,3.413904334726381,3.0925567154914977,1.5364520654255576,-0.4431368367478631,-2.4401668356012305,-4.468924436552646,-6.83019902915342,-9.7302497036087,-13.114901584896142,-16.739603059177693,-20.272117567117547,-23.387880704680843,-25.84274972349461,-27.516164691453977,-28.41456847552893,-28.642701406584603,-28.359612024735203,-27.73146467958162,-26.8937445345674,-25.92013311225273,-24.79723187486601,-23.431195790585868,-21.702968119874,-19.52182316214133,-16.845518575430066,-13.684094290483705,-10.098613445622956,-6.190764915468238,-2.085809014242228,2.0858167272677104,6.190772847241699,10.098621611125823,13.68410244889119,16.845527111299145,19.521834287533224,21.702975488883936,23.431196198570856,24.797247721659208,25.92014529157409,26.89373327165612,27.731461032922088,28.35960944557356,28.64269153362428,28.414560216468303,27.51615965638965,25.8427490709512,23.38788576558659,20.27212757811456,16.739612719050445,13.114912026267376,9.730258218452446,6.830220413183762,4.468945859423672,2.440178188571299,0.4431300435706441,-1.536455815087244,-3.09248726247896,-3.4139434347674107,-1.5137890659878,2.570851169597053,8.498514974086683,16.572893156366018,27.99339532956429,43.90436738223612
-43.92293974717238,-27.989946494102355,-16.556276626134714,-8.484423367490566,-2.551021762005864,1.5368251665045498,3.4258810827165096,3.091987702389098,1.5254054138825492,-0.4599017275421914,-2.4580446489060788,-4.485406196369401,-6.844716425813687,-9.744505924970728,-13.132437220267038,-16.76399966488216,-20.30539404982672,-23.429823772473448,-25.891290105274635,-27.568268907799027,-28.467152008208032,-28.693344243833803,-28.406998294796743,-27.775565029424023,-26.935593467500144,-25.96126947121925,-24.8390691393146,-23.47469175367598,-21.74829698367742,-19.56801575963276,-16.89038530151622,-13.724519754134848,-10.131032544091102,-6.211842600103704,-2.0931201584925434,2.093128480548339,6.211851145918838,10.131041336075851,13.724528551776334,16.890394503844284,19.568027457367265,21.74830481987892,23.47469327864489,24.83908501645046,25.961281743010584,26.935583547991406,27.77556156518588,28.406996123534302,28.693334919367768,28.46714398743192,27.568263868744197,25.891289200330885,23.4298284201692,20.30540353278559,16.76400864911665,13.13244683603304,9.744513940511018,6.84473730615779,4.485427233997599,2.458055528931384,0.4598944438426298,-1.525409764754937,-3.0919199052592967,-3.425919134653697,-1.536840227087869,2.550993176958123,8.484395400826223,16.556246828080344,27.989916005184565,43.92290596821992
-43.93856320021656,-27.98492472269239,-16.539019776350642,-8.47005349326582,-2.53117939030859,1.5595652329694507,3.4374770186417907,3.0911788418993047,1.5143918559390377,-0.4764443179760818,-2.4756493657877847,-4.501646115820102,-6.859025364664831,-9.758505601140731,-13.149550817650002,-16.787713430676487,-20.33768889493193,-23.47052815548595,-25.93844107798348,-27.61896252247958,-28.518424935441452,-28.74285365342735,-28.453448223530025,-27.81890242371473,-26.976792770847297,-26.001797382994788,-24.88027717062125,-23.517497914371408,-21.79286348762065,-19.61339401116716,-16.93443160931907,-13.764185559514845,-10.16283251547677,-6.232513595415487,-2.100288567237123,2.100297440191575,6.232522701782846,10.162841878753415,13.764194946861531,16.934441439444743,19.613406241787555,21.7928717801836,23.5175003999524,24.880293138733578,26.00180983772566,26.9767840674603,27.818899231558976,28.4534464379779,28.74284484333989,28.51841718747617,27.618957573059937,25.938439965471385,23.470532357676053,20.33769781578612,16.78772179069346,13.149559719002273,9.758513107841091,6.859045783676515,4.501666770003983,2.475659702371053,0.4764363995907265,-1.5143968592915535,-3.0911126270654474,-3.4375140803959088,-1.5595808524174908,2.5311506800354064,8.470025346097065,16.538989740266953,27.984894024988936,43.93852918806107
-43.95138348027315,-27.97841898775424,-16.52118613883316,-8.455446929500773,-2.511355164605704,1.5820011796290772,3.4487086985184656,3.0901455472075443,1.5034188111044708,-0.4927642971095096,-2.492983925279335,-4.517647451730082,-6.87313033236332,-9.772258091395846,-13.166260336832703,-16.810771130059532,-20.36903736590969,-23.510033075793785,-25.9842394182471,-27.66827464379691,-28.568403712383898,-28.79123383468599,-28.498957003690613,-27.861463591331795,-27.01732472730697,-26.04170015445842,-24.92084270627664,-23.559605649260718,-21.8366643405644,-19.657958276633387,-16.97766094466568,-13.80309698547674,-10.194018353265864,-6.252780507181259,-2.107315771931839,2.1073252733374708,6.252790252560713,10.194028369340751,13.803107048213056,16.977671498013322,19.657971030433792,21.836673124041297,23.55960968518768,24.9208583321987,26.041712359740742,27.017318016712967,27.861460547985143,28.498955524088757,28.79122566352405,28.568396223066934,27.668269740973983,25.984238068251383,23.51003676584931,20.369045714635245,16.81077874702687,13.1662681931018,9.77226520512882,6.8731500099701766,4.517667636531443,2.492993849641362,0.492756053489121,-1.5034247103821552,-3.090082214382103,-3.448743647796332,-1.582017825801631,2.511326471968781,8.455418675469991,16.521155934428077,27.978388156102984,43.95134931948793
-43.96147821637548,-27.97047222564556,-16.50279687104277,-8.440610374978656,-2.491552786050031,1.6041402526433208,3.4595866832043938,3.088889703220653,1.4924692991212742,-0.5088923562664049,-2.5100850808129684,-4.533448792246546,-6.887072216230695,-9.785811045010457,-13.182624056949043,-16.833244075164302,-20.399530708183363,-23.548438621854096,-26.028792717835906,-27.716319147460837,-28.617199643570466,-28.838588197036582,-28.543618180999303,-27.903331809308646,-27.05726598554,-26.081047437001057,-24.960831935184245,-23.601077971232204,-21.87975916339587,-19.701761985945687,-17.020122902422465,-13.8412937464106,-10.224619645048412,-6.272663615191767,-2.1142079986120903,2.1142180532150547,6.272673922548647,10.22463023225596,13.841304402365571,17.02013409527116,19.7017751975451,21.879768434026506,23.601083257082724,24.960847382209064,26.081059555421504,27.05726090485689,27.903329078484607,28.54361705710641,28.838580658752434,28.617192478200515,27.716314388324584,26.028791233894133,23.5484419060751,20.399538568756423,16.833251046433656,13.182631075019074,9.785817740553457,6.887091264828497,4.533468524256423,2.510094602652996,0.508883818836442,-1.492475849702158,-3.0888289403015814,-3.459619919391188,-1.6041578808351926,2.4915239862079237,8.440581920093074,16.50276640866257,27.97044116622315,43.96144380088832
-43.96895409284762,-27.96113946757181,-16.483884323072186,-8.425558063091646,-2.471774178679059,1.6259875111663196,3.4701232261176904,3.0874252053180427,1.4815508530379116,-0.5248264543597201,-2.526952800510459,-4.549049756541634,-6.9008510888150525,-9.799168622359923,-13.198652864913758,-16.855151488462088,-20.42919534827753,-23.58577507316148,-26.07212745135793,-27.763116657019403,-28.664822394953333,-28.88491106765446,-28.58741573262228,-27.94448784319714,-27.096596012682408,-26.119819530303783,-25.000227563305003,-23.641901504910795,-21.922139455328047,-19.744802622113887,-17.061820053530937,-13.878782147800448,-10.2546402335899,-6.292165066278516,-2.1209670213681324,2.120977537983051,6.292175841936879,10.254651295710609,13.87879329293636,17.061831770087522,19.744816226623893,21.92214918193814,23.64190767479145,25.0002429967718,26.11983172262365,27.09659211455776,27.944485558317076,28.58741500856505,28.88490414128302,28.664815586527865,27.763112109743776,26.072125932025493,23.58577809428778,20.42920275524934,16.85515788788643,13.198659384437171,9.799174802262815,6.900869668632704,4.549069032868318,2.5269618350757184,0.5248174814784244,-1.4815576878754635,-3.087366098485193,-3.470155922491144,-1.6260056411526682,2.471745167680852,8.425529371660652,16.483853573665254,27.961108132268144,43.96891935516887
-43.97390283070877,-27.9504697700351,-16.464474984463724,-8.410301087007936,-2.4520197429462707,1.6475481066140083,3.4803292524619027,3.085759376663893,1.4706605471825154,-0.5405778995652583,-2.5436021813169027,-4.564466089147876,-6.914483840998631,-9.812352456774088,-13.21437691378319,-16.876535119557595,-20.45807879397251,-23.622099728154318,-26.114304331355605,-27.8087238746189,-28.71132236440917,-28.930243987598512,-28.630382776251817,-27.984957100689755,-27.13533490935289,-26.158034720003457,-25.03904822607555,-23.682096799330186,-21.96382736376524,-19.787103270485964,-17.102773426944356,-13.915582052094438,-10.284095655106531,-6.311294105669646,-2.127596327675805,2.127607226777932,6.3113052689381295,10.284107120195753,13.915593628410075,17.102785588618914,19.787117185507505,21.96383747693949,23.68210364258033,25.03906377588987,26.15804711309691,27.135331930412143,27.98495526365679,28.630382438004965,28.930237681732784,28.71131599152385,27.808719579962684,26.1143027964636,23.622102535465963,20.45808575063049,16.87654104234109,13.214383189741438,9.812358079898695,6.914502023314915,4.564484888540486,2.5436105631358488,0.5405682978247923,-1.4706674893757636,-3.085701235223844,-3.4803620860457034,-1.6475663253557045,2.451990462123564,8.410272160471388,16.46444395577431,27.950438157784056,43.973867767180806
-43.97640721383181,-27.93850768557929,-16.44459128964169,-8.394848109570031,-2.432290118712275,1.6688286472023492,3.4902166057608337,3.083899232694091,1.459793897617548,-0.5561603285355547,-2.5600510467228186,-4.579716680996188,-6.927990677619867,-9.825387415358415,-13.229829426108855,-16.89743880214834,-20.486233154284324,-23.657473581611637,-26.15538917488852,-27.85320461527987,-28.756758587368807,-28.974639711610944,-28.672564186893236,-28.024775867099684,-27.17351312610904,-26.195720992982004,-25.07732178350228,-23.7216929361718,-22.004852721336476,-19.82869328450304,-17.143009500118072,-13.951716251407218,-10.31300432093568,-6.33006202585351,-2.1340998040102472,2.134111054687823,6.330073545957418,10.313016146694192,13.951728195144003,17.143022044288816,19.828707504852986,22.004863232356925,23.72170030375996,25.07733746099353,26.195733600975263,27.173510903090158,28.024774589620264,28.67256432651029,28.974634029226674,28.75675263605701,27.853200599415366,26.155387761300076,23.657476356232173,20.486239714530274,16.897444276925487,13.22983557149339,9.825392485557352,6.928008522369179,4.579735017133875,2.5600588655742187,0.5561502422387337,-1.459800666264113,-3.083841712648302,-3.4902502662346677,-1.6688469144490945,2.4322604584354224,8.39481884791692,16.444559891909435,27.938475698689565,43.97637171317697
-43.976544021078105,-27.9252956295114,-16.424253376915953,-8.379206509251139,-2.412586284657689,1.6898357017437973,3.499796453678008,3.081849977978554,1.448944026964914,-0.5715896323586218,-2.576319311552089,-4.594822287967062,-6.9413936797508615,-9.83830017531256,-13.245045587757666,-16.917908593075005,-20.513715603172248,-23.691963029692158,-26.19545395119054,-27.89663113852287,-28.801199731293035,-29.018161005347043,-28.71401485506959,-28.06399073631124,-27.211170579921703,-26.232915029968712,-25.11508355618436,-23.76072490643941,-22.045250029592705,-19.869605548422797,-17.182557704095757,-13.987209595860016,-10.341385954204508,-6.348481511408421,-2.140481632935261,2.140493195537474,6.348493346892846,10.34139810847664,13.987221893955358,17.18257061041933,19.86961999225352,22.04526084631604,23.760732915493907,25.115099271687825,26.2329277744351,27.211169298227997,28.063989915086555,28.71401541053277,29.01815601043913,28.801194307189647,27.896627467983187,26.19545263959716,23.691965737603493,20.51372178171899,16.917913715968172,13.245051643852072,9.83830472510171,6.941411164358731,4.59484015623862,2.5763264538642296,0.5715789906384214,-1.448950738569236,-3.081792969674676,-3.499830823277916,-1.6898539823156542,2.4125562465009005,8.379176921596516,16.42422162415384,27.925263278006994,43.97650809816648
-43.974386205491065,-27.91087381986021,-16.403479763911907,-8.363382778653651,-2.3929089945715374,1.7105756658907136,3.5090783413045954,3.0796156301344846,1.4381032066520407,-0.5868826203235238,-2.59242783226734,-4.609804911570246,-6.95471610667626,-9.851118308489855,-13.260060653510308,-16.937989635804524,-20.5405812438607,-23.7256306732443,-26.234565810570427,-27.93907080111732,-28.844709599396257,-29.060865853157505,-28.754784882676255,-28.10264431704455,-27.24834447601906,-26.269650693536995,-25.15236621341184,-23.799225396700244,-22.085051555760863,-19.90987105003239,-17.221446138029368,-14.022085993703104,-10.36925958660313,-6.366565022931079,-2.146745893666798,2.1467577345862616,6.366577140276602,10.36927202361781,14.02209858393651,17.221459346051745,19.909885694425306,22.08506267985197,23.7992339501512,25.15238195451986,26.269663564459425,27.2483440438771,28.10264406560683,28.75478595932058,29.060861569274547,28.84470471318103,27.9390675338804,26.23456476722161,23.72563348413637,20.540587098632376,16.937994452347063,13.260066682641558,9.851122368846353,6.954733273988191,4.609822336585068,2.5924344102127117,0.5868715892348487,-1.4381096993211664,-3.0795590273058115,-3.5091137866799613,-1.7105940603455183,2.3928784701761145,8.363352755561761,16.403447560814886,27.910841004358357,43.97434975048972
-43.97002437203727,-27.895288086463275,-16.38229657324168,-8.34738883416693,-2.3732600264990986,1.7310540841712667,3.518074440199316,3.077208723441114,1.4272789477517311,-0.6020358524217091,-2.6083745297024423,-4.624661914700859,-6.967955284260064,-9.863841459189263,-13.274878899303811,-16.957691299195954,-20.56684516607937,-23.75849582155321,-26.272743273955182,-27.9805366329281,-28.88729268685577,-29.10274928022369,-28.7948623052656,-28.14072058844121,-27.28501677255854,-26.30591141647514,-25.18915611700069,-23.837184943246324,-22.124252981619275,-19.94949074341356,-17.259679687370802,-14.056352217670373,-10.396630965829411,-6.3843153730113125,-2.152894331595474,2.1529064684588666,6.384327789953389,10.396643709905186,14.056365129973866,17.259693233359766,19.949505568171265,22.12426438944099,23.83719436274433,25.189171620800987,26.30592416327736,27.28501763964076,28.14072079282408,28.79486378169139,29.102745739246053,28.88728835160472,27.980533768816155,26.272742443509003,23.758498653527973,20.566850690015123,16.957695815797674,13.274884765473368,9.86384506372209,6.967972067545186,4.624678918386516,2.6083805728846228,0.6020244347611324,-1.42728558447628,-3.077152756084119,-3.518110460996412,-1.7310726947027373,2.3732290951820696,8.34735843390943,16.38226397390246,27.895254856886257,43.96998744156023
-43.96352055226902,-27.87857493862586,-16.360717671301767,-8.331228591468236,-2.353639216208391,1.751277713402857,3.526792862040998,3.074630568691762,1.416459599063247,-0.6170706642040021,-2.6241850088455108,-4.639420166759553,-6.981139416935164,-9.87650227028264,-13.28954098677658,-16.977065296974427,-20.59257046947224,-23.790630500734725,-26.310064794992535,-28.02110988191753,-28.929029428563812,-29.14388781195502,-28.83431616358975,-28.17828073122027,-27.3212420563159,-26.34174697713527,-25.22550017318231,-23.874648532019656,-22.162896742622795,-19.98850341916878,-17.29729233121149,-14.090036323194065,-10.423522139925772,-6.401747418712064,-2.15893155744761,2.158943954724726,6.401760099377684,10.423535155102876,14.090049518339354,17.297306174384023,19.988518362856087,22.162908392635323,23.87465888885141,25.225515302626743,26.34175947601675,27.32124436743058,28.178281385474865,28.83431800531811,29.143885067577628,28.92902570428292,28.021107469401286,26.31006423588168,23.7906334068756,20.59257570588477,16.977069567541726,13.289546731866333,9.87650540267173,6.981155891127767,4.639436787591584,2.62419053286768,0.6170588192134638,-1.4164664233307316,-3.07457494931943,-3.526829683436659,-1.7512965212409457,2.353607841032541,8.331197785667019,16.360684652128473,27.8785412672144,43.96348311619721
-43.95495548277397,-27.860774680637064,-16.338765644070435,-8.31491201869537,-2.3340480946575486,1.7712521912802932,3.535244297693193,3.071891438994068,1.4056505693545642,-0.6319858463238726,-2.639859424445258,-4.654079373491888,-6.99426806295889,-9.889102290054137,-13.3040525664767,-16.996122131465313,-20.6177726052614,-23.822053950431016,-26.34654992520661,-28.06080602340176,-28.969927986554232,-29.18428129434231,-28.873140155158943,-28.21531448231404,-27.357008390674498,-26.37714597107737,-25.26138941309784,-23.911611280042607,-22.20098221748161,-20.02691305860983,-17.334291272643448,-14.123147005299352,-10.449940551624982,-6.418865570115628,-2.164859498028893,2.164872148792804,6.418878506917915,10.449953834919503,14.12316048704974,17.334305412167645,20.026928104410416,22.200994111112387,23.9116225463299,25.26140419999688,26.377158243976616,27.357012102597636,28.21531559092375,28.8731423337486,29.18427934188328,28.96992488432059,28.060804057385976,26.34654961091388,23.822056904146528,20.617777562776244,16.99612617532897,13.30405816452098,9.889104964150317,6.994284239467216,4.654095606107113,2.6398644230946875,0.6319735216460111,-1.405657568805213,-3.071836274525742,-3.535281765156649,-1.771271177904649,2.33401629621479,8.314880828674738,16.33873222107295,27.86074057741397,43.9549175544256
-43.94438816338866,-27.84192370968665,-16.316452740830606,-8.298442146408306,-2.3144857345077487,1.7909847730409605,3.5434368829872054,3.068993741125944,1.394842447168137,-0.6467998304260626,-2.6554202203350727,-4.6686630960536055,-7.007365948714093,-9.901670177908008,-13.318449621563165,-17.014908254924666,-20.64250888176382,-23.85283168493696,-26.382269943132638,-28.099699331563485,-29.010062456454808,-29.224000918426825,-28.91139893875924,-28.251879151472107,-27.39236710360977,-26.41215524367612,-25.296867984634847,-23.94811531144942,-22.2385489501886,-20.064755394273472,-17.3707076604462,-14.155709948301512,-10.47590653806734,-6.435683773415496,-2.1706824979731243,2.170695243976396,6.435696802663952,10.47591991337527,14.155723524698123,17.370721892200173,20.064770354185622,22.23856093543896,23.948127203220025,25.296882435391154,26.412167331430403,27.392372032747083,28.25188085491276,28.91140162391716,29.223999956949196,29.01006022177884,28.09969807059154,26.382270173928436,23.852835014903334,20.64251370891921,17.014912240047924,13.318455470310736,9.901672438562612,7.007381939063278,4.668678926146893,2.6554245944711194,0.646787056437287,-1.3948489602153054,-3.068938387415103,-3.5434761711468914,-1.791003748955873,2.3144532322967235,8.298410354814635,16.316418732774185,27.841888982292573,43.94434951825846
-43.93189013511505,-27.82205953989109,-16.293798042947618,-8.28182664778264,-2.2949529366620336,1.810480611728403,3.551379867616528,3.065943929651804,1.3840358038083242,-0.6615163826947731,-2.6708726558985534,-4.683176419309339,-7.020438154193849,-9.914213041333412,-13.33274363871412,-17.033440387119327,-20.666801658047703,-23.88299043605671,-26.41725282941992,-28.13781517674564,-29.04945242230531,-29.26305976555077,-28.949099060803388,-28.287975747245167,-27.427320415677805,-26.446774078814293,-25.331937128954564,-23.984161812979256,-22.275604252188867,-20.102039799139277,-17.406551717822087,-14.187736311643206,-10.50142940268532,-6.452207963418495,-2.1764027804722264,2.176415556755653,6.452221018894863,10.501442795690435,14.187749899909493,17.40656595357786,20.102054623539907,22.275616293473785,23.98417409372124,25.331951349849422,26.44678611020867,27.427326327695884,28.28797815597263,28.94910233515597,29.26305983567805,29.04945115627962,28.137814719864213,26.417253687106268,23.882994220442423,20.66680645951032,17.033444407660635,13.332749732339144,9.914214943506684,7.02045404853291,4.68319189397969,2.6708764906443907,0.6615031727747105,-1.384041778560763,-3.065888598887318,-3.551420713067477,-1.8104997403738845,2.2949196706871096,8.281794188547403,16.293763390039466,27.822024124801267,43.93185070287681
-43.917522236566136,-27.801218068376123,-16.27081548828326,-8.26506990199222,-2.2754491105626697,1.8297459591983456,3.55908184451615,3.0627465091619124,1.3732262561470938,-0.6761459196672406,-2.6862296355389206,-4.697632613799808,-7.033498456309326,-9.926747491294842,-13.3469569764831,-17.051748557981398,-20.69068926475244,-23.912574844168734,-26.45154672665975,-28.17520252215437,-29.08814479254927,-29.301499693276288,-28.986277499351573,-28.32363731192883,-27.461892793215025,-26.481027299734148,-25.366619659335758,-24.01977613827769,-22.31217003056106,-20.138788427129988,-17.441844303161364,-14.2192441160974,-10.52652378064705,-6.4684480997669445,-2.182023596645069,2.182036449125303,6.468461228411896,10.52653724628376,14.21925778155964,17.441858606090875,20.138803199044805,22.31218220522786,24.01978874920453,25.366633820855483,26.481039417968983,27.46189947809829,28.32364044018341,28.98628135458153,29.301500678025185,29.088144389755563,28.175202789333543,26.45154813771997,23.912578975810405,20.69069403949664,17.051752637749452,13.346963124232223,9.92674897151183,7.0335144134882,4.697647889214601,2.6862330883499004,0.6761322179588473,-1.3732322383600446,-3.0626911750227515,-3.5591236629335308,-1.829765539183564,2.275415124466988,8.265036783216296,16.2707801783019,27.80118195765576,43.91748202982125
-43.9013552391944,-27.779433947046943,-16.24752484091283,-8.248181056346613,-2.255975668631748,1.8487857501627003,3.56655123007302,3.059409961258273,1.3624188134109596,-0.6906867180135575,-2.701490363371651,-4.71203020964963,-7.046544836655505,-9.939272366891478,-13.361090994280154,-17.06983719462748,-20.71417952954791,-23.94159579255367,-26.48516303233842,-28.21186923013545,-29.126140979182363,-29.3393146718193,-29.022923273706617,-28.358849678890827,-27.496069355997584,-26.51490088165201,-25.40090422477261,-24.054950685411164,-22.348243439429385,-20.1750034156282,-17.476591463008873,-14.250241206152843,-10.551196449487389,-6.484407951952611,-2.187546704711472,2.18755967411778,6.484421197357487,10.551210030856147,14.250254992773138,17.476605881240843,20.175018210169466,22.34825581901452,24.054963592572616,25.40091841972414,26.51491316938833,27.496076707807426,28.358853528854997,29.02292769679597,29.33931647286886,29.126141347155368,28.21187013842112,26.485164925348105,23.9416001946143,20.71418423375573,17.069841302865875,13.361097090487592,9.939273460990602,7.046560783337319,4.712045282631857,2.70149347744111,0.690672618907388,-1.3624249092385288,-3.0593549664860378,-3.5665936571205643,-1.8488058573428217,2.2559410374563167,8.248147333618306,16.247488920838343,27.77939718687785,43.90131430899557
-43.88344746451126,-27.75674228924061,-16.223939612301503,-8.23116441162794,-2.236532051313758,1.8676058959701871,3.573795532999906,3.055938146054116,1.3516096993171862,-0.705148303278718,-2.716666632629739,-4.726381268534655,-7.059589633636343,-9.951802272234527,-13.3751651369504,-17.087732451344486,-20.73730588276664,-23.970092216026472,-26.518143814503592,-28.247857944958124,-29.163481532063525,-29.376541491978696,-29.05906811590444,-28.39363954162052,-27.529873427832488,-26.54841586310893,-25.434811283617822,-24.089705698253866,-22.383845166488783,-20.210704821163237,-17.510811913856788,-14.280744151433032,-10.575460935298988,-6.50009677457478,-2.192975132663168,2.19298822657116,6.500110143919504,10.575474639755116,14.28075806530395,17.510826452269157,20.21071966136182,22.383857767791707,24.0897188685533,25.434825565187275,26.54842837493966,27.5298813909069,28.39364411853697,29.059073124093224,29.37654409118424,29.163482653733364,28.247859476506417,26.518146172770635,23.97009687402064,20.73731052794445,17.08773659011951,13.375171152756238,9.951803037880987,7.059605502747105,4.72639611275578,2.716669427499573,0.7051339073713252,-1.351615854439169,-3.055883759959856,-3.573838372924888,-1.867626598932421,2.2364967786437937,8.231130082946244,16.22390307971415,27.75670487355775,43.88340580629161
-43.86385635186973,-27.733181145597307,-16.20007288852631,-8.214023325659255,-2.217117097452564,1.886212661704769,3.5808223926594325,3.0523350388971124,1.34079515260056,-0.7195401379712585,-2.73177010030736,-4.740697694505807,-7.072645060443594,-9.9643518520201,-13.389199300380511,-17.105461822572533,-20.760104057931333,-23.99810569085906,-26.550533880630194,-28.2832147108323,-29.200211238486315,-29.413222177774376,-29.094749094282182,-28.42803877837825,-27.56333299683247,-26.581597620833826,-25.46836503819597,-24.12406458106192,-22.41899798900945,-20.245913662617305,-17.544524348127432,-14.310769090122976,-10.599330488650413,-6.515524209659694,-2.198311869072917,2.1983250318118515,6.515537644675264,10.5993442540063,14.310783064775125,17.544538932221524,20.245928483575245,22.419010748725235,24.12407794334137,25.46837939535176,26.5816103723075,27.56334155161679,28.428044119649467,29.09475475821071,29.413225645237464,29.20021321709001,28.283216965224405,26.55053680684688,23.998110701294284,20.760108715607867,17.1054660502096,13.389205324188548,9.964352341865254,7.072660860086844,4.740712328096959,2.7317725870958927,0.7195255000501443,-1.3408012574115231,-3.0522812959659027,-3.580865700911964,-1.886234008861283,2.2170810919011363,8.213988314921007,16.200035677722763,27.73314300294621,43.86381388730081
-43.84264067493939,-27.708780609712527,-16.175940154330412,-8.196765194954823,-2.197731627164984,1.904610800727296,3.587639261390117,3.0486072780489133,1.3299776516515756,-0.7338629784797878,-2.746802450156673,-4.754980680754816,-7.085711817916531,-9.9769227086827,-13.403197558896975,-17.12303264758648,-20.782585088920992,-24.02565111342198,-26.58234972727608,-28.31795415700608,-29.236340720333256,-29.44936193212176,-29.1299668908786,-28.462045246168188,-27.596444624619973,-26.61444295586564,-25.50156389956257,-24.15802832850132,-22.453706281981045,-20.28063771599517,-17.577739282473637,-14.340326897214512,-10.622814071449158,-6.530695285544734,-2.20355914309105,2.2035723496372164,6.530708759967497,10.62282787045407,14.34034090501755,17.57775388190818,20.280652493156484,22.45371917045804,24.1580418552639,25.50157833707283,26.61445596762668,27.5964537569708,28.46205135090988,29.12997324528932,29.44936630297028,29.23634359660372,28.31795716360271,26.582353252804023,24.025656515256237,20.782589798428152,17.123036992306083,13.403203609905615,9.97692296785103,7.085727536362605,4.754995107932684,2.7468046482927546,0.7338481454125819,-1.3299836545326986,-3.048554291327126,-3.5876829585258148,-1.9046328380574689,2.197694851055499,8.19672946897884,16.175902235561644,27.708741707206517,43.84259737236433
-43.81985452284346,-27.683577593317644,-16.15155372351283,-8.179393236262072,-2.1783745093704083,1.922806104149861,3.5942528214145426,3.0447579999682155,1.3191533340057486,-0.74812572099729,-2.761774485300479,-4.769241170848938,-7.098801009403762,-9.989527984498462,-13.4171777327904,-17.140469659887124,-20.80478127018356,-24.052766275452715,-26.61363205315828,-28.3521179034249,-29.271910350766824,-29.48499850775781,-29.164754808309763,-28.495687714158745,-27.62923359657288,-26.64697496057807,-25.534429938886955,-24.191618449011056,-22.487990959220134,-20.31489645534208,-17.610474181023736,-14.369432756802162,-10.645924131363651,-6.545619001033711,-2.208719816064178,2.208732995092326,6.545632440511043,10.645937885723376,14.369446714686967,17.610488703985737,20.314911099658836,22.48800389384535,24.19163207780232,25.53444442061811,26.646988235143525,27.62924331083692,28.495694621479487,29.16476194004693,29.48500388220725,29.27191425751679,28.352121798262107,26.613636306767503,24.05277219002196,20.804786132423796,17.14047421315914,13.41718391004732,9.989528064932715,7.098816692854004,4.769255438752696,2.7617764321790106,0.748110747310623,-1.3191591569548164,-3.0447057035062968,-3.594296985770942,-1.922828928287796,2.1783368286618607,8.179356678158461,16.15151499366065,27.68353782478846,43.819810261991
-43.7955534939372,-27.657598980318333,-16.126930129516126,-8.161915875952085,-2.1590475774733084,1.9408026471258573,3.600670348369,3.0407942725613664,1.308326848720773,-0.7623257109888185,-2.7766838363459136,-4.783475913285396,-7.111908470665728,-10.002163437165844,-13.431136652771006,-17.157770674060572,-20.82669185362412,-24.07945290202301,-26.64438397119848,-28.385706719622465,-29.306916139026317,-29.52012171856738,-29.199098969345503,-28.528950579438177,-27.661683795860647,-26.67917871543947,-25.566950595647075,-24.224826141068597,-22.52184784819861,-20.348691308526384,-17.64273509225552,-14.398094698678364,-10.668667654492795,-6.5602987886374144,-2.2137955637375755,2.213808810822034,6.56031229172106,10.668681466554643,14.398108712841967,17.64274965223542,20.348705948229227,22.52186094406728,24.22483995011412,25.56696518783757,26.679192292649542,27.661694082126857,28.52895823812582,29.199106806494303,29.52012795316945,29.30692090817896,28.38571134059976,26.64438879029332,24.07945915678483,20.826696760589044,17.157775334011433,13.431142791390592,10.00216341730767,7.111923913693691,4.783489928296083,2.7766855192194866,0.7623107003962134,-1.3083325463262914,-3.040743206444169,-3.600714502874712,-1.940826273259436,2.1590091509219143,8.161878613056999,16.126890702689376,27.65755845415245,43.795508401425394
-43.769788699374885,-27.63088228354629,-16.102080517242577,-8.144335523005747,-2.1397490832812207,1.9586064417404183,3.606898252386815,3.0367194464212943,1.297494784047816,-0.7764711906508498,-2.791540535754443,-4.797695081812464,-7.125044509701201,-10.014841488731934,-13.445091457889491,-17.17496032145991,-20.84834949435012,-24.105749241657687,-26.67464646692947,-28.41876299615885,-29.34140005350816,-29.55477219158521,-29.23303579355613,-28.561865683736368,-27.69382367876594,-26.71108031259668,-25.599150790553185,-24.257675278882253,-22.555299630135885,-20.382042287069,-17.67453904368153,-14.426326875345104,-10.691056102786204,-6.574743412117809,-2.218789019220466,2.2188022820533444,6.574756923817219,10.691069913642949,14.426340881619783,17.674553571363447,20.382056856885136,22.555312826119906,24.25768922079361,25.59916545677312,26.711094199963625,27.69383454385323,28.561874115588548,29.233044402426508,29.55477936626453,29.341405778092117,28.418768437502656,26.67465195579269,24.10575593875703,20.84835452473817,17.174965143261847,13.445097634946444,10.01484141234736,7.125059734991679,4.797708879029194,2.7915419965519046,0.7764562029540392,-1.2975003122705082,-3.036669589254771,-3.606942459898921,-1.9586309440031933,2.139709818671709,8.14429747260091,16.102040321405482,27.630840924077287,43.7697426890333
-43.74261002932277,-27.603455872696884,-16.0770193792917,-8.126658827886809,-2.1204801731403795,1.9762215934189675,3.61294263411433,3.032538299505474,1.2866583660336703,-0.7905635712913364,-2.8063465909534795,-4.811900041461231,-7.138209786642836,-10.02756309974666,-13.459044882680615,-17.192043747155626,-20.869762289520057,-24.131666644261795,-26.70443297826507,-28.451299311027235,-29.37537165625353,-29.588954994106228,-29.266566875368024,-28.59443232890331,-27.72565114020103,-26.74267774196804,-25.63102959233157,-24.290167123409223,-22.58835024931633,-20.414956559075367,-17.70589563743001,-14.45413942976407,-10.713098066228731,-6.588957896451311,-2.2237021769043603,2.2237155121788525,6.588971476072577,10.71311194091783,14.454153498007155,17.705910204058398,20.41497113407395,22.588363611648653,24.290181247343924,25.631044375861656,26.7426919701272,27.72566257656839,28.594441497378103,29.26657621242192,29.58896302063817,29.375378231587447,28.451305474354445,26.70443904063867,24.131673681251197,20.869767376465013,17.192048668609164,13.459051019797924,10.027563019208536,7.138224672828087,4.811913572184134,2.8063478215703563,0.7905486577109686,-1.286663788780032,-3.032489937373232,-3.6129866143787375,-1.9762469674121133,2.120440150416639,8.12662005599624,16.076978475127767,27.60341373990476,43.742563172979786
-43.7140664519173,-27.57535435777671,-16.051758563841197,-8.108889252033366,-2.1012399588884394,1.9936533018849305,3.618809333459049,3.0282541743852223,1.2758156703316783,-0.8046084956608319,-2.8211089246644243,-4.82609757468486,-7.151410890666672,-10.040336174509502,-13.473008325362075,-17.209037898654323,-20.890953397236853,-24.15723300454129,-26.73377379872288,-28.4833464688217,-29.40886040827963,-29.622697270352,-29.299715781764355,-28.626670605390014,-27.75718380461449,-26.773987200582837,-25.6626027737282,-24.322317379634278,-22.621015340411283,-20.447448940305627,-17.736818337431,-14.481544192758198,-10.734803235655336,-6.602949308428249,-2.228537296337757,2.2285507019043878,6.6029629536449885,10.734817168527533,14.481558315651098,17.736832938509586,20.447463524189843,22.621028872519567,24.322331681988214,25.66261766764686,26.774001789316333,27.757195815272297,28.626680500510837,29.299725855464125,29.622706149925687,29.408867834911096,28.48335335505351,26.73378042671048,24.157240377542355,20.89095856006249,17.20904291788994,13.473014417322062,10.040336126468194,7.15142538481419,4.8261108250522256,2.821109948380904,0.8045937322338024,-1.2758209928882915,-3.0282074038643194,-3.6188530307710254,-1.9936795786028016,2.101199189119608,8.108849762084567,16.05171695470201,27.575311447149417,43.71401874515372
-43.68420685165197,-27.54661059914528,-16.026310440443396,-8.091031158642783,-2.0820281823418365,2.0109060030416868,3.6245035618514696,3.0238700924457524,1.2649651527774692,-0.8186107770733859,-2.8358332847797825,-4.840293100671499,-7.164652885794378,-10.05316676950027,-13.486990927298368,-17.22595690562642,-20.911942648913755,-24.182472692426646,-26.762695608072782,-28.514931501277637,-29.44189189335395,-29.656022200978438,-29.33250235771408,-28.658597205942645,-27.788436162845088,-26.80502204343476,-25.693883504488184,-24.3541395345437,-22.65330874550876,-20.47953303717864,-17.767319848912475,-14.50855247015072,-10.756180773492565,-6.616724105476942,-2.2332965084040373,2.233309974697625,6.6167378044374985,10.756194750947245,14.508566630555302,17.76733446096623,20.479547609618685,22.653322430020875,24.35415399609236,25.69389849127664,26.8050369980323,27.788448745355105,28.658607834746288,29.33251319691552,29.656031950360287,29.44190019622355,28.51493914763984,26.76270285382016,24.18248044087669,20.911947921378268,17.225962037324056,13.486997004136066,10.053166803492909,7.164666962694932,4.84030608993526,2.8358341469236343,0.818596226031269,-1.2649703969343262,-3.0238249348276915,-3.624546934335121,-2.0109332580573334,2.081986619764497,8.090990906289658,16.0262680892436,27.54656687091765,43.68415824941008
-43.65308134007595,-27.517257726376798,-16.000687066446506,-8.07308867986559,-2.0628444639748165,2.027984275941401,3.630030762009673,3.019389589767138,1.2541063549392746,-0.8325736459436343,-2.850523646253994,-4.854490142257626,-7.17793885517628,-10.066058882511864,-13.500999714780672,-17.24281278482594,-20.93274790913268,-24.2074082926386,-26.791223309447705,-28.546079437041,-29.474489495151197,-29.68895078580851,-29.36494462351185,-28.6902273567555,-27.819421554883863,-26.835794676783475,-25.72488415332114,-24.385646322254832,-22.685243559805507,-20.511221709867293,-17.797412050819457,-14.535174837374385,-10.777239210750674,-6.630288446794944,-2.237981838263072,2.2379953198355214,6.6303021515087,10.777253181330142,14.535188980711048,17.797426617042483,20.511236216674973,22.685257344393825,24.385660898783296,25.72489920634176,26.835810010978488,27.819434706436223,28.690238709673544,29.364956250822296,29.688961461553564,29.47449875803889,28.546087908129643,26.79123120320604,24.207416454284814,20.93275335107342,17.242818072547493,13.50100583001464,10.066059050969656,7.177952498553716,4.8545028938405554,2.850524366133368,0.8325593502801978,-1.2541115591333611,-3.01934605885484,-3.630073695348008,-2.0280125286865154,2.0628020676946046,8.073047631459715,16.000643941870845,27.51721314264145,43.65303180143643
-43.6207101090266,-27.48730042966268,-15.974900059677658,-8.055070779028116,-2.0436924484914814,2.0448909893017166,3.635396782377566,3.0148194679250118,1.243244512078284,-0.846493225072114,-2.865176126799671,-4.8686838358550295,-7.191262518523758,-10.079004749871368,-13.515024706357346,-17.259591491394676,-20.95335060284412,-24.232020430145077,-26.81933920811388,-28.576771417607564,-29.506631337692653,-29.72145524083567,-29.39701176649438,-28.721529868207757,-27.85010916235359,-26.86627648733803,-25.755579211581654,-24.416817217669028,-22.716805708516038,-20.542509488005813,-17.82709799669357,-14.561417820428751,-10.797984937686197,-6.643643408534815,-2.242594667327746,2.242608314043462,6.643657276868687,10.797999072651232,14.561432134160166,17.827112714986587,20.54252412750704,22.716819768838025,24.41683204115756,25.75559443962073,26.86629224528957,27.850122868113623,28.721541860603573,29.39702404468148,29.721466615646403,29.506641287432643,28.576780449390743,26.81934749886387,24.23202876303121,20.95335605070793,17.25959678557072,13.51503068082876,10.07900503088966,7.191275588906954,4.868696250362521,2.865176667539134,0.8464791732191956,-1.2432498250711566,-3.0147777452620432,-3.635439099548712,-2.0449201318530195,2.043649413066586,8.055029099659189,15.974856305871166,27.48725513852929,43.62065979985237
-43.58715271115997,-27.456782649584447,-15.94896046997022,-8.036978904426373,-2.02456993547319,2.0616308286130898,3.640605366821519,3.0101597025353075,1.2323741813316345,-0.8603785523502109,-2.879800921920259,-4.882884298249836,-7.2046340522990615,-10.09201650308743,-13.529083356395402,-17.276319650780128,-20.973787953550552,-24.25635343731054,-26.847090239548866,-28.60705562665937,-29.53836519663569,-29.75358320336334,-29.42874860392441,-28.752545536202504,-27.880536708731054,-26.896502437274226,-25.78600173097801,-24.4476829086656,-22.74802282576733,-20.573418930835008,-17.856394242358157,-14.58729402897032,-10.818427385523682,-6.656797533082975,-2.24713718288026,2.247151003568591,6.656811574448475,10.818441695412268,14.587308521456768,17.8564091218232,20.573433720257857,22.748037179736876,24.447697986067144,25.78601713619248,26.8965186321566,27.880550956878245,28.752558142681558,29.42876152294261,29.7535952589358,29.53837579361285,28.607065181425178,26.84709890586753,24.25636192824752,20.97379340113197,17.276324925158615,13.52908918423025,10.092016905837012,7.204646510899162,4.882896369781091,2.8798013130679063,0.8603647894156594,-1.232379678114354,-3.0101197931748653,-3.640647031205976,-2.061660836162611,2.024526285838056,8.036936614300918,15.948916103343556,27.45673666384895,43.58710164875081
-43.552449040008135,-27.42573003503413,-15.922879226895082,-8.018817635111626,-2.005477394032668,2.078207644329072,3.645661431823683,3.005413972956884,1.2214958425243845,-0.8742314282830246,-2.894400297186703,-4.897093224608585,-7.218054482614385,-10.105095495785044,-13.543178868599565,-17.29300361818589,-20.99407017124964,-24.280421055187237,-26.8744924437323,-28.63694851156924,-29.569706258175703,-29.785347509174542,-29.46016534677956,-28.783282353725,-27.910710682875557,-26.926478537238864,-25.816157985836487,-24.47825056502109,-22.77890312516406,-20.603959178660592,-17.88531024680359,-14.612812376170217,-10.838573965279426,-6.669755687692561,-2.251611078753438,2.25162510612215,6.669769935452145,10.83858848373677,14.612827084688098,17.885325325054293,20.60397415743209,22.778917804093957,24.47826591861156,25.81617359477882,26.926495176734708,27.910725459749337,28.78329555145277,29.46017887996058,29.785360193273554,29.56971744894233,28.636958538032832,26.874501442600334,24.28042966674472,20.994075602000667,17.293008843377244,13.543184533205675,10.105096021328407,7.218066305296321,4.897104942086777,2.894400547456828,0.8742179645503966,-1.221501569131327,-3.005375845944932,-3.645702448249779,-2.0782385171320845,2.005433160765741,8.01877475577855,15.92283426541027,27.425683367666835,43.552397237874175
-43.51664617351979,-27.39417158949241,-15.896666429323622,-8.000590236585447,-1.9864142324535,2.0946252352433667,3.650568689089558,3.0005837428116133,1.2106073194711962,-0.8880564418026023,-2.9089793566738926,-4.911315223914014,-7.231527910644917,-10.118246523064045,-13.55731880682672,-17.309655831985356,-21.01421555950317,-24.30424614625625,-26.9015707546784,-28.6664750139192,-29.6006777843332,-29.816769361154314,-29.491280490167988,-28.813756105933997,-27.94064509616219,-26.95621776917572,-25.846060785694803,-24.50853311379652,-22.809459603573718,-20.634142547536904,-17.91385683389055,-14.637982198709013,-10.858432022997684,-6.682523392702271,-2.2560180928057343,2.2560323178779043,6.682537836912513,10.858446739464222,14.637997112842603,17.91387209780892,20.63415770111816,22.80947458877725,24.50854872374954,25.84607659304513,26.956234862880557,27.940660386832764,28.813769865171675,29.491294623370123,29.816782682713157,29.60068959041429,28.666485516155465,26.90158007192204,24.304254880635195,21.014221009997165,17.309661028436654,13.557324337658146,10.118247182565524,7.231539099255339,4.91132659814761,2.908979487474296,0.8880433060429321,-1.2106133082347812,-3.000547326472188,-3.6506090324613374,-2.0946569892993816,1.9863694034022172,8.000546755413508,15.896620859262354,27.394124224967225,43.51659361481643
-43.47976408689293,-27.362117614148907,-15.870330550362771,-7.982302454971679,-1.9673823491993303,2.110886785771946,3.655331998614726,2.995673507375887,1.1997106241531494,-0.9018534407102616,-2.92353836573703,-4.925549983255496,-7.245053119575671,-10.131467768445113,-13.571500954635049,-17.32627337928326,-21.03422047131336,-24.327826092366376,-26.928324662813065,-28.69563529009298,-29.631279188916476,-29.84784523760161,-29.52208818954924,-28.84395977353193,-27.97033237663546,-26.98571311808887,-25.875704408983243,-24.53852706595374,-22.839691808496635,-20.663972389107236,-17.942041130861355,-14.662811577183328,-10.878008677369271,-6.695103730705136,-2.260359753581798,2.260374211027768,6.695118408740874,10.87802363352692,14.662826743483642,17.942056633430354,20.663987773348403,22.839707151074176,24.538542967435383,25.875720436963118,26.98573067904025,27.970348168950466,28.843974061598733,29.52210287853691,29.847859113909507,29.63129151584781,28.69564619139751,26.92833422396932,24.3278348706484,21.03422588417222,17.326278493096833,13.571506309688946,10.131468533959572,7.245063644468917,4.925560990091312,2.923538378207791,0.9018406173056612,-1.199716980203831,-2.9956387840820837,-3.65537166978197,-2.1109193318669144,1.9673370051802173,7.982258446664008,15.870284438345047,27.36206961460538,43.47971084167328
-43.44185183529903,-27.32959742966329,-15.843881574258448,-7.963957422342744,-1.948381355711182,2.126995806974815,3.659954828339072,2.9906847296437973,1.1888040825880974,-0.9156261311491428,-2.938081315977705,-4.93980089609668,-7.258632910838883,-10.144762677077102,-13.585731568257806,-17.34286755670477,-21.054102394784096,-24.35118319958184,-26.954778781238204,-28.724454175325327,-29.661533825817667,-29.878596688264015,-29.55260760476476,-28.87391011908793,-27.999787531099265,-27.01497859773568,-25.90510249137013,-24.568245976322935,-22.869612984831345,-20.69346105640187,-17.969873712105944,-14.68730957156958,-10.897311023227587,-6.707502210381597,-2.264637690721931,2.2646524232639798,6.7075171667434,10.897326263579714,14.68732503104024,17.96988949779892,20.69347673181792,22.869628735412565,24.56826219876281,25.905118765653175,27.014996625409875,27.999803813505764,28.8739249067772,29.55262281360446,29.87861106857702,29.66154659358736,28.72446538493401,26.954788521556534,24.351192000968187,21.05410775585248,17.342872546181024,13.585736714676912,10.144763518421088,7.258642769297181,4.939811513421597,2.93808122509822,0.915613632322455,-1.1888108166005522,-2.990651660539384,-3.659993893316976,-2.127029134488556,1.9483355399803397,7.963912917747856,15.843834946606073,27.329548817651,43.44179792515991
-43.402935419659286,-27.29662671264482,-15.817327743115776,-7.945559368013321,-1.9294119790400004,2.1429553771307246,3.664440754189646,2.985619528533064,1.1778868296199134,-0.929377480276596,-2.9526116511639016,-4.954070901453409,-7.27226949638837,-10.158133289759562,-13.600013339707814,-17.359442302202922,-21.073866908441463,-24.374325100256915,-26.98094260525765,-28.75294177947472,-29.69145100266745,-29.909030869704534,-29.58284355603476,-28.90361008062592,-28.029012319571667,-27.044015694450493,-25.93425699953687,-24.59769295213466,-22.89922777528776,-20.722614812656605,-17.99736212509047,-14.711483704557253,-10.916345412256073,-6.719722488937968,-2.268853271309873,2.2688683046827114,6.719737750268305,10.91636097094119,14.711499503994476,17.997378239118568,20.72263081084943,22.899243953040497,24.59770952036282,25.93427356816261,27.04403419771806,28.029029067625785,28.903625323349328,29.58285923300132,29.90904569581252,29.691464155222214,28.752953232839012,26.980952453294734,24.374333853274152,21.073872188597647,17.359447154084986,13.600018263154166,10.158134179679369,7.272278709945978,4.954081108594161,2.9526114326586823,0.9293652633882206,-1.1778939605000176,-2.985588041762819,-3.664479203337101,-2.142989433570037,1.9293657317166315,7.945514404213853,15.817280628366248,27.29657751384812,43.40288087957075
-43.36306251392188,-27.26322931785225,-15.79067628350216,-7.927110794722958,-1.9104735634821937,2.1587692809572845,3.668793960568372,2.980480908744093,1.1669595593751916,-0.9431081927745372,-2.9671301031367268,-4.968360036146056,-7.285962298721243,-10.17157953941815,-13.614348843657272,-17.376005067485224,-21.093527321882288,-24.39726988063263,-27.00683658927821,-28.78111906563402,-29.7210508613308,-29.939166828868863,-29.61281332163054,-28.93307505148608,-28.05802105336022,-27.07283799646712,-25.96318153898933,-24.62688164894066,-22.928549942930815,-20.75144670441109,-18.0245180157634,-14.7353440177976,-10.935119702702575,-6.731770420146686,-2.2730084467556297,2.273023776776648,6.731785983888688,10.935135570213312,14.73536013932897,18.02453444760156,20.751463030908685,22.928566560158263,24.626898551117065,25.9631983622094,27.07285697838922,28.058038260708837,28.933090742125373,29.61282946358149,29.939182081239803,29.7210643699438,28.781130746880624,27.00684655209696,24.397278601490573,21.09353251719965,17.37600976214736,13.614353548361072,10.171580457319822,7.285970867824078,4.968369848577948,2.967129786325822,0.9430962720948056,-1.1669671590021626,-2.980450954647987,-3.6688318514462295,-2.158804022441539,1.910426919953217,7.927065405000087,15.790628714738638,27.26317955923185,43.36300736428958
-43.32226335337704,-27.22942224982567,-15.763935166323078,-7.908615157385132,-1.891566396845905,2.1744404928725616,3.6730173259201577,2.975269890066384,1.1560205146619011,-0.956821839202634,-2.981640536436996,-4.982671583972468,-7.299713822099097,-10.18510377645006,-13.628741305484525,-17.392560814634027,-21.11309101058928,-24.420027321405907,-27.032472265239605,-28.808997664574665,-29.75034354588146,-29.969012219526974,-29.64252215099968,-28.96230840141659,-28.08681583563608,-27.101447353290823,-25.991878325649783,-24.655815338500968,-22.95758399892287,-20.77996264644001,-18.05134812490582,-14.75889725023119,-10.953639591223654,-6.7436495304287245,-2.277104407970291,2.2771200450411526,6.743665407109138,10.953655783726708,14.758913716545791,18.05136489627785,20.779979319302,22.95760107181689,24.65583258472848,25.991895408351606,27.101466825105163,28.08683349147299,28.962324514777084,29.64253872391373,29.969027840133197,29.750357361608724,28.80900955244135,27.032482310449804,24.42003595768984,21.113096091034556,17.39256534533884,13.628745788536383,10.18510468960861,7.299721754309163,4.982680987970953,2.981640120147529,0.956810215882377,-1.1560286028728006,-2.975241466167107,-3.673054639387454,-2.174475869596898,1.891519396278279,7.908569379704761,15.763887175273291,27.22937196094452,43.322207623854574
-43.280578105105896,-27.19522418519515,-15.737110544132388,-7.89007500421829,-1.8726903067565777,2.18997229658983,3.6771146156711647,2.9699893221885203,1.1450706070564904,-0.9705187795715516,-2.9961432753178503,-4.997005166259422,-7.31352296961957,-10.198705137131626,-13.643191739850655,-17.40911411313843,-21.132566919941308,-24.442610236003578,-27.05786475262713,-28.83659345386759,-29.779344488640053,-29.99858139615011,-29.67198295167887,-28.99132170458888,-28.115407319103543,-27.12985414147691,-26.020357888377404,-24.68450505334686,-22.98634141919182,-20.808174184324088,-18.077863461328903,-14.782153229566504,-10.97191302491412,-6.755365266304109,-2.281143068028084,2.281159018813228,6.755381463143922,10.971929553026998,14.782170050984044,18.077880580415677,20.808191222291203,22.98635896327753,24.684522651485413,26.020375245138936,27.12987408355224,28.11542541089071,28.99133823036173,29.671999936725957,29.998597356689807,29.779358557673977,28.83660549905829,27.05787486757117,24.44261877881813,21.13257185975782,17.40911845550285,13.64319599098197,10.198706009404216,7.3135303006327215,4.997014150984585,2.996142762302177,0.9705074107173896,-1.1450791723966396,-2.9699624442127304,-3.677151347086295,-2.190008263993279,1.8726429890994436,7.890028877667981,15.737062166421916,27.195173397415918,43.2805218311333
-43.238031806211445,-27.160647505239563,-15.71020805477059,-7.871493284234939,-1.8538453917191464,2.205367828292338,3.6810892748114656,2.964641446727009,1.1341096728859568,-0.9842007906391884,-3.010640412323241,-5.01136235322859,-7.327390595265547,-10.212384240689191,-13.657701434211257,-17.42566769450241,-21.151959642916616,-24.46502539043487,-27.083022636039573,-28.863915723606308,-29.808062504554837,-30.027881625397804,-29.701201115934847,-29.02011875321931,-28.143798398940763,-27.15806095637037,-26.04862329268925,-24.71295474424206,-23.01482749622186,-20.83608788481843,-18.10407162992881,-14.80511945250138,-10.989946298023998,-6.766921529080196,-2.285125867597306,2.28514213283429,6.766938047368768,10.989963163612256,14.805136633257105,18.10408910207046,20.83610529173099,23.01484551295338,24.712972693265016,26.048640923508835,27.158081386453013,28.14381691893229,29.020135660930155,29.701218495449705,30.027897920467165,29.808076828420628,28.8639279135708,27.083032787129163,24.465033829628528,21.15196445734762,17.425671865929843,13.65770546059718,10.212385046650756,7.327397350103065,5.01137091128988,3.01063980915236,0.9841896903812548,-1.134118684220122,-2.9646161054160887,-3.681125416130013,-2.2054043854352527,1.8537977567534176,7.871446808084488,15.710159285495283,27.160596211284,43.23797497938769
-43.19466239479867,-27.12570925724712,-15.683233379422624,-7.852872129241896,-1.8350313026156728,2.2206300879677863,3.684944323081465,2.959228008461835,1.1231376425203092,-0.9978690546862534,-3.0251330903268063,-5.025743589183831,-7.341316418150903,-10.226140857148687,-13.67227168394946,-17.44222592783424,-21.171277490548157,-24.48728456392894,-27.107959726505012,-28.89097861707345,-29.836510735630345,-30.056924535784347,-29.730186612752647,-29.04870814336669,-28.171996903065523,-27.18607543987045,-26.07668252841221,-24.74117306258151,-23.04305161978212,-20.863713598465917,-18.12998233522967,-14.827804881310389,-11.00774677558843,-6.778323419082895,-2.289054572164234,2.2890711447735965,6.778340251920372,11.007763969204577,14.82782240926641,18.130000151878225,20.86373137203761,23.04307011246485,24.741191352090773,26.07670041243595,27.186096371226498,28.17201584303367,29.048725418443023,29.73020438423068,30.056941158136997,29.836525303592857,28.890990938130685,27.10796991373413,24.487292917049835,21.17128218282586,17.4422299352422,13.672275500984936,10.226141578181643,7.341322616425366,5.025751723674302,3.0251324001805933,0.9978582242055812,-1.123147043659784,-2.9592042565809145,-3.684979825928181,-2.220667247657309,1.834983358877257,7.852825312098812,15.683184225127992,27.12565746075513,43.19460501531442
-43.1505009579688,-27.090425151243043,-15.656193027283395,-7.834214404340382,-1.81624818980986,2.235761992471874,3.6886828952780335,2.95375108987621,1.1121548441933289,-1.0115243644426477,-3.039621879178908,-5.040148619801474,-7.355299259440087,-10.239973612287937,-13.686902139199407,-17.45879059353151,-21.190525096873102,-24.50939507203692,-27.13268521192894,-28.917791874750503,-29.864698227062583,-30.08571771911492,-29.75894549172594,-29.077094597392584,-28.20000650907425,-27.21390117092267,-26.10453948174758,-24.76916487956624,-23.07101964413749,-20.891058272402635,-18.155602990937965,-14.85021678023456,-11.025320625108655,-6.789575043006877,-2.2929305636948256,2.292947446244467,6.789592193483127,11.025338154937556,14.850234671129792,18.155621167748283,20.89107642125451,23.07103861018223,24.76918351694088,26.10455765226781,27.21392259773813,28.20002585902388,29.07711222052412,29.75896363097225,30.085734643201075,29.864713015060797,28.917804305128872,27.132695400408235,24.50940330097461,21.190529648941013,17.458794443374252,13.686905745355238,10.239974213790138,7.355304935889921,5.040156294419229,3.039621075165279,1.011513772818892,-1.1121644920909763,-2.9537290551100845,-3.6887177343569366,-2.235799741970078,1.816199975217092,7.834167281884176,15.65614352073306,27.09037288068325,43.15044305646402
-43.1055768444992,-27.054807863690247,-15.629091317696982,-7.815521983913206,-1.7974954955398383,2.250766595457274,3.692307942922393,2.9482122837403995,1.1011608831800652,-1.0251683256898203,-3.0541085590016834,-5.054578701042588,-7.369339725854113,-10.253883014716475,-13.701594208319944,-17.475365306806545,-21.209708936171698,-24.53136614636433,-27.15721025487305,-28.944367287821407,-29.892636149852127,-30.11427115402092,-29.78748629709385,-29.10528535046445,-28.227833819502436,-27.24154453794546,-26.13220100447833,-24.796937686963588,-23.09873997196938,-20.918130922621952,-18.180942843979647,-14.872363825305074,-11.042674976434071,-6.800681263694022,-2.296755593003596,2.2967727733451464,6.800698720555836,11.042692829978272,14.872382066455456,18.18096136579397,20.918149437368477,23.098759418964303,24.796956660860427,26.13221942663368,27.2415664922925,28.227853578008222,29.10530330566059,29.78750481339064,30.114288393852043,29.89265115803077,28.94437981726271,27.15722044902973,24.53137427685296,21.209713350075248,17.47536900700938,13.701597629959624,10.253883449198115,7.369344882694097,5.054585904400828,3.054107654175785,1.025158004313075,-1.1011706629663214,-2.9481921864794,-3.6923420046696807,-2.250804944961868,1.7974470148349388,7.815474565448592,15.629041466713806,27.054755123079104,43.10551842686974
-43.05994839020722,-27.018879444206732,-15.601933149418237,-7.796795632845288,-1.7787714523185862,2.2656474813299505,3.6958229121778334,2.942614968872949,1.090158507840458,-1.0387979571594337,-3.0685890351091136,-5.069028359747511,-7.383431213300364,-10.267862579001548,-13.716344356278634,-17.491952000874768,-21.22883819812885,-24.553212647935805,-27.181552438190536,-28.97072233659105,-29.92033993212994,-30.14259916713143,-29.815822940547733,-29.133293665843908,-28.25549126961949,-27.26901862515924,-26.159680864503542,-24.824506602333084,-23.126228123049252,-20.94494709072238,-18.206015899580294,-14.894258739856992,-11.059820210626228,-6.8116503679321285,-2.300532500347104,2.3005499553081634,6.811668106468211,11.059838366322348,14.894277312964746,18.206034738485037,20.9449659321783,23.126248030594585,24.82452588306059,26.15969949239512,27.26904109643897,28.25551141725825,29.133311931655168,29.81584183236613,30.142616701673997,29.9203551522944,28.97073499515867,27.181562669237877,24.5532206799954,21.2288424516488,17.491955566690113,13.716347687989073,10.267862661849298,7.383435926570231,5.069035132616113,3.068588088719313,1.0387878422176655,-1.090168416795044,-2.9425968015291675,-3.695856220025227,-2.265686285878032,1.7787226982903257,7.796747943070224,15.601882998127849,27.018826266116907,43.05988948694177
-43.01352884559645,-26.982618719569185,-15.574722522838682,-7.778042592926036,-1.7600820601060665,2.2804047130121665,3.6992288757778455,2.9369571894962263,1.0791397733514103,-1.0524266525302357,-3.083079982545835,-5.083515774596208,-7.397592061207806,-10.281928719815928,-13.731163247429544,-17.508550151576593,-21.247897989767427,-24.574911016741773,-27.205686735382663,-28.99683560185712,-29.947793883493585,-30.170684102646486,-29.843933087271083,-29.16109426424358,-28.282951572060348,-27.296293933852457,-26.1869484206437,-24.85184056993405,-23.15345540105176,-20.971482654944506,-18.230805894893734,-14.915889055650684,-11.076747523564784,-6.822471038004262,-2.304257491608431,2.304275266094848,6.822489107169791,11.076766029280272,14.91590800838413,18.230825118833472,20.9715019074316,23.153475797468538,24.85186019663645,26.186967350997797,27.296316879698857,28.28297211930245,29.16111281730342,29.843952284441222,30.17070187753362,29.947809250817517,28.996848303470024,27.20569689792953,24.57491886298322,21.247902066906963,17.508553554027685,13.73116632766062,10.281928652038236,7.397596364548607,5.083522041398526,3.083078870425303,1.0524166001276123,-1.079149659137198,-2.9369408196639477,-3.699261464456219,-2.2804439868510604,1.7600330875408865,7.777994657425206,15.574672070001135,26.982565111258904,43.01346946768624
-42.96645454364046,-26.94606967780738,-15.547464046460934,-7.759259778764783,-1.741421212070942,2.295043383676004,3.702530276778162,2.931243903932032,1.068112827952922,-1.066042825895312,-3.097566567452427,-5.098023379866957,-7.411803048231341,-10.29606363628149,-13.74604010685769,-17.52516374407754,-21.266911284485364,-24.59649761777256,-27.229654436074235,-29.02274607176872,-29.97503058269732,-30.19855840897189,-29.871850827781877,-29.188721777107556,-28.31025087330506,-27.323408209912596,-26.214043497992765,-24.87898093304045,-23.180463171898907,-20.99777618045537,-18.255344779497296,-14.93728242985844,-11.0934784665932,-6.833163118097642,-2.307937402649627,2.30795547918838,6.833181499590303,11.093497306562243,14.9373017458298,18.25536436524694,20.99779582360193,23.18048406537653,24.879000905943528,26.2140626938995,27.323431669319017,28.310271830278733,29.188740633570763,29.871870373376296,30.19857645512704,29.97504611314181,29.02275882781062,27.229664559860492,24.59650532133602,21.266915175932954,17.52516698199196,13.746042968321,10.296063371042958,7.411806880533245,5.098029085492523,3.0975652828408444,1.0660329466357812,-1.0681224058243153,-2.9312299715404526,-3.702561900106189,-2.2950832131418712,1.7413720555729093,7.759211627234613,15.547413319024836,26.94601566221361,42.96639470974566
-42.91870605509529,-26.9092300508112,-15.520160464959538,-7.740450407105315,-1.7227907144574914,2.3095652627873173,3.7057288688681913,2.925475363372464,1.057074266700089,-1.0796524900698068,-3.1120559597848136,-5.112558551528295,-7.426071212887202,-10.310273594163904,-13.760979574853556,-17.541794299647794,-21.28587570011983,-24.61796816843374,-27.2534515255117,-29.048451468316465,-30.002049862248263,-30.22622062536744,-29.899572508262047,-29.216170913699937,-28.33738199590064,-27.35035361036123,-26.240957801585616,-24.90591987021015,-23.207244501666096,-21.02382277239849,-18.279630590346823,-14.958438072870813,-11.110013030561966,-6.84372450361027,-2.3115715371578447,2.311589900449362,6.843743183401593,11.110032193709172,14.958457747371616,18.27965052992079,21.02384279156788,23.20726588278755,24.90594017720064,26.24097724946556,27.350377586914,28.33740334975789,29.2161900384136,29.89959237496216,30.22623893215865,30.00206555603885,29.04846426155234,27.25346157580833,24.617975703529947,21.28587939961884,17.5417973840107,13.760982218070168,10.310273124979949,7.426074593994007,5.11256368009093,3.112054472050911,1.079642749711595,-1.0570834617907268,-2.92546395305761,-3.705759451363624,-2.309605577250262,1.722741407354545,7.74040208442298,15.52010950094218,26.909175662973592,42.9186458024984
-42.870338261004655,-26.87212033744477,-15.492816735430154,-7.721615514000298,-1.704188972646366,2.323973341456964,3.708827751857597,2.919653914888426,1.0460266493703758,-1.0932526618922909,-3.1265441489948205,-5.127115940856236,-7.440390061212161,-10.324552053419737,-13.77597743724763,-17.558442743913506,-21.30479915323398,-24.63933608957431,-27.277094375918225,-29.07396807319189,-30.028865549733204,-30.25368361046568,-29.927110598273213,-29.243453569118778,-28.36435702332186,-27.377142660035314,-26.2677049565945,-24.932672113761924,-23.233815101963348,-21.04963828665141,-18.30367782758525,-14.97936935488696,-11.12636212746612,-6.854164154626507,-2.315163036153607,2.315181668482424,6.854183113286786,11.126381600416885,14.979389379015208,18.303698101901077,21.0496586531931,23.23383698091515,24.932692738898915,26.267724579175912,27.37716724249732,28.364378777368184,29.24347292514116,29.927130806515347,30.253702205722668,30.028881428000467,29.07398092847824,27.27710438576211,24.639343475737267,21.30480265698796,17.55844573302516,13.775979935069936,10.32455134277786,7.44039294193472,5.127120449998355,3.126542442859721,1.093243207614892,-1.046035117128829,-2.919645690697882,-3.708856908035469,-2.324014296407353,1.704139504989155,7.721567011298814,15.492765522425264,26.872065565267075,42.87027758055875
-42.82136752442387,-26.834748568731733,-15.465436067081685,-7.70275692429875,-1.685616089810676,2.3382697766680707,3.711828633202763,2.913780334099334,1.034968650376182,-1.1068456203129329,-3.1410333800868586,-5.141697244765261,-7.454760569607162,-10.338899623537625,-13.79103467870397,-17.57511109699316,-21.323685230273977,-24.660606783274737,-27.300589889995063,-29.099303510422583,-30.05548508621129,-30.2809535715931,-29.954470060553977,-29.270573684951437,-28.391179001424756,-27.40377840182928,-26.29428824012218,-24.959241725413303,-23.26017985299704,-21.07522862993676,-18.32749301529789,-15.000082739584611,-11.142531346361611,-6.864485471245987,-2.318713108794263,2.3187320012326724,6.864504702281335,11.142551114982163,15.000103094441412,18.327513614937885,21.07524934493304,23.26020225358836,24.95926264195369,26.29430794653727,27.4038036107018,28.391201161524183,29.27059325381627,29.954490596469054,30.280972413313705,30.05550112518812,29.09931645538645,27.30059988853685,24.66061402829604,21.32368852787529,17.57511401577502,13.791037054756012,10.338898653720054,7.454762957915259,5.1417011424072605,3.141031481846999,1.1068365085675254,-1.0349763057613282,-2.9137755056857824,-3.711856188862444,-2.3383113903447,1.6855664583420729,7.702708248175463,15.46538460793317,26.834693413387686,42.82130641612425
-42.771803684284855,-26.79712009093478,-15.438020224697455,-7.683876045836516,-1.667071717195605,2.352457190335673,3.714734289100082,2.907856882476211,1.023900865122406,-1.1204318906116608,-3.1555243422246635,-5.156302728609648,-7.469182375732626,-10.353315595034672,-13.806150791922754,-17.59179955400226,-21.342535146546272,-24.681782718253427,-27.323941999616,-29.12446281747357,-30.081913725734093,-30.308035269206176,-29.98165476652162,-29.29753401533471,-28.41784986537143,-27.43026231042808,-26.32070956696395,-24.985631110991527,-23.286342085805696,-21.100597971611823,-18.35108095466994,-15.020582955743595,-11.158524665184004,-6.874691020591735,-2.322222706524461,2.322241848377561,6.874710514023419,11.158544717973204,15.020603633456885,18.35110185966436,21.100618989831176,23.28636508972883,24.985652280447724,26.32072908130051,27.430288380075883,28.417872403836547,29.297553659645,29.981675644468258,30.30805435409796,30.08192990456065,29.124475843126103,27.323952001481786,24.681789852348025,21.34253825150774,17.591802426670096,13.806153054825996,10.353314338348754,7.469184322212317,5.156306041652787,3.155522270770831,1.1204231330596983,-1.0239076678571466,-2.907855439488856,-3.714760255471655,-2.3524994694824173,1.6670219364643046,7.683827218567335,15.437968541150685,26.797064567639723,42.77174215761201
-42.72167839518219,-26.759246542577014,-15.410572020972165,-7.664973912760908,-1.648555187070086,2.366537803128196,3.7175463848273806,2.901885574900388,1.0128238221140031,-1.1340108719642836,-3.1700157607643,-5.170930151499632,-7.48365231557645,-10.36779661933787,-13.821323756492813,-17.60850908435287,-21.36135397203878,-24.70287247825745,-27.34716152470043,-29.149457053390226,-30.108160982323557,-30.334937274192235,-30.008672686650105,-29.324342088890152,-28.44437720384112,-27.456602259580688,-26.34697789282365,-25.011850153182262,-23.312312752816005,-21.1257579099744,-18.374452955267227,-15.040880574718976,-11.174350815806172,-6.8847874474935615,-2.325694267373273,2.3257136377490903,6.8848071814660186,11.17437112995961,15.040901566095432,18.374474133882565,21.125779149421607,23.312336523518717,25.01187152522254,26.34699673533945,27.456629657924903,28.444400104195328,29.324361572439496,30.00869393754631,30.334956599410056,30.10817727984244,29.149470138760336,27.34717151144361,24.70287950486156,21.36135693959003,17.608511894764217,13.82132584341942,10.367795100496071,7.483654004497708,5.170933016353221,3.170013549771651,1.1340022579819942,-1.012830253378782,-2.9018863823424046,-3.717571343495041,-2.3665805971481206,1.6485052489059473,7.664924936572787,15.410520118913643,26.759190653189187,42.72161644973111
-42.670981180888575,-26.721129458638245,-15.383094662066348,-7.646053424141503,-1.6300680479641276,2.380513418942606,3.7202667095756072,2.8958663793845125,1.0017347263051126,-1.1475874026386104,-3.18451338236442,-5.185585348676734,-7.498175918629736,-10.382347540080472,-13.836557289084496,-17.625241390754873,-21.38014075665856,-24.72387425765757,-27.370246860076705,-29.174286221926604,-30.13422959432904,-30.36166157572422,-30.0355235172336,-29.350995900641184,-28.47075764298159,-27.482793747416952,-26.37308782391161,-25.037893040014705,-23.33808630296154,-21.150703807523477,-18.39760640306003,-15.060973682427363,-11.19000879845864,-6.894772178304751,-2.3291267700586387,2.329146348205626,6.894792131741247,11.190029351935095,15.060994971893818,18.39762782475863,21.15072521370487,23.33811099420669,25.037914560980965,26.37310563060445,27.48282282447924,28.47078093798432,29.351015023671597,30.03554516245475,30.361681112135333,30.134245948667896,29.17429934582744,27.37025681810064,24.72388115264215,21.38014361867377,17.625244119271002,13.836559134751113,10.38234583507058,7.498177462669991,5.185587889995263,3.184511060455422,1.1475788056653762,-1.001741297023789,-2.8958683036974224,-3.7202912813378486,-2.3805565516674734,1.6300179542617788,7.646004308680892,15.383042552985565,26.721073209838806,42.67091882050025
-42.61975266525268,-26.68278234877573,-15.35559085739561,-7.62711518328947,-1.6116093544768069,2.394386017245936,3.7228969835811063,2.8897996372381707,0.9906340877638176,-1.161160816641967,-3.1990156516765587,-5.20026560842221,-7.512749410518682,-10.396964364375387,-13.851849145325222,-17.64199843238716,-21.398903185680663,-24.744800328098652,-27.39321283181573,-29.19896493888478,-30.16013182903496,-30.388219166496143,-30.062217665284557,-29.377505561604625,-28.49700155947532,-27.508847797850315,-26.399051429579583,-25.06377308442965,-23.36367715316303,-21.175450726666934,-18.420555750041952,-15.08087579417534,-11.205509804586908,-6.904653880787784,-2.3325233697657355,2.3325431373279333,6.90467403254149,11.205530581637795,15.080897378122536,18.420577377031982,21.175472234207938,23.3637029524027,25.06379468541113,26.399067803915923,27.508878954978982,28.497025295358164,29.37752411136042,30.06223972513064,30.388238909004738,30.160148218832703,29.19897807877896,27.393222718047323,24.744807090472424,21.398905967826096,17.642001071757182,13.851850746785733,10.396962515520334,7.512750822503973,5.200267875244199,3.19901323382261,1.161152224816268,-0.9906409433500624,-2.8898023885979947,-3.722921312496027,-2.394429387621366,1.6115591145127297,7.627065943933163,15.355538553277016,26.68272574840188,42.61968989923262
-42.56799769209342,-26.644209352330893,-15.328062630854264,-7.6081608957494495,-1.593179564691978,2.4081573415782014,3.725439024546829,2.8836860526458823,0.9795212133808602,-1.1747329618050837,-3.2135247230094124,-5.21497282591241,-7.52737417088149,-10.411648038880156,-13.86720011442761,-17.65878104750586,-21.41764223550982,-24.76565247610449,-27.41606210210484,-29.2234968702156,-30.185872357366005,-30.414614133656983,-30.08875790053947,-29.403872792753152,-28.523109981652844,-27.534765271292205,-26.42486916826577,-25.08949108822421,-23.38908666030644,-21.20000062295324,-18.443303842170057,-15.100589820396184,-11.220856470170766,-6.914433699802431,-2.3358844350142283,2.3359043833370303,6.9144540399535535,11.220877459725784,15.100611692243112,18.44332565424212,21.20002222230895,23.389113646840336,25.089512700378496,26.424884041581485,27.534798563838567,28.523134225126217,29.403890681589747,30.08878037457512,30.414634065355443,30.185888742457006,29.223509996212304,27.416071927383435,24.76565911802312,21.41764495243305,17.658783595977344,13.867201479964187,10.411646099468015,7.527375440608765,5.214974827838152,3.2135222249142417,1.17472442127808,-0.9795283005990594,-2.8836895370369726,-3.7254632404764174,-2.4082009593574,1.5931291833641827,7.608111533345961,15.328010135095408,26.64415240235241,42.567934520148206
-42.51569930923954,-26.605410396773,-15.3005123441797,-7.589192882457215,-1.5747790994791933,2.421829387691814,3.727894595520468,2.8775255190412548,0.9683932373630394,-1.188308991001782,-3.228046905863464,-5.229713656934791,-7.542056732335988,-10.42640456025944,-13.88261481473309,-17.67559121385255,-21.436356398749474,-24.78642712312111,-27.43879076096356,-29.24787975224371,-30.21145143365125,-30.44084682733063,-30.11514306841565,-29.43009442472645,-28.549077871746263,-27.560539679693825,-26.450533338883936,-25.11503881802321,-23.414306425265774,-21.22434536618943,-18.465843717881587,-15.12010954249239,-11.236043637896127,-6.9241069232851205,-2.3392081266154534,2.339228237684882,6.924127433655855,11.23606482088778,15.120131685928923,18.46586569760517,21.22436706718156,23.414334589945348,25.11506038076223,26.450546817470546,27.56057500169037,28.549102675968943,29.43011162990813,30.11516591159717,30.440866932137247,30.21146777479482,29.24789283809288,27.438800523591823,24.786433639822576,21.43635905101835,17.675593671282034,13.882615969008896,10.426402584149784,7.542057848838868,5.229715405013177,3.228044328475853,1.1883005226218128,-0.9684004892354524,-2.877529708395443,-3.727918738056844,-2.4218731988566637,1.574728586325355,7.589143409610068,15.300459665001052,26.60535310211128,42.515635737030806
-42.46290731645921,-26.5663996734408,-15.272941719396655,-7.570211138639232,-1.5564068901105526,2.4354039840308928,3.730265402141913,2.871319729323015,0.9572523653921242,-1.2018856485559888,-3.2425774822140943,-5.244481888051479,-7.556789631855874,-10.44122635926995,-13.89808806152334,-17.692429246136825,-21.45505354827021,-24.80713798533321,-27.46141566557824,-29.27212982023747,-30.2368818674077,-30.466928648321165,-30.1413845814086,-29.45618233018582,-28.574918068007445,-27.586185193806877,-26.47605998216452,-25.140434058831374,-23.439355760061957,-21.24850511592855,-18.48819459863336,-15.139452916676367,-11.251086185928408,-6.9336852428917926,-2.3424987688172485,2.342519021252001,6.933705900968431,11.2511075375994,15.139475309305526,18.48821670936558,21.24852689732115,23.439385175207203,25.140455512731396,26.47607195472789,27.58622265093555,28.57494349316569,29.45619875748574,30.14140777369448,30.466948903468232,30.236898139169583,29.272142860708733,27.461425345271024,24.80714439722117,21.455056190964527,17.692431656231697,13.89808905740438,10.441224408925034,7.556790619048561,5.244483416515424,3.2425748590500105,1.2018773139696384,-0.9572596818541216,-2.8713245777442338,-3.730289461270211,-2.4354480049522538,1.5563561989299617,7.570161508781099,15.27288880186022,26.56634198015593,42.46284328764291
-42.40959777061976,-26.527175683458037,-15.245353264112802,-7.551218199808397,-1.5380637716715877,2.4488826977754785,3.732552732379756,2.865068098980927,0.9460950112874402,-1.215469049229702,-3.257124028443255,-5.259285735523622,-7.571581194823629,-10.45612122438699,-13.913625747627036,-17.709297215071732,-21.47373063100722,-24.82777880558685,-27.483929480857736,-29.29624150924712,-30.262161601973645,-30.492857931472116,-30.167479192740224,-29.48213117904356,-28.60062323621892,-27.61169294952349,-26.501438371321544,-25.16566519215284,-23.46422255648993,-21.27246781846725,-18.510345870868345,-15.158610378351623,-11.265976285145475,-6.943161702178476,-2.345753668234308,2.345774022029049,6.943182465383455,11.265997766059106,15.15863297876128,18.510368074201416,21.2724897093918,23.464253104327184,25.16568650335892,26.50144918972182,27.61173217013672,28.60064932156588,29.48214689997722,30.167502617475257,30.492878284957527,30.262177749147927,29.296254447677263,27.483939055263345,24.82778514640052,21.473733305699977,17.709299614051695,13.913626649608265,10.456119376869834,7.571582096315049,5.259287111174028,3.2571214188914834,1.2154608934019848,-0.9461022904688194,-2.865073537404515,-3.732576703312193,-2.44892690388071,1.538012880695062,7.551168397697677,15.245300077717422,26.527117559171675,42.40953325317111
-42.35580996729962,-26.48774941268495,-15.217748006976844,-7.532213945283284,-1.5197485323063555,2.462267371952269,3.73475812335947,2.858771797705052,0.934922561571076,-1.229057201120102,-3.271683369329108,-5.274120738352634,-7.586425828611295,-10.471083377906982,-13.929224068268686,-17.72619591790101,-21.49239479519064,-24.8483613294994,-27.50634662794764,-29.3202287943598,-30.28730129386232,-30.518644134704555,-30.193436449542297,-29.507950597533892,-28.62620379034666,-27.63707451059177,-26.52668138957087,-25.190746867701503,-23.488922999342712,-21.29625031196517,-18.53231352923797,-15.17759679494918,-11.280726011747664,-6.952545921438981,-2.3489763607828587,2.348996953752435,6.952566940037537,11.280747781506172,15.177619749826292,18.532335957684005,21.296272465374983,23.48895452097354,25.19076798725471,26.526691580413388,27.63711498257077,28.626230622763376,29.507965983879625,30.193460285451923,30.518664869282425,30.28731761277286,29.32024184977985,27.506356159209236,24.848367449556967,21.492397230927157,17.72619799418869,13.929224598875534,10.471081378336129,7.586426330788375,5.274121612875743,3.271680386642572,1.2290487974662176,-0.934930077944279,-2.8587782323368565,-3.73478208130288,-2.4623116352990846,1.5196976504394086,7.53216416119516,15.217694818187791,26.487691111943366,42.355745224697024
-42.30155655693234,-26.448126536669967,-15.190127555902947,-7.513199352833942,-1.5014607135405107,2.475559842210977,3.736882768556319,2.8524309244962094,0.9237337747242804,-1.242651713001353,-3.286257060804434,-5.288987947448926,-7.601323983114014,-10.486112880162162,-13.944883381827488,-17.74312666304613,-21.511048712207792,-24.86888958210436,-27.52867219786054,-29.344097221813808,-30.312306223397748,-30.544291924899937,-30.21926033580208,-29.533643932035854,-28.651662702504108,-27.662332607071605,-26.55179209988168,-25.215682445491044,-23.513460895842368,-21.319856793288125,-18.55410182390379,-15.196416211043768,-11.295338792543166,-6.961840218326122,-2.352167598624899,2.352188784514853,6.961861879106769,11.295361271071322,15.19643992198158,18.55412481053105,21.319879470139004,23.513493276227663,25.215703303146533,26.55180203591178,27.66237401408609,28.65169038611055,29.533659571437784,30.2192851747312,30.54431384493841,30.312323504621457,29.34411088682152,27.528681751323777,24.86889511271897,21.511050207850456,17.743127576141,13.944882716672826,10.486109946203651,7.601323188357274,5.2889874088977,3.286252712986685,1.2426420750233536,-0.9237427185876528,-2.852439227856852,-3.7369070175876624,-2.4756036892471944,1.5014105037346923,7.51315020654423,15.190075189302256,26.44806885484277,42.30149242124267
-42.24685153906543,-26.4083132087032,-15.162494103500327,-7.494175866093008,-1.4832006192855445,2.488761284723228,3.7389279747276967,2.846046201591399,0.9125285273393028,-1.2562533144397598,-3.300845710538572,-5.303887502520836,-7.616275195368438,-10.501208974512416,-13.96060326943442,-17.760090199718515,-21.529694867357197,-24.889367803345124,-27.55091182453888,-29.367853090980866,-30.33718253304877,-30.569806795362958,-30.244955443166635,-29.559215202109133,-28.67700347306962,-27.68747051263808,-26.57677442640864,-25.240476073309438,-23.537840958730843,-21.34329265353529,-18.57571637519372,-15.215074001694893,-11.30981920218605,-6.9710478137323015,-2.355328662761212,2.3553504146837003,6.9710700912831705,11.309842362120383,15.215098437647075,18.575739883926868,21.34331582984111,23.537874171655464,25.240496673834706,26.576784009890616,27.68751290718311,28.677031967441945,29.55923107147065,30.244981285725316,30.569829908686312,30.33720075225888,29.367867344786813,27.550921403641293,24.889372755415398,21.529695407269998,17.760089937364107,13.960601420131368,10.501205131007929,7.616273078678837,5.303885539757797,3.3008399782721383,1.2562424562225376,-0.9125388648154814,-2.8460563699393284,-3.738952480569118,-2.4888046752657997,1.4831511311391183,7.494127402693882,15.162442606703516,26.408256192626656,42.24678806519884
-42.19171989873736,-26.36831709859923,-15.134849390182588,-7.475144503391142,-1.4649681161077068,2.501873016404015,3.7408947168767663,2.8396178649760686,0.9013065485800223,-1.2698621672241108,-3.3154487489606126,-5.318817894969309,-7.631277038125051,-10.516368900243087,-13.976382103332709,-17.777087796638526,-21.54833858196912,-24.909804652708956,-27.573076229783958,-29.391507254746458,-30.36193944802585,-30.59519673171756,-30.27052908744247,-29.584671183899783,-28.702232841984184,-27.712495362679523,-26.60163615717604,-25.265136604579208,-23.56207314805608,-21.366568645494816,-18.59716783435457,-15.23358028213534,-11.324175768359831,-6.980174988705687,-2.3584618764914094,2.358484151265264,6.980197838410841,11.324199565673464,15.233605401001876,18.597191827129425,21.366592292302524,23.56210711944416,25.26515691942173,26.601645361198543,27.712538708111826,28.702262121868483,29.58468730019029,30.270555912728145,30.59522103810019,30.36195862366266,29.391522116383346,27.57308583714302,24.90980901725801,21.54833815485373,17.777086334751246,13.976379056868256,10.516364155559842,7.631273554521449,5.318814481092802,3.3154416176079327,1.269850096243483,-0.901318264687432,-2.8396299244962413,-3.740919491508136,-2.501915913492813,1.4649194497517692,7.475096813439134,15.134798869750286,26.36826085508888,42.191657193348846
-42.136160853286505,-26.328141373612493,-15.107195780064623,-7.456107345308644,-1.4467636879377546,2.514896764534201,3.742784715452476,2.833146401259488,0.8900665897389454,-1.2834807095319238,-3.3300690299636595,-5.333781887078564,-7.646331917731611,-10.53159461792949,-13.992221202212995,-17.794119756656535,-21.566978782436067,-24.93019880791861,-27.595164092644527,-29.415059462972987,-30.386578868417857,-30.620463553180198,-30.295981976035048,-29.610011213934563,-28.727349039114745,-27.737404774379726,-26.626373697483967,-25.289660311519416,-23.586153787704006,-21.389681295782,-18.618453582931373,-15.251932929108795,-11.33840705437891,-6.98921978831519,-2.361566398140379,2.361589129256955,6.989243140088968,11.338431420500232,15.251958649868897,18.618478020060262,21.389705451098507,23.58618821613315,25.28968037548171,26.62638313381212,27.73744839184697,28.727379073730532,29.6100277941557,30.296009606676837,30.620488935833112,30.386598939455077,29.415074893780247,27.59517372045281,24.930202615497656,21.56697746403025,17.794117187752448,13.992217059073024,10.53158907168314,7.6463271440372464,5.333777117081668,3.330060612550801,1.2834675674429443,-0.8900795635714602,-2.833160216893704,-3.742809680597385,-2.5149391783031283,1.4467157915791329,7.456060379276202,15.107146166232123,26.32808583900653,42.136098838619816
-42.080185686795325,-26.28778949378143,-15.07953319117282,-7.437064415424722,-1.4285869254329582,2.5278334750471894,3.744599165916165,2.826632955942901,0.878809532106363,-1.2971082616945735,-3.344705796780904,-5.348778338019829,-7.661438259326992,-10.5468842690768,-14.008119286736123,-17.811186215851396,-21.585617769670773,-24.95055383106258,-27.617180709696065,-29.438515694556347,-30.4111052300859,-30.64561158786736,-30.321318640971715,-29.635239507911,-28.752356362458265,-27.76220341248973,-26.65099229494251,-25.31405326805222,-23.61009001767007,-21.412638076265225,-18.63958087373263,-15.270138601194487,-11.352518143749332,-6.998186498226104,-2.364644017201301,2.3646667156659427,6.998209824862136,11.352542510516807,15.27016434845225,18.639605327067272,21.412662551535217,23.610124437712017,25.314073250457646,26.651002711295533,27.76224640531048,28.752386940848357,29.63525636906264,30.321346143846007,30.645637064845225,30.411125286675105,29.43853105490841,27.617190240323247,24.9505575423199,21.585616417003216,17.81118352545801,14.008115024576083,10.546878961777676,7.661433072021444,5.3487732677042805,3.3446972899230425,1.2970954593423458,-0.8788224650091283,-2.826647603349888,-3.7446238604852,-2.5278758934576278,1.4285391344507496,7.437017545811491,15.079483613401717,26.287733836346096,42.080123497667856
-42.02376821390327,-26.247259732570377,-15.051862992006372,-7.418017085059449,-1.410438114150868,2.540685578607658,3.74633986834286,2.820077726419405,0.8675326533645541,-1.3107498090163865,-3.35936533237519,-5.363814244910475,-7.676603234837695,-10.56224478616566,-14.024080788055048,-17.82828673183401,-21.604248048884,-24.970859138489477,-27.639112576426456,-29.4618635889138,-30.435513609378987,-30.67063697540354,-30.346532668185205,-29.66034884443535,-28.777245196601303,-27.78687885957484,-26.675479161519927,-25.338299772962845,-23.633863785394,-21.43542108950401,-18.66053372025552,-15.288182447914837,-11.366497477779392,-7.007064405651341,-2.367690436980936,2.367712688592011,7.007087254217678,11.3665213565973,15.288207768403844,18.66055778835893,21.43544553065416,23.633898636585023,25.338319854756868,26.67548939206945,27.786922650408133,28.777276309595816,29.660365301167264,30.346559740820343,30.67066193138421,30.435532949597835,29.46187842661096,27.63912196907622,24.97086312066248,21.60424732670005,17.828284731210417,14.024077215941292,10.56224032771863,7.676598604148899,5.363809811879437,3.359357720094408,1.3107382405049777,-0.8675446707701854,-2.8200921082421084,-3.7463642869566502,-2.540728469003307,1.4103897118543511,7.417969641651158,15.051812531923858,26.24720308280125,42.02370496139248
-41.96696242707222,-26.206564990239954,-15.024187696338942,-7.398966509561188,-1.3923169488479663,2.5534532382267043,3.748006094627562,2.813479474652864,0.8562353689795841,-1.324404412098016,-3.3740447046881545,-5.378884727501214,-7.691820352916451,-10.577669357265618,-14.04010199612762,-17.845424829536427,-21.622883365692577,-24.991134708719656,-27.66098400206221,-29.485126401350623,-30.459819539218863,-30.69555253484049,-30.371637488868608,-29.6853525285398,-28.80203050829844,-27.81144852528701,-26.699853116147843,-25.36242215555253,-23.6575004420486,-21.458056835853807,-18.68133723578914,-15.306088225970068,-11.380364399306243,-7.015869259061186,-2.37071154801823,2.370733395814052,7.015891675175441,11.38038784499762,15.306113176865525,18.68136099222526,21.45808135721208,23.657535901443264,25.36244258105664,26.699863562804985,27.8114935638492,28.802062716274392,29.68536927979192,30.371664853778316,30.695577655897395,30.459838706326927,29.48514099492637,27.660993230292764,24.991138687354432,21.622882843566828,17.84542304951758,14.04009869221012,10.577665244730085,7.691815972768834,5.378880503264537,3.3740374435673584,1.32439333022439,-0.8562472507938634,-2.813493954767961,-3.7480308603332895,-2.553496547143441,1.3922680781291046,7.398918608079202,15.024136464791178,26.20650749575077,41.96689830668644
-41.90976028506466,-26.165704125746952,-14.996505564043357,-7.379911726348537,-1.3742222387125254,2.5661384565647296,3.749599268139991,2.806840777295737,0.844917773584985,-1.3380728863684426,-3.3887450976181204,-5.393991102754687,-7.70709085651209,-10.593159160318368,-14.056183543517742,-17.862599771039353,-21.641521256387843,-25.01137642140989,-27.68279096584292,-29.508301245808628,-30.484020816365888,-30.720357195372507,-30.39663261374649,-29.710249744544377,-28.826711216016434,-27.835910983698795,-26.724112497974915,-25.38641867059348,-23.680998402150315,-21.480543357446876,-18.701989347549333,-15.323853689670011,-11.394116412828536,-7.024599348988824,-2.3737067449587688,2.373728190847795,7.0246213376635405,11.394139422089689,15.32387826324724,18.702012816366157,21.4805679845182,23.68103438204537,25.386439450490972,26.724123348655617,27.83595712121176,28.826744528150964,29.71026692982962,30.39666031060813,30.72038252271212,30.484039878228693,29.508315665713607,27.68280003781308,25.01138034043995,21.641520944392955,17.862598097344765,14.05618033908006,10.593155279119491,7.707087123722573,5.39398729394508,3.388738169837532,1.338061635493785,-0.8449305405404361,-2.806853126315596,-3.7496256562544654,-2.5661818893092394,1.3741728683630088,7.379863346096219,14.996453547448375,26.16564576300576,41.909695287753244
-41.85216013776051,-26.124680494171145,-14.968818776333343,-7.360854428951931,-1.3561541187786117,2.578743114793791,3.7511225696043455,2.800161259503203,0.8335804320609135,-1.351756006685203,-3.40346824357471,-5.40913529307963,-7.722416624471716,-10.608715161647968,-14.072325528641333,-17.879810173124987,-21.660158153523707,-25.031580585453984,-27.70452930297163,-29.531385022531506,-30.508118258016147,-30.74505213833432,-30.4215177916738,-29.73503947708342,-28.851284824902603,-27.86026249896275,-26.748252817899328,-25.410283746931874,-23.704351051613862,-21.50287428359176,-18.722484499850854,-15.341473745719908,-11.407749868701474,-7.0332508621215215,-2.376674370553625,2.3766956306796527,7.033272658913451,11.407772697364262,15.34149817086718,18.722507764497493,21.50289882515045,23.704387212922537,25.410304071207083,26.74826262020802,27.86030868819613,28.851317620266386,29.735055258601644,30.421544218653946,30.74507628665494,30.5081362351421,29.53139881669091,27.704538319610045,25.031584965999656,21.660158722515146,17.87980928118047,14.07232306512495,10.608712198796688,7.722413818331661,5.409132436084461,3.4034623907676957,1.351745782870991,-0.8335925641451094,-2.8001714265277253,-3.751149125786544,-2.5787863138035765,1.356104434445864,7.360805819206171,14.968766399544904,26.124621518585,41.85209441288138
-41.79418558892654,-26.08350026569745,-14.941128708015384,-7.341795468425696,-1.3381128036374996,2.591267515245372,3.7525758615065423,2.793438654845166,0.8222217553258879,-1.3654550418877136,-3.418214637273122,-5.424316804725963,-7.737796200877763,-10.624335561759697,-14.088527200408649,-17.89705840110081,-21.67880069087489,-25.05175728994344,-27.726210547007675,-29.554388551365044,-30.53212084065577,-30.769644676321708,-30.44629922649888,-29.759727528454373,-28.87575751084662,-27.884510346263816,-26.772281702163,-25.43402657515558,-23.727568793805865,-21.525060875112302,-18.742834420804773,-15.358959629748918,-11.421274382291836,-7.041830726604231,-2.3796169931751785,2.379638243423781,7.0418525173168645,11.421297222359271,15.358984086886943,18.742857666130035,21.52508551838516,23.7276051063658,25.43404647412025,26.77229089142292,27.884556250944243,28.875789834500985,29.759742076221983,30.44632437903621,30.769667659863043,30.532137699200664,29.55440156039399,27.726219261091348,25.051761832260404,21.67880172453587,17.897058030323453,14.088525312187969,10.6243332152879,7.73779356892554,5.4243143103279445,3.4182094696908725,1.365446099257847,-0.8222324159368933,-2.793449111415037,-3.752601065859294,-2.5913105130992213,1.338063163441869,7.341746968877788,14.941076462916888,26.083441128775195,41.79411957474596
-41.73582621016294,-26.042164485748877,-14.913436066711624,-7.322735300837162,-1.3200974807750712,2.60371378786863,3.75396036508719,2.7866753474856254,0.8108409637311249,-1.3791718304009233,-3.4329865885226005,-5.4395382060112585,-7.75323211892215,-10.640022821616483,-14.104789815045352,-17.914342956272744,-21.697443622990956,-25.07189878689277,-27.74782600459708,-29.577304330334808,-30.556023664004503,-30.794131086441297,-30.47097311241331,-29.78430931250506,-28.9001234584612,-27.90864726852585,-26.796191651877933,-25.45763846825333,-23.750642341555945,-21.54709362206372,-18.76302990425521,-15.37630270059533,-11.434682554663071,-7.0503332160872985,-2.382532457476588,2.382553664021436,7.050354958984201,11.434705365202223,15.376327162148575,18.763053105128037,21.547118359384395,23.7506790599794,25.45765811926929,26.796200102646413,27.908693579081334,28.900155663162572,29.78432287037758,30.470997394533143,30.79415321332661,30.556039617566483,29.577316662949794,27.747834407436173,25.071903374690784,21.697444960281807,17.914342979363113,14.104788379290552,10.640020941385195,7.753229580371568,5.439535954156257,3.432981958564624,1.3791639504412554,-0.8108504462706694,-2.786686302066686,-3.7539844311426966,-2.603756682998117,1.320047824229292,7.322686839139837,14.9133838322593,26.04210511040497,41.73575985355324
-41.67711657992275,-26.00068082404623,-14.885742744483546,-7.303675313238426,-1.302109000590211,2.616081611126888,3.755275642128288,2.7798709849518124,0.7994380455177202,-1.3929053663928213,-3.447781750588566,-5.454795787341765,-7.768719476051818,-10.655771741436714,-14.121110223402631,-17.93166570465464,-21.71609594544945,-25.092018681202205,-27.7693923797567,-29.60014856398093,-30.57983833076541,-30.818521098774028,-30.49554912522345,-29.80879473060126,-28.92439375563972,-27.93268597004492,-26.81999686746044,-25.48113590676145,-23.773590370453974,-21.568992515703258,-18.78309052538289,-15.393521616283644,-11.447989888577384,-7.058770365932935,-2.3854253485893206,2.3854465302620915,7.058792081158477,11.448012693421347,15.393546102959789,18.78311369614439,21.56901735759572,23.773627492742133,25.48115532537546,26.82000468214029,27.93273271186106,28.92442596977673,29.80880749722824,30.495572767126685,30.818542641279556,30.579853679028236,29.600160500253185,27.76940066680885,25.092023425371984,21.716097646490965,17.931666135426436,14.12110922081449,10.655770326836516,7.768717065192853,5.454793761770102,3.447777604450459,1.3928984139491285,-0.7994465825303765,-2.7798824245242013,-3.75529895711821,-2.61612460042936,1.302059156577399,7.303626700193557,14.885690266853638,26.000620994832868,41.67704966568963
-41.61804076211122,-25.95904903168376,-14.85804837324958,-7.284615122440368,-1.2841458544412443,2.628373561039838,3.7565238416382862,2.773026578639185,0.7880122968962883,-1.406657904309386,-3.462603423898218,-5.470093435058717,-7.784262408981155,-10.671586144569693,-14.137490574657736,-17.94902517370854,-21.73475113312892,-25.112107492696445,-27.79089875082242,-29.62291176956373,-30.603559441730766,-30.84281085044557,-30.5200231088304,-29.83317863938899,-28.948561807551027,-27.95661839481205,-26.84368784377068,-25.50450796327976,-23.79640067775976,-21.59074449909173,-18.803003615083853,-15.41060424716554,-11.46118613818778,-7.067133988802579,-2.388292474362492,2.388313650905789,7.0671556984617405,11.461208954362542,15.410628770310897,18.803026777913928,21.59076947729021,23.796438218669884,25.504527181309484,26.843695138413832,27.956665583464662,28.948594119889677,29.833190749278582,30.52004625343935,30.84283194153485,30.60357427650905,29.622923380640003,27.790906965147787,25.112112379959257,21.73475313531961,17.949025937328784,14.137489924224145,10.67158512847056,7.78426010661947,5.470091593910709,3.4625996921582503,1.4066517214918817,-0.7880201596012869,-2.773038408146822,-3.7565466135684034,-2.628416604558275,1.2840958098237312,7.284566343794012,14.857995625883518,25.958988733937908,41.61797328278239
-41.55862656033247,-25.917276147339305,-14.830355553053334,-7.265556797467739,-1.266209099867841,2.6405895838071864,3.757704561010351,2.766141016801685,0.7765624042622068,-1.4204302376459106,-3.4774513929145265,-5.485429813542363,-7.799858548379018,-10.68746331267594,-14.153929511134624,-17.96642370254498,-21.753416623210203,-25.13217683653213,-27.81235862146308,-29.64560679217528,-30.62719766791074,-30.867009166595142,-30.544402896299975,-29.85746857273485,-28.972635474899832,-27.98045316371296,-26.867274146388493,-25.527765536475904,-23.819085582222232,-21.612363161399973,-18.82278313508972,-15.427564192458115,-11.474283136169118,-7.075432626731504,-2.3911370067606907,2.391158192201804,7.075454343576343,11.474305980997936,15.427588772142853,18.82280630952119,21.61238829759638,23.819123492134413,25.527784573204944,26.86728110757287,27.980500702722463,28.97266794958254,29.85748016436256,30.544425622984605,30.867029926722505,30.62721212450316,29.645618145343214,27.8123667650356,25.13218186208984,21.75341891070915,17.96642474672132,14.153929141397448,10.687462612052906,7.799856355343711,5.485428125282014,3.4774480101088923,1.4204246802381435,-0.7765697726701652,-2.766153029368017,-3.757727048083034,-2.640632737765752,1.2661588531408727,7.265507841681806,14.83030253063906,25.917215382084805,41.55855851643943
-41.4988694759516,-25.875362782765816,-14.80266351233288,-7.246499627038734,-1.2482975397897549,2.652731487182152,3.75881961358232,2.759215650825256,0.7650891590283236,-1.4342222364682329,-3.492325876639452,-5.500805207644145,-7.815508071722086,-10.703403144942182,-14.170426300198466,-17.98385922855183,-21.772088608420923,-25.15222141503337,-27.833766534865088,-29.66822910911285,-30.650749641279138,-30.891113639250243,-30.568686333764944,-29.881662149131003,-28.996611988116232,-28.00418714908779,-26.8907524202681,-25.550905076159484,-23.841641387166646,-21.6338446067754,-18.842425162260746,-15.444397535915884,-11.487277201009915,-7.083663633636158,-2.3939579480342568,2.3939791645534494,7.083685382975075,11.487300096140208,15.444422182894774,18.84244837073112,21.63386994113758,23.841679629299364,25.55092395323617,26.890759193106504,28.00423492623405,28.996644658401056,29.881673339903237,30.568708697020487,30.891134124619075,30.65076376484526,29.66824025483431,27.83377463867072,25.152226555038837,21.772091132258417,17.983860507899447,14.170426162677474,10.70340270044555,7.81550597515862,5.500803640352094,3.492322794687051,1.434217211865486,-0.765096164067078,-2.759227791168571,-3.7588419006172056,-2.652774722236531,1.2482470863941038,7.2464504904311005,14.802610213260492,25.87530154857194,41.49880087316285
-41.43876667411352,-25.833310957373627,-14.774972276592177,-7.227443417373242,-1.2304100130813085,2.664801389882235,3.759871085382977,2.752252078639672,0.7535933481102416,-1.4480337942748214,-3.5072271305207408,-5.5162199174413935,-7.831211142481473,-10.719405483551895,-14.18698001040492,-18.001329287431886,-21.790762507386983,-25.17223567104006,-27.85511678050106,-29.690774121106102,-30.67421303004115,-30.91512290060501,-30.59287198853942,-29.905757583874724,-29.02048886574694,-28.027817205603192,-26.91411913592416,-25.57392244353799,-23.86406335651221,-21.65518372550716,-18.861924655652057,-15.461099285728134,-11.50016402799012,-7.091823582566461,-2.396753951559886,2.3967752119366947,7.091845377765871,11.50018698518364,15.461124014451007,18.86194791275154,21.655209261884032,23.86410197596533,25.57394118455912,26.91412564053028,28.02786534584722,29.02052173862324,29.905768378848425,30.592894041603696,30.915143133192547,30.67422682711207,29.69078506595944,27.855124859794707,25.17224092360051,21.790765244282603,18.001330774320003,14.186980080347103,10.719405254014497,7.831209147624273,5.516218471683335,3.507224335712313,1.4480292505759549,-0.7536000994325277,-2.752264269081828,-3.759893252000591,-2.66484469203584,1.230359343832359,7.227394093904258,14.774918696093966,25.83324925110814,41.43869751149253
-41.37835600758126,-25.79112783675913,-14.74728494647504,-7.208390750943918,-1.2125486847831095,2.676797503118444,3.760856840961426,2.74524763991138,0.74207277022686,-1.4618659914487313,-3.522154709903269,-5.53167197866582,-7.846964491308587,-10.735466749843289,-14.203589535276071,-18.018838974748057,-21.809452206043453,-25.192238823416197,-27.876431484795077,-29.71326246667955,-30.697602225841088,-30.9390483670644,-30.61697053698832,-29.929765525066337,-29.04427786318232,-28.051356713170783,-26.937389705607327,-25.596835692887804,-23.88637239469297,-21.676403649806197,-18.881304966366752,-15.477692193246172,-11.512962887327175,-7.099927163684757,-2.399530630899536,2.399551944534512,7.099949014170521,11.512985926536052,15.477717028793098,18.881328287049197,21.676429392202014,23.886411351425213,25.59685430318221,26.937396030024804,28.05140516133566,29.044310944576736,29.9297759670686,30.6169922804693,30.93906839257108,30.697615759497022,29.71327322922089,27.8764395157762,25.19224415386052,21.809455125815543,18.018840644048908,14.203589785390433,10.735466712008195,7.84696257023661,5.531670620435899,3.522152146470204,1.4618618638985068,-0.7420793094215261,-2.745259902499438,-3.760878901678477,-2.676840834569778,1.212497823866151,7.208341267051515,14.747231113288596,25.79106568442949,41.37828630922115
-41.31761910825652,-25.748812615726305,-14.71959970514114,-7.189340092200829,-1.1947111380952304,2.688723137680704,3.761779933156208,2.7382047884377667,0.730528500023873,-1.4757190055736422,-3.5371097420066366,-5.547163112941536,-7.86277012410596,-10.751588676764,-14.220254676862098,-18.03638379935509,-21.82814712006558,-25.212217295815528,-27.897695579875684,-29.735680827612956,-30.72090954329467,-30.962884523157328,-30.64097651314434,-29.953679987456308,-29.067971793714005,-28.074797200064506,-26.96055406549485,-25.619633084147264,-23.90855500111857,-21.697489503528697,-18.9005513069162,-15.494161713427602,-11.52566145969747,-7.107964585826377,-2.402284158318009,2.402305541525125,7.107986508681199,11.52568459598048,15.4941866618239,18.900574708428795,21.697515481499032,23.90859425733931,25.619651588830997,26.9605603327344,28.074845852060623,29.06800510068813,29.95369016965471,30.64099797615678,30.96290437006532,30.72092285299537,29.73569144777095,27.89770357772752,25.21222269041006,21.828150215285287,18.03638564341668,14.22025508413608,10.751588774797582,7.862768302618875,5.547161852968312,3.5371074001971703,1.475715233067733,-0.7305349500029625,-2.738216956564714,-3.761801990188375,-2.6887665355181527,1.194660057971841,7.189290418680384,14.71954559370672,25.748749992692847,41.31754884876965
-41.25657742871465,-25.706370486623538,-14.69191900048453,-7.170293401778771,-1.1768983989989246,2.7005778573748147,3.762639718289182,2.7311222868343568,0.7189590946759558,-1.4895940743756029,-3.552092790555614,-5.56269305335114,-7.878626978416309,-10.767769819098628,-14.236975210713316,-18.05396653436487,-21.84685433867192,-25.23218039775661,-27.91891985521424,-29.75803956398934,-30.744142024666637,-30.98663707880736,-30.66489533075965,-29.977506044669845,-29.09157598555752,-28.09814439261554,-26.983619029267924,-25.642322616803675,-23.93062075440362,-21.718452153848315,-18.91967477010284,-15.510518896166754,-11.538269095080494,-7.115943033358646,-2.4050172904072005,2.4050387474444075,7.115965033495215,11.538292336819664,15.510543968043551,18.919698266700657,21.718478375471737,23.93066030357115,25.642341047258324,26.983625242514403,28.09819328248686,29.09160952399425,29.97751601077953,30.66491653997862,30.98665677416825,30.744155136151065,29.75805004157579,27.918927808603776,25.232185839332686,21.84685755793041,18.05396849469854,14.2369757292621,10.767769999416956,7.878625237788341,5.5626918721495935,3.552090622991202,1.489590565630827,-0.7189655641033128,-2.7311343393981957,-3.7626618820903,-2.700621277777113,1.1768471587284537,7.170243600539299,14.691864678780346,25.70630746028133,41.25650667923258
-41.19523479704838,-25.66380277201356,-14.664242206424335,-7.151250190165191,-1.1591099843240962,2.712362864767084,3.763437219141833,2.724000905092882,0.7073651278732261,-1.5034905407026404,-3.567102965522545,-5.578260618107861,-7.89453351085556,-10.784008640180236,-14.253749285755864,-18.07158575495985,-21.86557301945677,-25.252128049811983,-27.94010484897515,-29.780339639603486,-30.76730117588393,-31.010307726005365,-30.688728549639183,-30.001245407183728,-29.11509231578168,-28.121400460950422,-27.006587036301102,-25.664907059148845,-23.952572677088284,-21.739294712259813,-18.938678518094363,-15.526766484973404,-11.5507879488013,-7.123863939490659,-2.4077305280863754,2.407752062655029,7.123886022065297,11.550811293977672,15.526791672454364,18.93870211612605,21.73932118643944,23.952612514285104,25.664925445790253,27.006593213415396,28.12144959233791,29.115126077633388,30.00125519477985,30.688749538825924,31.01032728654895,30.76731409392412,29.780349982561344,27.94011277655165,25.25213354650889,21.86557636975543,18.07158783766421,14.253749909966542,10.78400887341878,7.894531907872705,5.578259546784406,3.567100977316881,1.50348726002288,-0.7073717076114623,-2.724012615823008,-3.763459608990616,-2.71240631001752,1.159058541168579,7.15120021892582,14.664187625023862,25.663739294511466,41.195163509852726
-41.13360101884433,-25.621114369858187,-14.636572133299032,-7.1322127724202,-1.1413462987401506,2.724078623050993,3.76417268963609,2.7168397851138253,0.6957448560580475,-1.5174107189919397,-3.5821426207001927,-5.593867838521433,-7.91049131922113,-10.80030606458684,-14.270578071039878,-18.089242741338744,-21.88430453974966,-25.27206238201714,-27.96125245481176,-29.802582795035114,-30.790389488620708,-31.033898401752413,-30.71247737086618,-30.024898414817667,-29.138520256824027,-28.144564360445997,-27.02945645031563,-25.687384695753888,-23.974409064403524,-21.76001610107617,-18.957562100646637,-15.542904648197544,-11.563218782908418,-7.131727398377027,-2.4104238297242944,2.4104454488289564,7.131749570892751,11.563242238193386,15.542929951896896,18.957585807474263,21.760042841896052,23.974449120422385,25.68740305421941,27.02946275642644,28.14461354754388,29.13855424382355,30.024908133907424,30.71249815966807,31.03391785243734,30.790402258337277,29.802593036506103,27.96126037427676,25.272067948878696,21.88430802888716,18.089244930457536,14.270578779771762,10.800306335812856,7.910489828789855,5.593866858183091,3.582140800258509,1.5174076453130088,-0.6957515509689907,-2.7168511828919257,-3.764195326913476,-2.724122111566329,1.1412946393226222,7.132162620865644,14.63651729066139,25.62105043552741,41.13352918290844
-41.07166056414837,-25.578303883681176,-14.608905432866315,-7.11317796991764,-1.123604226786712,2.7357284735764305,3.764849335152965,2.70964221767744,0.684100854052905,-1.5313527807801617,-3.5972105339394127,-5.609513887237434,-7.926499779467208,-10.8166613582994,-14.287459280275124,-18.10693182021982,-21.90303858299362,-25.291969935492915,-27.98234875437181,-29.824757146959257,-30.813398572836764,-31.05740303704095,-30.736136489912138,-30.04845982878589,-29.16185416482216,-28.16762978704682,-27.052220361953847,-25.70974762226975,-23.9961209263188,-21.780605933844416,-18.976314490883688,-15.55892198053697,-11.575551194686566,-7.1395258458196205,-2.4130943464022523,2.4131160450966207,7.139548102978223,11.575574756604071,15.558947398044095,18.976338313888338,21.780632944476743,23.996161167765223,25.709765994962407,27.052226862630697,28.16767900673869,29.16188837788281,30.04846953950888,30.736157101225277,31.057422400219085,30.81341121789577,29.82476730486917,27.98235667120932,25.291975572864445,21.903042202901545,18.106934103606893,14.287460063128158,10.816661636965009,7.926498456652279,5.609513043795293,3.5972088937674846,1.5313498436746602,-0.6841078000900643,-2.709653062948378,-3.7648723627185423,-2.735772014032776,1.1235523211786265,7.113127611630237,14.608850299560164,25.57823946602959,41.07158815817856
-41.00944653780032,-25.53537702263091,-14.581245912717383,-7.094149246938541,-1.1058867327408135,2.7473100775674872,3.76546460229273,2.7024051203061115,0.6724304492410188,-1.545318367195983,-3.612306983513769,-5.625197696759794,-7.9425566349050065,-10.833071953428608,-14.304392601580536,-18.12465853329485,-21.92178902747755,-25.3118696714968,-28.003414942180964,-29.846882144006592,-30.836342277097312,-31.080832767981214,-30.759716257618056,-30.07193996723834,-29.18510522429662,-28.190609173615066,-27.074893100962623,-25.732012406581976,-24.017727449792385,-21.80108572564385,-18.99495793818589,-15.574840534418351,-11.587804172537124,-7.147273401923849,-2.4157474160121004,2.4157691805309964,7.147295729913166,11.587827827621338,15.574866055807083,18.994981880403945,21.80111299625598,24.01776785058501,25.732030817147603,27.074899800824888,28.19065847087138,29.185139660818127,30.07194969514008,30.75973669139656,31.080852045455,30.83635483090737,29.846892244300623,28.00342284129424,25.31187532713035,21.921792749292443,18.124660909573,14.304393450399909,10.833072234179776,7.942555492858605,5.625197002685932,3.612305496872564,1.545315497221916,-0.6724377462569049,-2.7024153165388443,-3.765488056439112,-2.74735360427238,1.1058345909955984,7.094098702618173,14.581190504923216,25.53531213820626,41.00937358044331
-40.94695082129078,-25.492334176765308,-14.55359210290644,-7.0751252314647095,-1.0881919075567057,2.75882591465932,3.766020958760037,2.6951308884743232,0.6607354146988015,-1.5593063191517955,-3.627431226015108,-5.640918722299791,-7.958661358040497,-10.849537071311577,-14.32137614748176,-18.14241856214384,-21.940548087921343,-25.33175206766152,-28.02444094758847,-29.868948999498464,-30.85921497124351,-31.104183329456617,-30.783212557563868,-30.09533457761031,-29.208268698036168,-28.21349725231577,-27.097468742267864,-25.754172384388557,-24.039221158839887,-21.82144731407265,-19.013484220087467,-15.590652099250123,-11.599970607751969,-7.154964604080671,-2.4183809299680465,2.4184027544763795,7.154986996253022,11.599994344351636,15.590677706112151,19.01350827243262,21.821474844646456,24.03926174744381,25.75419089021017,27.09747564652324,28.21354667859629,29.20830337991177,30.095344388545318,30.78323288522424,31.10420255096797,30.85922743864147,29.868959041800483,28.024448853251,25.33175778154964,21.940551942596635,18.14242102516742,14.321377047155831,10.84953734038837,7.958660446940352,5.640918214689838,3.6274299243033497,1.5593034997756356,-0.6607431405600015,-2.695140179334272,-3.766045093470636,-2.7588695001825463,1.0881394793164552,7.075074444167945,14.553536357784337,25.49226876400836,40.94687724575581
-40.88419517972179,-25.449180584577302,-14.525947729075249,-7.056109087085392,-1.070521651848949,2.7702746619090117,3.7665166982362903,2.687816766265788,0.649012714813804,-1.5733194637604406,-3.642585493948875,-5.656678419317674,-7.97481466092598,-10.86605708799646,-14.338411422697773,-18.160216615794827,-21.959325112724365,-25.3516291874362,-28.045439840654023,-29.890969679179804,-30.88202533803277,-31.12746173743592,-30.80663190145118,-30.11864963721639,-29.23135066430241,-28.23630030406305,-27.119954164902857,-25.77623538924308,-24.06061134964914,-21.84170138272373,-19.03190465304131,-15.606368396183653,-11.61206088867032,-7.162607015042466,-2.420997717700116,2.421019588622904,7.162629457406838,11.612084691907777,15.606394068679162,19.03192881113904,21.84172917839738,24.06065208164851,25.77625402223342,27.11996138110382,28.23634978940195,29.23138560712273,30.11865961903519,30.80665214941648,31.12748092786462,30.88203774169987,29.89097967012617,28.04544775557901,25.35163495878866,21.959329074375468,18.160219131626185,14.33841235507017,10.866057345556415,7.97481396447157,5.656678091476883,3.64258434059838,1.5733166344727394,-0.649020909018739,-2.6878251346259687,-3.766541556331995,-2.770318280159941,1.0704689485636405,7.056058075567037,14.525891663731336,25.449114660217564,40.88412100941579
-40.821167553975066,-25.405914857306158,-14.498309274452858,-7.037097944661908,-1.0528732607061335,2.781659391430279,3.76695472967487,2.680465601020031,0.6372646585810544,-1.58735598486312,-3.657768301795751,-5.672475499713142,-7.991015311532696,-10.882630568242876,-14.355495806006292,-18.178047367832868,-21.97811085250796,-25.371490116312867,-28.066400370572943,-29.912934559030493,-30.90476782480628,-31.150664145781462,-30.829970590452938,-30.141881599504604,-29.25434719370537,-28.2590140634736,-27.142344569362063,-25.798195901323933,-24.08189144336588,-21.86184028117572,-19.05021113529056,-15.621980678195042,-11.624067146488414,-7.170194639534297,-2.423595474557562,2.4236173577294964,7.170217095255207,11.624090980277009,15.622006387318876,19.05023538087312,21.861868315336487,24.081932306072154,25.798214707275672,27.14235213446781,28.25906366645332,29.25438242922639,30.14189180343389,30.829990798989915,31.150683329766245,30.904780193151563,29.91294451563711,28.06640829195525,25.37149593478215,21.978114929568388,18.178049948021457,14.355496777728042,10.882630819072972,7.991014892582179,5.672475402793405,3.6577673073497055,1.587353089710925,-0.6372734448444771,-2.6804728050581046,-3.766980438741828,-2.781703017908674,1.0528202371361195,7.03704667153302,14.498252831811156,25.40584836477793,40.821092742292336
-40.75788558456907,-25.362541243433963,-14.470679847749585,-7.018094416485321,-1.0352483253647102,2.792979185980841,3.767334188790897,2.673076047643319,0.6254899764032289,-1.6014168243856624,-3.672980025058717,-5.688309668428552,-8.007262328540751,-10.899256205054588,-14.372628866598244,-18.195912919924396,-21.99691111395939,-25.39134289776124,-28.08733133871261,-29.93485151687161,-30.92744781107361,-31.173794763515133,-30.853232538829783,-30.165034175928376,-29.277262278836176,-28.281642891977743,-27.16464490839293,-25.82005981324661,-24.10306864761839,-21.881872522495478,-19.06841291058577,-15.637498664889566,-11.635998065825184,-7.177733776664655,-2.426176546241224,2.426198415332708,7.1777562189579305,11.63602190091098,15.63752438298508,19.06843723633399,21.88190078604724,24.10310957054441,25.82007884650287,27.16465298695366,28.28169251382108,29.277297812060265,30.16504471077751,30.853252737786374,31.17381395859741,30.927460174118597,29.93486145829723,28.08733926456209,25.3913487421508,21.996915292519443,18.19591556193964,14.372629874559143,10.899256457067676,8.007262186291658,5.688309805525814,3.672979180531768,1.601413837490246,-0.6254993997273947,-2.673082081806939,-3.7673607619418257,-2.7930227972153814,1.035194968543374,7.018042878139767,14.470623016826089,25.362474175605037,40.75781012911403
-40.69435160307644,-25.31906096049351,-14.443059113038908,-6.999098067453404,-1.017646198689427,2.8042349278418173,3.767655664525188,2.665648307222585,0.6136885011778108,-1.6155023660776753,-3.688221001904143,-5.704181034457972,-8.023555564392773,-10.915933616726852,-14.389810124034923,-18.213812791717544,-22.01572550751065,-25.41118729124187,-28.10823289970047,-29.95672112058137,-30.95006616662835,-31.196854687728777,-30.876418807298936,-30.188108421077725,-29.300096795942565,-28.30418769168275,-27.186856231994184,-25.841828302450526,-24.124144129438537,-21.901799324314208,-19.0865111915164,-15.652923280329892,-11.647854179736663,-7.185224780894184,-2.428741036986453,2.428762874024234,7.18524718911987,11.647877990505714,15.652948980084032,19.086535584951772,21.90182780462631,24.12418512100528,25.84184762242208,27.18686483541661,28.304237385171167,29.300132632802324,30.18811932174285,30.87643902531602,31.196873911694343,30.950078535344847,29.95673102707563,28.108240832213635,25.41119322363861,22.015729873837845,18.213815550600977,14.389811200652948,10.915933921649833,8.023555745449883,5.704181447909465,3.6882203557662008,1.6154993706387788,-0.6136984925211519,-2.665653039384766,-3.767683224380951,-2.8042786727641205,1.0175924180233753,6.999046161931066,14.44300178136641,25.3189932063692,40.69427538605196
-40.63054482949197,-25.27547336727117,-14.415442490465876,-6.980105292963015,-1.0000623775142157,2.815431537126055,3.767924162074215,2.6581871464207767,0.6018641178579477,-1.6296097733796713,-3.703489308762361,-5.72008836404294,-8.039894148723322,-10.932661671460563,-14.407036050573362,-18.23173783105304,-22.034536569474756,-25.431001753519908,-28.129082298054563,-29.97852378633795,-30.97261095484117,-31.219835002590997,-30.89952087803028,-30.21109525394693,-29.322840656687223,-28.326636963941027,-27.208965033162546,-25.863485790235043,-24.14510015138041,-21.921600610992527,-19.104484851593472,-15.66823306428677,-11.65961698812198,-7.1926537520198535,-2.4312837122579096,2.431305481165745,7.192676088162379,11.659640733050114,15.668258702275816,19.104509304696293,21.92162932999827,24.145141063035886,25.863505455118744,27.20897456120036,28.32668641543221,29.322876851181835,30.21110673657696,30.8995411384308,31.219854285334524,30.972623374388093,29.97853368622048,28.12909025882993,25.431007758415166,22.034541090444502,18.231740691142647,14.40703718454164,10.93266199956676,8.039894712184427,5.720089070988132,3.703488845237084,1.6296066786228045,-0.6018747675170336,-2.6581904921196964,-3.767952755047953,-2.815475388644624,1.0000081488848296,6.980053005649804,14.415384628033673,25.27540490124904,40.63046783696967
-40.56651490829572,-25.23178543062392,-14.387839359741422,-6.961123561323181,-0.9825037559898552,2.826562449150682,3.768132602298446,2.650684537550837,0.590009719712929,-1.6437446269192326,-3.718788610435666,-5.736033502879414,-8.056278379344864,-10.949440374905125,-14.4243105497977,-18.249701963729333,-22.05337305038073,-25.45082281061767,-28.149918421005182,-30.00029330744323,-30.99510352878144,-31.242751940734383,-30.92255417980841,-30.234010384879184,-29.345510936835296,-28.349009921190067,-27.230993516101428,-25.885058300492396,-24.165967092742225,-21.94131137129717,-19.122371277137493,-15.683466530245957,-11.671320121178738,-7.200045566594049,-2.433813856751072,2.43383559738756,7.200067876174117,11.671343846418772,15.683492139304285,19.122395834948268,21.941340362190036,24.166007799959303,25.88507835952645,27.231004168098764,28.349058822509075,29.34554739778207,30.234022556116912,30.92257446223354,31.242771291001468,30.995116015293327,30.000303198911254,28.149926411368625,25.450828907443164,22.05337769911252,18.249704881103884,14.424311693791868,10.949440715557625,8.056279220378203,5.736034403237067,3.718788283675037,1.6437414690957968,-0.5900208931344881,-2.650686870718513,-3.768162108011041,-2.8266064169442826,0.9824491519079052,6.961070954299069,14.387781060355566,25.231716327490545,40.56643721162639
-40.50224346531098,-25.18799516108648,-14.360244823136703,-6.942148871194736,-0.9649661832649438,2.8376320222542337,3.768285361103609,2.643144845273039,0.5781290222473852,-1.657904041439257,-3.73411670644412,-5.7520146934797705,-8.072706751966205,-10.966268023671557,-14.441630140650032,-18.267697466858635,-22.072221153912785,-25.47063309817428,-28.1707232445045,-30.022014323729167,-31.017533781095334,-31.265598128115823,-30.94551206339758,-30.256847161461412,-29.3681003644607,-28.371298520211703,-27.252932542308763,-25.90653540123658,-24.186732842117653,-21.96091761791546,-19.140155353860543,-15.698607872059965,-11.682949397272138,-7.207389815932291,-2.436327534395289,2.436349386391671,7.207412253549317,11.682973266376417,15.698633602883705,19.14018016595673,21.960946973330717,24.186773190398608,25.90655590344515,27.252944546137066,28.37134656980917,29.36813704238704,30.256860301491063,30.94553252482854,31.265617756909126,31.01754659345563,30.02202438373038,28.170731263988785,25.47063910981447,22.07222565700304,18.26770015090804,14.441630994605203,10.96626810431868,8.072707581003776,5.75201541869269,3.734116137316843,1.6579004264451895,-0.5781409543023044,-2.64314661465958,-3.768315732705826,-2.83767592976312,0.9649114612506374,6.942096183491247,14.360186429353732,25.187925747313265,40.50216539863354
-40.43770650331426,-25.14410290105026,-14.332652756078716,-6.9231771327001175,-0.9474443332183756,2.8486464907148523,3.768388724830898,2.635574065212694,0.5662265254847654,-1.672084807144909,-3.749471384767195,-5.7680304660700354,-8.089178299396456,-10.983143315083424,-14.458990480237588,-18.28571289346101,-22.09105824581424,-25.49040645831032,-28.191469356448323,-30.04366353937269,-31.03989044098212,-31.28836548444972,-30.968385531653023,-30.279595751688035,-29.390597765869398,-28.39348945806591,-27.27476665872009,-25.927898446319816,-24.20737567720965,-21.98039464190314,-19.157811157713763,-15.7136301154573,-11.69448188385229,-7.214668899262578,-2.438818104419185,2.438840210291481,7.214691619452356,11.694506071311883,15.71365614868819,19.15783637115985,21.98042443781945,24.207415714749875,25.927919450242708,27.274780104091658,28.393536804650363,29.390634787347288,30.279610194450083,30.968406607147603,31.288385837979195,31.039903978977016,30.043673996777905,28.191477384281868,25.490412144055423,22.09106224099768,18.285714894807555,14.458990617553034,10.98314268449518,8.089178776576686,5.768030625663124,3.7494700895592095,1.672080047650667,-0.5662398249858938,-2.6355754511712477,-3.768420263009104,-2.848690188895024,0.9473897709681236,6.923124613849552,14.332594618892392,25.144033532079103,40.437628435286925
-40.37293216031204,-25.10011273985333,-14.305068728463768,-6.904211830996356,-0.9299417776563746,2.859601885464636,3.7684381576113055,2.6279672638749902,0.5542978790748935,-1.6862901904785852,-3.764854828814564,-5.784081948265111,-8.105693251176408,-11.000066246753748,-14.476393769633624,-18.303756110616305,-22.109900967935115,-25.510163142669224,-28.21217833579868,-30.065259627034084,-31.062183980272994,-31.311061917309708,-30.991182420301627,-30.30226452912061,-29.41301240633176,-28.415593579148585,-27.296508873062557,-25.949162988097893,-24.22791371930917,-21.999763356469888,-19.175360818950352,-15.728556063554494,-11.7059370757233,-7.221897581699453,-2.4412911776733,2.4413134899360487,7.221920535246261,11.705961531142172,15.72858235307448,19.17538639294873,21.999793536894824,24.2279535520941,25.94918454308725,27.29652352291942,28.415640559839783,29.413049781975676,30.30228025850612,30.991204217411816,31.31108301162753,31.062198229007485,30.06527048365372,28.212186390397967,25.5101685035388,22.10990442416373,18.30375740119861,14.476393205970954,11.000064914943737,8.105693338151104,5.784081596774317,3.76485281913924,1.6862842860513827,-0.5543126190800737,-2.62796825402498,-3.7684709195063855,-2.859645366830939,0.9298873797446112,6.904159496000801,14.305010843654491,25.10004341803232,40.37285409977362
-40.30793813449249,-25.05602752722495,-14.277496157366317,-6.885255705037459,-0.9124607692241696,2.870496418663796,3.768432020219001,2.6203225409969955,0.542341555426295,-1.700521258948323,-3.780267430786224,-5.800168772512464,-8.122250561452404,-11.017035567754752,-14.49383996299991,-18.321830385345496,-22.128757741082865,-25.529914263591085,-28.232862369344527,-30.08681331076425,-31.08442085765956,-31.33369245299818,-31.013907953557386,-30.324858837635617,-29.43535000645346,-28.437617388626084,-27.318166456529745,-25.970337733416414,-24.24835719368189,-22.01903554967859,-19.19281708115341,-15.743399010323117,-11.717326612278493,-7.229084420269478,-2.443749928095274,2.443772365982874,7.229107519745539,11.717351244908004,15.74342547596766,19.19284294913217,22.019066041578924,24.24839679557705,25.970359830565837,27.318182289102136,28.437664063827587,29.435387719913,30.324875780109316,31.01393042048835,31.33371423352364,31.08443579234349,30.086824542863948,28.2328704391302,25.52991934583285,22.128760767982104,18.321831093474117,14.493838832113376,11.01703366287384,8.122250331081343,5.800168030577393,3.780264816756926,1.7005143553076576,-0.5423575307853766,-2.620323133087373,-3.768465822754435,-2.870539787759172,0.9124064322438856,6.88520346366767,14.277438398759983,25.055958132716867,40.30785997121848
-40.24272639824326,-25.011848040503413,-14.249934806316393,-6.866308318322336,-0.8950007235927744,2.88133079196916,3.768370891237531,2.612640577043955,0.5303581557173619,-1.7147773108118058,-3.7957083837754215,-5.816289981205423,-8.138849006374256,-11.034049836980538,-14.511327550007303,-18.339934239816785,-22.14762731748989,-25.549658343215743,-28.25352025287576,-30.10832377336974,-31.10660016306772,-31.35625653753477,-31.03656178439235,-30.34737841439186,-29.457610239382767,-28.45956071434479,-27.339739552440257,-25.991423108524803,-24.268706657147437,-22.038211924087584,-19.21018069095819,-15.758159609439728,-11.72865077381068,-7.236229715260299,-2.446194442826469,2.44621697056462,7.236252924295978,11.728675537159615,15.75818619950372,19.210206817020342,22.038242686377306,24.26874610148432,25.991445777785213,27.339756362960493,28.45960727300962,29.457648264908507,30.34739651219157,31.036584953962407,31.35627895533937,31.10661572398208,30.108335348434576,28.25352835732771,25.54966318292207,22.14762995496586,18.33993440558961,14.51132588737388,11.034047400874874,8.138848440192513,5.81628887885429,3.7957052291327273,1.71476957036957,-0.5303753248664748,-2.612640799107705,-3.7684057746675874,-2.881374089839087,0.8949464496002972,6.866256172600781,14.249877165134064,25.011778563340552,40.24264811576641
-40.17728324644359,-24.96757460522618,-14.222379897830647,-6.847366532480875,-0.8775575659414281,2.892109267846238,3.768258825351936,2.6049245273521016,0.518349870309588,-1.729057269545314,-3.8111772455748167,-5.832445545578534,-8.155488768683691,-11.051109010998054,-14.528854580162328,-18.3580613146511,-22.16649642099753,-25.56937941696217,-28.27413524986245,-30.12977708901864,-31.128715087469192,-31.37874954400517,-31.059139075607906,-30.369817652596502,-29.479786623454245,-28.4814158089911,-27.36121852734523,-26.01240762960389,-24.28894881219664,-22.05727709022308,-19.227435121755708,-15.772820546400007,-11.73989464409896,-7.243322191975863,-2.448620532698569,2.448643097825477,7.243345455963872,11.739919483762048,15.772847209175684,19.22746147282391,22.05730812955316,24.288988013061047,26.012430876632465,27.361236624013,28.481462039436764,29.47982507197846,30.369837049783516,31.059162962365377,31.378772641773068,31.128731318160504,30.129789042019144,28.27414338660149,25.569383988109912,22.16649863705904,18.358060926510166,14.528852402481805,11.05110601516976,8.155487919114448,5.832444092839822,3.811173537518358,1.7290485860042155,-0.518368153902262,-2.6049245134258947,-3.768294688235725,-2.8921525186267254,0.8775033433323823,6.847314480658486,14.22232235186241,24.967505031157845,40.17720484496404
-40.11162763509177,-24.923210269752023,-14.194835864754335,-6.8284333346522414,-0.8601338907005693,2.9028294331396367,3.7680933608482703,2.5971719632774644,0.5063145888363911,-1.743362587187358,-3.826674825372584,-5.848635567153982,-8.172169319709443,-11.06821233147509,-14.54642162886704,-18.376215760072853,-22.18537493566228,-25.589089806197137,-28.294720607721704,-30.15118456644755,-31.150771418074942,-31.40117564420084,-31.08164434154689,-30.39218144950402,-29.50188450622424,-28.503188777950445,-27.38261079429653,-26.03330018104088,-24.309094122708657,-22.07624336460569,-19.24459382055508,-15.78739613278298,-11.751070721744902,-7.250371126254892,-2.4510316095634708,2.4510541866862403,7.250394418456405,11.751095611594122,15.787422844120035,19.24462037167676,22.076274644511216,24.309133066902504,26.03332402515015,27.382630155442502,28.503234701764324,29.501923341802563,30.39220212401287,31.08166895522611,31.401199438832556,31.1507883168641,30.151196864724373,28.29472877378026,25.58909416213788,22.185376781305543,18.37621486023299,14.546418974027022,11.068208808782789,8.172168187125266,5.848633775102579,3.826670576630848,1.74335304188471,-0.5063338588708303,-2.597171769638852,-3.7681301097803495,-2.902872720046628,0.8600796886512186,6.828381346058046,14.194778377446715,24.923140561429893,40.11154907174625
-40.04575325815345,-24.878754273792875,-14.167299134407942,-6.809506330154113,-0.842727445730724,2.9134937414536144,3.767876906404591,2.589385270176442,0.4942545542342741,-1.7576910994443444,-3.842198886165889,-5.864857743695064,-8.188888199219244,-11.085357142302303,-14.564025328391557,-18.394392626597245,-22.204255259269004,-25.608781108843555,-28.31526795787409,-30.172539370334103,-31.17276602817999,-31.42353295525674,-31.10407543123469,-30.414467676364566,-29.523901782406508,-28.5248775695259,-27.4039141115314,-26.054098274685558,-24.3291396961311,-22.09510713241353,-19.261652589674103,-15.801881206980129,-11.762174133202912,-7.257372958621933,-2.453426364835603,2.453448937075511,7.257396263522769,11.762199052430075,15.801907946700563,19.26167934149396,22.09513866735121,24.329178360121222,26.054122760147614,27.40393487510921,28.5249231546428,29.523941091288687,30.4144897700268,31.104100876606218,31.42355753705603,31.17278366272895,30.17255204513788,28.31527615956914,25.608785212542944,22.204256652686144,18.39439112722492,14.564022125222534,11.08535299067918,8.18888675265767,5.864855552932687,3.842194039179695,1.757680560934348,-0.494274904200166,-2.58938503710566,-3.767914572063381,-2.9135370477891724,0.842673317962921,6.8094544602095,14.16724176327851,24.87868449295256,40.04567461483892
-39.979672797824215,-24.83420923306701,-14.13977286182053,-6.790587395874091,-0.8253395201810408,2.924100758327872,3.7676075286701343,2.5815620749383625,0.4821672107856535,-1.772045020358494,-3.857751300852757,-5.88111349302464,-8.205646404665444,-11.1025442272341,-14.581667150826348,-18.412595405106675,-22.22314423382533,-25.62846174609774,-28.3357861106572,-30.193848913940595,-31.19470290791217,-31.445824253917063,-31.126435161352425,-30.43667913309039,-29.54584138525059,-28.54648537880057,-27.42513224328796,-26.074806408853657,-24.34909095603764,-22.113874942648103,-19.27861875023879,-15.816283816227108,-11.77321208053734,-7.264332894560292,-2.455806691638222,2.455829238412628,7.264356192564501,11.773237017643924,15.816310573955658,19.278645687618933,22.11390669473466,24.34912931270271,26.07483158277413,27.425154407173917,28.546530611442968,29.54588114878129,30.436702703415456,31.12646149692199,31.445849647448338,31.194721309170223,30.19386201155193,28.33579435704199,25.62846556242204,22.22314513115348,18.412593290957023,14.581663372522463,11.102539401269462,8.205644599953121,5.881110884802577,3.857745824470747,1.7720335111409198,-0.4821887727645005,-2.581561800973868,-3.7676460693531695,-2.924144065601601,0.8252854990056264,6.7905356822583975,14.139715652059405,24.83413942483812,39.97959412547267
-39.913390894900274,-24.7895760742088,-14.112257282579922,-6.771676831822274,-0.8079700762984442,2.9346508996262783,3.7672857405294033,2.573702900712541,0.4700530473978529,-1.7864237842157538,-3.873331282192425,-5.897401738672552,-8.222442559759774,-11.119772012515446,-14.59934563048141,-18.430823160334967,-22.242041805073196,-25.64813228623285,-28.356276021534715,-30.215114134616396,-31.21658263015452,-31.4680501570938,-31.148724402386915,-30.458816894219225,-29.567704556164408,-28.568013649747044,-27.446266933082445,-26.095426604821757,-24.36895021357549,-22.13254937987835,-19.29549509913741,-15.830606795091471,-11.784187017449842,-7.271252673563097,-2.45817320638732,2.45819571354313,7.271275951906719,11.784211954605512,15.83063355244236,19.295522218797544,22.132581337290546,24.368988257333072,26.09545247120938,27.44629043594059,28.568058567809903,29.56774478232379,30.458841947745857,31.148751631589583,31.468076355087863,31.216601825463457,30.21512769457812,28.356284305047048,25.648135765284696,22.242042172983098,18.430820434765813,14.599341261206089,11.119766486210764,8.22244038219075,5.897398718334498,3.8733251587400783,1.7864113095982144,-0.4700759548917372,-2.573702500018313,-3.767325144235205,-2.934694185665726,0.8079161921544933,6.7716253103550645,14.11220027608285,24.78950627931044,39.91331223480749
-39.84690385320584,-24.74485569129503,-14.08475010257268,-6.752773089710297,-0.7906170271870511,2.9451462133704016,3.766913356882856,2.5658091889739105,0.4579130653193761,-1.8008267181227997,-3.888938303898284,-5.913721982109451,-8.239276096906899,-11.137039694416202,-14.61705916703222,-18.44907250709824,-22.26094174696061,-25.667785341797924,-28.376730185415543,-30.23632898355421,-31.238402253664443,-31.490208715100888,-31.17094103958299,-30.480878435612325,-29.589488236840765,-28.589458689021523,-27.46731385234859,-26.115953812640296,-24.388711754227,-22.151123994375528,-19.31227469582038,-15.84484277266094,-11.795092471827711,-7.278127462529239,-2.460524131754706,2.4605465864157834,7.27815070886598,11.795117398208912,15.844869524656083,19.312301997040123,22.15115613872369,24.38874947464199,26.115980407772064,27.46733868041842,28.58950333341799,29.58952894618993,30.480904988605573,31.170969215770903,31.490235774496973,31.238422279433117,30.236343006954648,28.376738478263302,25.66778846436564,22.26094155717466,18.44906912356016,14.617054140892156,11.137033393540811,8.2392735156847,5.913718525157653,3.888931510203883,1.8008132514684112,-0.457937499238852,-2.56580860876611,-3.7669537100862778,-2.945189447119419,0.7905633474635102,6.752721828140116,14.08469337571755,24.74478598411416,39.84682529259744
-39.78021839684429,-24.700049532149976,-14.057252523517793,-6.733876829750761,-0.7732807406670762,2.9555864958939213,3.76649029171229,2.557880881234359,0.4457473926656679,-1.8152535727906316,-3.904571861203648,-5.930073413401051,-8.256145887043344,-11.154345936717744,-14.634806692904936,-18.467343290586903,-22.27984552466393,-25.68742312446093,-28.39715130844533,-30.25749596358225,-31.260162969319264,-31.512300955605053,-31.19308645452262,-30.50286539797477,-29.611194295559617,-28.610822608212537,-27.488275582059536,-26.13639100689567,-24.40837897125069,-22.16960266846808,-19.32896169829306,-15.858996151765403,-11.805932254981082,-7.284960056880257,-2.4628604810840518,2.4628828545499686,7.2849832430835155,11.80595714404922,15.859022871135693,19.3289891471901,22.169634946849417,24.40841640264927,26.13641832323652,27.48830153180328,28.610867093506872,29.61123544576592,30.5028933661014,31.193115585216603,31.512328839935144,31.260183783168912,30.257510436425804,28.397159638648382,25.68742591362116,22.279844781986945,18.46733926337929,14.634801019712818,11.154338891282157,8.256142923221097,5.930069550376395,3.904564421316822,1.815239134270536,-0.4457733464837969,-2.5578800207180628,-3.7665315960811294,-2.955629651788297,0.7732272894747849,6.733825858274019,14.057196107128952,24.69997993753136,39.7801399602767
-39.71335703523837,-24.65515882972838,-14.029771801506348,-6.71499210254801,-0.7559653681290017,2.9659676479952277,3.766011530251428,2.549912604815094,0.4335514123984522,-1.829707585983796,-3.9202337986938174,-5.946456697578612,-8.27305160895299,-11.171690277872964,-14.652590027348031,-18.48564337215465,-22.29877030833961,-25.707068560409112,-28.4175635716556,-30.27863478205453,-31.28187610701147,-31.53433442615669,-31.21516760466146,-30.52478575485681,-29.632832455205037,-28.63211731966508,-27.5091665041157,-26.156755490292184,-24.427972264886343,-22.188008966248805,-19.34558184042692,-15.873093721438158,-11.816729979736818,-7.2917675399022865,-2.465188441616466,2.4652107069213542,7.291790639356789,11.81675480116607,15.873120381010157,19.34560941465156,22.18804132087165,24.42800942111582,26.15678350198742,27.50919339334481,28.632161788347496,29.63287399020796,30.5248150221119,31.215197680590546,31.53436313615087,31.281897705509813,30.27864968248601,28.41757193195377,25.707071051324736,22.29876906406537,18.485638721296347,14.652583717782203,11.171682534014158,8.273048273263653,5.946452458580411,3.920225750733926,1.8296922150974653,-0.4335788946976603,-2.549911328860106,-3.766053805498276,-2.966010692984065,0.7559121433704187,6.714941426666342,14.029715706041545,24.6550893551688,39.713278735806206
-39.646307497526216,-24.610183416742025,-14.002302258735572,-6.696115804565072,-0.7386669381647707,2.9762937547540638,3.765481547224204,2.541908530066648,0.4213285590449072,-1.844186394469142,-3.935922583827314,-5.9628708188881845,-8.289992593218328,-11.189071806477804,-14.670406482240573,-18.50396582223847,-22.31770279867326,-25.726704654428374,-28.437949499248308,-30.29973142515949,-31.303533538098463,-31.55630370841568,-31.237179835939237,-30.54663404119709,-29.65439586793561,-28.653334282760063,-27.529976162502354,-26.1770347684079,-24.44747701870344,-22.20632610121245,-19.362116984550912,-15.887116786377456,-11.827469332135925,-7.298537867207556,-2.467503600342127,2.467525731101304,7.29856085193377,11.827494065228596,15.887143374801283,19.362144654976877,22.206358479808305,24.4475139118733,26.177063418006227,27.53000387988791,28.653378765091503,29.65443773391708,30.5466644756497,31.23721078389587,31.55633317192449,31.30355587736353,30.2997467387361,28.437957871273856,25.726706840039157,22.31770108054597,18.50396059564852,14.670399579297015,11.18906343772024,8.28998890975455,5.962866242497042,3.935913972600861,1.8441701311079364,-0.4213574727081999,-2.541906795963728,-3.7655247311201783,-2.976336661804749,0.7386139623472343,6.696065457530105,14.002246519697398,24.610114091995957,39.6462293546461
-39.5790704190848,-24.565123615494077,-13.974842862370725,-6.67724736695558,-0.7213848122615241,2.98656549782465,3.764900867193481,2.5338691967050795,0.4090792269468662,-1.8586894319871017,-3.951637435369913,-5.979314794426188,-8.306967591055802,-11.206489118891144,-14.68825448079227,-18.52230886540327,-22.33664068230373,-25.74632939413923,-28.45830723028235,-30.32078443170551,-31.32513531477744,-31.578209163944106,-31.25912315274379,-30.568410469658783,-29.675884921428807,-28.674474110773648,-27.550705571764077,-26.1972299165822,-24.4668943841396,-22.22455525566289,-19.378568258663908,-15.901065964314103,-11.838150678452946,-7.305271286862564,-2.4698060424907933,2.4698280239043293,7.305294143562282,11.838175298619548,15.901092455738617,19.378596010787103,22.22458764256397,24.46693111692188,26.19725920922669,27.550733875304555,28.674518846224117,29.67592718868846,30.56844200863208,31.2591550471725,31.57823938648792,31.325158381156005,30.3208001717075,28.45831563482237,25.74633126138876,22.33663846574235,18.522303031373223,14.68824695168018,11.206480093797536,8.306963574138923,5.979309883007141,3.95162825462335,1.8586722387510188,-0.4091096643718452,-2.5338668537732207,-3.7649450875599824,-2.986608264793964,0.7213321078246819,6.677197367725665,13.97478750428044,24.565054467901547,39.57899246285862
-39.51164608532176,-24.51997926112833,-13.947392525371844,-6.658385992514202,-0.7041180355952589,2.996783833785189,3.764270365127621,2.525795193514116,0.3968040396709058,-1.8732161405187069,-3.967377637045253,-5.9957877015258925,-8.32397546089988,-11.223940867402604,-14.706132579680814,-18.540671002963183,-22.35558243039586,-25.765941286000835,-28.478635701240776,-30.3417933610126,-31.34668156167067,-31.600051417567613,-31.28099850164149,-30.590116069981477,-29.697300566516738,-28.695537586857043,-27.57135557527001,-26.21734170305052,-24.486225058746992,-22.24269697908453,-19.394935917793426,-15.914941210905868,-11.848773730217,-7.311967576325826,-2.4720956817001407,2.4721174607987213,7.311990248772796,11.848798178461008,15.914967548462064,19.394963690384657,22.242729302345506,24.486261739459746,26.21737161009006,27.571384126380085,28.695582933279013,29.69734324493321,30.59014850950424,31.28103135912712,31.600082381408992,31.346705287230314,30.34180947962215,28.478644108182,25.765942862408693,22.355579762563558,18.540664584772607,14.70612446423339,11.223931245670666,8.323971187437587,5.995782511612818,3.9673679449445065,1.8731979882661536,-0.3968359026294807,-2.525792116610185,-3.764315590775266,-2.9968264175620085,0.7040655848079374,6.658336338042805,13.947337531593606,24.519910275961596,39.511568310670185
-39.44403250995445,-24.474752819863603,-13.919949168810296,-6.639530679996808,-0.6868647801895702,3.006950507934941,3.763592192935476,2.517688346137904,0.3845048317654823,-1.8877657355065616,-3.9831427329033375,-6.012289384688339,-8.341016055447758,-11.241426681057453,-14.724039361533984,-18.55904839584604,-22.37452034655967,-25.78553088472367,-28.498925156410515,-30.36275040512493,-31.36816819025601,-31.62182750907976,-31.302802838531655,-30.611747029224684,-29.718638076871947,-28.71651892733266,-27.591919278829437,-26.237362120606257,-24.505459932642843,-22.260741193632235,-19.41120934931008,-15.928731721029244,-11.859329386741244,-7.318619877636509,-2.474370082019151,2.474391469388864,7.318642161512927,11.859353449240617,15.92875770413884,19.411236952764504,22.26077330138632,24.50549664203937,26.23739253620789,27.59194777485563,28.716565151011647,29.71868110641931,30.611780013537672,31.302836453061506,31.6218589371357,31.368192357483217,30.36276684971119,28.498933695970752,25.785532463998496,22.374517649527142,18.559041787298767,14.724031101689206,11.241416957741924,8.341012053560375,6.012284279863828,3.9831329516048695,1.8877467521259907,-0.3845369717166162,-2.5176846061925757,-3.763638323660744,-3.0069931646792587,0.6868122120250053,6.639481041490662,13.919894047146652,24.474683515210447,39.44395443068832
-39.37624635827819,-24.429445140248557,-13.892519237970948,-6.620684551339674,-0.6696279569340694,3.017062729686192,3.762862788106245,2.509545087123401,0.3721781944577636,-1.9023402854580191,-3.99893388993748,-6.028820078045394,-8.358088937606517,-11.258945991021626,-14.741975896124826,-18.577446570211062,-22.39346725812941,-25.80511482330402,-28.51919319488367,-30.383669642482477,-31.389601694856445,-31.643541123059094,-31.32453991514245,-30.633308033657283,-29.739903749167983,-28.737426569357066,-27.61240659549534,-26.257303709977077,-24.52461394895488,-22.27870516147968,-19.427407596951788,-15.942457841008745,-11.86983556572387,-7.325241254916506,-2.476633877235185,2.476654888027568,7.325263166627309,11.86985925710469,15.942483483442825,19.427435048128963,22.278737093146844,24.524650686350515,26.25733461008069,27.61243531841796,28.737473547150564,29.739947216558377,30.633341734101663,31.32457438906265,31.64357314316523,31.389626386194102,30.38368641256801,28.51920183758466,25.805116374623072,22.3934644624428,18.57743962523838,14.74196740548235,11.258936109156403,8.358085146670676,6.028814938654149,3.998923873246016,1.902320232981472,-0.372210504938927,-2.509540752786253,-3.762909979183416,-3.0171054345655843,0.6695753096037831,6.620634959844892,13.89246404997176,24.429375575674136,39.376168039758994
-39.308281044090094,-24.38405513137082,-13.865098046654602,-6.6018452231014,-0.6524050113763441,3.0271230311745727,3.762084913734409,2.501367903755146,0.3598263583323737,-1.916937737265708,-4.014749320509448,-6.045378054905549,-8.375192417612507,-11.276496857059913,-14.759939407885472,-18.595860790037403,-22.412415235792714,-25.82468381023801,-28.53943058087848,-30.404544073180528,-31.41097923610568,-31.665190980209,-31.34620863649323,-30.654797735255645,-29.761095419173845,-28.75825712105264,-27.63281400861957,-26.277161579419275,-24.54368120096547,-22.296581997442644,-19.443522871940907,-15.956110916550143,-11.880284500682173,-7.3318259195587006,-2.478884969896979,2.478905606660555,7.331847463260791,11.880307827689007,15.956136233982162,19.44355015847048,22.29661370218449,24.543718133599423,26.27719292398333,27.632842459572025,28.758305381119374,29.76113932200278,30.65483191496565,31.3462440759956,31.665223631817145,31.41100443798469,30.404561174028814,28.539439319134477,25.824685285390107,22.41241227652325,18.59585345281885,14.759930664742392,11.276486817949149,8.375188753150578,6.04537281296178,4.014738978833833,1.916916576120265,-0.3598587961071826,-2.501363149307452,-3.762133080255942,-3.027165691409943,0.6523523550395895,6.6017957555882125,13.86504288440128,24.38398538775436,39.30820257768608
-39.24014326825337,-24.338583710391315,-13.83768763672306,-6.583013619708919,-0.6351966622688577,3.037130296936404,3.76125686322265,2.4931542418396506,0.3474468510949585,-1.9315602718834624,-4.0305909018657085,-6.0619648614075405,-8.392327722190158,-11.294080316809458,-14.777931379781087,-18.61429389027401,-22.431369182188725,-25.844244350237663,-28.559644069642705,-30.42537921777061,-31.43230447989872,-31.686779575028616,-31.367811109380376,-30.676218597949347,-29.782216175554428,-28.77901431074821,-27.65314613662124,-26.296941071108108,-24.562667856380106,-22.314378726255136,-19.45956269457581,-15.969698606354704,-11.890682998240294,-7.338378716029988,-2.4811251067271134,2.481145380171982,7.3383999056808,11.890705982323922,15.96972362984492,19.45958980651289,22.31441014046293,24.56270520504149,26.29697270849393,27.653173612490548,28.779064471575182,29.782260494061205,30.67625283333424,31.367847525148917,31.68681282276731,31.43233015991929,30.42539666463268,28.559652902990717,25.84424573421859,22.43136603870373,18.614286171424897,14.777922419319038,11.294070175980314,8.392324056684673,6.061959465125599,4.030580200808016,1.9315381585790288,-0.3474792335741933,-2.493149471912006,-3.7613056877883366,-3.0371728798784248,0.6351440606250496,6.582964336027895,13.837632587524388,24.33851386244314,39.24006472939247
-39.17182945736128,-24.293031693870425,-13.810285118520174,-6.564188037840173,-0.6180007415836708,3.047086757833648,3.7603816973417623,2.4849074452543127,0.3350429116762942,-1.946204997082845,-4.046456113461242,-6.078578162442567,-8.409492586592277,-11.311693875177768,-14.795948389667432,-18.63274027649476,-22.450320264359497,-25.86378561632471,-28.579822936198163,-30.44616676118519,-31.453572447134857,-31.708303748074687,-31.38934492734709,-30.69756773610672,-29.80326249093996,-28.79969392817804,-27.673397207210737,-26.316635579696463,-24.581566270659515,-22.33208642349957,-19.475517283727225,-15.983210782846852,-11.901022144037745,-7.344893029109909,-2.4833518826784067,2.4833718378589857,7.344913914533169,11.901044833472408,15.983235560152862,19.475544240564727,22.332117553649287,24.581604099614697,26.316667326932315,27.67342350548027,28.79974596698824,29.80330714165954,30.69760171394419,31.389382185781745,31.708337506400326,31.45359849416729,30.44618447063876,28.579831860422185,25.863786979428227,22.450317005843164,18.63273225570958,14.795939282507009,11.311683712628977,8.409488780990047,6.078572584002881,4.0464450880742175,1.9461822767725447,-0.3350749743395207,-2.484903120623208,-3.7604307599982447,-3.047129360998659,0.6179482465299789,6.564138969502721,13.810230250976732,24.292961791008377,39.17175087702967
-39.1033334223102,-24.24739843842318,-13.782885697879284,-6.545365697494719,-0.6008146715715507,3.0569946342089303,3.759461839626134,2.476629818840848,0.3226166237909942,-1.9608701238907065,-4.062343349651679,-6.095216458301547,-8.426685523253136,-11.329335862765626,-14.813987863378774,-18.651195204951485,-22.46926007484633,-25.883297207020824,-28.599956271241638,-30.466897700019658,-31.47477840040137,-31.729760525624968,-31.410807161405884,-30.718841808574197,-29.824230509969475,-28.82029154574705,-27.69356201500179,-26.336239131644245,-24.60036964964024,-22.34969727774253,-19.491377908736524,-15.996637730418971,-11.911293049247355,-7.3513624643950335,-2.4855630037776417,2.4855826712083653,7.351383077804302,11.911315491135849,15.996662315801498,19.49140472426208,22.34972812151548,24.60040796199142,26.336270781484465,27.693587000245724,28.82034532984093,29.824275415107007,30.718875246179064,31.410845026977277,31.729794635204627,31.474804713767902,30.46691565106296,28.599965289832184,25.88329855904322,22.46925672266814,18.65118697792756,14.813978704013127,11.329325759266476,8.426681478432979,6.095210703143453,4.062332063639694,1.9608471105463252,-0.3226481233065793,-2.476626461442742,-3.759510553750173,-3.057037276986659,0.6007623429839765,6.545316895780123,13.782831089950928,24.247328538706174,39.10325484882513
-39.03466925133629,-24.201686604500427,-13.755495401117528,-6.526549447961277,-0.5836405232060291,3.066851946743737,3.758494722785559,2.468318614419376,0.3101652302473583,-1.9755579045276752,-4.078254254042183,-6.111880872992787,-8.443907155106444,-11.347006812518227,-14.832051297659964,-18.669662937479902,-22.488197535547776,-25.90279076994318,-28.62005652685558,-30.48758229754413,-31.495927560925853,-31.75115286284188,-31.432200383309542,-30.740043721282344,-29.84512393153963,-28.840811990723083,-27.71364617520189,-26.35575882968018,-24.619086581092134,-22.36722149325089,-19.507156165677188,-16.00999226119236,-11.921507414224228,-7.3577954046835075,-2.4877614946317617,2.487780896800074,7.357815771886427,11.92152963832676,16.01001668025789,19.50718283539261,22.36725206497536,24.619125313966958,26.355790249593344,27.713670016630868,28.840867093734268,29.845169011148105,30.740076527614665,31.43223869010628,31.7511872035033,31.49595401381073,30.48760042228565,28.620065664359448,25.90279215891129,22.488194112128745,18.66965458109029,14.832042148743714,11.346996811693398,8.443902815611853,6.111874955596091,4.078242780696685,1.9755348446396883,-0.3101960398156749,-2.468316548293548,-3.758542688351045,-3.066894602856383,0.5835883992451887,6.526500950847169,13.755441104247684,24.201616747403776,39.03459072246992
-38.96584905558766,-24.15589581283874,-13.728119948444984,-6.507742454720416,-0.5664810258910301,3.076656378654922,3.757477187815957,2.4599705988300884,0.2976858776245396,-1.9902702040231937,-4.094189644069177,-6.128571313667772,-8.461156649896878,-11.364705818133096,-14.850139326833151,-18.68814831392657,-22.50714427909812,-25.922282202656294,-28.64014082387896,-30.508234439214892,-31.51702750856816,-31.772485634247907,-31.45352894675196,-30.761178784776387,-29.865949532526088,-28.861263988787925,-27.73366038701428,-26.37520767033071,-24.637732326995344,-22.38467664280873,-19.522871407114955,-16.023294769198955,-11.931683185078455,-7.364205022338752,-2.489952067071616,2.4899712103219667,7.364225151555055,11.931705188537158,16.023319010238538,19.52289792176613,22.38470697718464,24.637771401831213,26.37523880050281,27.733683301632023,28.8613200646182,29.865994795479875,30.76121102252375,31.45356758234107,31.772520153113614,31.51705408278906,30.50825273994731,28.64015009034273,25.9222836564472,22.50714081487905,18.68813989710832,14.850130239421366,11.364695942372457,8.46115202589356,6.128565243449302,4.094178013058865,1.9902472251499823,-0.2977159363074645,-2.45996980706199,-3.757524321322345,-3.076699095797185,0.5664290810627698,6.507694232890557,13.728065936157307,24.15582597058789,38.96577053085264
-38.89686202776612,-24.11002495498272,-13.700752322025238,-6.488940720775618,-0.5493324357407937,3.08641128027674,3.756413117766322,2.451589780325385,0.2851822986930316,-2.00500384961806,-4.110146826725803,-6.14528546411524,-8.478431912020064,-11.382430587191818,-14.868248217846713,-18.706643967030317,-22.526087012772305,-25.941754693835577,-28.660191756078493,-30.52884012079461,-31.538070903874715,-31.793754744419186,-31.474789466851107,-30.782243262540906,-29.886702589247086,-28.881641412406843,-27.753597314745893,-26.394576538735546,-24.656295958886307,-22.40204980801129,-19.53850899136078,-16.036529150929304,-11.941805674947831,-7.370580720512379,-2.4921309025516245,2.49214980057478,7.370600624570943,11.941827481647444,16.03655324589592,19.538535355609856,22.402079909571576,24.656335372577665,26.39460733898305,27.75361930802647,28.881698412490703,29.88674802174946,30.78227487032693,31.47482837173361,31.79378943717681,31.53809758883507,30.528858577492528,28.660201135560406,25.941756233603297,22.52608352558674,18.706635523009737,14.868239204692138,11.38242083161124,8.478426983107811,6.145279236975783,4.110135077655492,2.00498104989791,-0.2852115837701233,-2.451590384953328,-3.756459258048784,-3.0864540619616263,0.5492806581950469,6.488892759921236,13.700698581651542,24.10995510997304,38.89678349231016
-38.82770869764426,-24.06407529764708,-13.673391104086187,-6.47014309841367,-0.5321932761899346,3.0961176776622428,3.755303516984609,2.443176936346488,0.2726547884959334,-2.01975900948261,-4.126126262796533,-6.162023900865012,-8.495733532664946,-11.400181552283918,-14.886377828126465,-18.725148519415157,-22.545022389874628,-25.96120388122063,-28.68020485956228,-30.5493962400239,-31.55905645427809,-31.81495931132583,-31.495981202273967,-30.803235699947727,-29.90738107149529,-28.90194151822484,-27.773453330649197,-26.413861116463966,-24.674772568411058,-22.419335339473488,-19.55406281969115,-16.049689059925818,-11.951869558438624,-7.3769182249131635,-2.494296497127688,2.494315167071558,7.376937922570155,11.951891182185962,16.049713017039902,19.55408904041965,22.41936524924837,24.67481226333693,26.413891528793183,27.773474558671637,28.90199920379272,29.907426667766057,30.803266687213394,31.496020267187387,31.814994132941823,31.559083202157183,30.549414835374627,28.680214353681716,25.96120550743929,22.545018881222227,18.72514009384701,14.886368910918687,11.400171915586348,8.495728286787948,6.162017502695182,4.126114408522758,2.0197364962466877,-0.272683236380925,-2.4431790487096063,-3.755348589982519,-3.096160555090816,0.5321417018084257,6.470095426464001,13.673337672295688,24.064005481831177,38.82763016849573
-38.75839026442734,-24.018047384815542,-13.646035823849449,-6.451348725817664,-0.5150625987072038,3.105776046170356,3.754148464657751,2.43473180548378,0.2601028821766641,-2.0345361698473794,-4.142128358276344,-6.178786944524731,-8.513061713069943,-11.4179587765886,-14.904528023925096,-18.743661478823977,-22.56394949562054,-25.980628233341704,-28.700178474013832,-30.569901270110275,-31.579982869027805,-31.836098500447928,-31.51710331074818,-30.82415534221515,-29.927984209282293,-28.92216366160086,-27.793227727272185,-26.43306077086354,-24.69316143773825,-22.436532449594527,-19.56953195336644,-16.062773515463313,-11.96187369432001,-7.383216972293541,-2.4964486268787667,2.4964670804966005,7.383236474477518,11.96189515332833,16.062797363402176,19.569558041374886,22.43656218391248,24.69320139993402,26.43309078621368,27.79324824430612,28.922221969612547,29.928029975479724,30.82418571537589,31.517142502063493,31.836133447055097,31.58000966731158,30.56991998975348,28.700188087637045,25.980629948651,22.56394595219844,18.7436530733865,14.904519193444417,11.417949231407135,8.513056127669401,6.178780354215839,4.142116423666495,2.0345140000975306,-0.2601305011549296,-2.434735541084501,-3.754192422279795,-3.105819028594849,0.515011243154327,6.451301352941837,13.645982715214169,24.017977612867263,38.75831176085053
-38.68892730381318,-23.971941134429187,-13.618698294018987,-6.432564894035647,-0.4979462932629591,3.115381984852217,3.752942874718035,2.426249470331989,0.2475226765344151,-2.049337508346761,-4.158153651673479,-6.195573749679907,-8.530414533115726,-11.4357602888666,-14.922699591485296,-18.76219101973251,-22.58288877044076,-26.000055750724925,-28.720142951207976,-30.59037969444343,-31.60086228110572,-31.85717920796872,-31.53816202145525,-30.84501016324971,-29.94852276712749,-28.94232253704282,-27.812938013219632,-26.452197470508445,-24.711488585706807,-22.45367122755164,-19.58494998732452,-16.075818734773307,-11.971850475638512,-7.38950061918727,-2.4985957463867776,2.498613978173416,7.3895199202763955,11.97187175482122,16.075842449382932,19.58497594202893,22.45370080953604,24.711528706661767,26.45222717347121,27.812958084077373,28.94238118776635,29.948568701629934,30.845040098292507,31.538201318031813,31.857214297102853,31.60088914076154,30.590398514889024,28.720152667147108,26.000057567358155,22.58288520578772,18.762182653444693,14.9226908526258,11.435750826553988,8.530408646282922,6.195566974351868,4.1581416222652114,2.049315659256209,-0.2475495367591126,-2.426254579511652,-3.752985877773872,-3.11542505535714,0.4978951272422197,6.432517796234567,13.618645473319688,23.97187137562321,38.68884878609398
-38.61931748216151,-23.9257559701427,-13.591376779228218,-6.413790486739424,-0.4808429102605261,3.124936755034716,3.751687616998357,2.4177310123451057,0.2349147997327333,-2.0641623750505103,-4.1742015396620245,-6.212383718471116,-8.547791397896441,-11.453585353540443,-14.940891444417693,-18.780735200130763,-22.601837568859853,-26.019482389751165,-28.74009465551971,-30.6108290187852,-31.62169232762053,-31.87820019704688,-31.559156706708897,-30.865799858209492,-29.968995439690808,-28.96241647440197,-27.832583137102542,-26.47126963561893,-24.729751412317896,-22.4707484959403,-19.60031346987764,-16.08882143511387,-11.981796582508109,-7.395767003154896,-2.500737026653068,2.5007550083576784,7.395786071636296,11.981817647579732,16.08884497857475,19.60033932626712,22.47077798733488,24.72979120629134,26.471299386006013,27.832603967796857,28.96247402157596,29.96904169212837,30.865830059091294,31.55919592288729,31.878235371967417,31.62171929083099,30.610847950875183,28.740104464336845,26.01948428266286,22.601833974001032,18.78072687061173,14.94088279410757,11.453576005915023,8.547785264213598,6.212376842091015,4.174189438818731,2.064140802713339,-0.2349412690558866,-2.4177368273596724,-3.751730115241164,-3.1249797802948334,0.4807918684356768,6.413743616824849,13.5913241617717,23.925686146092588,38.6192388786276
-38.54954348131158,-23.87949042060073,-13.564058481996604,-6.395018140403527,-0.4637461881520858,3.134445405313739,3.750389474377696,2.4091826434912744,0.2222854356053189,-2.0790059720411014,-4.19026833205,-6.229213957887226,-8.56518985195351,-11.47143121353464,-14.959098268521522,-18.79928242348315,-22.62077235763264,-26.03887991630609,-28.76000340154671,-30.631225168926623,-31.642464222057058,-31.89915693518398,-31.580082623906147,-30.88651917061772,-29.989394724173646,-28.98243054088234,-27.85215123135328,-26.4902583998474,-24.747927849569564,-22.487739995832552,-19.61559458853021,-16.101750038603782,-11.991684449339656,-7.401995123675574,-2.5028650845291343,2.5028828553037883,7.402014001343141,11.991705342045169,16.101773457086612,19.615620347081336,22.48776937988581,24.74796760067076,26.49028801114772,27.852171977855228,28.982487906554724,29.989441135103284,30.88654919223157,31.580121792844565,31.899192192777925,31.642491232097704,30.63124419774922,28.760013298372478,26.03888189706981,22.620768752257263,18.799274175325436,14.959089720512626,11.471421938906996,8.565183396588859,6.229206920638641,4.190256189257598,2.0789848523379444,-0.222311327023435,-2.4091896631875542,-3.7504311025523984,-3.134488493404389,0.463695324967264,6.394971534167778,13.564006133220683,23.87942058766419,38.54946483876499
-38.47961103779807,-23.833145654269945,-13.536745783766127,-6.376248625974947,-0.4466565621318289,3.1439069944973324,3.749046441609913,2.4006015744373586,0.2096313345476066,-2.0938716082224693,-4.206357163064678,-6.246067412381228,-8.582612665325946,-11.489300583733735,-14.977323081522782,-18.81783669542704,-22.639699123394514,-26.058255105791037,-28.77987620636697,-30.651573993110315,-31.66318107685225,-31.9200517078775,-31.600942075296476,-30.90716893232697,-30.009722657774272,-29.00237134067756,-27.871642536549537,-26.50916798578541,-24.7660232831546,-22.50465049590557,-19.6307986840876,-16.114610345222648,-12.001518983651936,-7.40818870876386,-2.5049812268018226,2.504998798907798,7.408207407594099,12.001539726873093,16.114633668719712,19.630824329296875,22.504679743249145,24.76606321096593,26.509197303442328,27.87166259243347,29.00242924078324,30.00976912836975,30.907198465229506,31.60098126020501,31.9200870466149,31.66320810834982,30.651593123451903,28.77988620503158,26.058257161278828,22.639695463346843,18.81782853791284,14.977314634910222,11.489291335703692,8.58260586375816,6.2460601628526495,4.206344979007416,2.093850977785429,-0.2096565133618197,-2.400610186894404,-3.749086931504795,-3.1439501182453133,0.4466059183632531,6.376202325096983,13.536693757359805,23.8330758637012,38.47953240732985
-38.40952720555738,-23.786722659038062,-13.509442148414534,-6.357484027538905,-0.4295752685139214,3.1533210076634424,3.7476585951702615,2.3919887857483824,0.1969539410927681,-2.108757214145081,-4.2224654253749785,-6.262941018688228,-8.60005635694248,-11.507189834982864,-14.995562863428905,-18.836396687898585,-22.65861958824509,-26.077611305336696,-28.799717366069974,-30.671879011144377,-31.683843217268144,-31.94088376198618,-31.621734407332912,-30.92774880818853,-30.029979370639158,-29.02224015317229,-27.891059041127,-26.52800179974009,-24.78404227957248,-22.521485738067163,-19.64593269425496,-16.12741042433502,-12.011307609179134,-7.414353152175807,-2.507087405611106,2.50710478834055,7.414371682043907,12.011328209157742,16.127433650827175,19.64595821971321,22.52151486707732,24.784082389785443,26.528030777007256,27.89107844819651,29.02229855465596,30.030025899993348,30.92777785310505,31.6217735933841,31.940919169426667,31.68387026607289,30.67189824856816,28.79972748149581,26.077613434844803,22.65861586666417,18.83638864137577,14.995554522922385,11.507180598367416,8.600049220066596,6.262933547878916,4.222453211748229,2.108737087239568,-0.1969783585070271,-2.3919990640487643,-3.747697874713712,-3.153364183130675,0.429524836686691,6.357438024369073,13.50939043545225,23.78665289863641,38.409448569593486
-38.33927285939092,-23.74021923565313,-13.48213412563613,-6.338714833316942,-0.4124945654140808,3.16269304795577,3.746231617979522,2.38334937516478,0.1842572084125135,-2.123660438397948,-4.238592133317485,-6.279834780919352,-8.617521652659592,-11.525099485170058,-15.01381521887942,-18.85495248895896,-22.677511332770862,-26.096917565177385,-28.819493197184396,-30.69211261185101,-31.70443645030312,-31.961645829041764,-31.642454212374044,-30.94825236452195,-30.050155804069757,-29.04202418804077,-27.910385242070102,-26.5467398185176,-24.80196041742212,-22.53821682070094,-19.660963717490034,-16.14011407017771,-12.021017027116905,-7.420464561571878,-2.5091750035736125,2.509192194483389,7.420482919517705,12.021037486196509,16.140137202250315,19.660989108899315,22.538245831768563,24.802000752953116,26.546768436094126,27.910403972639287,29.04208319370084,30.05020243418365,30.94828090296137,31.642493456842,31.96168138573732,31.70446354387301,30.69213194606728,28.819503427865108,26.096919798466665,22.67750755389116,18.854944572793837,15.0138069947068,11.525090216695936,8.617514147814644,6.279827032664954,4.238579870144531,2.123640863390297,-0.1842807035523122,-2.3833616418444628,-3.746269529878102,-3.162736324843452,0.4124443134230239,6.338669096375541,13.48208268894812,23.740149470360677,38.33919418658808
-38.26888335198724,-23.693640123242314,-13.454843035420645,-6.319955141280624,-0.3954251763717334,3.17201477110583,3.7447562609782334,2.3746742447157345,0.1715335034688444,-2.138586406986368,-4.254740121272335,-6.296749689400571,-8.635008108132253,-11.543029100452287,-15.032084072721078,-18.87351967741561,-22.696409719111266,-26.116222337562174,-28.839256581171565,-30.712318203575027,-31.724982675068095,-31.98234908999069,-31.663109786582165,-30.968689983692755,-30.070266438684552,-29.06174349217897,-27.92964667554175,-26.565414391856176,-24.819816871652247,-22.554890193028747,-19.67594448255349,-16.15277937742948,-12.030700424218535,-7.42656134650034,-2.51125786110472,2.511274865448248,7.426579538333819,12.030720741642156,16.15280241602645,19.675969761089814,22.554919120577107,24.819857374919064,26.565442672120287,27.929664955162192,29.061802913982504,30.070313206594825,30.96871812815253,31.66314905775227,31.98238478585828,31.72500982991773,30.71233762947781,28.83926689930568,26.1162246378597,22.6964058630714,18.873511881037444,15.032075928982742,11.5430197609605,8.635000215186388,6.296741630169535,4.254727796937868,2.1385673838358445,-0.17155611877247,-2.3746885185106983,-3.744792916361905,-3.1720581527582143,0.3953751491033752,6.319909713657806,13.454791918926713,23.693570400607857,38.26880468562391
-38.19835124797584,-23.646982790024964,-13.4275637993584,-6.301201944373067,-0.3783644480517925,3.1812884495608222,3.7432350638688714,2.365965835322697,0.1587851521194684,-2.153533044390586,-4.270907495471165,-6.313683945137039,-8.652513961609122,-11.560976762664929,-15.05036673340224,-18.892093706814457,-22.715307008418133,-26.135515944752623,-28.85899755624342,-30.73248797849917,-31.74547851084001,-32.00299248274971,-31.683700723833503,-30.989061210660854,-30.09031020566966,-29.08139596506452,-27.94884074993117,-26.58402166201526,-24.837606611392264,-22.571499546987692,-19.690867395534475,-16.165397482199065,-12.040349336374476,-7.432637464406868,-2.513333750629151,2.5133505616079157,7.432655481616896,12.040369510487524,16.165420420859633,19.690892544935977,22.571528382678128,24.837647276280297,26.584049661799007,27.94885863592229,29.08145578634588,30.090357119146997,30.989089038224293,31.68374007734054,32.003028347062525,31.745505723942305,30.73250750506917,28.85900799575728,26.13551831136777,22.715303042756616,18.89208604457919,15.05035868381345,11.56096733769198,8.652505683534757,6.313675576590021,4.270895105545499,2.1535145815012693,-0.1588068825565499,-2.365982179932597,-3.743270336911309,-3.1813319645005005,0.3783145925726349,6.301156778356808,13.4275129395459,23.646913049941496,38.1982725316321
-38.12766226819538,-23.60024510248233,-13.400286162066813,-6.282447663881118,-0.3613061456766845,3.190518694678664,3.74167286095112,2.357228701759411,0.1460158908984259,-2.168497866127704,-4.287092794124691,-6.330636841713403,-8.670038994266362,-11.578942063893976,-15.068660523889845,-18.910666119327274,-22.734184970834296,-26.15477340218549,-28.878688788384466,-30.75259931675245,-31.765911941364823,-32.02356948549139,-31.70422214333379,-31.00936004609583,-30.11027894065709,-29.10097060237861,-27.967953869983557,-26.602544715274245,-24.85530938848572,-22.588021115472,-19.705705713390795,-16.177939146109935,-12.049937081889285,-7.438673686823457,-2.515395765922121,2.5154123721257493,7.438691515566331,12.04995709381849,16.177961977603978,19.705730746770428,22.588049895872967,24.85535027185121,26.602572496940496,27.9679714382078,29.10103102259737,30.110326172179736,31.00938770631484,31.70426171609681,32.02360563669232,31.76593931239906,30.752618983853885,28.878699323350308,26.154775757943884,22.73418078632464,18.910658525772188,15.068652506620674,11.57893242026248,8.67003024018981,6.330628049434941,4.28708024643345,2.16847990355558,-0.146036715364949,-2.3572475424709927,-3.741706765479696,-3.1905623926961737,0.3612565028211524,6.282402800198724,13.40023558676435,23.600175381335045,38.12758354430179
-38.05683626975884,-23.553430932364734,-13.37302147546738,-6.263700002444646,-0.3442558795267502,3.199701177217429,3.740065004411544,2.348458651972175,0.1332219517748873,-2.1834833781756338,-4.303297375887428,-6.347608788389314,-8.687582889221353,-11.59692469204105,-15.086967362642682,-18.92924485121034,-22.753061993349743,-26.17402036538243,-28.89835880269064,-30.772676340190056,-31.786295509624487,-32.04408646886704,-31.724678601898717,-31.029591804765342,-30.13018012519813,-29.12047804845693,-27.98699910113008,-26.621000468596478,-24.872945889238053,-22.604479377391,-19.720487290912686,-16.190435145807477,-12.059492105698338,-7.444690224223131,-2.5174512724292675,2.517467656247286,7.444707845450556,12.059511929949624,16.190457832126377,19.720512197202936,22.604508143697792,24.87298687949939,26.621028101443564,27.98701678248338,29.120538699572727,30.1302277543241,31.029619557855646,31.724718416162933,32.04412294979193,31.786323071729576,30.77269616620857,28.8983694288554,26.17402269336086,22.753057587977207,18.92923731255221,15.086959334491286,11.596914787138743,8.687573703122943,6.347599584934401,4.303284666856894,2.1834658481635554,-0.1332420524692934,-2.348479730691284,-3.740097719687693,-3.199745080968018,0.3442064251526551,6.263655420034239,13.372971145576797,23.553361197028963,38.05675751242924
-37.985858061085466,-23.506536512118902,-13.345759340373757,-6.244951540203895,-0.3272077171048146,3.208840409265853,3.738416098744188,2.3396600176692326,0.1204068240544154,-2.1984870685255564,-4.319519488267794,-6.364598622054048,-8.705144840574432,-11.614923698575172,-15.10528421742688,-18.94782162383483,-22.77192059637283,-26.19323320773573,-28.91798170333321,-30.792697428604217,-31.806618606507023,-32.06453861792944,-31.74506701246676,-31.049752899332866,-30.150008206190925,-29.13990966186868,-28.005966214325028,-26.63937507749954,-24.8904989429289,-22.62085389578245,-19.735188589938986,-16.202859061885842,-12.068989764946627,-7.450669631065365,-2.519493870998027,2.519510051097656,7.450687067370286,12.069009428415942,16.202881626648132,19.735213359678514,22.62088258212599,24.89054006734736,26.63940243191213,28.00598344168004,29.139970758452023,30.150055954915054,31.04978034124685,31.74510688391966,32.064575272164305,31.80664625712093,30.792717350874536,28.917992437237377,26.19323561337933,22.77191612753178,18.94781428501204,15.10527628292738,11.614913534914152,8.7051354507878,6.364589181227398,4.319506769915286,2.1984700230954304,-0.1204261752183558,-2.3396828752514764,-3.7384475851534273,-3.208884402783451,0.3271583994838413,6.2449072191737605,13.345709245650664,23.5064667341034,37.98577922912333
-37.91473864091623,-23.45956482816752,-13.31850533860497,-6.226205905670505,-0.3101639899968425,3.2179348682584483,3.736724625897577,2.3308323653207053,0.10756996855888,-2.213508747754797,-4.33575835285568,-6.38160505578492,-8.722723188232603,-11.632937234127754,-15.123610354491872,-18.96639843483083,-22.79076768052771,-26.21242227626504,-28.93756941436213,-30.81267286633936,-31.82688616641696,-32.08492814188474,-31.765388695054888,-31.069844876080627,-30.16976583358178,-29.1592694239751,-28.024860317032925,-26.657675358422072,-24.90797732142837,-22.6371552286022,-19.749821723624063,-16.21522458122245,-12.078442915430834,-7.456620970238586,-2.52152689779814,2.521542974693883,7.456638331977399,12.078462543444044,16.215247145465522,19.74984641805712,22.637183787409647,24.90801842208248,26.657702083298314,28.024876589030853,29.15933048400476,30.169813094622494,31.069871286971647,31.76542795665863,32.084964397742965,31.826913532153757,30.812692746479197,28.937580313581385,26.212424937564894,22.79076344602945,18.966391516532717,15.12360264770596,11.63292714712204,8.722713956946144,6.381595762392009,4.335745972887461,2.213492351061123,-0.1075887420180383,-2.3308554646999924,-3.736755272467869,-3.2179785740487,0.3101148328016254,6.226161888541709,13.318455596274688,23.45949506792154,37.91465975346739
-37.84347707986058,-23.412514573743024,-13.29125823230108,-6.207462321814496,-0.2931240205621149,3.2269845306964884,3.73499023256351,2.3219743442545995,0.0947103615640803,-2.2285495055909665,-4.352015040005466,-6.398629073151958,-8.740318822187673,-11.65096602836122,-15.141946361191495,-18.984975692742623,-22.809603153721625,-26.23158729591885,-28.957121381201887,-30.83260189286907,-31.84709807586089,-32.105255072640006,-31.78564371500708,-31.089867965925823,-30.189453489313788,-29.178558087335016,-28.04368205597614,-26.67590205944882,-24.92538180090808,-22.65338411197101,-19.76438733888456,-16.22753199414029,-12.08785157580022,-7.462544392850059,-2.523550375072867,2.523566375570101,7.462561708024189,12.087871203139825,16.227554586460904,19.7644119708784,22.65341256105509,24.925422871195764,26.675928147709293,28.043697416730065,29.1786190045054,30.189500235317464,31.089893320057943,31.785682319052857,32.105290894767364,31.84712512428194,30.83262170155553,28.95713242623636,26.231590224166634,22.809599229295912,18.984969184680164,15.141938837395305,11.650956154796187,8.74030977382505,6.398619961770812,4.352003020953896,2.228533722686639,-0.0947287307627532,-2.321997114767611,-3.735020326483205,-3.2270278884785157,0.293074980472859,6.207418554989991,13.291208798418884,23.41244478828516,37.84339807949753
-37.77207008231268,-23.365384425181013,-13.26401512197865,-6.1887183919733895,-0.2760855585601015,3.235991211606572,3.733215059486825,2.313087869199748,0.0818299828484007,-2.2436076569229906,-4.368288037937023,-6.415669263484124,-8.757930320003263,-11.669008547868588,-15.160290021740536,-19.00354976469894,-22.828420872278414,-26.2507203112532,-28.97662909769017,-30.85247750851731,-31.867250678427663,-32.12551764862882,-31.80583096481323,-31.10982077615325,-30.209069003117197,-29.197772558548,-28.062427707831777,-26.694050526733296,-24.942706760175263,-22.66953397949105,-19.778878024544547,-16.239773116092557,-12.097208160246632,-7.468434521113176,-2.525562345175625,2.525578278610028,7.468451797695809,12.097227787162238,16.239795738443963,19.7789026073657,22.66956235327015,24.942747883697,26.69407603838239,28.06244216090246,29.197833536385414,30.209115356708608,31.10984516692148,31.80586904734331,32.12555313640483,31.86727745985748,30.852497256626474,28.97664026552914,26.25072345060801,22.828417191912955,19.00354355800126,15.160282589439774,11.668998842552202,8.75792138783413,6.415660263939241,4.368276298713854,2.243592366076081,-0.0818480950998813,-2.313110263742043,-3.733244842869498,-3.236034219055285,0.2760366725828588,6.188674899336566,13.263966018514273,23.36531464447509,37.77199099582616
-37.70053377624892,-23.318179875427813,-13.236784331885213,-6.169979947551295,-0.2590526118005986,3.244951675644015,3.73139610910552,2.304170127233082,0.0689268065138261,-2.2586844488752904,-4.384577929003807,-6.432725620870418,-8.775557225479169,-11.687064301656788,-15.178642390433913,-19.02212593962988,-22.84723408263353,-26.269839856729693,-28.996113670544997,-30.872317847137086,-31.887352455031632,-32.14571934296922,-31.82595195210533,-31.129705242996422,-30.22861569821369,-29.21691873729068,-28.081105058226186,-26.712131737296723,-24.959965983167777,-22.685621615399462,-19.793313182975552,-16.251969994910596,-12.10653326667838,-7.474305845901651,-2.527568188926109,2.5275840563057304,7.474323082965723,12.106552887764604,16.25199264266844,19.793337736651196,22.685649964405386,24.960007116654804,26.71215675657,28.08111897269653,29.21697957838172,30.22866178983676,31.1297289159148,31.825989568609227,32.14575457319561,31.88737904886935,30.87233756043345,28.99612493346489,26.269843160592732,22.847230610619334,19.02211997084867,15.178635003413016,11.68705476357494,8.775548336975454,6.432716692109,4.384566427686542,2.258669619076107,-0.0689447621447953,-2.3041922012256464,-3.731425613462127,-3.244994380690576,0.2590038509418985,6.169936680939755,13.23673549518851,23.31811004469185,37.70045455497984
-37.62885285426699,-23.270895493567373,-13.209555794351337,-6.151239158497474,-0.2420191288743268,3.2538705016291245,3.729537621347181,2.2952246714253874,0.0560032051595639,-2.273778646789963,-4.400884278823257,-6.449798300872176,-8.793200056950049,-11.705133653923252,-15.19700165816145,-19.040697088749397,-22.866025754247367,-26.28892250967999,-29.015548810535243,-30.89210084685828,-31.90739380647851,-32.165856914394496,-31.846005807420354,-31.14951982074792,-30.24809016144464,-29.23598984676191,-28.09970492627273,-26.73013236797334,-24.977142525426405,-22.701626168072533,-19.80766867320428,-16.264095069466077,-12.115801191892505,-7.480140235170455,-2.5295612003974943,2.529577012250517,7.480157441425224,12.115820823563295,16.26411776350833,19.807693201392397,22.70165449328934,24.977183770524885,26.7301569389932,28.099718140797243,29.23605084847447,30.24813604599328,31.14954277678129,31.84604308455443,32.165891953446355,31.90742021590283,30.89212052943764,29.015560176745502,26.288925952032656,22.866022430272118,19.040691273767948,15.19699426931368,11.705124206557672,8.79319119346803,6.449789395655311,4.40087294543003,2.27376415575754,-0.0560210565276635,-2.2952464124041425,-3.729566996729397,-3.253912924695059,0.2419705253691717,6.151196144729964,13.209507255929228,23.27082564654431,37.62877352916017
-37.55703594387691,-23.223533786875247,-13.182333778581004,-6.132499300260328,-0.2249872812572289,3.262746053476027,3.727638388572329,2.2862507458861607,0.0430591736586428,-2.2888895389589803,-4.417205803113732,-6.466885546469606,-8.810856684271432,-11.723214395777932,-15.2153665678616,-19.05926449991137,-22.884801915327703,-26.30797742614384,-29.034945157292764,-30.911835266431037,-31.92737784270835,-32.18593066559374,-31.865991677248918,-31.16926404283854,-30.267492898191534,-29.25498818615515,-28.11823090779326,-26.74805827483322,-24.99424424752468,-22.717557566627885,-19.82195614490806,-16.276161615204686,-12.125024230722708,-7.485946431357009,-2.5315446176670817,2.5315603673328835,7.485963599248171,12.125043860369178,16.27618434051564,19.82198065176617,22.717585887249253,24.994285600129533,26.748082420586933,28.11824353574344,29.255049338511885,30.267538651501177,31.169286369066565,31.866028662236083,32.18596556624813,31.927404111012468,30.911854934698127,29.034956615562,26.30798095814265,22.88479869830117,19.05925880649756,15.215359165174958,11.72320501832921,8.810847840055006,6.4668766518879535,4.41719459700516,2.2888753065205902,-0.0430769775394105,-2.286272167201747,-3.727667604249899,-3.2627881549139133,0.2249388155863859,6.13245652254737,13.182285505836845,23.223463895193,37.55695649124327
-37.48509027422564,-23.1760969285983,-13.155121419924026,-6.113762863725807,-0.2079586978166417,3.2715768662167006,3.725696915283695,2.277247025459528,0.0300938188642854,-2.304017563601854,-4.43354257529216,-6.48398712152182,-8.828526609052917,-11.741305977867793,-15.23373732273892,-19.07783044775481,-22.903568715079683,-26.327013643256645,-29.05431329618664,-30.931530468192843,-31.94730973725617,-32.20594346474788,-31.885911374720244,-31.188939999530536,-30.28682675185195,-29.27391783644856,-28.136688099817924,-26.76591602600934,-25.011279072389826,-22.733425158955534,-19.83618615658796,-16.288181236501835,-12.134213040692908,-7.491731926044593,-2.53352119508876,2.533536881133031,7.491749054895805,12.134232657486642,16.28820397147817,19.83621063585735,22.73345350824856,25.011320501349545,26.76593979988797,28.136700359184843,29.273978973959967,30.286872423881384,31.188961849082,31.88594809036013,32.205978257154165,31.947335890506167,30.931550112187217,29.05432481198558,26.327017244378148,22.90356560123712,19.077824846808184,15.233729880198648,11.741296653333428,8.828517746516521,6.483978208725192,4.433531474249165,2.304003578531681,-0.0301116101274002,-2.27726818069768,-3.725725990010625,-3.271618656082649,0.2079103789851181,6.113720324682874,13.155073407187256,23.176026991846925,37.48501069725725
-37.413007332321854,-23.128582399827824,-13.127912211691932,-6.095023804703301,-0.1909282677206607,3.2803666363570736,3.723716416506668,2.2682157898379858,0.0171080993057841,-2.319162897864617,-4.449895561414415,-6.50110453326129,-8.846211694532082,-11.7594100994803,-15.252113891515346,-19.09639060319923,-22.9223143413938,-26.346013753397543,-29.073633373088462,-30.951169537993977,-31.96718082543992,-32.225891503065114,-31.905762648936506,-31.20854477000144,-30.306087064792223,-29.29277152106312,-28.155067011422343,-26.783692930151176,-25.02823128615519,-22.749209996276367,-19.85033729889857,-16.30013049140622,-12.143346025244448,-7.497481499944757,-2.535485349403216,2.5355009764705456,7.497498591836938,12.143365641505277,16.300153261413353,19.850361772080625,22.749238378124392,25.02827281894008,26.78371635744003,28.155078878016848,29.29283277894204,30.306132708447183,31.208566164632828,31.905799139219045,32.22592621195772,31.96720689059501,30.951189185742415,29.073644948581684,26.346017380765787,22.922311271109702,19.09638504215798,15.252106388608311,11.759400789407207,8.846202804037764,6.501095589417683,4.449884528139022,2.319149075780658,-0.0171259334601132,-2.268236681719707,-3.723745387489075,-3.2804081244126366,0.1908801042946865,6.0949815086865335,13.127864464518716,23.128512422831125,37.41292763698145
-37.34079239251149,-23.080991224406617,-13.10070862130047,-6.076284514875479,-0.1738974457470146,3.2891142454683004,3.721696370199946,2.259157319434624,0.0041031471065867,-2.334323735552975,-4.466262406694895,-6.518234987103719,-8.86390878046733,-11.777523540652147,-15.270493843956562,-19.114944372904024,-22.94104173424084,-26.36498354415537,-29.092912618791388,-30.9707587649998,-31.98699435445587,-32.24577618799719,-31.92554618991606,-31.22807935803885,-30.32527567952755,-29.31155224392155,-28.173371697184805,-26.80139454395495,-25.04510802235844,-22.764920747388377,-19.86441942543358,-16.31202005080044,-12.152432903917951,-7.503202048741403,-2.5374395844460897,2.537455157288683,7.503219107445607,12.15245252506475,16.312042864265173,19.86444390017261,22.764949173625944,25.04514965233543,26.80141767023612,28.173383279895813,29.31161359133337,30.325321322819143,31.2281003741576,31.92558249793893,32.245810864678944,31.98702035383153,30.970778403815537,29.092924242441583,26.36498720317951,22.94103871366108,19.11493882585553,15.270486267130286,11.77751422146502,8.86389986282377,6.518225990391122,4.466251419808664,2.334310037881278,-0.0041209982991671,-2.2591779396199643,-3.7217252948964097,-3.2891554913118424,0.1738494178849109,6.07624243332268,13.10066110956106,23.080921178058546,37.340712545992375
-37.26845031278558,-23.0333250759235,-13.073512313870198,-6.057546607150576,-0.1568672270869571,3.297818350916598,3.7196355576148425,2.250070706187984,-0.0089215774307283,-2.3495002551724244,-4.482643008607435,-6.535378130605624,-8.881617325006234,-11.795645713572371,-15.28887710402894,-19.133492921475742,-22.95975477362211,-26.3839287480768,-29.11215752346837,-30.99030378965712,-32.006752773726475,-32.265597872898105,-31.945262250770515,-31.24754428892181,-30.34439373730453,-29.33026217145377,-28.191605312892168,-26.81902539985847,-25.061914897603877,-22.780564549099743,-19.878440163766765,-16.32385835834411,-12.161481525441364,-7.50889904375474,-2.539385945399605,2.539401464725002,7.508916070442425,12.161501148696,16.323881208598618,19.87846464565867,22.78059303996469,25.0619566108945,26.81904825703989,28.191616707708985,29.33032355775677,30.344439413120337,31.24756500304173,31.94529838647617,32.26563252780629,32.00677871983627,30.99032341983328,29.112169179395156,26.38393242082558,22.959751783090816,19.13348735957773,15.288869433394852,11.7956363664134,8.88160835064778,6.535369065000464,4.482632044435059,2.349486668540064,0.0089036921901097,-2.2500910987583707,-3.719664481151233,-3.297859362649499,0.1568193617478587,6.057504759068048,13.073465054382083,23.03325497507449,37.26837033123464
-37.19598420664951,-22.98558584162145,-13.046323288567937,-6.03880938294276,-0.1398369727165629,3.306479088473644,3.717533897512711,2.2409554914177194,-0.0219668750342345,-2.3646934411062657,-4.499038431876597,-6.552535045159311,-8.899338372004758,-11.81377757807395,-15.307264494875836,-19.15203717397638,-22.978454444986628,-26.402850559763348,-29.131369376050746,-31.00980625591514,-32.02645778217705,-32.28535784513406,-31.96491199237001,-31.266940130059155,-30.363441323381245,-29.348901067534783,-28.20976741115525,-26.83658502460728,-25.07865143383428,-22.79614100117709,-19.89239895790473,-16.335644690253638,-12.170491332181598,-7.514571866336698,-2.541324278660294,2.541339739043988,7.514588854685672,12.170510950398729,16.33566756968537,19.89242344568292,22.796169564771606,25.078693205065203,26.836607649489064,28.20977872383421,29.34896240800049,30.363487046555186,31.26696062311161,31.96494796996473,32.285392480744164,32.02648367468327,31.009825874297597,29.13138105229531,26.40285422897832,22.978451468203268,19.15203158554191,15.30725673155532,11.813768203954254,8.899329329125738,6.552525913021922,4.499027478783893,2.3646799510345016,0.0219489222076899,-2.2409756640315166,-3.7175627539349336,-3.306519855412813,0.1397892579338615,6.0387677564109286,13.046276264647556,22.985515671436023,37.19590407892086
-37.12337786470381,-22.93776473724369,-13.01913272127982,-6.020065485114699,-0.1228002078014455,3.315101949704417,3.715396984673645,2.231816641277282,-0.0350291357466402,-2.379900858768099,-4.515447022724814,-6.569704615110206,-8.917071104300707,-11.83191807439914,-15.325652817403,-19.170568184509307,-22.99712155227386,-26.421722278596768,-29.150518003187475,-31.02923990253902,-32.046095481149734,-32.30504939040903,-31.984492257104,-31.28626349642201,-30.382413372328397,-29.367460223318044,-28.22784657546924,-26.85405734746126,-25.095297545303172,-22.811625488837823,-19.90626778960822,-16.34734817934133,-12.179433839983512,-7.5202009172519455,-2.543247150673362,2.543262561556881,7.520217876867531,12.179453462310612,16.347371093771766,19.90629227983101,22.81165410902733,25.095339497692507,26.854079717162577,28.227857405120137,29.367521975126184,30.38245912426558,31.286283600554544,31.98452813460455,32.30508402960391,32.04612133138524,31.029259498635557,29.150529667671737,26.42172590669345,22.99711855933237,19.17056253310525,15.325644932530968,11.831908618978655,8.917062005087063,6.569695406566527,4.51543605702759,2.3798873794305586,0.0350110662208596,-2.231836527411984,-3.715425796154893,-3.3151423991869184,0.1227526740047891,6.0200241141726325,13.019085977879095,22.93769453792548,37.1232976333205
-37.05065431497087,-22.889872571748327,-12.991951140921188,-6.001324191108336,-0.1057649014049778,3.323680100730733,3.7132178746393354,2.2226480608027304,-0.0481123792548566,-2.3951245912564034,-4.531869518919178,-6.586886567124547,-8.934814562218824,-11.85006634927796,-15.344043983387923,-19.189095995816867,-23.01578009219436,-26.44057845678737,-29.16964306836432,-31.0486390480144,-32.065683649586646,-32.32468080001156,-32.00400667203588,-31.30551887144939,-30.40131705816865,-29.385952076168813,-28.245859490786284,-26.871465553694147,-25.11188207454004,-22.82705313090243,-19.92008656976867,-16.35901246109832,-12.188349021050222,-7.5258139486463165,-2.5451649776728567,2.54518034051195,7.525830881044074,12.188368645983005,16.359035409009426,19.92011107245537,22.827081824505093,25.11192419317525,26.871487701277516,28.245869970863,29.386014154270445,30.40136287512465,31.305538664851923,32.00404246117016,32.32471544971325,32.06570945681874,31.04865861889979,29.169654705613848,26.44058201997,23.015777066430022,19.189090270987485,15.344035967870225,11.850056815003088,8.934805362529298,6.586877267952894,4.531858533337742,2.395111169190704,0.0480941713951794,-2.2226676980580886,-3.713246593515799,-3.3237202664998207,0.1057175411607558,6.001283054581644,12.991904659454535,22.889802325942146,37.05057395916005
-36.97781280443015,-22.84190934477417,-12.964776617399746,-5.982583513623415,-0.0887292564713836,3.3322149395635368,3.7109980864020433,2.2134512755372997,-0.0612152713930206,-2.4103635886158554,-4.548305067837289,-6.604080161464313,-8.952568058772089,-11.868221611123596,-15.362436721581874,-19.207618258999464,-23.03442594169677,-26.459413634840853,-29.18873869276601,-31.067998693628184,-32.085219269877854,-32.34425035732772,-32.02345353076919,-31.32470410148481,-30.420149562095816,-29.404373171078813,-28.263801931290825,-26.888804788087302,-25.12839958524878,-22.842417742285317,-19.93384879319564,-16.37063065719091,-12.19723058786166,-7.531406458789213,-2.547076131145237,2.5470914394916555,7.531423355304382,12.197250210525864,16.370653638516934,19.933873316151296,22.842446522900996,25.12844181978296,26.8888267728462,28.2638123137278,29.40443539176163,30.42019547187203,31.32472370210113,32.02348922685322,32.34428501188989,32.08524500531248,31.06801817606939,29.18875025677662,26.459417119748057,23.03442286553262,19.20761243906185,15.362428564178412,11.868211996665304,8.95255871203647,6.604070754206226,4.548294046577724,2.410350260654061,0.0611969477825466,-2.213470688842897,-3.711026678482303,-3.3322548500547384,0.0886820818568161,5.982542611175422,12.964730405619672,22.841839058230068,36.977732327816064
-36.90484287924418,-22.793869256948053,-12.937602954870592,-5.963837396721384,-0.0716877006418585,3.3407112356466646,3.7087427039120335,2.204230807608408,-0.0743346035726605,-2.42561598358098,-4.564752549385635,-6.621284821370748,-8.97033126317799,-11.886383333434114,-15.38082874466344,-19.22612785407021,-23.053043630681685,-26.47820634228074,-29.20778050313315,-31.08729809909584,-32.10469230660563,-32.36375385388415,-32.04283170176916,-31.34381730511094,-30.43890727481147,-29.4227164670632,-28.281664234253288,-26.906061286824382,-25.144832925244707,-22.85769823155067,-19.947530446876183,-16.38217622307917,-12.206054276392774,-7.536961550747402,-2.548974269175905,2.5489895046615647,7.536978388450973,12.206073870518598,16.382199212546325,19.947554980271065,22.857727120528917,25.144875365021267,26.906083174202333,28.28167448276321,29.42277904826345,30.43895334187401,31.34383669185576,32.042867268802844,32.36378837942346,32.10471778119124,31.08731727776974,29.207791761211013,26.478209529845536,23.05304034482829,19.226121821017717,15.380820365443162,11.88637356063098,8.97032174833589,6.621275229135996,4.56474144208108,2.425602614275527,0.0743162990540528,-2.204249967666217,-3.7087710814111032,-3.3407506706543493,0.0716408744311729,5.963796887911951,12.937557241383248,22.793799145058006,36.904762490040056
-36.83174547707287,-22.745751954186083,-12.91042995710639,-5.945085733556197,-0.054639924624505,3.349168528237082,3.706450717906199,2.194985156546557,-0.087472214758577,-2.440883483883582,-4.581213613607639,-6.638502083146186,-8.988105644298521,-11.904552895572335,-15.399221354842624,-19.24462595476469,-23.071634136157925,-26.49695730659577,-29.226769165684345,-31.106537757853957,-32.124103152733426,-32.38319180384918,-32.06214196133568,-31.362859706434097,-30.45759171058261,-29.44098360776437,-28.29944811355093,-26.92323662042285,-25.161183382696976,-22.872895644540232,-19.961132254094963,-16.393649814596152,-12.214820494912082,-7.542479721877265,-2.5508594954007333,2.5508746645971514,7.542496508065591,12.214840063732748,16.39367281245452,19.961156794504586,22.87292462996918,25.16122609212129,26.92325839533768,28.29945804555836,29.441046752870683,30.45763792502188,31.36287880578127,32.062177441131034,32.383226225520815,32.12412837328277,31.106556615491765,29.226780093701773,26.496960189327105,23.071630634970862,19.244619684380798,15.39921274212424,11.904542939381724,8.988095974288905,6.63849230567663,4.581202396522794,2.440870010845223,0.0874539004990861,-2.195003985676863,-3.7064788602647503,-3.349207438113267,0.0545934461081698,5.945045620314927,12.910384744165462,22.74568201918719,36.83166517693422
-36.75853012575287,-22.69756193410285,-12.883261102841534,-5.926332549642177,-0.0375893718307702,3.3575837497709333,3.704119112402231,2.185712100642329,-0.1006289118778703,-2.456165610498569,-4.597686926565999,-6.6557299711806905,-9.00588880248897,-11.92272791738344,-15.41761356482747,-19.26311550117609,-23.09020716970944,-26.515681471954764,-29.245722162116163,-31.12573240264636,-32.143458666072604,-32.402566587552954,-32.08138414723992,-31.381831816926525,-30.47620495740493,-29.459179523048302,-28.31716105494448,-26.94034175552288,-25.17746507906819,-22.88802756713561,-19.9746744161274,-16.405073463953467,-12.223549215065123,-7.547974877922031,-2.5527369969338958,2.552752121031426,7.5479916347711535,12.223568783281657,16.405096499417372,19.97469899532135,22.88805666477675,25.17750807717489,26.94036341103098,28.317170647025,29.459243300365507,30.47625134464036,31.381850634854505,32.0814195875983,32.40260094070332,32.14348367913611,31.12575099827337,29.245732803154983,26.515684049375423,23.09020341733584,19.26310895861557,15.41760468737922,11.922717744667548,9.005878929956284,6.655719986646822,4.59767557108539,2.456152033517077,0.100610492775225,-2.1857306637627176,-3.704147111496404,-3.3576221898450465,0.0375432636493121,5.926292839448335,12.883216401717442,22.697492192645605,36.75844993243264
-36.68519993005772,-22.649301293717283,-12.85609624640938,-5.907577066031946,-0.0205352660826866,3.365957344840776,3.70174850123554,2.176412212365265,-0.1138041881109073,-2.471462099603937,-4.614172326090052,-6.6729683863971845,-9.0236806285477,-11.940908215342844,-15.436005037710524,-19.281595973012735,-23.108762111242285,-26.53437810427824,-29.2646388905375,-31.14488182872615,-32.16275877309291,-32.421878363596754,-32.10055811436297,-31.40073305527502,-30.49474593020762,-29.47730292998024,-28.334801352172587,-26.95737493884829,-25.193676102074477,-22.90309197153952,-19.98815489706932,-16.416445135217735,-12.232238632563902,-7.553445559897251,-2.554606319778609,2.5546213943894363,7.553462282636762,12.232258191058794,16.41646819182441,19.988179503685554,22.90312119119965,25.19371938413627,26.95739649845657,28.334810712471853,29.47736725541085,30.4947925169068,31.400751654432288,32.10059351980613,32.42191264210503,32.16278355012044,31.14490011837238,29.264649205091388,26.534380348312197,23.10875809451889,19.281589147939883,15.435995897372251,11.940897833201866,9.023670538037198,6.672958179020082,4.614160819806722,2.471448417681264,0.1137857296896392,-2.1764305192130493,-3.701776255254517,-3.365995320229682,0.0204895179095387,5.907537743538603,12.856052048919484,22.649231740936354,36.685119834845054
-36.61175529150204,-22.60096970990547,-12.828934573021892,-5.888818819707447,-0.0034770944889572,3.3742895487120057,3.6993391124098816,2.1670857840592483,-0.1269976772926903,-2.4867724691283057,-4.630669186931264,-6.690216570324249,-9.041480247077455,-11.959092840864733,-15.45439481552788,-19.30006644862708,-23.12729807849802,-26.55304657059186,-29.28351886334351,-31.16398574191253,-32.182003742271306,-32.44112759916192,-32.11966451592272,-31.419564115426795,-30.51321548098316,-29.495354749447017,-28.35236991391057,-26.974337142288466,-25.20981755109313,-22.91808989790004,-20.001574696697443,-16.42776557487183,-12.240889309992111,-7.558892152848236,-2.556467574116402,2.556482589997596,7.55890882936695,12.240908857697146,16.42778866665476,20.001599345991167,22.918119240151817,25.20986104656637,26.974358620733472,28.352379254100512,29.495419469512267,30.51326228980102,31.41958256917429,32.11969984817389,32.44116177376544,32.182028268681485,31.164003720687024,29.28352882394502,26.553048427374343,23.127293749581472,19.300059326525027,15.454385415568224,11.959082252580814,9.041469935121915,6.690206136404462,4.6306575082938926,2.4867586379180646,0.1269792127944489,-2.167103856702198,-3.699366563456401,-3.374327031637649,0.0034317253032401,5.888779901984488,12.828890900596862,22.600900367080275,36.61167531016572
-36.53819146650251,-22.55256357562623,-12.801773159106345,-5.870054867270987,0.0135880597129991,3.382582681631523,3.6968933493009057,2.1577348464618744,-0.1402081898194823,-2.5020961077848787,-4.647177322983829,-6.707474598953151,-9.05928786069539,-11.977281851343347,-15.472782025304523,-19.318523559648085,-23.145807475535246,-26.571675963146756,-29.302349617673205,-31.183033303056387,-32.201187508650776,-32.46031087343933,-32.1387016228177,-31.438323092122527,-30.531610945669588,-29.51333058801058,-28.36986124408181,-26.99122073494912,-25.22587998577907,-22.933009999012448,-20.01492097702213,-16.43902096414386,-12.249488726266538,-7.564306065588802,-2.5583174852134425,2.5583324620990533,7.564322718675722,12.249508277037078,16.439044096007144,20.01494567604861,22.933039479233585,25.225923764571167,26.99124212983396,28.36987040693845,29.513395867256182,30.53165797515649,31.43834137804789,32.13873693422352,32.460344957472955,32.201211792329204,31.18305097765769,29.30235921891536,26.5716774133131,23.14580279709399,19.318516092997992,15.472772319641386,11.977271008146356,9.059277291565795,6.707463907476794,4.647165441026269,2.502082094050653,0.1401896361890767,-2.1577527071494638,-3.696920548486613,-3.382619633405892,-0.0136330021567536,5.870016393717444,12.80173006195614,22.55249449094731,36.538111651684815
-36.46451340330534,-22.504085766676532,-12.77461277411668,-5.851285653046244,0.0306597895967182,3.390835686227099,3.694409796330308,2.1483578842604083,-0.1534371428934223,-2.5174342352376247,-4.663697845848347,-6.724743472350008,-9.07710439045203,-11.995476141573985,-15.491167808678814,-19.336969280675707,-23.16429382122463,-26.5902709334454,-29.321136208942807,-31.20202867744284,-32.220311998627444,-32.4794288953881,-32.1576692370281,-31.45700982080397,-30.54993240842709,-29.531231237495607,-28.38727661842797,-27.00802791856534,-25.24186639866425,-22.94785615574265,-20.028198281169438,-16.450216255548195,-12.258041340260537,-7.569690286883538,-2.560157223627845,2.560172185624664,7.569706942913743,12.258060923441027,16.45023945022128,20.02822303940158,22.947885778925134,25.241910485048408,27.00804921550174,28.387285555542714,29.531297104564693,30.54997964209912,31.45702794285216,32.15770460717499,32.47946297876854,32.220336116358226,31.2020460955701,29.321145511907314,26.590272058459306,23.16428883266625,19.336961460706146,15.491157774025268,11.995465013320455,9.077093524891518,6.724732502539137,4.663685741507764,2.517420080595172,0.1534184174481533,-2.148375549840829,-3.694436881779868,-3.390872202556063,-0.0307043168671545,5.851247595811378,12.774570216109664,22.50401690912264,36.46443372408319
-36.39072295585055,-22.4555367330234,-12.7474533544912,-5.832511471860911,0.0477380424982945,3.3990485280798586,3.691888649997757,2.138955278010608,-0.1666837680468247,-2.532785886597077,-4.680229494102823,-6.7420217081117135,-9.094928145735093,-12.0136739461955,-15.50955061260977,-19.355402696088685,-23.182757301085825,-26.608832723700296,-29.33988068048971,-31.22097403708421,-32.23937895956601,-32.498483183173065,-32.17656874784733,-31.47562578424932,-30.568181508822697,-29.54905866001235,-28.404618266856428,-27.024761346919263,-25.2577797750213,-22.96263167482409,-20.041410100260467,-16.461354981734765,-12.266550209402675,-7.575046957291068,-2.561987553104509,2.562002496170129,7.57506361145031,12.266569821988098,16.461378240558346,20.0414349223857,22.962661441236484,25.25782417027724,27.024782552647704,28.404627023211592,29.54912516236972,30.5682289614354,31.475643736700256,32.17660416647308,32.49851725736616,32.23940288762798,31.22099113710414,29.339889587642325,26.608833446159416,23.18275196112217,19.355394490039387,15.509540220876762,12.013662510926592,9.09491696124456,6.742010422621485,4.680217130750668,2.532771539882079,0.1666649256742577,-2.1389727566312917,-3.691915553162755,-3.399084543284535,-0.0477821077396917,5.832473871800345,12.74741139770398,22.455468162105745,36.39064346884015
-36.3168176578503,-22.40691396704274,-12.720293082907077,-5.813730295114448,0.0648247851125342,3.407222578724863,3.6893312296060015,2.129527954149496,-0.1799478846276558,-2.5481513190709597,-4.696772814050411,-6.759310022357732,-9.112759924395656,-12.031875967567794,-15.527930522761116,-19.373822297722093,-23.20119367277136,-26.627355003775868,-29.35857547017077,-31.23986269709876,-32.25838477228358,-32.517471564821555,-32.195399081552495,-31.49416965640278,-30.58635654097405,-29.566810135647327,-28.421882533718343,-27.041416086605437,-25.27361419671628,-22.97732933725112,-20.05454841710448,-16.472428367913807,-12.2750074963903,-7.580370679150275,-2.5638064214108898,2.563821355521425,7.580387342790849,12.2750271564092,16.472451713609388,20.054573313597768,22.977359242469,25.273658887962718,27.04143718175417,28.4218911250772,29.5668772673642,30.58640419839789,31.494187448183595,32.195434571696964,32.51750567455306,32.258408557941415,31.23987951856339,29.358583999097014,26.62735531705584,23.20118797412047,19.37381368775348,15.52791975809365,12.031864201405863,9.11274842411536,6.759298411867107,4.696760174417776,2.5481367318660406,0.1799288617207353,-2.129545207792902,-3.689357984743606,-3.4072580953292686,-0.0648683903301819,5.813693148351567,12.720251721597194,22.4068456823046,36.31673836817309
-36.242805510959,-22.35822277457257,-12.693133808933208,-5.794944623896067,0.0819177184963909,3.4153555232026624,3.686735346767049,2.1200745531050944,-0.1932294712945202,-2.563529449185017,-4.713326053488967,-6.776606169249128,-9.13059717073869,-12.05007964798202,-15.546305980434049,-19.39222937218976,-23.21960927550416,-26.64584787592271,-29.37723274606228,-31.258704917106016,-32.27733368684822,-32.53639547611376,-32.21415943325364,-31.512641224386343,-30.604458243651468,-29.584488583674784,-28.43907442896237,-27.057999898205583,-25.289379707641935,-22.991962068470272,-20.067628019301694,-16.48345273080749,-12.283427756042148,-7.585671421384438,-2.5656176240748128,2.565632550169582,7.585688094686894,12.28344746028577,16.483476154236563,20.067652984711497,22.9919921186345,25.28942470975904,27.05802087668195,28.439082843959596,29.584556380676677,30.60450610355445,31.512658868252355,32.21419502681033,32.53642961657644,32.27735731172604,31.258721438804848,29.3772408798898,26.64584775732236,23.219603179500385,19.392220344205143,15.546294829620829,12.050067539891185,9.130585306766624,6.7765942136307205,4.713313106453002,2.563514639337457,0.193210261453785,-2.120091609914429,-3.686761898610186,-3.4153905399715523,-0.081960830039468,5.794907955417702,12.693093078662482,22.358154810089356,36.24272644553572
-36.16868822244943,-22.309463939336737,-12.665974964083803,-5.776153722845642,0.0990174296163247,3.4234472373162985,3.6841004490926497,2.110594156063072,-0.2065295029970536,-2.5789213271301343,-4.729890154145523,-6.793911025757298,-9.148440650933512,-12.068285708446329,-15.56467774411828,-19.41062486593172,-23.238005245805176,-26.664312818903134,-29.39585383455585,-31.27750175969788,-32.29622680074425,-32.555255809374685,-32.23285045833733,-31.53104079600988,-30.622486856091623,-29.602094333113243,-28.456194079528164,-27.0745131547751,-25.305077046228813,-23.00653074417103,-20.08065002625897,-16.49442895248575,-12.291811725033284,-7.590949557377437,-2.567421323844276,2.567436234194524,7.590966232440758,12.291831467191797,16.49445245174435,20.080675061326943,23.00656094583147,25.305122281268403,27.07453402184536,28.456202550508078,29.60216257197272,30.62253493438322,31.531058380458227,32.23288611403019,32.55528998853498,32.29625029885475,31.27751799319499,29.395861562986816,26.66431226442984,23.237998765972517,19.41061542904866,15.56466622224215,12.068273280827636,9.148428437530688,6.7938987147060725,4.7298768986062045,2.5789062633069304,0.2065102245945184,-2.110611110584767,-3.684126742524774,-3.4234817612290267,-0.0990600701023648,5.776117509508168,12.66593483340425,22.309396269380528,36.16860935853956
-36.09445856450979,-22.260630712487195,-12.638813874096638,-5.75735601762024,0.1161259051693774,3.431499536597076,3.681428594709804,2.1010886319931257,-0.2198468407715918,-2.5943260985210213,-4.746464500392151,-6.811224064420303,-9.16628987407215,-12.086493510425816,-15.583044476711796,-19.429005449877035,-23.25637489398117,-26.682740571411934,-29.41442873677168,-31.296244988242417,-32.315060170803704,-32.574050714905084,-32.25147249671969,-31.54936924458489,-30.640443300315912,-29.619626936598586,-28.473240569114864,-27.09095286495705,-25.32070140513407,-23.02102856800044,-20.093605944270852,-16.5053475450996,-12.300150695881158,-7.596199497078034,-2.56921516634154,2.5692300803956103,7.596216193633062,12.30017050081266,16.505371150906623,20.09363106858358,23.02105891763373,25.32074697589305,27.09097361092149,28.47324883851046,29.619695990763997,30.64049156638056,31.549386671758395,32.251508282144584,32.57408492889329,32.31508350410569,31.29626088587945,29.41443599237252,26.682739496592752,23.256367933365887,19.42899551678068,15.583032507598306,12.086480683820822,9.166277232373766,6.811211337097134,4.746450876215908,2.5943107494366,0.2198273820340282,-2.1011054666176925,-3.681454642402868,-3.431533482484804,-0.1161679712016656,5.757320348673654,12.638774474317534,22.260563469013853,36.09438002144768
-36.02012348112687,-22.21172822401729,-12.611651161405792,-5.738549969449635,0.1332443156257263,3.439513076564171,3.6787204274865,2.091558347605793,-0.2331815003015353,-2.609744240786741,-4.763049844594905,-6.828546232802184,-9.184145884108473,-12.104704054877589,-15.601406923602074,-19.44737155953084,-23.27471826699592,-26.701130861838227,-29.43295663337221,-31.314933920017825,-32.33383358666752,-32.59278058134359,-32.270025157288025,-31.567625131325283,-30.658325015921797,-29.63708336171819,-28.49020975684985,-27.10731473954999,-25.33624836219833,-23.035450883169982,-20.106491499564463,-16.516204082135683,-12.308440916926244,-7.6014181014872735,-2.57099824166669,2.5710131677793453,7.601434829598256,12.308460792216705,16.51622779712952,20.10651672514625,23.0354814076914,25.33629424098344,27.107335339412145,28.49021791507324,29.63715311870404,30.6583734935744,31.56764246423996,32.27006106747828,32.59281482398772,32.33385677195696,31.314949533244,29.43296347108652,26.70112926827203,23.274710787995385,19.447361098145716,15.60139449356624,12.104690811455097,9.184132804930275,6.828533084198817,4.7630358504278245,2.609728570921247,0.2331617994469541,-2.0915751365042645,-3.678746271636749,-3.4395464175161696,-0.1332857822571654,5.738514867821826,12.611612509001391,22.2116614248394,36.02004528695012
-35.94568038604763,-22.162753238004782,-12.584485552403272,-5.719734755931017,0.150373899047081,3.447488559239055,3.675976638047653,2.08200363699154,-0.2465337698444453,-2.6251763014759466,-4.779646911414512,-6.845878309604791,-9.20200947621704,-12.12291802661511,-15.619765286920744,-19.46572201439809,-23.293031955297213,-26.71947836512284,-29.45143154854497,-31.333563359883748,-32.35254394306791,-32.61144352164246,-32.2885078103659,-31.585808400295686,-30.67613207517302,-29.65446299313313,-28.507100824757803,-27.12359674535255,-25.3517146686488,-23.04979326599008,-20.11930114684753,-16.526992581823606,-12.31667691432143,-7.606601952010054,-2.5727691297027806,2.572784079228487,7.606618724103081,12.316696871150873,16.527016414633938,20.119326467080214,23.04982394798428,25.3517609456583,27.123617148249703,28.50710861037428,29.65453374417494,30.676180739331684,31.58582554072857,32.28854391405368,32.61147781837277,32.35256700195753,31.333578699259505,29.45143794182325,26.71947620754045,23.293023917484263,19.465710996576604,15.619752358039726,12.12290432150723,9.201995924145072,6.845864723585813,4.779632502127408,2.6251602843373103,0.2465136868693978,-2.0820202799837606,-3.676002247974401,-3.4475212402196083,-0.1504147306925502,5.719700254190379,12.584447693714631,22.1626869319388,35.94560258618309
-35.87113748926971,-22.113712009483024,-12.557318763347888,-5.700913776950236,0.16751105182297,3.45542231435591,3.673193396040623,2.0724219986497747,-0.259903613983869,-2.640620399009525,-4.796252479464714,-6.863216181315692,-9.219875926392977,-12.141130760031697,-15.638116633941522,-19.48405862857345,-23.31132552295901,-26.737798959705344,-29.46987211528237,-31.352148615051373,-32.37119812034224,-32.63004206703037,-32.306919738670665,-31.60391890991929,-30.69386610772817,-29.671771207284383,-28.523922008994624,-27.13981191254824,-25.367117807104208,-23.06407793810779,-20.13206048351181,-16.53774054170479,-12.324883182967056,-7.611767690499671,-2.574534165874101,2.574549129725211,7.611784496170312,12.324903217348238,16.537764499599888,20.13208590816565,23.06410878715944,25.367164398323347,27.139832151154543,28.523929713517084,29.671842673717624,30.693914991517268,31.60393595865102,32.30695600478801,32.630076409976795,32.371221043276954,31.35216368442421,29.46987808286629,26.737796269653703,23.31131694844093,19.484047065573154,15.63810322008329,12.14111661248078,9.219861901183371,6.863202146352544,4.796237674761625,2.640604070228576,0.2598832781042908,-2.0724386045044296,-3.673218841790295,-3.455454428231282,-0.1675512461495107,5.700879861144259,12.557281681307384,22.113646180272305,35.871060056889405
-35.796493135136345,-22.06460222464789,-12.530149325661906,-5.682083773909102,0.1846590036378033,3.463317260447944,3.670373792275903,2.0628155531456964,-0.273290629552067,-2.656077412691771,-4.812868266905685,-6.880562087527005,-9.237747773384706,-12.15934465744385,-15.656462167546213,-19.502379614348328,-23.329592181912883,-26.7560820151316,-29.488266012494503,-31.37067968319919,-32.38979208467013,-32.64857535655933,-32.32526178603864,-31.621956660057077,-30.711525581444587,-29.68900384066357,-28.540666925304464,-27.155950689491657,-25.38244543594524,-23.078289411445024,-20.144752182701087,-16.54842918130898,-12.333042988998566,-7.61690370643718,-2.5762889943417897,2.576303956695635,7.616920531447075,12.333063068762948,16.548453207703908,20.14477766773932,23.07832042135025,25.382492301579305,27.1559707387539,28.540674598722436,29.689075886192693,30.711574648805875,31.621973626890508,32.325298214357524,32.6486097755671,32.38981488968113,31.37069446203292,29.488271557806343,26.75607885917836,23.329583158147376,19.502367577940515,15.656448320484996,12.159330117793388,9.237733335503844,6.880547645328516,4.812853090716614,2.6560607821569846,0.2732701061710372,-2.0628320221128424,-3.670398974758105,-3.4633487947206163,-0.1846986339709113,5.682050382991476,12.53011292406781,22.064536772409443,35.79641597597763
-35.721750074799054,-22.015425703610063,-12.502977259810956,-5.663246927650686,0.201815516743929,3.4711707661858786,3.667514633168452,2.053181702208281,-0.2866956957701209,-2.6715468896739285,-4.829492839124153,-6.897913954078459,-9.255622526325432,-12.177557261661343,-15.674800595772105,-19.52068686314583,-23.347839018197128,-26.77433869823409,-29.506626295704027,-31.389167178934933,-32.408330496031574,-32.667045088679814,-32.343533802895145,-31.6399223383151,-30.72911278630626,-29.706165818094306,-28.557343004915047,-27.17202370248677,-25.39771104726002,-23.09244442324341,-20.15739483753512,-16.559078420043605,-12.341173854367655,-7.622022088300371,-2.578038086419245,2.5780530342053,7.622038916963183,12.341193969828238,16.559102514791828,20.15742039174262,23.092475603042725,25.397758127279133,27.172043582453483,28.55735079959501,29.70623830690834,30.729162060628205,31.639939299909315,32.3435703313356,32.66707951965994,32.40835316407653,31.389181690522204,29.506631426984587,26.77433504297368,23.347829501553417,19.52067434308521,15.674786336541407,12.177542356394648,9.255607686941204,6.897899100249599,4.829477299224468,2.6715299130588166,0.28667512471159,-2.053198199040968,-3.667539495408847,-3.4712017048895865,-0.2018545656594811,5.66321407586085,12.502941553105934,22.015360646961128,35.72167320349126
-35.646905362868914,-21.966178901572388,-12.475800980502669,-5.644400820444958,0.218983265418431,3.478985183412968,3.66461842456565,2.0435223554910324,-0.300118209059052,-2.687028994167188,-4.846127000468988,-6.915272938492398,-9.273501549849875,-12.195769785776834,-15.693132131830472,-19.538978026691574,-23.366059348243574,-26.79255877609948,-29.52494144947492,-31.407601574615857,-32.42680852925473,-32.685449163669446,-32.361735436889546,-31.65781539345958,-30.74662619126495,-29.72325349577568,-28.573945162407423,-27.18802321415416,-25.412904448578125,-23.10653021525136,-20.169973881983168,-16.569672695395603,-12.349261902017972,-7.627113411010267,-2.5797778412255856,2.579792783239032,7.62713025183058,12.349282064135055,16.569696867232203,20.169999495389906,23.10656154988016,25.41295182982113,27.188042923594367,28.57395286499341,29.72332671449417,30.746675621188334,31.657832268751275,32.36177213923364,32.685483631001446,32.42683103350628,31.407615769327123,29.52494613798215,26.79255460913036,23.366049319167104,19.53896500307881,15.693117435446393,12.195754485240164,9.273486260879087,6.915257647052205,4.846111068007787,2.687011715656686,0.3000975606500061,-2.043538848274006,-3.6646429450287537,-3.479015539560777,-0.2190217062231397,5.644368520862549,12.475765998603832,21.966114267861773,35.64682880545962
-35.57195807782288,-21.916859509642578,-12.448619763221854,-5.625543098026111,0.2361645121214527,3.4867629937258293,3.661687948577732,2.033839518989953,-0.3135575659886328,-2.702524209764616,-4.86277191064952,-6.932640668391087,-9.291386744778274,-12.21398403630044,-15.711457494771093,-19.557251206795893,-23.384246481917238,-26.810732099898438,-29.54319966012823,-31.425973036921864,-32.44522195466242,-32.70378604154514,-32.37986702800093,-31.675635568471947,-30.76406466379264,-29.74026392518265,-28.59046815286885,-27.20394141328593,-25.42801562212221,-23.12053377150467,-20.18247481395144,-16.58019605996681,-12.357293103436463,-7.632168025556333,-2.5815046307949823,2.581519571182416,7.632184885450845,12.357313311368712,16.580220302209202,20.18250049574773,23.12056527573766,25.42806327816721,27.203960905302203,28.59047575781642,29.740337821229343,30.76411425656415,31.67565236520733,32.37990388132227,32.703820548019145,32.44524434646458,31.42598699616829,29.54320395452516,26.81072743678668,23.38423594803516,19.557237677504144,15.71144235545458,12.21396832786068,9.291371037076148,6.932624968944682,4.862755603685573,2.7025065901771224,0.3135366903893538,-2.0338559553564384,-3.661712216213656,-3.486792712600571,-0.2362023361403602,5.625511365984069,12.44858550237676,21.916795294569415,35.57188183573248
-35.49691176585345,-21.867470212866568,-12.42143389497979,-5.606675823145811,0.2533571624197611,3.494501274795214,3.65871944155356,2.0241298482294003,-0.3270155571576558,-2.7180330032291447,-4.879427106839258,-6.950016038668055,-9.309276571720453,-12.232198482505863,-15.729776306977229,-19.57550917009928,-23.402408269332028,-26.828870420188192,-29.56141453737952,-31.44429284313092,-32.46357583798425,-32.72205760100072,-32.39792869863157,-31.693383608386405,-30.7814301080043,-29.7572012564274,-28.606918586429536,-27.21978803081292,-25.443057016189066,-23.134470957231983,-20.1949150093324,-16.590667382722504,-12.365284048576118,-7.637197326494205,-2.583222732564983,2.5832376756806688,7.637214208840379,12.365304317283565,16.5906917221639,20.19494076673312,23.134502612798023,25.443104969462013,27.219807313192877,28.60692606282044,29.757275931582125,30.78147984028101,31.69340027182221,32.397965741159595,32.72209219094416,32.4635981194573,31.444306527399355,29.56141842046956,26.82886528209061,23.40239725363941,19.57549513136427,15.729760709475991,12.232182353374688,9.309260431214655,6.949999910446399,4.879410414346308,2.7180150613007767,0.3269944827147253,-2.0241462179863188,-3.658743535981513,-3.494530431891299,-0.2533943551266199,5.6066446596149015,12.421400364058307,21.86740642752251,35.49683584559663
-35.42177043609533,-21.818013688150845,-12.39424355144985,-5.587798203705203,0.2705617752267475,3.5022009207011355,3.655714303402744,2.014394957278508,-0.3404904481856481,-2.733553586428428,-4.896090752682593,-6.96739717683801,-9.327169131187052,-12.25041116540311,-15.74808651518321,-19.593749892584885,-23.420542560833024,-26.846971582407047,-29.57958354276917,-31.462558552752128,-32.48186834535982,-32.74026224942917,-32.41591912696219,-31.71105767492776,-30.79872033840249,-29.774063320763823,-28.62329376779193,-27.23556065056449,-25.458026537571435,-23.148339967099872,-20.20729292521752,-16.601085295594668,-12.373233702716815,-7.6422003016966915,-2.5849319142306344,2.5849468482948965,7.642217194311039,12.373254010172724,16.601109706086724,20.207318754459347,23.148371801261263,25.458074689633,27.23557972515137,28.62330133786459,29.77413842492803,30.798770253814297,31.71107435005439,32.415956300643714,32.74029686394413,32.48189052007115,31.46257207027148,29.579587139543083,26.84696602710524,23.42053106467768,19.59373536851484,15.748070512849509,12.250394662080751,9.32715261174164,6.967380693384607,4.896073737093516,2.733535319043386,0.3404691241925032,-2.014411305660608,-3.655738207972135,-3.5022295043307623,-0.2705983914761019,5.58776756731914,12.394210667973455,21.81795024604766,35.42169476528738
-35.34653310149186,-21.76848869882347,-12.367047858919682,-5.568911607247865,0.2877771598566512,3.509859950504419,3.652669988658246,2.0046325501723072,-0.353983509155045,-2.7490863691798366,-4.912762618537372,-6.984783375581171,-9.34506337025156,-12.268621013742829,-15.766387754311546,-19.611974735150355,-23.43865374715931,-26.86504232206589,-29.597714708455243,-31.48077683682109,-32.50010236718462,-32.75840067619225,-32.43383860272551,-31.728658989526167,-30.81593782301132,-29.79085389223397,-28.63959974252873,-27.25126706166355,-25.472933545416755,-23.16215228000771,-20.21962066139168,-16.611462713059847,-12.381153305909796,-7.647184906515535,-2.586634995448652,2.586649903802638,7.64720179092174,12.381173634337337,16.61148717020576,20.219646522259897,23.16218425363437,25.472981950296763,27.251285909271854,28.63960723127853,29.790929684644503,30.8159878469349,31.728675565179564,32.43387593711374,32.75843533788827,32.500124427042365,31.48079010976391,29.597717926522883,26.86503631407655,23.43864180788716,19.61195977674957,15.766371373640569,12.268604159906198,9.34504647003902,6.984766513366745,4.912745258201081,2.74906781725492,0.353962106650282,-2.0046488681656327,-3.652693555050282,-3.509887944849379,-0.2878132137871961,5.5688814763731,12.367015606008737,21.76842558481824,35.34645765630127
-35.27119829653045,-21.71889232354804,-12.339845883872048,-5.55001359647896,0.3050059587517858,3.517480884527797,3.649589435097102,1.9948449072418175,-0.3674939478014399,-2.7646316735061194,-4.929443795830346,-7.00217623082614,-9.362961183515168,-12.2868297943958,-15.784680687557548,-19.63018155932788,-23.456735048426385,-26.883072048469064,-29.615795911191917,-31.498937971398487,-32.51827352791621,-32.776471142776714,-32.4516874524932,-31.7461873507293,-30.83308105019193,-29.80756903651101,-28.655830708486203,-27.266898540122604,-25.48776659555199,-23.17589347640075,-20.23188176322561,-16.62178195355311,-12.389027277479723,-7.6521404827371695,-2.588327949769882,2.5883428500367054,7.652157376238384,12.389047648140467,16.621806490414677,20.23190767784496,23.17592557247371,25.487815430755457,27.26691710022824,28.6558376850491,29.807646142032944,30.83313113358316,31.746203624339696,32.451725037407726,32.77650584394686,32.51829544537188,31.498950959645203,29.61579868242011,26.883065499869023,23.45672257084065,19.630166088376992,15.78466385461247,12.286812520347985,9.3629438267234,7.002158930825316,4.929426032284909,2.7646128025860244,0.3674724165623464,-1.994861226906236,-3.649612692796851,-3.51750825558589,-0.305041337526599,5.549984064716828,12.339814398687492,21.718829673979428,35.27112320747747
-35.19577208704082,-21.66923009767377,-12.312638291719354,-5.531105378027151,0.3222465343571635,3.525061321197461,3.6464699550615935,1.985030161096205,-0.3810221475182891,-2.780188650623669,-4.946132477259429,-7.019573250204555,-9.380859588591838,-12.305034547201878,-15.802963545288168,-19.64837167910993,-23.47479310848733,-26.901072000595896,-29.633839535323744,-31.51705195407855,-32.53638710587126,-32.794476009825544,-32.46946623125955,-31.763643197791904,-30.850151461238937,-29.824212793713794,-28.671991799849497,-27.28246363961146,-25.50253775706402,-23.189578990881916,-20.24409427835176,-16.632062041972667,-12.396872490288946,-7.65707817601669,-2.5900151239707965,2.5900299949395,7.6570950573015315,12.396892886959986,16.63208663844333,20.244120225043165,23.189611211584893,25.502586884863824,27.2824819499863,28.671998667570158,29.824290680182703,30.85020164952443,31.76365931070041,32.46950401531634,32.79451078210251,32.53640890887231,31.51706468907803,29.63384194532909,26.90106505323684,23.474780224483396,19.64835578581083,15.802946331381778,12.305016925918332,9.380841854485062,7.01955556324177,4.946114373574942,2.7801695246471207,0.3810006278816656,-1.98504651513574,-3.646492985153301,-3.525088198463043,-0.3222813378610247,5.53107634697058,12.3126074256354,21.669167755224517,35.19569721106442
-35.12025245943794,-21.619498453095005,-12.285424008932983,-5.512184620884836,0.339501318798267,3.5326034740681,3.6433141401149753,1.9751900280859824,-0.3945679942844521,-2.7957584356533998,-4.962830656754376,-7.036977004585673,-9.398761519273156,-12.323238104055989,-15.821238042055263,-19.666543986941377,-23.49282240762972,-26.91903287410882,-29.651834763556472,-31.535110005109058,-32.554438956671824,-32.81241362511688,-32.48717493329557,-31.78102622156173,-30.86714761493056,-29.84078152741286,-28.68807774737006,-27.29795430368597,-25.51723621604732,-23.20319509333036,-20.256242563589844,-16.642286215236545,-12.404674091398292,-7.66198788956269,-2.5916926661731545,2.5917074947554024,7.662004745528629,12.404694488415142,16.642310837579696,20.256268522675686,23.203227446689542,25.51728559437613,27.29797231910161,28.688084555305718,29.840860106178837,30.867197890700144,31.781042190873663,32.487212876391744,32.81244844230779,32.5544606539536,31.535122514794,29.65183684947549,26.919025553593144,23.492809136089253,19.666527707553215,15.82122049184277,12.323220173114883,9.398743449399882,7.0369589787408,4.962812249143625,2.795739058697589,0.3945464716782491,-1.97520640162462,-3.64333684548254,-3.532629820257516,-0.3395355890252617,5.512156064996395,12.285393713713232,21.61943637599027,35.12017774341002
-35.04464084570476,-21.56969797514173,-12.25820280722434,-5.493251450940945,0.3567703101827336,3.5401065883553606,3.6401210033452895,1.96532367759243,-0.408131998028082,-2.8113411613543,-4.979538155204235,-7.054387062084762,-9.416666339748868,-12.341439770606929,-15.839503758181618,-19.684698704464523,-23.510824325914765,-26.936956912613518,-29.669784117683488,-31.553114156079594,-32.57243006304301,-32.83028438922344,-32.50481350331427,-31.798336546701822,-30.884069936648515,-29.857276148019047,-28.70408997398713,-27.31337262218,-25.531864768075472,-23.216745348652093,-20.26833069622088,-16.65245878059224,-12.412435868535042,-7.666872266761873,-2.593361544207053,2.5933763402337355,7.666889106490026,12.412456283034064,16.652483456675768,20.268356696220195,23.216777852517463,25.53191437559195,27.313390343249704,28.70409682685805,29.85735536938963,30.884120296288728,31.798352424890496,32.504851612960415,32.83031923990827,32.57245165581866,31.55312649809785,29.6697859436026,26.936949237435385,23.510810647967123,19.68468202226673,15.839485866929737,12.341421522674173,9.41664792852888,7.054368700979296,4.979519452961576,2.811321539467669,0.4081104563717482,-1.9653401100978825,-3.640143489179496,-3.5401324993638994,-0.3568040395730246,5.4932233624963205,12.258173076283343,21.569636149186987,35.04456627050146
-34.96893407195887,-21.51982327696297,-12.230973802295017,-5.474304052374612,0.3740557872163065,3.5475735487010938,3.636894376005279,1.9554342383959091,-0.42171275053975,-2.8269368805009547,-4.996256021667605,-7.071805123395392,-9.434576131640144,-12.359641505047838,-15.857761303820432,-19.702832974232194,-23.52879027330897,-26.95483081086235,-29.68767308424388,-31.57105303784217,-32.59035499564598,-32.848085814227204,-32.52238202806672,-31.815574126552303,-30.90091740821327,-29.87369308967115,-28.72002274853454,-27.32870930750357,-25.546410597364645,-23.230212977242108,-20.28033913563355,-16.662558748363793,-12.420139317054629,-7.671719022945634,-2.5950169854321543,2.595031759515574,7.671735859762722,12.420159759755276,16.66258348313663,20.28036517154785,23.230245635496992,25.54646051136993,27.32872665339676,28.72002946752794,29.87377323935005,30.90096776773565,31.8155898254322,32.52242035983068,32.84812072527124,32.59037649985334,31.57106518997938,29.68767462073563,26.954822769543032,23.528776177163152,19.70281585346164,15.8577430283677,12.359622903074772,9.434557363838929,7.07178640603064,4.996237005566002,2.8269169747121974,0.4216911137351385,-1.9554506907562224,-3.636916699936688,-3.5475989823489598,-0.374088926294348,5.474276476943826,12.230944692663256,21.519761758977133,34.968859698387995
-34.89313765090812,-21.469880321971548,-12.20373751531803,-5.455344719197621,0.3913551905876688,3.5550006253612074,3.633629930739596,1.945518566830416,-0.4353110236654915,-2.842544334817636,-5.01298153834793,-7.089227440397128,-9.452486473456885,-12.377838912113452,-15.876007962176734,-19.7209483555374,-23.546729155399778,-26.97266940631585,-29.70551824342905,-31.58893944261789,-32.608218993033866,-32.8658198394246,-32.53987953096555,-31.832738946146137,-30.917691805906145,-29.89003777670109,-28.735884658683204,-27.34397768443753,-25.56089153630912,-23.243620861836945,-20.2922942792692,-16.67261430288736,-12.427809260682508,-7.676544842520042,-2.59666542276194,2.59668015661592,7.676561655575257,12.427829708955214,16.672639069919697,20.29232032581097,23.24365366355781,25.5609417119328,27.34399458946207,28.73589133027572,29.89011879823712,30.917742090557777,31.83275447209127,32.53991807910787,32.865854805022536,32.60824042493731,31.588951442915075,29.70551951312804,26.97266102147272,23.54671469245508,19.720930871985463,15.875989369994835,12.377820012479573,9.452467396891336,7.089208413476768,5.01296223824392,2.842524182032572,0.4352893550555236,-1.945534997378345,-3.6336519638880223,-3.55502558327192,-0.3913878184625297,5.455317588059748,12.203708926839656,21.46981900849225,34.89306337113711
-34.81725570078605,-21.41987187489671,-12.17649405489633,-5.436372379502092,0.4086693980104059,3.562387839799672,3.630327281316605,1.9355759668362715,-0.4489277666796516,-2.8581646188981185,-5.029715879014494,-7.106655227775531,-9.470398579895996,-12.396033165734297,-15.894244840955388,-19.73904589156203,-23.564642109382117,-26.99047385927697,-29.72332033814542,-31.60677370636577,-32.62602225177453,-32.883486908754755,-32.55730582163527,-31.849830436599422,-30.93439216876141,-29.906309129411845,-28.751674194776164,-27.359176247476768,-25.575306148399005,-23.256967655374083,-20.304195196336163,-16.68262460930592,-12.43544494309659,-7.681348948352217,-2.598306675439752,2.598321361699251,7.681365731479196,12.435465384912234,16.68264938939044,20.30422123844925,23.257000620333123,25.575356506063688,27.3591926805548,28.75168109529736,29.906390773723253,30.93444232016183,31.84984590905892,32.55734456270235,32.883521923704464,32.626043641708186,31.60678558487609,29.72332137232684,26.990465187939,23.56462734950785,19.73902809166738,15.894225963692175,12.396014000617312,9.470379219776213,7.106635916196851,5.029696324797946,2.858144261137158,0.44890610930992,-1.9355924075474769,-3.63034901582402,-3.5624123619666017,-0.4087015680029854,5.4363456405497335,12.176465909838608,21.4198106851873,34.81718143998155
-34.741285357107444,-21.36979354457765,-12.149242615425322,-5.417386129890402,0.425999619760166,3.5697368090624764,3.6269887746579768,1.925608572124497,-0.4625616800675405,-2.873797154732164,-5.046458950917202,-7.124088689117294,-9.48831281105679,-12.414224527648363,-15.912471476081086,-19.7571232854084,-23.582523661905046,-27.00823610582313,-29.741070850945903,-31.624549322235104,-32.64376184291763,-32.901085698798376,-32.57466121786651,-31.86684893323208,-30.95101847611141,-29.92250571138995,-28.76738878306476,-27.374300534887865,-25.58964802325484,-23.27024466870452,-20.31603153901989,-16.692578369089663,-12.443036372853069,-7.686124822834333,-2.5999381328683437,2.599952770976768,7.6861415754300415,12.44305681164545,16.692603164899115,20.31605757168301,23.27027782477099,25.58969853085583,27.37431638951548,28.76739610896184,29.922587969660665,30.9510683315516,31.866864412708143,32.574700189767434,32.901120786867004,32.64378321026637,31.624561066215588,29.741071660519456,27.008227189777276,23.5825086269656,19.757105173237616,15.912452312109531,12.414205093180856,9.48829316581478,7.124069084334392,5.046439137473152,2.8737766136929346,0.4625400527915598,-1.925625032982621,-3.627010289018786,-3.569760939400892,-0.4260313227417947,5.417359784644545,12.14921491007376,21.369732470424864,34.7412111075566
-34.66522703103538,-21.31964769294928,-12.121982300476882,-5.398388378141693,0.443343309121033,3.577043448492611,3.623608867175307,1.9156117595792688,-0.4762146874676276,-2.889441396192533,-5.063208401907975,-7.141524249012383,-9.506224804307717,-12.432408656713672,-15.930685390427335,-19.77518281868158,-23.6003838357121,-27.025972436897973,-29.758788147694588,-31.64228030823838,-32.66144312081663,-32.91861763826325,-32.59194433157791,-31.883794323769425,-30.967573034676107,-29.938633457781247,-28.783038678300453,-27.389365984353805,-25.603937403940083,-23.283477879113605,-20.327832766641063,-16.70250713765807,-12.450611249606624,-7.690891364309117,-2.601566897915192,2.6015814764497533,7.690908071552252,12.450631683531332,16.702531964118965,20.327858785383363,23.283511254628465,25.6039880922012,27.389380976999327,28.783046585588277,29.93871669897917,30.967622240294077,31.883809829503075,32.59198358594759,32.9186527206128,32.661464444384094,31.642291919641227,29.758788709092062,27.02596321120357,23.60036846744147,19.775164380500456,15.93066595047024,12.432388956527562,9.506204855774277,7.141504342983968,5.063188323262543,2.8894206509434626,0.4761931339292503,-1.915628337169572,-3.623630038679028,-3.577067138306842,-0.4433745163823605,5.398362457624467,12.12195507618701,21.31958677252397,34.66515283247125
-34.589077804508825,-21.26942613716877,-12.09471260081524,-5.379374532225308,0.4607052968216245,3.584314214467256,3.620196106284546,1.9055922128778613,-0.4898846190846723,-2.905099102478198,-5.0799687377701135,-7.15896825524478,-9.524142046113894,-12.450592887415674,-15.94889081763244,-19.79322093051953,-23.61820636825659,-27.043656264673213,-29.776442639292416,-31.65994439514791,-32.67905795527625,-32.936081005371754,-32.60915845007206,-31.90066817119357,-30.9840542907303,-29.95468467347944,-28.79860940290688,-27.40434999172378,-25.61814351006883,-23.29662686504313,-20.33955239213189,-16.712360765412395,-12.45812547616733,-7.6956187647502174,-2.6031816068936355,2.603196096525248,7.695635395646935,12.458145866108577,16.712385579263835,20.33957834687842,23.29666053691022,25.618194362565557,27.404363718287925,28.798618412710763,29.95476903333259,30.98410232113979,31.90068382453128,32.60919802423073,32.9361159626094,32.67907920752313,31.659955884764862,29.776443000068376,27.043646819894587,23.61819078004289,19.79320226686727,15.948871185437078,12.450573005335228,9.52412190633719,7.158948151781907,5.079948493141915,2.9050782208222063,0.48986321126403,-1.9056087710033625,-3.620217005322124,-3.5843375599515346,-0.4607361007383543,5.379348956871696,12.0946857356807,21.26936523374977,34.58900352581024
-34.5128463611727,-21.219137911206605,-12.067434775043331,-5.360345710688505,0.4780840627387447,3.591546310965405,3.6167469986388574,1.8955474841464663,-0.5035718231305316,-2.920768769044099,-5.096737154015428,-7.1764169883684525,-9.542060208252408,-12.468772894142646,-15.967084880163684,-19.81123853901986,-23.63599853349477,-27.061300117753213,-29.79404779188656,-31.677551320996425,-32.696609871011795,-32.95347689277676,-32.6263014447205,-31.917468754830995,-31.00046120633129,-29.97066149779285,-28.81410579970249,-27.419261010752173,-25.63227929668269,-23.30970935870259,-20.351211996347683,-16.7221626582762,-12.465599687609243,-7.700320551071687,-2.604787679044846,2.604801933827056,7.700336943928847,12.46561985006356,16.722187273893393,20.351237762641805,23.309743301507808,25.632330134456595,27.419273532367043,28.814116210379588,29.97074659799375,31.0005080002938,31.917484524481143,32.626341127002384,32.95351153009406,32.696630932779584,31.677562720788217,29.794048172363578,27.061290822888925,23.635983142219796,19.81122004622624,15.967065422394285,12.468753174897248,9.54204024274757,7.176397062205105,5.096717129401714,2.920748117704564,0.5035508553458965,-1.8955638516231408,-3.6167676581090578,-3.5915695583284446,-0.478114832346147,5.360320174811284,12.067407787198794,21.21907650266036,34.51277149838761
-34.43653004096877,-21.16878023218116,-12.040147621613844,-5.341302146124202,0.4954794082657423,3.598739053602888,3.6132605153574846,1.885476552739672,-0.5172770044075036,-2.936450717979732,-5.113513668647136,-7.193870237371904,-9.559978924167764,-12.486948273473912,-15.985267385128092,-19.829236005967186,-23.65376147960433,-27.078905709688694,-29.811605705948654,-31.695102647329957,-32.714099153839726,-32.9708047711665,-32.64337291321102,-31.93419623149957,-31.016794136246144,-29.98656542062724,-28.82953056675064,-27.434101654001854,-25.64634829859685,-23.322729662807845,-20.362815906899723,-16.731917330940117,-12.473037783661184,-7.704999602206269,-2.606386036193941,2.606400022514028,7.705015722263875,12.473057678192047,16.731941700645194,20.362841460068445,23.322763769087047,25.64639904616044,27.434113639007457,28.829541757867,29.98665080942077,31.01684042220738,31.93421189875521,32.64341255010327,32.970839111106685,32.71412000240411,31.695114013337285,29.81160624070781,27.078896721525776,23.653746439531496,19.829217827821957,15.985248232267915,12.486928837846197,9.559959267808988,7.193850616677338,5.113493982191132,2.936430401836438,0.5172565625566267,-1.885492657503106,-3.6132809797165257,-3.5987623392849377,-0.4955102988531148,5.341276515816681,12.040120304300784,21.168718087013552,34.436454373601585
-34.360129014222366,-21.11835301209721,-12.012850493058924,-5.322244373985766,0.5128910338770551,3.605891582331637,3.6097353979704696,1.8753784066509076,-0.5310004447935034,-2.9521445564316404,-5.130297451913174,-7.211326868673359,-9.577896854581205,-12.50511763577948,-16.00343728419374,-19.84721319609285,-23.671496576807424,-27.09647555341125,-29.829119645009733,-31.71260085553663,-32.73152603597608,-32.988064449986055,-32.66037254381479,-31.95085113968844,-31.033054708194523,-30.00239822905622,-28.844887026479974,-27.448876808618436,-25.66035561144817,-23.335694238261144,-20.374370789422738,-16.74163211755415,-12.480446165986434,-7.709660397480898,-2.607978319127978,2.6079920741837244,7.70967628405825,12.48046584713038,16.74165631602492,20.374396172298454,23.33572846486828,25.66040646650673,27.44888828859402,28.844898428814,30.00248458588032,31.03310049883286,31.95086647352755,32.660412286038515,32.98809856768159,32.73154669714117,31.712612160291048,29.829120291172703,27.09646681254204,23.67148180951581,19.847195236167146,16.003418339264154,12.50509839219141,9.577877393531354,7.211307457168862,5.130278023846006,2.952124536870792,0.5309804517477966,-1.8753943481631512,-3.6097557319290687,-3.6059149314227423,-0.5129219520360674,5.32221871929718,12.012822963573043,21.118290243635467,34.36005265801088
-34.28364567653073,-21.067856157204474,-11.985543538129486,-5.303170138697618,0.5303207601598917,3.6130057532709263,3.60617386486582,1.8652543697118984,-0.5447423315518827,-2.967851685488108,-5.147090641498283,-7.228789475608008,-9.595816864025734,-12.523283790271645,-16.021596596891353,-19.86517025030834,-23.689200940144374,-27.114004341419516,-29.846582923336616,-31.730040785751527,-32.748889652404294,-33.00525658980743,-32.67730151509529,-31.967433275533505,-31.04924153227031,-30.018157571298573,-28.860169527891134,-27.4635789113078,-25.67429231878654,-23.348591333481,-20.3858642079908,-16.751293355659904,-12.48781281906907,-7.714294530802352,-2.609561404139286,2.609574954622229,7.714310213947093,12.48783231321142,16.75131740001749,20.38588947705445,23.348625715169124,25.674343003582976,27.46359008737076,28.86018156666085,30.018243962396507,31.049287162158677,31.967448509654503,32.677341221360585,33.00529053258372,32.74891022037585,31.730052144274406,29.84658371195496,27.11399577958872,23.689186356216634,19.865152477061702,16.02157783249743,12.523264702773307,9.595797579622696,7.228770243870055,5.147071397774529,2.9678318533174988,0.5447226653813564,-1.8652702013103692,-3.6061940290802537,-3.6130290365603,-0.5303516738168269,5.303144499908609,11.9855158311402,21.06779279411217,34.28356866549487
-34.20707894356538,-21.017288890281744,-11.95822613715815,-5.284080681180061,0.547767664649404,3.620080503892552,3.602575156959342,1.8551046992809723,-0.558501156967448,-2.9835696131779788,-5.163890113216675,-7.246254485857115,-9.613735058462153,-12.541442786639657,-16.039741877914555,-19.883104977298164,-23.706874343423696,-27.13149345239994,-29.863997968068137,-31.747423969311853,-32.76618883021889,-33.022379317722205,-32.694157870464274,-31.98394187021352,-31.065355125580897,-30.03384470127508,-28.87538161898087,-27.478213202304392,-25.68816460262248,-23.361429164975775,-20.3973049501075,-16.760910745293106,-12.49514630865188,-7.718908071429984,-2.6111375402354637,2.6111508993439694,7.718923565426221,12.495165642301805,16.760934660608246,20.397330098112413,23.36146368656937,25.688215147902465,27.47822399024365,28.875394281561288,30.033931309037083,31.06540041161361,31.983957026409715,32.694197615673566,33.02241316069671,32.76620937634654,31.74743538539982,29.86399888931829,27.131485087746967,23.706859988995383,19.88308740392824,16.03972328706685,12.541423845615215,9.613715929468492,7.246235406184657,5.163871011411088,2.983549967324544,0.5584818438944558,-1.855120366452218,-3.602595150010301,-3.62010380528868,-0.54779860528503,5.284055021593439,11.95819821427114,21.017224888169007,34.20700123502001
-34.130431131978426,-20.966652858966587,-11.930898057315966,-5.264975151032233,0.5652323254925623,3.627115491522116,3.598938105553916,1.84492776909582,-0.5722785166615345,-2.999299794615073,-5.180697174785181,-7.263723130475214,-9.631652604105652,-12.5595957672125,-16.05787442317779,-19.90101922154156,-23.724519554605173,-27.148946392390048,-29.881368149518924,-31.764752967562902,-32.7834252901388,-33.03943407303419,-32.71094233191699,-32.00037750798086,-31.081396039958975,-30.049460359706902,-28.89052429715475,-27.492781130561426,-25.70197439655068,-23.37421026181544,-20.408696241537463,-16.770487674037582,-12.50244949701961,-7.723502706901174,-2.6127074188044297,2.612720612881584,7.72351804419302,12.502468689225864,16.770511460175992,20.408721274640804,23.374244969795694,25.70202487673934,27.492791403235337,28.89053761578018,30.04954737269634,31.08144080176316,32.00039263493751,32.710982216543584,33.039467842386586,32.783445811267775,31.76476443131846,29.8813692057786,27.14893824398688,23.724505410087943,19.901001796827888,16.05785595468727,12.559576930097103,9.631633577693249,7.263704156476476,5.180678200291558,2.999280323351101,0.572259522904018,-1.8449433738719283,-3.598957953260262,-3.627138808262344,-0.5652632652506948,5.264949490729244,11.930869953654035,20.966588247945637,34.13035275995391
-34.05370340948175,-20.915948763638923,-11.903559179181276,-5.245853026840773,0.5827150747307189,3.634110729458441,3.59526266898717,1.834723650225854,-0.5860741562081472,-3.015041706929985,-5.19751103801909,-7.281194391430999,-9.649568311123089,-12.577741492508784,-16.075993179553898,-19.91891250068356,-23.74213692605274,-27.1663643629512,-29.898694659149594,-31.782028612181943,-32.80059989618298,-33.05642167319055,-32.72765532771376,-32.01674033612416,-31.09736435396898,-30.065005463127324,-28.905598016911146,-27.507283518229528,-25.715723523694997,-23.386936715049863,-20.420040997712864,-16.780027063906434,-12.50972493232977,-7.728080035381151,-2.614271675458401,2.61428469959048,7.728095210946651,12.509743980790947,16.780050719087114,20.42006594397483,23.38697161609704,25.715773666193478,27.507293429044143,28.905612412744905,30.065092118112737,31.09740879432509,32.0167556257512,32.72769519618354,33.056455402713894,32.80062049396039,31.78204020117832,29.898695869902543,27.16635640598608,23.74212299476893,19.91889525432993,16.075974866787867,12.577722782693431,9.649549417033596,7.281175542735745,5.197492179752354,3.015022367064964,0.5860554533457619,-1.834739172339124,-3.595282295892069,-3.634133994487405,-0.5827460509441387,5.245827345316032,11.903530843874282,20.91588348134752,34.053624319545655
-33.97689250864741,-20.86517183474216,-11.876208256753536,-5.226714020321712,0.6002164969618068,3.641067038351436,3.591550287168393,1.824493731088611,-0.5998871713485512,-3.030795022387204,-5.214331830896497,-7.298668720730556,-9.667482824442468,-12.59588054885466,-16.09409810704817,-19.93678317798549,-23.759722357100507,-27.183740961147908,-29.915971242738596,-31.799246213959027,-32.817709351206325,-33.07333974909745,-32.74429605035986,-32.033030025263386,-31.11325990643921,-30.08047781663105,-28.920601032222613,-27.52171749287625,-25.729406724334016,-23.39960206765002,-20.43133055754932,-16.789519964405013,-12.51696474552016,-7.732635135349756,-2.615828296877529,2.615841169288509,7.732650167883506,12.516983681363616,16.789543535295717,20.43135541578176,23.39963718746888,25.729456784427143,27.521726603664657,28.92061632240311,30.080565152472143,31.11330339508084,32.03304538965868,32.74433616662533,33.07337342420864,32.817730004227386,31.799257925171087,29.9159726012697,27.183733184281014,23.759708594087805,19.936766065715048,16.094079900682626,12.595861929129711,9.667464017809223,7.298649944886638,5.2143130408848375,3.0307757691023287,0.599868755321002,-1.824509230147204,-3.591569763880476,-3.641090298498396,-0.6002474650056486,5.2266883469107,11.876179748861556,20.8651059350972,33.97681275978869
-33.90000073761465,-20.814319255030213,-11.848845885747394,-5.207555672070876,0.6177384471079219,3.647987082618082,3.587805089243159,1.8142407663658224,-0.6137178247038656,-3.046562567893224,-5.231164146077538,-7.316151873489298,-9.685402623837785,-12.614019357270733,-16.112193913126195,-19.954631666742017,-23.77726957372141,-27.20106430920788,-29.93318463424256,-31.81639688803639,-32.83475283718598,-33.09019091549918,-32.760869007933,-32.04924950954588,-31.129083082474207,-30.095875774627206,-28.93552639892961,-27.53607081177337,-25.743007878962278,-23.41218372173632,-20.44253887902636,-16.798937841824024,-12.52414383713832,-7.737151044364621,-2.617370813902064,2.61738355041735,7.737165951188367,12.524162679162105,16.798961335756754,20.4425636865384,23.41221907721012,25.743057569304572,27.53607955609983,28.93554297161452,30.095962709676705,31.12912611306192,32.049265145930136,32.76090921716491,33.09022459857701,32.83477358931899,31.816408741515676,29.93318619463758,27.20105677767089,23.777256022474848,19.95461469468348,16.11217581288663,12.614000817635116,9.685383913760925,7.316133177305156,5.231145436732407,3.046543432277911,0.6136996839870383,-1.814256208833888,-3.587824505914782,-3.6480104690523945,-0.617769449109142,5.207529964225156,11.848817159568942,20.81425268386127,33.899920267066314
-33.823029687983315,-20.763399444970347,-11.821471276163232,-5.18838152632642,0.6352780497927548,3.6548653147786943,3.584018506138945,1.8039585659136173,-0.6275665401467846,-3.062339694663492,-5.247999678531453,-7.333633076577335,-9.703315317886885,-12.632145509037526,-16.130271572262227,-19.97245763399628,-23.794791642653955,-27.21835890821532,-29.950361767494357,-31.833498840163934,-32.85173351893456,-33.106972082034055,-32.77736686931751,-32.06539416168857,-31.14483394482961,-30.11120477239835,-28.950388508171105,-27.55036810002916,-25.75656022926787,-23.424727079971323,-20.453719035330657,-16.808338312476156,-12.531312896578395,-7.741661793280621,-2.618912314392958,2.618924920012565,7.741676582594083,12.531331655251767,16.808361738126443,20.45374376098256,23.424762717290875,25.756609806267992,27.55037583287452,28.950406296747225,30.11129246193832,31.14487568600963,32.06541001836266,32.77740741630051,33.10700574084905,32.85175438994645,31.83351086646819,29.950363521629512,27.218351601103628,23.79477827932466,19.97244076452483,16.130253558055546,12.632127047239086,9.703296691605562,7.333614419693071,5.247981022232335,3.0623205894852576,0.627548751559244,-1.8039740436737968,-3.58403783385042,-3.654888765676783,-0.6353090720809159,5.188355799040863,11.821442351479416,20.76333221545227,33.82294851198491
-33.745978004508586,-20.712404311437364,-11.794084073919684,-5.169188170471538,0.6528379073320972,3.661705860657752,3.580196873466244,1.7936515130654984,-0.6414333973233927,-3.078130332462372,-5.264845139719139,-7.351120898740289,-9.721230678443316,-12.65026872443636,-16.148338126684973,-19.990261334981888,-23.812278448964037,-27.23560564291976,-29.967481837822284,-31.85053799544911,-32.868648781138454,-33.12368583858994,-32.793795453543,-32.081467924514726,-31.16051295799819,-30.126461386650718,-28.965177175535747,-27.564591240485356,-25.770039050073358,-23.437197873346907,-20.464830656196355,-16.81767746589283,-12.53843325768448,-7.746141532704231,-2.620442787581599,2.6204552723901022,7.7461562154121,12.538451941637891,16.81770083489218,20.464855349181903,23.437233826869186,25.770088319063003,27.56459821650192,28.96519641173498,30.126549206963933,31.16055372440174,32.081484103426774,32.793836242515,33.12371946137758,32.86866977426218,31.85055023212578,29.96748382597402,27.235598536075223,23.812265202918507,19.990244515619512,16.148320162525785,12.650250293806158,9.721212099276796,7.351102258967534,5.264826519509161,3.078111244505464,0.6414158756044241,-1.7936671827181536,-3.580216221852921,-3.661729305000825,-0.6528688655222886,5.169162502720143,11.794055037528018,20.71233649962701,33.74589621337996
-33.66884960695804,-20.66133912525359,-11.76668467100871,-5.149976261260158,0.6704175221661217,3.668507343179524,3.576338264153652,1.783318723994057,-0.6553174575124162,-3.0939318603989725,-5.28169669097553,-7.368610635313027,-9.739143416762731,-12.668383665536512,-16.16638935610441,-20.008041496672533,-23.82973317828002,-27.252811610385912,-29.98455248064929,-31.86751905783529,-32.8854989527133,-33.14033084279696,-32.81015175224632,-32.09746842715468,-31.176118896772348,-30.141646608608152,-28.979895867292036,-27.578746783225476,-25.7834542296219,-23.4496099733355,-20.475890734345302,-16.82697386340113,-12.545521287788093,-7.750601027406061,-2.6219664633795894,2.6219788310303294,7.750615606191589,12.545539909027989,16.826997195761393,20.47591543680708,23.449646239132647,25.783503025409047,27.578753321042075,28.979916684231185,30.14173399296748,31.176159017129084,32.09748505302441,32.8101926777742,33.140364440967566,32.8855200924379,31.867531536469038,29.984554713691487,27.25280469695624,23.829720035798037,20.00802471623592,16.166371445032645,12.668365260655907,9.739124882393302,7.368592024271585,5.281678105914249,3.093912779504766,0.6553001572269699,-1.783334546456071,-3.576357647791764,-3.6685308747584897,-0.6704484335316014,5.1499506391244845,11.766655516462963,20.661270717036768,33.66876718033158
-33.59164250904546,-20.610202395918748,-11.739271991819768,-5.130746087508088,0.6880167518274951,3.67526863599802,3.5724405714736363,1.7729580120594817,-0.6692201838988232,-3.109745161709509,-5.298554736492367,-7.386102380846366,-9.75705339007742,-12.686490156238088,-16.18442543796038,-20.02579926592466,-23.847158454671185,-27.269980786749592,-30.001578292986697,-31.884445641255063,-32.90228535193573,-33.15690737821146,-32.826436057840816,-32.1133965773546,-31.191653860084003,-30.15676255397277,-28.99454826937976,-27.592839917950634,-25.79681130831909,-23.46197045159248,-20.486906595690712,-16.83623529150123,-12.552583740617903,-7.7550449703551,-2.623485071656389,2.623497328943765,7.755059455443058,12.552602300435314,16.8362585677627,20.48693126793845,23.46200706156365,25.796859751415607,27.592845721941096,28.99457070795433,30.156850003719494,31.191692846557768,32.113413667021575,32.826477290014026,33.15694094455796,32.90230662315206,31.884458337944277,30.001580770586287,27.26997411073764,23.84714545979533,20.025782533976884,16.18440757158477,12.686471784895868,9.757034908448077,7.386083770440997,5.29853617602508,3.1097260742975257,0.6692032260951245,-1.7729739889272582,-3.5724599988080845,-3.675292294268683,-0.6880476424011819,5.130720484552231,11.739242694792344,20.610133362754212,33.59155941726524
-33.514357128195925,-20.55899156017107,-11.711845950985852,-5.111496331126837,0.7056365602664518,3.681991609370525,3.5685072935025626,1.7625728104766036,-0.6831394761884295,-3.12556929427405,-5.315419267976271,-7.403596696544113,-9.774961538152724,-12.704589079793868,-16.202446323983814,-20.04353222749388,-23.86454819988313,-27.287103836220087,-30.018549429579554,-31.901310335771733,-32.9190048280826,-33.17341478679267,-32.84264848405044,-32.12925188594222,-31.207115826635416,-30.17180625006656,-29.00912913213916,-27.606862578026256,-25.810100346213407,-23.47426609534543,-20.497863254623034,-16.845445761139107,-12.559606644468378,-7.759464015369361,-2.624995021659944,2.625007158933761,7.75947839786785,12.559625125776227,16.84546895459002,20.49788790143036,23.474303030810997,25.81014831597131,27.6068678860378,29.009153184105948,30.171893391392715,31.20715391795727,32.12926944021292,32.842689953572645,33.1734483519174,32.91902623436902,31.901323211367647,30.0185521376172,27.28709739992001,23.864535366131665,20.04351557693451,16.202428523769125,12.704570744160948,9.77494310953767,7.403578105528031,5.315400724959502,3.125550253917033,0.6831228281050745,-1.7625889256575071,-3.5685267122124134,-3.6820153393607815,-0.7056674313919723,5.111470755141237,11.711816501264,20.558921879277264,33.51427335932604
-33.436998290089974,-20.50770721814349,-11.684407198464092,-5.092225066098593,0.7232786042991535,3.688677370855201,3.564539676048392,1.7521630648737476,-0.6970774803670758,-3.141408169060834,-5.332295447748384,-7.421099602310762,-9.79287443221515,-12.722686987173905,-16.220457488431006,-20.061243339380862,-23.88190157662042,-27.304176638741875,-30.03546103963693,-31.918110353312773,-32.93565824955909,-33.18985648278349,-32.858792739225905,-32.14503712927375,-31.222505551162996,-30.18677641115229,-29.02363455934212,-27.620807688888824,-25.8233110536491,-23.486482893692617,-20.50874410818426,-16.854587647145557,-12.566574298157516,-7.763847331593772,-2.6264923167687986,2.6265043367805703,7.763861616891696,12.566592697455553,16.854610746878407,20.508768760481296,23.486520133217866,25.823358424690323,27.620812952641383,29.02366013366451,30.1868626919332,31.22254323373875,32.145055176872575,32.858834346482084,33.18989009814815,32.93567979977879,31.9181233945285,30.03546398259116,27.30417047170361,23.881888923119767,20.061226776547848,16.220439753852574,12.722668663724985,9.792856024115178,7.42108104810582,5.3322769465517785,3.1413892749382377,0.697061053464293,-1.752179312602629,-3.564559060326678,-3.6887012664517855,-0.7233094832303987,5.092199489634693,11.684377570264962,20.5076368577608,33.43691381435324
-33.359567567628346,-20.45635793741656,-11.656955481008325,-5.072934538273263,0.7409409891270634,3.695321926370281,3.5605304437480343,1.741723111581656,-0.7110349475206346,-3.1572578932569204,-5.349175960542353,-7.438601456747146,-9.810780887243371,-12.740772632379034,-16.238450644604246,-20.07893202784564,-23.8992293493111,-27.3212202296654,-30.05233441738231,-31.93485936867116,-32.952248626194965,-33.20622708636852,-32.874861918204935,-32.16074713832649,-31.23782248922252,-30.20167790854709,-29.0380763025514,-27.634695609844623,-25.83647279945509,-23.49866118998,-20.51959764205157,-16.8637127324186,-12.573532550167531,-7.768225498145063,-2.627988707421779,2.62800058560194,7.768239657703635,12.573550852590952,16.863735734917995,20.51962229986233,23.498698685134517,25.836519505102636,27.63470092138551,29.03810337744941,30.20176324266084,31.237859812549647,32.160765725772805,32.874903588854586,33.20626071635056,32.95227032334543,31.934872596106143,30.052337593029726,27.32121427072474,23.899216807795785,20.07891554127853,16.238432973373136,12.740754324682506,9.81076250412076,7.438582944142477,5.349157497555319,3.157239102452088,0.7110186847855857,-1.741739537021979,-3.56054973360976,-3.695345785317592,-0.740971837511041,5.0729090131294825,11.656925717666944,20.45628693043388,33.35948243047086
-33.28206118048668,-20.404934859805312,-11.629489633149252,-5.053623395128144,0.7586248066271402,3.701927753512024,3.5564846685355938,1.73125755925709,-0.7250098031819447,-3.173118997493877,-5.3660632355931694,-7.456105955920335,-9.828685404661227,-12.75885047930766,-16.2564284162935,-20.09659621104201,-23.91652246209454,-27.33821947574928,-30.069154721440995,-31.951547807310487,-32.96877315403324,-33.22252813202497,-32.890859996761456,-32.176385106376856,-31.25306795921016,-30.21650833775351,-29.052448283846527,-27.648515351412225,-25.8495688631532,-23.51077796690254,-20.530395115742817,-16.87279022143509,-12.580454159620336,-7.772580656765115,-2.6294772087219105,2.629488938668185,7.77259468228878,12.580472367794824,16.872813133885817,20.530419769820423,23.51081569059124,25.84961494895904,27.648520672328857,29.05247680871962,30.21659294083595,31.25310477600877,32.176404240550134,32.89090177649303,33.222561779380904,32.96879500243828,31.951561222242574,30.069158114194163,27.33821371392255,23.916510046106428,20.09657983415888,16.256410830781768,12.758832193360316,9.828667051288964,7.456087483579367,5.366044799092086,3.173100342444494,0.7249937619724521,-1.7312741049909155,-3.5565038312745214,-3.701951671017509,-0.7586556607051059,5.053597887672652,11.629459706564496,20.4048631724618,33.28197534386919
-33.204480069464026,-20.353436492707143,-11.602009611884831,-5.03429067299042,0.7763306019146923,3.7084956695070623,3.552403947091701,1.72076778533442,-0.7390015594569764,-3.1889916985238176,-5.382958078484892,-7.473614299789997,-9.846589438104631,-12.776921941126874,-16.274391669184894,-20.114235408205367,-23.93377830438084,-27.355170012128152,-30.085917313234237,-31.968172707617025,-32.98523178444744,-33.23876075842551,-32.90678859666561,-32.19195233678265,-31.268241885762954,-30.23126735277928,-29.06674853044058,-27.662262832831907,-25.862594127010546,-23.522825775685813,-20.54112783338861,-16.88181066492434,-12.587330810621104,-7.77690719967325,-2.6309556927154314,2.630967277080034,7.77692109551309,12.587348921585232,16.88183348448959,20.54115253656633,23.522863670781152,25.862639465691995,27.662268792826477,29.06677826861752,30.23135056729988,31.268278914696943,32.191972026091925,32.90683031652252,33.23879446871558,32.98525378892497,31.968186299181838,30.08592089662781,27.35516442837038,23.933765988939637,20.11421911233769,16.27437412664416,12.776903613891475,9.84657104258429,7.473595855348638,5.382939692137051,3.1889732757929634,0.7389855900825297,-1.7207845623534106,-3.552423030997554,-3.708519674250572,-0.7763614039225564,5.034265234574419,11.60197959402058,20.35336418584536,33.204393595334864
-33.126826247750195,-20.30186819691677,-11.57451529745205,-5.014936443399526,0.7940580306481403,3.715023700250765,3.548283858676072,1.7102494301183642,-0.753012382900827,-3.204876023285759,-5.399858785766464,-7.491123617616249,-9.864489325216857,-12.79498330691516,-16.292338095658387,-20.13185107876931,-23.95100424478511,-27.37208430610696,-30.10263414416534,-31.984741840124617,-33.00162656884324,-33.254922516586724,-32.922644260247594,-32.20744621735338,-31.28334435533729,-30.245956668979115,-29.08098237096057,-27.675947937083844,-25.875562557303883,-23.53482430952919,-20.551820055117226,-16.89079994196875,-12.594185334810184,-7.781220151829553,-2.632430034748708,2.6324414420264435,7.781233883406325,12.594203303621327,16.890822620190637,20.55184476256743,23.53486234414976,25.87560724278388,27.67595434696547,29.08101327560824,30.246038889054045,31.283381295445505,32.20746647210743,32.92268599605053,33.254956256951125,33.001648668573104,31.984755545542303,30.102637882937,27.37207889161776,23.95099201493976,20.131834876664463,16.292320625840254,12.79496496120979,9.864470915285036,7.491105212346507,5.3998404641996816,3.2048578239762957,0.7529966018155242,-1.7102664286062126,-3.548302726385985,-3.7150476554677225,-0.7940888028769938,5.014911063339464,11.574485170962673,20.301795242515045,33.12673911848111
-33.04910501039975,-20.25022861290548,-11.547007624138075,-4.995558181167541,0.8118089948091091,3.721514566542142,3.544129108706109,1.6997061644072535,-0.7670415023171013,-3.220774385719355,-5.416769871197216,-7.508639889833222,-9.882391941759328,-12.813041457572014,-16.310272736660984,-20.14944366560384,-23.968193850464647,-27.38894983190752,-30.119291812228003,-32.00124621411467,-33.01795572722838,-33.27101661363906,-32.93843095202778,-32.22286960239897,-31.29837443889951,-30.26057249493248,-29.095141436128745,-27.689556759708346,-25.88845521719985,-23.546747824389488,-20.56244158460882,-16.899726074373916,-12.600989394453627,-7.785500282008344,-2.633892990574554,2.633904197834561,7.785513818820346,12.601007196116232,16.89974859631821,20.562466317906058,23.54678592447763,25.888499181490136,27.689564117103117,29.095173269083112,30.260653331970417,31.29841186645796,32.22289040669317,32.93847253852452,33.27105037028478,33.01797789334908,32.001259969379866,30.11929561592572,27.388944501621328,23.968181662865238,20.14942752580826,16.310255336190835,12.81302310125883,9.88237354055029,7.508621469979231,5.416751590591666,3.220756282201262,0.7670262286446181,-1.6997235332072096,-3.544147766208627,-3.721538434510456,-0.8118396971281973,4.995532897466127,11.546977458593943,20.25015507563373,33.0490172940118
-32.971312366143344,-20.19852138851403,-11.519485462201374,-4.976158792122742,0.8295809676356984,3.727964130551292,3.539933201836436,1.6891331890306336,-0.7810892708666681,-3.2366821901116314,-5.4336834914410455,-7.526152939754047,-9.900285648954236,-12.831084620020077,-16.328186448222485,-20.16701061839004,-23.98535476230011,-27.405782927338997,-30.13590819370302,-32.01769735599152,-33.03422021529924,-33.287038180248665,-32.954142165839066,-32.23821868218757,-31.313333353235308,-30.27512144984043,-29.109238913910502,-27.70311039828658,-25.90130131481421,-23.55863475315149,-20.57303799981409,-16.908637208641597,-12.607785557530857,-7.789776552290271,-2.635355367674583,2.635366466170936,7.789790000334389,12.60780332735354,16.908659709661144,20.573062852210807,23.558672906434516,25.901344564389248,27.70311868012131,29.109271483475748,30.27520079998732,31.31337122528095,32.23824011017796,32.95418373075145,33.287072247923284,33.03424283189502,32.01771157115395,30.135912426295835,27.40577794624893,23.98534275570751,20.16699459199396,16.32816912220642,12.831066210049832,9.900267203692191,7.526134485197052,5.433665193651788,3.2366641789966946,0.7810742552907812,-1.6891512320973197,-3.5399518353753137,-3.72798831649646,-0.829611761896426,4.976133468480842,11.519455031322304,20.198447033807355,32.97122383538987
-32.89345058510334,-20.146739738690066,-11.491948733097743,-4.95673481562107,0.8473763505817896,3.734376074698433,3.535702437412998,1.6785351913328994,-0.7951559183941145,-3.2526040668347176,-5.4506076195503175,-7.543672974434489,-9.91818213449444,-12.849124530966243,-16.346088238275385,-20.18455417808505,-24.00247903633449,-27.42256675498473,-30.152465592752318,-32.03408427826497,-33.050419234527155,-33.302992360252325,-32.96978499315356,-32.25349815291462,-31.328221062813416,-30.2895978689153,-29.12326272048372,-27.716589255877548,-25.91407263981761,-23.570447542783803,-20.5835638983708,-16.91748530970175,-12.614531289680787,-7.794020373948171,-2.6368063272189763,2.6368172649209423,7.794033674670259,12.614548962220756,16.917507719879165,20.58358883075694,23.57048567032004,25.91411516655076,27.716598604680552,29.123295900582736,30.28967570199162,31.328259540511045,32.2535201907836,32.96982645198013,33.303026702622084,33.05044224090597,32.03409887648007,30.15247017559941,27.42256204348353,24.002467162819485,20.18453832881163,16.34607100671542,12.84910603336604,9.918163607205278,7.543654562795533,5.450589352575491,3.2525864160142253,0.795140888213677,-1.678553735694072,-3.535720841545281,-3.7344005300866336,-0.8474072284605794,4.956709474937988,11.491918075823811,20.146664602476196,32.89336127741079
-32.81552041038821,-20.09488685517788,-11.464397243439889,-4.937287015294071,0.8651944200561681,3.740748869763834,3.5314339973259776,1.6679098807927988,-0.8092416686995035,-3.268538637832261,-5.467539384393805,-7.561196211004102,-9.936076925472054,-12.867156662442529,-16.36397464471893,-20.202073522004373,-24.019569918120247,-27.4393080534934,-30.1689711644142,-32.050411288092945,-33.06655259757313,-33.31887688095028,-32.985356369933584,-32.2687061398956,-31.34303777473804,-30.30400445660353,-29.13721828593983,-27.73000206860869,-25.92678118883124,-23.582202126664484,-20.5940384512149,-16.926290631835823,-12.62124452722238,-7.798243830410792,-2.6382504356841605,2.6382611772828604,7.798256948500138,12.621262047869113,16.926312895654803,20.594063412091856,23.582240163701275,25.926823027438346,27.730012492221437,29.137251973907414,30.304080806355643,31.34307686074725,32.268728798681245,32.985397734808565,33.31891149084996,33.06657597187772,32.05042625180895,30.168976085109744,27.439303607926103,24.01955820934679,20.2020578894678,16.363957526382837,12.867138111138308,9.936058371681884,7.561177879049645,5.467521209450364,3.268521360583077,0.8092266429051206,-1.6679288555814582,-3.531452019159803,-3.740773442950559,-0.8652254521532068,4.937261617974655,11.464366291772318,20.094810858258874,32.81543025815876
-32.737519474051815,-20.04296188040707,-11.436830062420864,-4.917815823937712,0.8830347371370496,3.747081345625893,3.5271262372599037,1.6572562650915572,-0.8233463075874373,-3.2844845870006703,-5.4844766289641305,-7.578719890460433,-9.953966842683082,-12.885177763770931,-16.381843030009396,-20.21956750197561,-24.036628442232686,-27.45600968846023,-30.185428479420203,-32.06668069682773,-33.08262015058975,-33.33469054788648,-33.0008545665952,-32.283841457439095,-31.35778351388727,-30.318342255222312,-29.15110832937565,-27.743353634388715,-25.939433415587462,-23.59390703245117,-20.60447168253028,-16.935063660646154,-12.627934595519758,-7.802453423703993,-2.639690047085559,2.63970060895474,7.802466377437865,12.62795198859864,16.93508583186198,20.60449672588386,23.593945028460865,25.9394747230927,27.743364878195376,29.15114262678989,30.318417639015102,31.35782292331228,32.28386478998375,33.00089593148892,33.33472541875774,33.08264388535232,32.066696020285065,30.185433700879216,27.45600543261812,24.036616800241287,20.21955196627487,16.38182590568369,12.885159076027914,9.953948210603032,7.578701553452897,5.484458483387825,3.28446757039717,0.823331251640473,-1.6572757753862175,-3.5271441601738296,-3.7471061348655694,-0.8830657828160942,4.917790491708809,11.43679899634516,20.042885197179785,32.73742864733649
-32.65945266305813,-19.99096269711477,-11.409248078500744,-4.89831873106028,0.9008986875859492,3.75337600879752,3.522783793453305,1.6465779647861514,-0.8374694015064201,-3.3004445564695084,-5.501424189104867,-7.596250331418999,-9.971859166603272,-12.9031951477035,-16.39969894446505,-20.23703734456152,-24.05364917814632,-27.472660708057397,-30.20182563784792,-32.08288525472711,-33.09862242207558,-33.35043717351744,-33.01628523022334,-32.29890813766587,-31.37245897463372,-30.33260840720924,-29.164925430919283,-27.75663145651236,-25.952010902147595,-23.605537850152224,-20.61483407765804,-16.94377306619454,-12.634573783105283,-7.8066303165018995,-2.641118082589999,2.641128473561169,7.806643116496873,12.634591061934437,16.943795135900015,20.614859182724693,23.60557582276436,25.952051797828577,27.756643434204847,29.16496032602754,30.332682976047156,31.37249854908587,32.29893211368348,33.016326645653805,33.350472261036,33.09864644356096,32.082900830210264,30.20183107398692,27.472656613122822,24.05363763784916,20.23702190003614,16.39968178224847,12.903176342634644,9.971840497208554,7.596231999926674,5.501406066896109,3.300427723802607,0.8374543140706077,-1.646597856806076,-3.522801525459556,-3.7534009789479352,-0.9009297438776096,4.8982934976384405,11.409216895076067,19.99088531526973,32.65936116143519
-32.58131402645632,-19.93889363333593,-11.381649501994987,-4.878798826976097,0.9187844461711135,3.759629122569958,3.518399598746848,1.635869645315018,-0.8516107419258571,-3.3164128229066154,-5.518372320492951,-7.61377504531456,-9.989739569865083,-12.921194297513532,-16.417530932287708,-20.25447916713412,-24.07063987188181,-27.489278632402872,-30.218182016315144,-32.09903641966788,-33.114557599124936,-33.366109584148475,-33.03163829183869,-32.313899266429345,-31.387063283664435,-30.34680811549384,-29.178682893315116,-27.76985824190233,-25.96454628090944,-23.617137998980414,-20.62517822964212,-16.952474607819266,-12.64121145983484,-7.810808009392108,-2.642547083613085,2.642557342600276,7.81082070035554,12.641228688239137,16.95249665606445,20.62520343010247,23.617176111839115,25.964587068077023,27.76987019276701,29.178718716967115,30.34688290641953,31.387102119604936,32.313923897743464,33.03167994185199,33.36614476254658,33.1145818488076,32.099052163965155,30.218187548327798,27.489274591463,24.070628366349496,20.25446369773741,16.41751362547423,12.921175341265254,9.98972085242524,7.613756671565604,5.518354203439575,3.316396035737034,0.8515955435090987,-1.635889958272315,-3.518417083082579,-3.759654193460395,-0.9188154374706988,4.878773775833884,11.381618273909403,19.93881562569965,32.58122193137639
-32.50310705963945,-19.88675084651202,-11.35403479560622,-4.859253002091834,0.936693770859214,3.7658433253154633,3.5139782991957538,1.6251348568182673,-0.8657702526233836,-3.332392760947468,-5.535326908809354,-7.631301588469594,-10.007616704885647,-12.93918390234532,-16.43534571250299,-20.271894888722,-24.087595104245427,-27.505851877311216,-30.23448489116636,-32.11512660124352,-33.13042667217291,-33.381712181672654,-33.04691996179582,-32.328818910702225,-31.401596661185486,-30.36093728220152,-29.19237147735444,-27.78301905277278,-25.977018249822795,-23.62867949890073,-20.63547040899548,-16.961132603583003,-12.647816029327824,-7.814964990998195,-2.643968963447307,2.643979146809703,7.8149776383384415,12.647833273091404,16.96115470294626,20.635495761055918,23.62871793272634,25.97705918243886,27.783030410174604,29.19240856056181,30.361013054042804,31.401634033731803,32.328844155148474,33.04696202960078,33.38174732204924,33.130451022499955,32.115142378694586,30.234490390069787,27.505847775680778,24.08758356146479,20.27187929632156,16.4353281685794,12.939164769247192,10.007597915725938,7.6312831208200995,5.535308734513287,3.332375909209659,0.8657549157952107,-1.6251555350655122,-3.513995549945243,-3.765868492924172,-0.9367245844425566,4.8592282394534365,11.354003605778823,19.886672287039143,32.50301445863498
-32.42483977201584,-19.83453541225558,-11.326405739424604,-4.839679192898674,0.9546271006253222,3.7720200131621344,3.509522485405847,1.61437533460629,-0.8799488459278775,-3.348387917387013,-5.552293463401033,-7.648836799482636,-10.025498275314078,-12.957171691587272,-16.453149615156967,-20.2892871928912,-24.1045119625159,-27.522372796833835,-30.250725094225345,-32.13115038088723,-33.146231255026365,-33.39724820729145,-33.06213543913157,-32.34367056720467,-31.4160593059596,-30.374994571008983,-29.205985746004284,-27.79610344239055,-25.989412369092108,-23.64014305344181,-20.64568683800944,-16.969721817265885,-12.654365324277489,-7.819086190416452,-2.645378089523513,2.645388201481648,7.819098800240056,12.654382588366378,16.96974398255291,20.64571238942171,23.64018176572887,25.989453264534745,27.796114840457832,29.206023889706383,30.375070491374508,31.416096014834512,32.34369634637526,33.06217773009442,33.3972832953954,33.1462556665075,32.13116617543974,30.250730567013832,27.52236861622587,24.104500360137163,20.289271467182974,16.453131831027356,12.957152423342997,10.025479416376568,7.648818260128007,5.55227524397955,3.348370997714864,0.8799333194663715,-1.6143962444611912,-3.50953952128189,-3.772045242797276,-0.9546577465376312,4.839654712941323,11.326374584033392,19.834456291087267,32.42474665635949
-32.346507674760105,-19.782246598068184,-11.298760632752357,-4.820078670625724,0.972583950419673,3.778156115896224,3.5050294764497125,1.6035887734407337,-0.8941473132140781,-3.364396933996933,-5.569268944787477,-7.66637643904643,-10.043379304846049,-12.975152597992398,-16.47093832172486,-20.306654988590967,-24.121393550441425,-27.53884785399704,-30.26691079318925,-32.147113049995106,-33.16197010036592,-33.412714860418774,-33.07728134830754,-32.35845210118626,-31.43045185516183,-30.388982531207105,-29.21953160241479,-27.809120891720408,-26.001741742141142,-23.651545263184023,-20.655846999552814,-16.978262982223246,-12.660877504392852,-7.82318427112909,-2.646779198075127,2.646789220935045,7.823196826270511,12.66089477869513,16.978285208199576,20.65587272921161,23.651584220692,26.00178253006601,27.8091324923406,29.219570757584624,30.38905838931292,31.4304881060591,32.35847836650858,33.077323852398486,33.412749935567405,33.16199459743614,32.147128882481695,30.26691623104681,27.53884361041876,24.121381934370703,20.306639140252564,16.470920303726082,12.975133225694048,10.04336037866916,7.666357816306498,5.569250664076837,3.364379943813363,0.8941316595936678,-1.6036097882919966,-3.505046461093762,-3.778181456857209,-0.9726144442733868,4.8200544629957145,11.298729525063203,19.78216692308345,32.346414040950194
-32.26810565995949,-19.72989026729039,-11.271098146538646,-4.8004544671008,0.9905634608724888,3.784250598708189,3.500494565318752,1.5927725343814467,-0.9083621357387324,-3.380410689263008,-5.586240183545321,-7.683904556058445,-10.061241909431663,-12.993108495803504,-16.488696929552322,-20.323990413421846,-24.138243378230445,-27.555290255862563,-30.283056792243027,-32.163021719350645,-33.17763831917472,-33.42810374685536,-33.092344827922865,-32.37315478840276,-31.44477178036708,-30.40290390460053,-29.233019787409223,-27.82209155701461,-26.01403639619093,-23.66292698123082,-20.66600177110741,-16.986809987527085,-12.66740048096625,-7.827291334935711,-2.648184313056872,2.6481943538606827,7.827303957527201,12.667417900372143,16.986832430584947,20.666027802261844,23.66296649080161,26.01407751369104,27.82210242940748,29.23306051385812,30.402980980688262,31.444806327506484,32.373181604662534,33.09238776243659,33.42813855110272,33.17766270165379,32.16303738772915,30.28306198879005,27.555285742662544,24.138231569510587,20.32397426267917,16.488678541132177,12.993088920485896,10.061222820424367,7.683885752610122,5.586221749574976,3.380393496547167,0.908346233910931,-1.5927938409431948,-3.500511286386651,-3.784276048915264,-0.9905936125834388,4.800430710232678,11.271067240070115,19.729810191074968,32.26801167785149
-32.18964213079954,-19.677456150723096,-11.243419725983388,-4.780800136592142,1.00856741912118,3.7903070428017984,3.4959250442122496,1.5819309664815868,-0.9225975245605008,-3.3964419761948514,-5.603226263424416,-7.701444613403456,-10.07911245889372,-13.011066031521963,-16.506447366044636,-20.341303698906707,-24.15505426829906,-27.57167836425568,-30.29913877670319,-32.178864201232145,-33.193243629601646,-33.44342862907082,-33.10734566502335,-32.38779260709772,-31.45902380233946,-30.416754625276283,-29.246433745456876,-27.83498418290984,-26.02624953259956,-23.6742249528432,-20.67607231506924,-16.995279128180915,-12.673859913370189,-7.831357309440862,-2.6495746704602365,2.6495846948889312,7.831369960750439,12.673877443011657,16.99530175648841,20.676098621767533,23.67426492914836,26.026290798024185,27.83499475701848,29.24647582126396,30.41683237412232,31.459057230085712,32.38781986401124,33.10738895250715,33.44346321426919,33.193267938035504,32.17887974407072,30.299143773883056,27.57167363225153,24.15504231326207,20.34128726024477,16.50642863936386,13.011046298090234,10.079093224552729,7.701425651702791,5.603207705946143,3.3964245971395,0.9225814088253248,-1.5819524905033668,-3.4959415754936534,-3.7903325497974456,-1.008597269490033,4.780776799390532,11.243388994606804,19.67737563788138,32.18954777234296
-32.1111068277032,-19.62494779783939,-11.21572252956432,-4.761120062219924,1.0265940299823528,3.796321813197534,3.49131377708271,1.571059078349207,-0.9368517882262012,-3.412482371801911,-5.620213852793396,-7.718979835332041,-10.096971876278104,-13.02900583243314,-16.524173802431502,-20.358587727225185,-24.171832358227,-27.58802930116729,-30.31517655966224,-32.19465112909363,-33.20878048302968,-33.45867878829746,-33.12226971412763,-32.40235627231503,-31.473206213089213,-30.430539936690515,-29.25978858373364,-27.847825471844903,-26.038419784032488,-23.685490104500943,-20.686120676024824,-17.00373610165773,-12.680314038733895,-7.835421887159339,-2.650965011527551,2.650975066120405,7.835434622952314,12.680331750589676,17.00375900563202,20.68614731679328,23.68553075549927,26.038461430967303,27.84783504936089,29.259832419485893,30.430619262133945,31.47323766580813,32.40238392511845,33.12231350397992,33.45871298768796,33.20880461052417,32.1946664389757,30.31518122523755,27.588024200651898,24.17182013503185,20.358570896182076,16.52415465311243,13.028985885095748,10.096952432843372,7.718960651934067,5.620195094865851,3.4124647365751413,0.9368353912148808,-1.571080925138174,-3.4913300404066603,-3.796347306085109,-1.0266234250263748,4.761097293483045,11.215692102914772,19.624866976000234,32.111012230036714
-32.03252226081822,-19.572367599641257,-11.18801201275999,-4.741407018984556,1.0446464013739605,3.8022996818215,3.486669987928265,1.5601630590418538,-0.9511275496787958,-3.428543222513227,-5.637220549034187,-7.7365321389370845,-10.11484493176709,-13.046952972554712,-16.541896742575705,-20.37585222421312,-24.1885706600645,-27.60432204060202,-30.33114461938591,-32.21036815346031,-33.22425528312467,-33.47386766907095,-33.1371341215857,-32.41685623768583,-31.48731940913897,-30.44425211801372,-29.273063927209577,-27.860579820589017,-26.05049686759923,-23.696657007217503,-20.696068397032125,-17.012098025754614,-12.686689507739972,-7.839434535870713,-2.652336794606581,2.6523467555751794,7.83944722005968,12.686707231754394,17.01212101182264,20.696095244477203,23.696697989099462,26.050538386642657,27.86058961384277,29.273108765229452,30.44433142957979,31.487350517906417,32.4168841524201,33.13717816941871,33.47390173817847,33.224279391871846,32.21038340885693,30.331149195628203,27.60431680256637,24.18855832224005,20.375835117932716,16.541877328466928,13.046932938911832,10.114825370713913,7.736512808205922,5.637201666758468,3.4285253948514023,0.9511110710656028,-1.5601850709600729,-3.4866862531075333,-3.802325088351904,-1.0446754977856896,4.741384674224698,11.187981795332096,19.57228636705751,32.03242731857918
-31.953873050871078,-19.519718727601408,-11.16028428989529,-4.7216673304352925,1.0627220679212366,3.8082365918399295,3.481985815525561,1.5492385067130543,-0.9654201974282536,-3.4446109624940187,-5.654226305271104,-7.754076938383503,-10.13270398952457,-13.064879396627775,-16.559592769630427,-20.39308492112533,-24.205273922168907,-27.620575624918036,-30.34706614029941,-32.226027389045704,-33.23966003014524,-33.48898085410444,-33.15192013507829,-32.43128001157976,-31.501360370213398,-30.457897078011527,-29.286278273791943,-27.873280715331948,-26.062529846581125,-23.70779054858994,-20.70599463355988,-17.02044871768239,-12.693060626165316,-7.843446040788122,-2.6537087807955184,2.653718654495792,7.843458681481885,12.693078378606584,17.02047180053156,20.70602168680281,23.7078318781795,26.062571284145143,27.87329059435784,29.28632420048209,30.45797652563105,31.501390917486845,32.4313081860646,33.15196445305353,33.48901478853624,33.23968410960837,32.22604256837363,30.34707056969304,27.62057023054197,24.205261489561856,20.39306755983148,16.55957311473839,13.064859292172573,10.13268430802555,7.754057456848857,5.654207284846609,3.444592951946837,0.9654037011539828,-1.5492605756299933,-3.482002022272677,-3.8082620571000607,-1.0627508758345503,4.721645401945009,11.160254279870667,19.519637076670985,31.95377774129236
-31.87517840149159,-19.46699985077773,-11.132543497618649,-4.70189317439689,1.0808237802511165,3.814135315442301,3.477266548639807,1.5382861884851269,-0.9797383150907476,-3.460703231700642,-5.671255222984792,-7.77164290461651,-10.1505807720639,-13.082817224156582,-16.577289292478202,-20.41030209638064,-24.221941615560752,-27.636775392436363,-30.362921964600908,-32.24161995331942,-33.25500504539094,-33.50403526747024,-33.16664815548014,-32.44564148167576,-31.515333882973597,-30.471470624128777,-29.299415042260343,-27.885896484563467,-26.07447125222968,-23.718827401126436,-20.715822110806464,-17.028706143507534,-12.699354489962207,-7.84740641927918,-2.6550625811384925,2.65507224036992,7.847418875021527,12.699372100107295,17.02872913841166,20.715849251565743,23.718868713373325,26.074512152381825,27.885907547647097,29.299461283009546,30.47154881480421,31.515365316360636,32.44566980419051,33.16669249370482,33.50406932198594,33.25502924480685,32.241635242585765,30.36292648173321,27.636770066045194,24.22192925156754,20.41028459036867,16.577269555651295,13.08279717818156,10.150561086043783,7.7716233605719935,5.671236177400454,3.4606850694281786,0.9797220127223382,-1.5383082333483684,-3.4772828178204778,-3.814160699995997,-1.0808524763898315,4.701871506663671,11.132513569577776,19.466917648984516,31.87508259113824
-31.79642526293731,-19.41421552870939,-11.104786128003909,-4.6820913341564765,1.098949210967779,3.8199932183458256,3.4725070125613624,1.527304924002055,-0.9940742999055068,-3.4768037414404622,-5.68828484734428,-7.7892031792618495,-10.168445462377097,-13.100736184888149,-16.59496039195839,-20.427488166534545,-24.238573966292087,-27.65293469307568,-30.378729954400903,-32.25715382153561,-33.2702791341905,-33.51901378765457,-33.181297710472066,-32.45992664603538,-31.529234920723155,-30.48497541603613,-29.31248883966037,-27.898456579958648,-26.086365303998114,-23.729826829074828,-20.725623240788327,-17.03694742964042,-12.70563965806838,-7.851362782925867,-2.656415519114375,2.6564250074692586,7.851375102883174,12.705657196437432,17.036970408723246,20.725650505030345,23.729868267250577,26.08640594497778,27.89846817927365,29.31253574845979,30.485053170092893,31.52926639982298,32.45995525436752,33.18134217211395,33.5190478478535,33.27030341234883,32.25716918086113,30.37873446661077,27.652929320719856,24.238561586873413,20.42747046826392,16.59494052075561,13.100716137507236,10.168425701632753,7.789183520134687,5.688265717404781,3.4767854313431488,0.9940581256248044,-1.5273270155587648,-3.472523325422582,-3.820018571020306,-1.0989777079315932,4.68206999324855,11.104756356195663,19.41413284417149,31.79632902676737
-31.71761970303664,-19.361359155629287,-11.077013215369636,-4.662257140279017,1.1170989168411425,3.825810704169167,3.46770969106436,1.5162949059232338,-1.0084333593394996,-3.492923268473723,-5.705329884584312,-7.806775274981667,-10.186317449804358,-13.118655926698418,-16.612622760958068,-20.444652800968804,-24.255170112569896,-27.669044101794377,-30.394478589026185,-32.27262409195831,-33.28548929808697,-33.533926771140024,-33.19588234465718,-32.4741456218326,-31.54306865835164,-30.498411646156978,-29.3254924752338,-27.91094450934228,-26.098185594862475,-23.740752324815485,-20.735351855459704,-17.04512323338303,-12.71187226248007,-7.855285575844156,-2.6577566228192238,2.657765899609589,7.855297716488912,12.711889660808184,17.045146112696845,20.73537918976766,23.740793784272142,26.09822589064704,27.91095687541428,29.325539794525252,30.49848869673789,31.543100489014563,32.47417445887886,33.19592689717845,33.53396093555316,33.28551369788526,32.272639538237364,30.39448314908144,27.66903878103504,24.255157795878404,20.44463496190207,16.61260282213792,13.11863593799358,10.186297674729046,7.806755515990207,5.705310674205615,3.492904785755304,1.0084175300827791,-1.5163170324744182,-3.4677260616879386,-3.825836010843537,-1.1171272835908723,4.662236071889144,11.07698354678951,19.36127593284858,31.71752298250375
-31.638760167063268,-19.308437461720786,-11.04922447716519,-4.64239291098722,1.135272823948708,3.831587404712311,3.4628722662674587,1.5052551219708978,-1.022812690899244,-3.5090548980979404,-5.722380450539127,-7.824347168996703,-10.20418325684407,-13.136562703428629,-16.630264799865202,-20.461789690624023,-24.271731540386966,-27.68511141554136,-30.410176645173102,-32.28803441138894,-33.30063076425755,-33.54876707872875,-33.210392243399866,-32.488290894499045,-31.556830978562743,-30.51177976538856,-29.338431764150467,-27.923372602434817,-26.109952134982027,-23.75163164184828,-20.745043484247702,-17.05327133355701,-12.718085872695298,-7.859197127348541,-2.6590942142860325,2.659103262756048,7.859209070200417,12.71810311888826,17.0532941031838,20.7450708709674,23.75167307259591,26.10999206336038,27.92338581958505,29.33847941107882,30.51185599189196,31.556863258552355,32.48831996569581,33.21043683886619,33.54880137457643,33.30065529008732,32.28804995642065,30.41018129000291,27.68510617024104,24.271719272735,20.461771724031514,16.630244829006397,13.13654279671149,10.20416348376181,7.824327333246462,5.722361168924904,3.5090362569208757,1.0227972424791147,-1.5052772809382826,-3.462888628747176,-3.831612603172101,-1.1353010840573816,4.6423720872993295,11.049194875203275,19.308353652271983,31.63866291758212
-31.559855009040447,-19.25545132143061,-11.021421797484056,-4.622496173271036,1.1534716812123726,3.837324625172077,3.4579976236693786,1.4941875717013062,-1.0372129194566246,-3.5252020149951924,-5.7394418878946505,-7.841925582714209,-10.22205049144264,-13.154464233505893,-16.64789280744494,-20.478901721479293,-24.28825598874172,-27.701130156351933,-30.42581663395373,-32.30338096945649,-33.31570615340569,-33.5635398502133,-33.22483354520949,-32.502366583075165,-31.5705232469252,-30.52507763171855,-29.35130073858205,-27.935730408969736,-26.12164926027323,-23.762443975487237,-20.75467295083579,-17.061365201620692,-12.724256946373272,-7.863081347329114,-2.660422385576686,2.66043118910033,7.863093072840858,12.724274011810524,17.061387834139563,20.7547003944406,23.76248532877064,26.12168880025746,27.935744560616595,29.35134858354885,30.525152954573656,31.570556128554067,32.50239592806411,33.224878156056086,33.56357427859383,33.31573079336757,32.30339669022549,30.42582144844198,27.701124995585783,24.288243733005228,20.478883606396646,16.64787281955684,13.154444406850676,10.22203071546756,7.841905649536154,5.739422530390486,3.5251831881899016,1.0371979181258872,-1.494209873044698,-3.458014050898809,-3.837349687359384,-1.1534998169064314,4.622475602973058,11.021392303770408,19.255366962303302,31.559757275159637
-31.48089839234855,-19.20240117483872,-10.993603083982569,-4.602568579782068,1.1716950391893348,3.8430210958596303,3.4530826557908303,1.483089768715434,-1.0516340670273727,-3.54136169403028,-5.756509201823367,-7.859504020078295,-10.23991167413857,-13.172352833105242,-16.665500438723544,-20.49598585702961,-24.304745601764896,-27.71710662103689,-30.44140620751936,-32.31866750811729,-33.33071173607826,-33.57823886432367,-33.23919905349441,-32.51636772827092,-31.584143577858804,-30.538306038196897,-29.36410423492254,-27.94802800912584,-26.13329221462909,-23.77321001854107,-20.76426532205346,-17.06943141820062,-12.730409021442664,-7.866954370293746,-2.661747018378534,2.66175558417742,7.866965889566653,12.73042592925138,17.06945395177723,20.76429281624828,23.773251357913058,26.13333152188072,27.948042564499907,29.36415257246047,30.53838105912645,31.584176392903228,32.51639740091418,33.23924379482471,33.57827336436,33.33073649725424,32.31868336922283,30.441411115785684,27.71710149647287,24.304733334589496,20.495967586672016,16.665480424065592,13.1723330585625,10.239891858731315,7.859483988728188,5.756489749207909,3.5413427133762347,1.051619411565324,-1.4831121620973196,-3.4530990813185536,-3.84304604659422,-1.1717230175909996,4.602548290744539,10.993573732437223,19.202316296029487,31.48080020585487
-31.401895661636065,-19.149283996597205,-10.965770020551831,-4.582607291664054,1.1899427707713903,3.848676987639112,3.4481296371204118,1.471963261359346,-1.0660773359701277,-3.55753849610407,-5.773589220016296,-7.8770909561051825,-10.25777632493006,-13.190238180779945,-16.683095755412737,-20.513046276670032,-24.32119850774904,-27.733034294549597,-30.456937548453578,-32.33389056326416,-33.34565256217501,-33.5928715576801,-33.25349777364413,-32.53030105870266,-31.59769546446825,-30.551466105578523,-29.37683892328792,-27.960255989897437,-26.14486582111716,-23.783908264324506,-20.77379373774406,-17.07744121432819,-12.736516531251793,-7.870798914392363,-2.663061740664296,2.663070046760856,7.87081019801631,12.736533257975564,17.07746361657448,20.7738212622963,23.78394948676773,26.14490479433244,27.96027141077035,29.376887413990936,30.551540333702583,31.597728823107023,32.53033101208872,33.25354250813023,33.59290622218156,33.34567753089732,32.33390662365337,30.456942566263717,27.73302926223733,24.32118631051082,20.51302788248728,16.683075759441305,13.190218506381466,10.257756521751451,7.877070817656228,5.773569674958524,3.5575192894977694,1.0660632626444089,-1.4719857620862793,-3.448146110686814,-3.848701886567405,-1.1899706633744995,4.582587218068426,10.965740756095698,19.149198535581117,31.40179695071482
-31.32283661318525,-19.09610073843637,-10.937919100594296,-4.56261627361418,1.2082134172540595,3.8542904311235113,3.443134468124117,1.4608057882896992,-1.0805402531213262,-3.573724682741781,-5.790670594934399,-7.894672423467757,-10.275628756626904,-13.208104231504924,-16.700664990129997,-20.53007473946681,-24.33761512825287,-27.74892046430126,-30.472420830278253,-32.34905444240792,-33.360520652326066,-33.60742552549937,-33.2677167798381,-32.54415762703304,-31.611175760104008,-30.564559312964505,-29.38951328440577,-27.9724318666912,-26.15639605578687,-23.7945741520973,-20.783300228233298,-17.08543924399776,-12.742619217678476,-7.874642639863529,-2.664376595599013,2.6643846520709813,7.874653706597944,12.742635788976084,17.08546154967989,20.78332777013768,23.794615344709182,26.15643490355348,27.972447461120144,29.389562306783624,30.564633522463502,31.61120878362826,32.54418793170132,33.26776166127694,33.60746026603129,33.360545789819895,32.34907063185335,30.472425874404635,27.748915463026304,24.337602945901843,20.530056205043405,16.70064497885588,13.208084603354292,10.2756089023813,7.894652162308634,5.7906509145241,3.573705310519052,1.0805266177830195,-1.4608284412973176,-3.443150924937008,-3.8543152024532943,-1.2082411333325995,4.562596494694364,10.937890008836847,19.096014778040672,31.322737472334765
-31.243735903272444,-19.04285261492655,-10.910054433647533,-4.542589730207992,1.226509428170492,3.859863968727278,3.438101415939218,1.449618947463317,-1.09502672986437,-3.589929890406684,-5.807766832926195,-7.912264685160484,-10.2934870167671,-13.22596933167281,-16.718223963102744,-20.547081111580493,-24.353996054303614,-27.76475825907231,-30.487845779800736,-32.364155026569506,-33.37532480187257,-33.62191476057255,-33.28186978593474,-32.55794652336218,-31.624586909957028,-30.577582500992666,-29.40211643645824,-27.98453513451008,-26.167853332965414,-23.80516802116582,-20.792738728989917,-17.093376672438968,-12.74867354062554,-7.878454826250405,-2.665680471912906,2.6656882651479394,7.878465658808687,12.748689921258642,17.09339883807445,20.792766271579456,23.80520913257691,26.167891980358892,27.98455121937142,29.40216575870532,30.577656341432668,31.62462002166257,32.5579771394672,33.28191478974951,33.621949644218894,33.37535011818231,32.36417137600143,30.48785092616984,27.76475336966241,24.35398393898876,20.547062458664232,16.71820398713355,13.22594980025483,10.293467164901974,7.912244301432828,5.807747020551197,3.589910288602968,1.0950137646314209,-1.449641716915172,-3.4381178907349863,-3.859888702103262,-1.226537048816435,4.5425701677960815,10.910025434461184,19.042766066281903,31.243636243431816
-31.16460269202064,-18.989544234771323,-10.882178340898644,-4.522525992776819,1.244831219441715,3.865397684918513,3.433030569890044,1.4384017957999735,-1.1095390848359543,-3.6061578730385513,-5.824882620849407,-7.92987311233718,-10.31135691152541,-13.243839354539205,-16.7357779318606,-20.56406922394635,-24.37034277771827,-27.78054721815732,-30.50321056935378,-32.37919170051762,-33.390067714187325,-33.636343269372084,-33.2959602730112,-32.57167032141071,-31.637929700163827,-30.590535501290866,-29.414646400822377,-27.996561391413465,-26.179231347313465,-23.81568093912893,-20.80209913748837,-17.10124272695354,-12.754669864929172,-7.882228509309697,-2.6669709006152984,2.666978391386876,7.882239064053286,12.754685986392875,17.10126466369905,20.80212666183329,23.815721804507767,26.179269578517147,27.996578709654408,29.414695516853243,30.5906081061664,31.63796382278017,32.57170113909934,33.29600521948457,33.636378418867764,33.39009321504379,32.37920822964164,30.50321592292901,27.78054252837828,24.370330755872157,20.56405046260342,16.735758061917032,13.243820003348354,10.311337151609193,7.929852615358862,5.824862699447582,3.606137919131243,1.10952709627215,-1.438424777045459,-3.433047073556493,-3.865422208460216,-1.2448587871223973,4.522506605548291,10.882149376592665,18.989457027439155,31.16450245826381
-31.08541692630967,-18.936174954919608,-10.854284999828618,-4.502432543121031,1.2631758832977371,3.870889203426128,3.427917668198312,1.4271544215942076,-1.124069194531641,-3.6223918317707695,-5.841995267408192,-7.947470700525715,-10.329208566234882,-13.261683807138256,-16.753300160905617,-20.58102145608654,-24.3866517096914,-27.79629502742466,-30.51852785274892,-32.394168387567554,-33.40473488862959,-33.650689884301904,-33.309966891141784,-32.58531324786405,-31.65119812267947,-30.603420319096628,-29.42711649711014,-28.00853819949678,-26.19057096636294,-23.82616961290297,-20.81144878500739,-17.109108843051445,-12.760671916480794,-7.88600818164316,-2.668263965057581,2.6682711850025345,7.886018495542869,12.76068784568602,17.10913064135814,20.81147630307428,23.8262103767338,26.190609048201598,28.00855595744063,29.427165898198545,30.60349260595533,31.651232290841847,32.585344411313045,33.31001194169102,33.65072518783384,33.404760566388525,32.39418505638168,30.51853330669795,27.79629044161424,24.3866397176716,20.58100255080679,16.753280325191387,13.261664520397678,10.329188774768513,7.947450056401031,5.841975183316107,3.6223716469297806,1.1240578718134226,-1.427177588716009,-3.427934227385616,-3.8709136431717255,-1.263203296905282,4.502413415797863,10.854256202805834,18.93608722102815,31.085316239818894
-31.00619225479409,-18.882741754137687,-10.82637803941742,-4.482302875194921,1.2815448412926782,3.876339615675383,3.4227658219897235,1.415876732684155,-1.138623399297923,-3.638645043771394,-5.859122742921719,-7.9650788598439215,-10.347065661888555,-13.279526799313972,-16.770811545964833,-20.59795093962524,-24.402924317892733,-27.811993857750235,-30.533786600423625,-32.409081264872206,-33.41933675427932,-33.664970071902886,-33.323906372560046,-32.59888792668617,-31.66439785828268,-30.616235847533904,-29.439516766947172,-28.020444549483937,-26.20183991891303,-23.836588980244247,-20.820732943502872,-17.116916930789884,-12.76662785790903,-7.889758204453079,-2.669546686570568,2.669553630809345,7.889768269425717,12.766643588648162,17.116938591083688,20.82076045784116,23.836629629206303,26.201877855399054,28.02046277519648,29.43956639550585,30.61630782888353,31.6644321174992,32.59891941694016,33.32395153820334,33.66500553636219,33.41936260085864,32.40909807864681,30.533792187249706,27.81198938731093,24.402912344326683,20.59793186863573,16.770791767215833,13.279507612383908,10.347045873312863,7.9650580453623,5.859102482299898,3.6386245158864594,1.1386129702724437,-1.4159002309588895,-3.4227824050351447,-3.876363880179504,-1.281572120287017,4.482283986347041,10.826349372094716,18.88265344700778,31.006091081773
-30.92692894753028,-18.82924798307644,-10.798456982900062,-4.462138022804403,1.2999379188544562,3.881748125155524,3.417572982519344,1.4045668095869603,-1.1532020593854633,-3.6549163340067694,-5.876262613669833,-7.982694258843997,-10.364924214064292,-13.297364174874575,-16.788308727549516,-20.61485631318693,-24.419162272844737,-27.827647787132488,-30.548991805909797,-32.4239333538198,-33.433872242316056,-33.67918202399715,-33.33777592200992,-32.61239202625319,-31.677528563918308,-30.628983145947096,-29.451850499823315,-28.03228640706723,-26.213046521952432,-23.84695067454208,-20.82996599395386,-17.124681966060354,-12.772550964601864,-7.893487557202402,-2.670822337434662,2.670829063782979,7.893497439747897,12.7725665739546,17.124703568487906,20.829993576067697,23.846991370806617,26.21308454907601,28.0323047821992,29.45190054749219,30.629055355890564,31.67756251860777,32.612423917415185,33.33782131129182,33.67921755687777,33.43389818482984,32.42395024457122,30.548997446601916,27.827643346540658,24.41915020319941,20.614836910399923,16.788288900495246,13.297345015357184,10.364904340288303,7.982673120383481,5.876242066791115,3.654895258533532,1.1531928083647924,-1.4045910688860632,-3.4175897042193712,-3.8817723520504814,-1.2999649052287092,4.462119512208814,10.79842863257733,18.82915928801665,30.926827482090907
-30.84763772238382,-18.775694499101203,-10.770525334658872,-4.441934124683388,1.3183554899235663,3.8871152183218936,3.4123411689171,1.3932250217978424,-1.1678087361763674,-3.6712127100023646,-5.893424513187297,-8.000328347624627,-10.382796938927283,-13.315208909413531,-16.80580306181067,-20.63174505020033,-24.43536698625297,-27.8432535517734,-30.5641377962731,-32.43872303580019,-33.44834907160004,-33.69333473403028,-33.35158497684255,-32.62583489295509,-31.690593486158196,-30.64166206787184,-29.464112404226675,-28.044052613555223,-26.22417549082028,-23.857231120398986,-20.839119389872703,-17.132374094739735,-12.778414513685195,-7.897177653051633,-2.672084203869869,2.6720906210009003,7.897187252320744,12.778429870600158,17.132395487447134,20.839146912764832,23.857271647078377,26.2242133200748,28.044071603036905,29.464162473356037,30.641733777466914,31.690627778677992,32.62586702656483,33.35163047806558,33.693370461441646,33.44837516863909,32.43874009496475,30.564143622322486,27.8432492682315,24.435354959098703,20.631725471326,16.80578336906894,13.315189943599554,10.382777160512548,8.000307005617898,5.893403747579693,3.671191057789168,1.1678008903040178,-1.393249749416274,-3.412357933691048,-3.887139151802406,-1.3183823652438718,4.441915833619673,10.770497087424111,18.77560519152227,30.847535751624385
-30.76830738611308,-18.72208600166584,-10.74257929297864,-4.421697325481376,1.3367959278233084,3.892439920988783,3.4070680566680047,1.381852260287418,-1.182435901235424,-3.68751982119502,-5.91058933685906,-8.017958579220089,-10.400658947952016,-13.333035551849328,-16.823272028254124,-20.648601761119625,-24.451533883833093,-27.858814826426062,-30.57923120266389,-32.45344955226755,-33.46275176248872,-33.707408607528805,-33.365312460381055,-32.639199664335884,-31.70358322890541,-30.654270057347716,-29.47630906855784,-28.0557608850987,-26.23525577231385,-23.86747218858512,-20.848245029076523,-17.140048549574544,-12.78426797030775,-7.90086260234348,-2.673344674306504,2.673350790768618,7.900871927815375,12.784283102072498,17.140069789290393,20.84827252406538,23.86751260060925,26.235293493321567,28.05578012587964,29.4763593824486,30.65434168143005,31.703617470650386,32.63923208935753,33.3653581121145,33.70744445649929,33.462778027639864,32.453466795803045,30.57923718761714,27.85881064091699,24.451521824496343,20.64858197433241,16.823252462092757,13.33301672814551,10.400639212545002,8.017937044883588,5.9105683335610255,3.687497654380543,1.1824292882310832,-1.3818774873549986,-3.407084804638645,-3.8924635243299,-1.3368226539031791,4.421679279069717,10.742551182450937,18.72199610563974,30.768204936597293
-30.688940634607125,-18.6684176637677,-10.714619525467016,-4.4014246936354935,1.355258751874713,3.897721472129519,3.40175361808723,1.3704475829870404,-1.1970871910704075,-3.7038440724863055,-5.927765407655927,-8.035594639649087,-10.418520847602776,-13.350854882455431,-16.840725007823014,-20.665432467874385,-24.46766427979261,-27.874329430043105,-30.59426985848213,-32.46811404006004,-33.47708638161477,-33.72141061351901,-33.37896799866035,-32.65249324607721,-31.716503333947664,-30.66680947817049,-29.48843923768832,-28.06740568982675,-26.246275799486785,-23.87765801160283,-20.85732107696481,-17.1476820670321,-12.790090509358972,-7.904528750547319,-2.674598683624911,2.6746044838973573,7.904537790232983,12.79010539998622,17.147703135752742,20.857348471942025,23.87769832164531,26.246313506958955,28.067424779932463,29.48848997548738,30.666881439386035,31.71653704458028,32.65252597706418,33.37901393752866,33.721446607139704,33.47711288843336,32.468131474939334,30.594275950562256,27.87432537422084,24.46765229503192,20.665412559955666,16.84070562153164,13.350836229321606,10.418501187300675,8.03557293885744,5.927744152304728,3.703821421850503,1.1970818938983567,-1.3704731039788205,-3.401770326572348,-3.89774490649348,-1.355285421585153,4.401406809996312,10.714591472340793,18.668327096911963,30.688837615155293
-30.609540774389814,-18.614692231476667,-10.68664700727533,-4.381115661520578,1.3737445005648137,3.902960638630213,3.3963984390184057,1.3590115904965832,-1.2117621046703158,-3.72018494750363,-5.944952191024512,-8.053235978855549,-10.436382041184435,-13.368666255304024,-16.858161385701848,-20.6822368270692,-24.483757917944004,-27.889797135291797,-30.60925274300292,-32.48271563208672,-33.49135303335974,-33.73534210328292,-33.39255196044668,-32.66571476462362,-31.729352737909466,-30.679279917872183,-29.500502345501044,-28.07898585845497,-26.25723436594201,-23.88778771974671,-20.86634779198737,-17.155274609017628,-12.795882082944123,-7.908175445849469,-2.675846059810359,2.67585153676606,7.908184185973917,12.795896723970122,17.155295486602668,20.86637508116556,23.8878279298054,26.25727201734515,28.07900488119504,29.500553450530745,30.679352106299078,31.729386088262448,32.66574777685753,33.39259818284255,33.73537825833231,33.49137978222208,32.48273326644962,30.609258971301823,27.889793226374096,24.48374598210743,20.682216770504727,16.858142159588386,13.3686477451556,10.436362438858511,8.053214113635832,5.9449306868423575,3.7201618198890953,1.2117580189756,-1.3590373666937818,-3.3964152147235325,-3.9029838733244073,-1.3737710740775115,4.38109796482752,10.68661906239156,18.61460103828527,30.609437237801554
-30.53011583140591,-18.56091361712005,-10.658663795853307,-4.3607686149709455,1.3922534388645798,3.908156921529872,3.391001452046956,1.3475418978188964,-1.226464577355202,-3.7365477879793607,-5.962155891743665,-8.070889399297952,-10.454249717634866,-13.386476917256209,-16.87558784641899,-20.699020309895182,-24.49981833825412,-27.905219870482483,-30.624180550106967,-32.497255869871466,-33.50555568025016,-33.74920817900608,-33.40606878477194,-32.67886726635045,-31.742133250029525,-30.69168182441389,-29.51249720151003,-28.090498138378983,-26.268125995658256,-23.89785373593073,-20.875316484049097,-17.162816786266735,-12.801634296444348,-7.911796555434862,-2.677084616681028,2.677089753382786,7.911804977738819,12.801648663663936,17.162837454045277,20.875343657232328,23.897893799377712,26.26816351365102,28.09051723936649,29.51254858741851,30.69175406372401,31.742166447285538,32.67890052132978,33.406115257579174,33.7492445206596,33.50558270452874,32.49727376831045,30.62418694709974,27.905216111861403,24.499806476163027,20.69900014444052,16.875568835305092,13.386458591120462,10.454230226586208,8.07086740371814,5.96213414846979,3.7365241449227646,1.2264617527741326,-1.3475677984773466,-3.391018277443721,-3.908179939084078,-1.3922799951562357,4.360751031909709,10.658635880732207,18.560821714128167,30.5300116921992
-30.450654134425328,-18.50707998323403,-10.630666288002,-4.340387086896403,1.4107839733145158,3.9133096823878417,3.38556206534641,1.3360400741796454,-1.241188978218617,-3.752922849031216,-5.979363988098303,-8.088540358516932,-10.472107941001664,-13.404270543415894,-16.892989661689338,-20.715771990411326,-24.51584067022122,-27.92059734407288,-30.63905537921192,-32.51173291227778,-33.519683993596345,-33.76299512655652,-33.41950468573915,-32.69194163762874,-31.754839191934803,-30.704013401903836,-29.5244272403289,-28.10195258835153,-26.278968196649853,-23.907879911682624,-20.884256025942577,-17.170339624768236,-12.807374875685138,-7.915411690450548,-2.6783213898107032,2.6783261955733058,7.915419809016678,12.80738898170623,17.170360099750873,20.884283076874137,23.90791990560812,26.27900568015696,28.101971437230503,29.52447911027511,30.70408605620322,31.754871840269463,32.691975169697095,33.41955153489171,33.76303160927965,33.5197112292714,32.511751023005,30.639061949587067,27.920593711607783,24.51582880719893,20.715751671534274,16.892970824506023,13.404252327132816,10.472088492122856,8.08851821799362,5.979341975890176,3.7528987672846665,1.2411872117268057,-1.336066131270713,-3.385578989036603,-3.913332419665712,-1.410810411912016,4.340369693257314,10.63063849710174,18.506987454723365,30.45054948593493
-30.37117090669314,-18.453191119614036,-10.602659143314574,-4.319965544818592,1.4293369107265177,3.918419211177553,3.3800817583157663,1.32450514138499,-1.2559413115541749,-3.7693218774529,-5.996591993075845,-8.106207169975344,-10.489976892168093,-13.422067766105654,-16.910385050899066,-20.7325042251318,-24.53182832526525,-27.935926240320228,-30.653871691546176,-32.52614724956479,-33.533750146155164,-33.776719589428104,-33.432877463480025,-32.70495050360197,-31.767478773089625,-30.7162767640432,-29.53628753690534,-28.113335561063145,-26.289736676673584,-23.91783239849604,-20.893124446676275,-17.177798239289487,-12.81306366765468,-7.918993141095243,-2.67954634228428,2.679550830242224,7.919000965723195,12.81307753008813,17.177818550205078,20.8931514054631,23.91787238751165,26.289774199359503,28.11335394074137,29.536339975707016,30.716350185415077,31.767510693564105,32.70498434940475,33.43292476214429,33.7767561762089,33.53377761286183,32.52616564117055,30.65387846945587,27.93592269664905,24.53181637503535,20.73248364993253,16.910366348784372,13.422049655213216,10.489957485482654,8.106184802653548,5.996569662545011,3.7692971186436393,1.2559408799353005,-1.3245315750830684,-3.3800989655354985,-3.918441722053468,-1.429363175751436,4.319948376009,10.602631565434736,18.4530980501948,30.37106583247556
-30.29167348008809,-18.399250052687822,-10.574644446068984,-4.299502185701503,1.447912610812056,3.923485138188005,3.3745596518598413,1.3129349839126276,-1.2707254718386456,-3.785750228370305,-6.0138462841375535,-8.123896898913571,-10.507864098205578,-13.43987620944235,-16.927781090697284,-20.74922291219712,-24.54778523001342,-27.951209005370814,-30.66863076916413,-32.54050121486772,-33.547759000452906,-33.79038742919378,-33.44619221754626,-32.71789741880143,-31.780053952839832,-30.7284724534884,-29.54807680102636,-28.12464355997897,-26.300425775565373,-23.92770332324646,-20.90191270234747,-17.18518277218842,-12.818691809239386,-7.922534366157994,-2.680757163512317,2.680761325137254,7.922541893488029,12.818705414444624,17.18520288142772,20.901939509369026,23.927743316917383,26.300463381810243,28.124661448681955,29.54812978230383,30.728546689316133,31.780085106279223,32.71793156256401,33.44624011314878,33.790424183425344,33.54778667426143,32.540519844508914,30.668637817468625,27.95120568101873,24.54777327072069,20.749202069553878,16.927762558348597,13.439858276019072,10.507844813567491,8.123874290062155,6.013823626421229,3.7857246260749537,1.2707267441516288,-1.3129617427944371,-3.3745771976231143,-3.9235075248994926,-1.4479388122469632,4.299485143596418,10.574616973173452,18.399156329854605,30.291567869027222
-30.212153258374187,-18.345264324001597,-10.546619078119337,-4.279003535191732,1.4665089117617225,3.928506768285724,3.36899470539488,1.3013321087640153,-1.285532822196713,-3.8021924644291794,-6.031106921351683,-8.141586215077893,-10.52574393956013,-13.457669611639762,-16.945154177699337,-20.76591098987033,-24.563704371115804,-27.96644601702267,-30.68333532756813,-32.55479054443771,-33.56169327126958,-33.80397706195355,-33.459426132653576,-32.730765282122924,-31.79255315372867,-30.740596727051603,-29.559799634464344,-28.135891134644115,-26.311062250067145,-23.93753082936573,-20.9106686848368,-17.192544585460002,-12.82430543717182,-7.926067289507471,-2.6819654219365625,2.6819692261307364,7.92607448401195,12.824318759801072,17.192564458324586,20.910695290517555,23.93757077250675,26.311099862228826,28.13590857410356,29.55985312663601,30.740671631295164,31.792583595686363,32.730799629154674,33.45947455361188,33.80401401993024,33.56172121377839,32.55480940196471,30.683342530261445,27.96644288015984,24.56369250963035,20.76589001432108,16.945135884398,13.45765187063292,10.525724805264844,8.141563449381193,6.031083936900936,3.802166175691853,1.285535600531878,-1.3013588765112358,-3.3690124692636174,-3.92852895630034,-1.4665350950697325,4.278986584275148,10.546591639946284,18.345169872853997,30.2120470428974
-30.13261092312015,-18.29122832088893,-10.518583144068575,-4.258466595563812,1.4851257312528086,3.9334830117940673,3.363385484466545,1.2896933875551202,-1.300368441215617,-3.818656037180956,-6.048382770980991,-8.15928514771035,-10.543627187383272,-13.475458897097251,-16.962514190655657,-20.782575791571407,-24.5795895766862,-27.981638497616327,-30.69798677762869,-32.56901902827259,-33.575560228229755,-33.8174967734493,-33.47258854589038,-32.74356206844209,-31.80498282562338,-30.752652864501947,-29.57145658453727,-28.14707572983817,-26.3216389365816,-23.947303415532307,-20.91937648348123,-17.199866349893508,-12.829888773095522,-7.929581488905586,-2.6831672442156966,2.6831707143659558,7.929588378548367,12.829901842279092,17.199886044103106,20.91940293047334,23.947343423097696,26.321676648931664,28.14709236316828,29.57151079968813,30.752728923590308,31.805012233562152,32.743596640810125,33.47263759958003,33.817533857792434,33.57558844125237,32.56903814789887,30.697994124309776,27.981635467209053,24.57957769543358,20.782554559672143,16.962496059551103,13.47544127527432,10.543608134796662,8.159262143715873,6.048359398220551,3.8186289285281223,1.300372742286075,-1.2897203618562176,-3.363403649340764,-3.9335050584406095,-1.4851517682420388,4.258449838978572,10.518555917649904,18.291133313917246,30.13250427398569
-30.05305755551762,-18.237147266534265,-10.49054021585964,-4.237889801090884,1.5037633070861405,3.938414595220897,3.357733523787527,1.2780199983892622,-1.3152330119734448,-3.83514330809293,-6.065677508178301,-8.176998227801782,-10.561518972426336,-13.493249340414083,-16.979865686368353,-20.799220176360222,-24.595440792712058,-27.99678409069769,-30.712581173559972,-32.58318467066538,-33.58936238448931,-33.83095128455541,-33.48568367027832,-32.75628978150203,-31.817343229268676,-30.764639820404323,-29.583044246678288,-28.1581907494778,-26.33214616495811,-23.95700859378073,-20.9280221542969,-17.207133302162198,-12.83542882051004,-7.933067590093557,-2.684359322076591,2.684362441257776,7.933074157284975,12.835441609124624,17.20715277626548,20.92804842035612,23.957048640704784,26.332183913722425,28.15820667773193,29.58309910025396,30.76471689240669,31.817371749080056,32.75632451499295,33.485733356044335,33.83098852238284,33.5893908294344,32.5832040213302,30.71258871210457,27.996781216743187,24.59542888669381,20.79919867298477,16.979847737659206,13.493231863431577,10.561500041123487,8.176975019251662,6.0656537482697495,3.835115348694512,1.315238799707327,-1.2780470568505975,-3.3577521314599075,-3.938436317812364,-1.5037891877209166,4.237873229577673,10.49051316772765,18.237051660082827,30.05295045572072
-29.973487375286545,-18.183022185979937,-10.4624884666216,-4.217275567401733,1.522420478341375,3.943300988390245,3.3520385355639206,1.266313197660369,-1.330122769116606,-3.851647789998084,-6.08298278442431,-8.194715726919116,-10.579408600571677,-13.51102993122349,-16.99719866190553,-20.815836680178883,-24.611254684828005,-28.011882437035357,-30.72711951383596,-32.59728562461438,-33.6030921827131,-33.84433150364498,-33.49870189433344,-32.76894106104326,-31.8296292847105,-30.776555544997688,-29.594563977014094,-28.1692416502852,-26.342594325684875,-23.966661420078356,-20.93662465804449,-17.214365644930638,-12.840943639102331,-7.936538184232736,-2.685546163278224,2.6855489305396856,7.936544425666693,12.840956151015112,17.214384914203432,20.936650750750267,23.966701489538423,26.34263206554851,28.169256993766545,29.594619455250456,30.776633517755,31.829657050937534,32.768975905679525,33.49875219327974,33.84436892130187,33.60312089409827,32.597305242263324,30.72712721865985,28.01187970652646,24.61124281232583,20.815814981474617,16.9971809318003,13.51101262175548,10.579389825756726,8.194692391519295,6.082958666309739,3.85161907011894,1.330129874180974,-1.266340013727555,-3.352057494082246,-3.943322490272044,-1.522446326525521,4.217259072928495,10.462461462666726,18.18292584232767,29.97337967874213
-29.89390670578783,-18.12885426630425,-10.434429745031016,-4.196621917146615,1.5410976749606196,3.948141774458855,3.346299455696724,1.254570770869842,-1.3450420627881172,-3.8681751072027546,-6.100305428693084,-8.212445255931375,-10.597304252494231,-13.528808957885342,-17.01452074044409,-20.8324314346523,-24.6270351341972,-28.02693556950797,-30.74160315722839,-32.61132494699774,-33.616755751851485,-33.85764504560001,-33.51165077172974,-32.781521580333695,-31.841844669274263,-30.788402480971072,-29.606015846954303,-28.18022535795548,-26.3529775773047,-23.976253115013503,-20.94517304191241,-17.22155137621462,-12.8464223278608,-7.939985524417321,-2.6867249566416853,2.686727389345993,7.939991463679929,12.846434574139014,17.22157044199351,20.945199029008503,23.97629318209605,26.35301516986013,28.18024083776173,29.60607161706473,30.788480562209777,31.841872572805865,32.78155645601318,33.51170147372991,33.857682692971125,33.616784667161554,32.61134476025356,30.741611014875428,28.026932960105366,24.627023222149887,20.832409494831417,17.014503137437824,13.52879171733136,10.597285556333622,8.212421846937863,6.1002809691626485,3.868145838020606,1.3450497969201352,-1.25459702378471,-3.3463189284823147,-3.948162948985096,-1.5411233698499445,4.196605584883097,10.434402889072643,18.128757275252568,29.89379850803534
-29.814309762102997,-18.074641641960117,-10.406361804229578,-4.175930915935117,1.5597931525828923,3.9529358158226455,3.340515932866852,1.2427939791259055,-1.359988013786834,-3.884720552321694,-6.1176395201410845,-8.230180015352074,-10.615198529715494,-13.546578805124971,-17.03182469732065,-20.848997843998,-24.642777663977924,-28.04193989100676,-30.756031449033188,-32.62529989542621,-33.63034399519029,-33.870882815559504,-33.524521687585654,-32.79402550208549,-31.85398630544696,-30.80018010872137,-29.61740199276975,-28.191146674705024,-26.36330335155582,-23.985793437686777,-20.953678891579024,-17.22870264291918,-12.851875745347575,-7.943418448702396,-2.68789876143686,2.687900893932439,7.943424121599524,12.85188777537592,17.228721558415394,20.95370487245125,23.98583348164967,26.363340727133483,28.19116292915121,29.617457780411875,30.80025767034022,31.85401501453361,32.79406034059549,33.524572563458655,33.870920690226626,33.63037304944223,32.62531981352339,30.75603936617486,28.04193733431828,24.642765716605453,20.84897569585013,17.031807153154578,13.54656158420367,10.615179890517622,8.230156649339635,6.117614754267665,3.884690974717514,1.3599955502135703,-1.2428188793648776,-3.340536011424512,-3.952956700046921,-1.5598186792277469,4.175914741485049,10.406335061626534,18.074543962041407,29.814201035634124
-29.734682014183505,-18.0203809556292,-10.378279934367376,-4.155206444595754,1.5785065038997497,3.957682344209891,3.33468729764748,1.2309850957491866,-1.3749547020476571,-3.901273790665772,-6.134971906777532,-8.247904694276526,-10.633074571666002,-13.5643220620901,-17.04909461279923,-20.865523868410637,-24.658476701153244,-28.05689430455237,-30.77040693485222,-32.63920952357178,-33.64384701995172,-33.88403241312525,-33.53730216521793,-32.80644436659653,-31.86604824504059,-30.81188702988328,-29.62872589891921,-28.202014688410955,-26.37358887709429,-23.995304842104225,-20.962170077640696,-17.235849151094428,-12.857330096671374,-7.946855716011251,-2.689074228640568,2.689076141743528,7.94686121775673,12.85734202699655,17.23586806479497,20.962196239773892,23.995344860483176,26.3736259890549,28.20203276323537,29.62878132379416,30.81196304646001,31.866078867741543,32.8064790938155,33.53735282398688,33.88407047036069,33.6438760500206,32.639229357028995,30.770414744926263,28.05689163492024,24.658464579946006,20.865501462036207,17.049076898636862,13.564304658298084,10.6330558201075,8.2478814852387,6.13494687472685,3.9012443978599394,1.3749604749184148,-1.2310077808654356,-3.334708194339438,-3.957702858300762,-1.5785316325958163,4.155190592468492,10.378253455968167,18.020282722301797,29.734572923236243
-29.655043793793944,-17.966072653164517,-10.350191739332178,-4.134440447749593,1.597239278215154,3.962380690794006,3.3288132249433358,1.2191397734708054,-1.3899531806018235,-3.917852932990093,-6.152325627076208,-8.265645919343504,-10.65096146794668,-13.58206848768838,-17.066357457492256,-20.88203035613778,-24.67414169708872,-28.071801803751587,-30.78472615586497,-32.65305773987957,-33.65728758641156,-33.89711320702425,-33.55001724195053,-32.818797045498634,-31.87804181626732,-30.82352581490604,-29.639981078426302,-28.212813303317542,-26.38380779286289,-24.004749886250583,-20.97059663388599,-17.242939962116417,-12.862739800052138,-7.950264805313829,-2.6902398073097005,2.690241542712707,7.950270183867424,12.862751681774,17.24295894513913,20.97062313775179,24.004789761057967,26.383844516391093,28.212834508327308,29.640035523711106,30.823598835118293,31.87807586244377,32.81883171634293,33.55006714081701,33.89715147085377,33.65731652898236,32.65307742386141,30.784733778406174,28.071798907974653,24.674129326010565,20.882007683718136,17.066339374522606,13.582050731638228,10.650942455338152,8.265622959993681,6.152300438687213,3.9178241369057023,1.3899559683796494,-1.2191597364609303,-3.328835040980273,-3.9624009166842926,-1.597263861757232,4.134425065033962,10.350165698377564,17.965974027390693,29.65493449842684
-29.575391670871888,-17.911722782466754,-10.322096923581976,-4.113635111966903,1.6159895547751422,3.967031448962957,3.3228946344198307,1.2072596713272756,-1.404975913456517,-3.934448718126129,-6.16968854061855,-8.283389803656613,-10.668843810415018,-13.599802215791405,-17.08359882716402,-20.898507257099364,-24.68976751819745,-28.08666238973296,-30.79898682638679,-32.66683936653924,-33.6706590087168,-33.91011399879676,-33.562655036724095,-32.831073581025066,-31.889961941949217,-30.835091604135744,-29.651167331560387,-28.22354991651649,-26.39397095844529,-24.01414814599579,-20.978982541426998,-17.250001174631116,-12.868128861253473,-7.95366085766139,-2.691401199179578,2.691402684132989,7.9536660292924255,12.86814060198294,17.250020110311677,20.979009203846164,24.014187914935096,26.394007586018592,28.223572651984384,29.651221470708627,30.83516330661152,31.889997496834063,32.83110849670336,33.56270465190754,33.910152490461414,33.67068796057833,32.66685901520703,30.79899441649368,28.086659413025853,24.68975494307915,20.89848438910505,17.083580541045276,13.5997842158482,10.668824609910322,8.28336696267883,6.169663217959604,3.934420207958186,1.4049770686457113,-1.2072779996726923,-3.3229169067535764,-3.9670514165474926,-1.616013760673579,4.1136200900020885,10.32207119334732,17.91162363383358,29.57528203380396
-29.495741365498883,-17.857329322846667,-10.294000464396648,-4.09278402171311,1.6347572664851735,3.971633962749882,3.3169302372232474,1.195339683343942,-1.4200351237406,-3.9510783570129497,-6.187082104802665,-8.301160757371832,-10.68674828733667,-13.61755062629774,-17.100843772633564,-20.91497309151041,-24.70536376980037,-28.101478417804408,-30.81319040621328,-32.68056122564019,-33.68397637464436,-33.923054950307844,-33.57523609139349,-32.843289927859296,-31.90181887824881,-30.84658972984607,-29.66228233582808,-28.23421239129361,-26.404056280160145,-24.02346719673744,-20.987286805008114,-17.256988464444888,-12.87345747314807,-7.957016945803735,-2.69254860915634,2.69254981146824,7.957021873845251,12.873469050036984,17.257007327603013,20.98731356380852,24.023506828051605,26.404092864677335,28.23423631148544,29.66233628071585,30.846660484123625,31.901855525794783,32.84332514021803,33.57528548634342,33.9230936750049,33.68400539722624,32.68058089683239,30.813197949456995,28.10147534730425,24.705351024716027,20.91495008630721,17.100825318916932,13.61753242825826,10.68672893468336,8.301137999702275,6.187056669460722,3.951050002187825,1.42003504283947,-1.1953566311191597,-3.316952803139405,-3.9716537259532494,-1.6347811340752747,4.092769349089393,10.293975032167513,17.857229637692715,29.49563137296765
-29.41608719814183,-17.80290114238046,-10.265900157265282,-4.071893026495309,1.6535404688359832,3.9761886293998994,3.3109211905002014,1.183384453219577,-1.4351202313660787,-3.9677262101728346,-6.204486843242917,-8.318936555378256,-10.704650644922133,-13.635288799352276,-17.118069446294452,-20.93141031150862,-24.720921250092108,-28.116246272701712,-30.82733525089772,-32.69421668703816,-33.697222872045195,-33.9359192383566,-33.58774027468582,-32.855430528847734,-31.91360217857173,-30.858015663474397,-29.673328373575437,-28.24481093578636,-26.414082565200747,-24.032734853435127,-20.995546601489192,-17.263940776676254,-12.878760855101346,-7.960357097963226,-2.6936907295817503,2.69369162455605,7.960361753759849,12.87877223486481,17.263959542445413,20.995573393300823,24.03277440371752,26.414119271732705,28.24483522113593,29.673382509391992,30.85808641257804,31.91363896143033,32.85546619126721,33.58778974403278,33.93595819918944,33.69725202186275,32.694236434546106,30.82734282174703,28.11624316264144,24.7209083166238,20.93138713722331,17.118050854483048,13.635270416284472,10.704631137594411,8.31891377515231,6.204461273850021,3.9676978222674,1.4351195398427712,-1.1834005993228591,-3.3109439176393582,-3.976208224876995,-1.6535640380947354,4.071878676592037,10.265875012256712,17.802800904734728,29.41597683891517
-29.33643356044092,-17.748435656334415,-10.237797546844616,-4.05095911382594,1.6723390416870991,3.980693670205422,3.304864401462048,1.1713889163550737,-1.450239495357467,-3.9844023703832585,-6.221914533817755,-8.336730111332619,-10.72256467492154,-13.653030745449607,-17.135288851200276,-20.94782930387893,-24.736446878501813,-28.1309699347444,-30.84142503596536,-32.70781092003392,-33.71040598458316,-33.94871577536872,-33.600176685302245,-32.8675026167399,-31.925316722999696,-30.869372958394948,-29.68430609579522,-28.255342082480865,-26.42404300716472,-24.041939841384384,-21.003747369757004,-17.270842171513575,-12.884024458504172,-7.963671633037078,-2.694824004533362,2.6948245875836343,7.963676019397885,12.884035622514402,17.270860808000887,21.003774177738176,24.04197933704347,26.424079867225885,28.255366854272616,29.684360396984797,30.869443636162387,31.92535383493864,32.8675387894026,33.600226298646206,33.94875498855,33.71043527277137,32.70783074105516,30.84143261327704,28.13096673407501,24.736433702185,20.947805905438287,17.135270055772352,13.653012118613214,10.722544950646755,8.3367072361606,6.2218887940090415,3.984373900683383,1.450238201365345,-1.1714044497217868,-3.304887343272712,-3.9807131226719976,-1.6723622376608578,4.050945161462702,10.237772778879709,17.748334952296037,29.3363229270582
-29.25679013452092,-17.69393598242778,-10.209695870178992,-4.029981009404451,1.691152714189471,3.9851493927788417,3.298760684749228,1.159352374720956,-1.4653955455706886,-4.001111110417429,-6.239370930665665,-8.35454807529808,-10.740497742067811,-13.67078404233307,-17.15250882190815,-20.964235007731144,-24.751942968073816,-28.145649370803486,-30.8554592037357,-32.72134515251206,-33.723529691044,-33.96145085381293,-33.61255138828875,-32.879510912411234,-31.93696457152705,-30.88066245493156,-29.695213672113127,-28.26580051442411,-26.433929736589818,-24.051070729219404,-21.011875548837164,-17.277678073809323,-12.889235249364411,-7.966951441515867,-2.695945211107914,2.695945286762852,7.966955333305671,12.889245965077226,17.27769638644039,21.011902297226456,24.051110076990064,26.433966781815343,28.265827207895395,29.69526839977579,30.880732961827817,31.93700416168393,32.87954854669747,33.6126019200505,33.96149131544765,33.72355978726127,32.721365285119724,30.85546662282086,28.145645666245667,24.75192901231963,20.96421094427727,17.1524893981164,13.670764639708937,10.74047724599178,8.35452462082535,6.239344468088087,4.001082229763779,1.465392975127995,-1.15936833295314,-3.298783998894661,-3.985169049428683,-1.6911754943934,4.029967599291291,10.2096714678873,17.69383480865923,29.25667931337735
-29.17715018067386,-17.639407366529486,-10.181592772562382,-4.008962993573595,1.7099799925901065,3.9895555656885744,3.292610610676779,1.1472787279946437,-1.4805795832990742,-4.01783979966276,-6.2568402498591205,-8.372372520751604,-10.758430241669544,-13.688528510438758,-17.169710745159787,-20.98061291119289,-24.76740132112732,-28.160280897835094,-30.86943585932468,-32.73481369791195,-33.73658086279549,-33.97410985293306,-33.62484812187581,-32.89144254014838,-31.94853744984802,-30.89187956606705,-29.706052093708937,-28.27619405134876,-26.443756952402843,-24.06014899410836,-21.019959189672143,-17.28447828206448,-12.894420095944083,-7.970215171749114,-2.697061041367444,2.6970605095399,7.970218459153744,12.894430229433612,17.28449612249406,21.019985776944186,24.060188199449104,26.443794346433737,28.27622276727792,29.70610751029387,30.891950371184045,31.948579813040144,32.89148218544222,33.62490010242876,33.97415193662609,33.73661199287638,32.734834256915946,30.869443154483196,28.16027657950581,24.76738631458664,20.98058794064425,17.169690487013863,13.68850806839004,10.75840869126269,8.372348186354618,6.256812825807413,4.017810316466186,1.4805757879917416,-1.1472959678880357,-3.2926344580022646,-3.9895756384650833,-1.7100022484382789,4.0089502667475445,10.181568877723391,17.639305875407636,29.177039381531777
-29.09751514379012,-17.58485209158187,-10.153488924918,-3.987905350718009,1.7288198503587169,3.993911201330598,3.28641304309378,1.1351671902851,-1.495792320396904,-4.034588768008464,-6.274322482435235,-8.39020321569668,-10.776361764698942,-13.706263618253782,-17.186894066276004,-20.996962519686942,-24.782821717745243,-28.174864398103047,-30.88335479791288,-32.74821550946064,-33.74955728583688,-33.986690169562564,-33.637064447551424,-32.90329549313097,-31.960034314908835,-30.903023701093872,-29.716821560619184,-28.286523718134585,-26.45352627298799,-24.069176896198115,-21.028001149296124,-17.29124587022241,-12.899581794109157,-7.973464910736768,-2.698172227149798,2.698171012481983,7.973467513824419,12.89959125785857,17.291263146600084,21.028027463024717,24.069215886507884,26.45356402050572,28.286554066987613,29.71687772948088,30.90309511337099,31.96007903963826,32.903337194398155,33.63711792119372,33.986733884175734,33.74958950948722,32.748236560050444,30.883362006794822,28.174859485953725,24.78280569917169,20.996936742141724,17.18687305630064,13.7062422175637,10.776339235037463,8.39017804088675,6.274294155586256,4.0345586753829945,1.495787510703136,-1.1351857795387383,-3.2864371274663697,-3.9939314651688114,-1.7288416591432276,3.98789325830044,10.153465421761194,17.584750163841353,29.097404258459303
-29.01787979497671,-17.530268162316503,-10.125383143809188,-3.966808721090163,1.7476718249278456,3.9982163809245694,3.280168646094902,1.1230194306688457,-1.5110306700838916,-4.051353993100155,-6.29181284981498,-8.408034827547018,-10.794286519330669,-13.723983360017517,-17.204053062998266,-21.01327904861128,-24.79820083534557,-28.189397458375637,-30.89721394591543,-32.761547505224605,-33.762454108748614,-33.99918699903464,-33.649194765482484,-32.9150650129928,-31.971451327756995,-30.914091721931115,-29.727520257139417,-28.29678939270574,-26.463239162449355,-24.078157770175302,-21.03600665919712,-17.29798647341646,-12.904725442964372,-7.976704111921679,-2.699279979168946,2.699278069006736,7.976706018647248,12.904734228342877,17.298003178515096,21.03603265454674,24.078196606100107,26.463277386894056,28.29682073618611,29.727577440410755,30.914164478403567,31.97149768592959,32.91510879803968,33.64924998226729,33.999232339511465,33.762487467064815,32.76156904387416,30.89722105882105,28.18939198201179,24.798183783054903,21.013252429197014,17.20403128998871,13.723960963794614,10.794262960032066,8.408008716282565,6.291783582311506,4.051323216852716,1.5110252094736027,-1.12303973853932,-3.280192949936112,-3.9982369120796295,-1.7476931532346616,3.96679730417767,10.125360129645973,17.53016589685274,29.017768918580323
-28.938260822543292,-17.475656237583703,-10.097281772714902,-3.945668051728626,1.766536074342359,4.002469807505089,3.2738747717029484,1.1108294145449893,-1.52630697619421,-4.0681519848215055,-6.309331388776039,-8.425889820555986,-10.812228823793255,-13.741712680673189,-17.22121099791782,-21.02958125565782,-24.813550432543785,-28.20388717875741,-30.911018749554906,-32.774820288249906,-33.77529146070781,-34.011622280606474,-33.66126303326661,-32.926770106894686,-31.98280190334109,-30.925092606037783,-29.738150376566303,-28.30698474710988,-26.47288171232032,-24.08706858116018,-21.04394479328321,-17.304666891188834,-12.909820879045157,-7.979911784383977,-2.7003767195701567,2.7003741540699586,7.979913043546575,12.909829055999328,17.304683100853094,21.04397055496793,24.087107142700106,26.47292013629124,28.307017684612955,29.73820792969769,30.92516542099004,31.98285043247466,32.92681544516296,33.661319280532844,34.01166886748416,33.77532565996766,32.774842200454785,30.91102580846264,28.203881254293943,24.81353256949724,21.02955402837996,17.221188572039257,13.74168945747788,10.812204426442197,8.425863046146729,6.309301448845793,4.068120912182912,1.526300544636624,-1.1108506574182369,-3.27389928764684,-4.002490513616848,-1.7665568555089168,3.9456573556436862,10.097259337740129,17.475553703698452,28.938150008352125
-28.858664470791314,-17.421017970107517,-10.069186964210758,-3.924482746305629,1.7854114455747645,4.0066708630972485,3.267531231310715,1.0985961040773238,-1.5416232922396236,-4.084986150940064,-6.326882308806796,-8.443773044324143,-10.830193959118311,-13.759457015826788,-17.238372766055146,-21.045872414641423,-24.82887145130935,-28.21833264084076,-30.92476847219075,-32.7880338749768,-33.788070313338324,-34.02399673666896,-33.6732711149146,-32.93841243974187,-31.99408721876188,-30.936025994625226,-29.748710555707177,-28.317107329030076,-26.48244945288838,-24.0959028724619,-21.051806891935527,-17.31127832166092,-12.914860170426891,-7.9830829981268066,-2.7014606590263304,2.701457430360522,7.983083604981418,12.9148677345421,17.311294048051227,21.051832463025395,24.09594114829652,26.482488095972816,28.31714234531861,29.748768297555863,30.936098506837677,31.99413847344205,32.93845935050402,33.673328276844515,34.02404458992556,33.78810531324193,32.78805611087204,30.92477543297893,28.218326227793725,24.82885276155859,21.04584454247137,17.238349582086194,13.759432951004596,10.830168719569388,8.443745625068525,6.326851718325693,4.084954783031982,1.5416154906412496,-1.0986180307552076,-3.2675561006410687,-4.006691698848073,-1.7854316474429175,3.92447282138458,10.069165111907331,17.42091515086828,28.858553737165774
-28.779076521827267,-17.366363178067058,-10.04109341466332,-3.90326007034725,1.8042961226812912,4.010819284570237,3.261139091998874,1.0863258710398604,-1.556964342719523,-4.101834123185227,-6.344437735987731,-8.461652651033413,-10.848147078207097,-13.777180335896633,-17.255504875746237,-21.0621264620916,-24.844149322883336,-28.232727167604885,-30.938458073434784,-32.80117549406528,-33.800764374638234,-34.03628171728428,-33.68518668219636,-32.949965778466854,-32.00528845062288,-30.94688120117309,-29.759199752110117,-28.32716781007987,-26.491965273387997,-24.104697378158267,-21.059642129854318,-17.317873083845015,-12.919890834674478,-7.986250265523939,-2.7025435694951283,2.702539585144227,7.986250123745408,12.919897675917792,17.317888229543513,21.059667389129626,24.10473528960684,26.49200415602261,28.32720446218666,29.7592578635556,30.946953939979853,32.005342022622855,32.95001440082867,33.68524496791575,34.03633098223393,33.80080038105197,32.801198158090656,30.938464946537803,28.2327202696099,24.844129820730394,21.06209797176852,17.255480977039625,13.777155420929494,10.848120971789305,8.461624527471283,6.344406465851828,4.101802393932997,1.5569554775433976,-1.086348770540877,-3.261164143047745,-4.010840294269105,-1.8043158078244927,3.9032508918724753,10.041072121849703,17.36626005520997,28.77896585495209
-28.699481964590387,-17.311692287123062,-10.01299695892391,-3.8820042905537058,1.823188977790864,4.014916031364049,3.254701256202542,1.0740261383360945,-1.5723170087717,-4.118678270988364,-6.361976693805378,-8.47950525552383,-10.866062940376317,-13.794856596974268,-17.27258266890564,-21.07832301903158,-24.85937033091677,-28.247061425581258,-30.95207874531542,-32.814231901749174,-33.81335306702526,-34.04845593511943,-33.696986393641254,-32.96141017350858,-32.01639101590663,-30.957648615925446,-29.769614012335783,-28.33716947617178,-26.501439567272644,-24.113471287421188,-21.067477593197054,-17.324480292286392,-12.924939493420018,-7.989431643568325,-2.703631953789253,2.703627172053192,7.989430706838909,12.924945544681115,17.324494728194647,21.06750235954467,24.113508945998475,26.501478804423037,28.337206624207983,29.76967333538349,30.957722508936616,32.01644573148103,32.96146101246041,33.69704642460845,34.048506766973695,33.81339020258127,32.8142551030438,30.95208565040496,28.24705404381324,24.85934984442216,21.078293722417275,17.27255797284756,13.794830708939102,10.866035829175129,8.479476228597893,6.361944617413591,4.11864598876724,1.5723074888415045,-1.0740506176628466,-3.254726543283755,-4.014937184299201,-1.823208072746015,3.881995899655817,10.012976361350912,17.31158903432899,28.699371531633165
-28.619925857340903,-17.256991364267225,-9.984914710230226,-3.860698137063332,1.842091614504458,4.018957950366419,3.24820970894056,1.0616743774082482,-1.58772497228314,-4.135578981913686,-6.379572318356331,-8.497413077384586,-10.884030623395107,-13.812577512818496,-17.289691920816537,-21.09453092512604,-24.874577116849952,-28.26136057963577,-30.96565227505041,-32.82724279831753,-33.82590743043991,-34.06059590387012,-33.708754296648635,-32.972815963744765,-32.02744596268994,-30.96835993778192,-29.77996287022096,-28.34709350491936,-26.51082507860337,-24.12214368769629,-21.075202970844938,-17.33098149433905,-12.929898074232124,-7.992553019710621,-2.704699046430107,2.704693438759265,7.9925512531070915,12.929903318054835,17.330995249782067,21.075227368071943,24.122180990745928,26.51086476221003,28.34713267805844,29.78002238471936,30.968434522612988,32.02750358276981,32.97286878025309,33.708815899871205,34.06064842543244,33.82594567485549,32.8272664875171,30.96565907988656,28.26135255072591,24.87455556315333,21.09450075837552,17.289666229237163,13.812550554371288,10.884002426640915,8.497383144402457,6.379539371314617,4.135546167474818,1.5877139232596853,-1.061700023314854,-3.248235500178128,-4.018979393421348,-1.842110053443277,3.8606906723325674,9.98489483385461,17.25688795969709,28.61981568061296
-28.54039292078985,-17.202275624551763,-9.95684089805486,-3.839351130044313,1.8610017763096016,4.022945824643503,3.2416680530634,1.0492819340430706,-1.603165755514176,-4.152504955200065,-6.397186540768111,-8.515333203741736,-10.902003544526846,-13.830295037665715,-17.306787661957078,-21.110714200973835,-24.8897475808366,-28.2756118194406,-30.979167127160892,-32.84018700327968,-33.83838983775179,-34.07266140248441,-33.72044576571559,-32.984145436283704,-32.0384255091822,-30.97899775647569,-29.79024044454064,-28.35694908798937,-26.520146152562354,-24.13075677332518,-21.082876353012352,-17.337439106519057,-12.934823687864624,-7.995653401629591,-2.705758952348258,2.705752550567489,7.995650839442764,12.934828194897031,17.33745226077476,21.08290039839125,24.130793588288935,26.52018607861952,28.35699011114908,29.7902998048677,30.979072599076428,32.038485813916175,32.984199841060224,33.72050853376615,34.072715414920275,33.83842913281447,32.84021113764139,30.97917376650751,28.275603139685654,24.889725094509107,21.110683328417004,17.30676110553681,13.830267143519626,10.901974400030738,8.5153025224722,6.39715288206824,4.15247177646951,1.6031533178429005,-1.049308294615649,-3.241693993650036,-4.022967409498165,-1.8610195618139307,3.839344570396405,9.956821795741094,17.202172144864484,28.540283055455525
-28.46088255664852,-17.147545765261043,-9.928775928900968,-3.8179636965792367,1.8799184424886608,4.026879053330384,3.2350758316770345,1.0368487456200126,-1.6186387172266,-4.169454993961032,-6.414817813717947,-8.53326382852693,-10.919979664358872,-13.8480070027715,-17.323867785701005,-21.126871009172422,-24.90488034310865,-28.28981378287072,-30.992621967580657,-32.85306252678046,-33.85079711123622,-34.08464886846059,-33.73205710958882,-32.995395086236485,-32.049326974344446,-30.98956009926673,-29.800445124921552,-28.3667355611818,-26.52940276774636,-24.1393117028046,-21.09049958634063,-17.34385525108906,-12.93971828508782,-7.998734231770467,-2.706812214477885,2.706804924923363,7.998730779414817,12.939721914841018,17.343867647163695,21.09052318151283,24.13934805574455,26.52944296965104,28.366778627443043,29.800504866601443,30.98963523985394,32.049390420257744,32.99545174443967,33.732121571487575,34.084704809614905,33.850837679510406,32.853087195642594,30.99262848461065,28.289804349131863,24.904856646468268,21.12683913229809,17.32384010495491,13.847977947084251,10.919949349758085,8.53323216814073,6.414783234404162,4.169421265251722,1.6186245473835223,-1.03687615545589,-3.235102140584979,-4.0269007098948615,-1.8799355197904983,3.817958118163616,9.92875759407083,17.147442204232753,28.46077303627544
-28.381398817060603,-17.09280747002875,-9.90072178359124,-3.796536368208516,1.8988407958216147,4.030756967629609,3.2284321546860006,1.0243746523454382,-1.6341430531173993,-4.186428562162311,-6.432464909404413,-8.551203497526084,-10.93795720136952,-13.86571143174723,-17.340930455858256,-21.143000158071143,-24.91997493407433,-28.303967149605604,-31.00601672631733,-32.865868840725746,-33.863129176683906,-34.096559085014775,-33.74358751884368,-33.00656441655159,-32.06015114391966,-31.000045469787832,-29.8105768118116,-28.37645489960301,-26.538596067879546,-24.147809949684508,-21.098076105741264,-17.350233359372904,-12.944585108083825,-8.001797280997128,-2.7078594428029303,2.7078515069604565,8.001793221751928,12.944588213312212,17.350245334788056,21.09809931295471,24.147845989676163,26.538636474744603,28.376496672182466,29.810636515250277,31.00012142393661,32.06021263310102,33.006620925584045,33.743651676465234,34.096614531227026,33.86316957665867,32.865893614943,31.00602357809502,28.30395813219817,24.919951657698807,21.14296872602862,17.340903016208653,13.865682688724847,10.937927151654051,8.551172131798488,6.432430843316654,4.1863951859831445,1.634129431044766,-1.0244014585282626,-3.2284580225017305,-4.030778196588386,-1.8988575495872355,3.7965312755836766,9.900703908903209,17.09270340900331,28.38128909259309
-28.301965829616694,-17.038060713303455,-9.872687738668835,-3.775063036301882,1.917769574114342,4.034578258874555,3.2217324548062147,1.0118482549782966,-1.6496982949650858,-4.203451787997322,-6.45015910746172,-8.569187059481376,-10.95597374786448,-13.883447016897623,-17.35801224930207,-21.159132325851346,-24.93505244085897,-28.318086142179965,-31.019362048210148,-32.87862240857019,-33.87541431665458,-34.10842558702884,-33.7550696906873,-33.01767959481152,-32.07091622538288,-31.01046645261559,-29.82063821235837,-28.386098728183875,-26.547706058974512,-24.156219366081032,-21.10556474302989,-17.356528096768123,-12.949383181596655,-8.004813311167954,-2.708890204014493,2.7088818432998707,8.004808900768463,12.94938602994326,17.356539913424477,21.105587727557054,24.15625541385471,26.54774670424182,28.386138429941905,29.820698660107254,31.01054344747778,32.070974905724526,33.01773604784752,33.755133753866495,34.108480376142445,33.87545442061127,32.87864705981829,31.019368900906976,28.31807721366846,24.935029293468872,21.1591009389298,17.357984801869488,13.883418502027796,10.955943839162195,8.56915574420239,6.450125334063847,4.203418259809351,1.6496855184406305,-1.0118744085003126,-3.2217579701851906,-4.034598847110458,-1.9177857197792416,3.7750586167569273,9.87267068056462,17.03795657233653,28.301856268854934
-28.22255993009684,-16.983314520611213,-9.84466446618057,-3.753553395150597,1.936700498081057,4.038342360121884,3.214981394066448,0.9992837764137102,-1.665280198737296,-4.220489757465621,-6.467858629250691,-8.587167492407765,-10.973978484444189,-13.901161329817326,-17.37506346755788,-21.175225401983397,-24.95008391096156,-28.332149936887216,-31.032642989620214,-32.891299128029786,-33.88760914766542,-34.12019436718658,-33.76645442245996,-33.02870027547542,-32.08159074323717,-31.02080432315014,-29.830623957582176,-28.395675268616277,-26.556758837935146,-24.16458524153465,-21.113021067471056,-17.362801963831647,-12.954168943856317,-8.007823725785936,-2.7099192131296865,2.709910408799292,8.007818931449796,12.954171515414874,17.362813610351512,21.11304370238188,24.16462118233091,26.55679983001126,28.39571316265427,29.830684274592755,31.020881930994,32.08164834554818,33.028755972534775,33.76651834347594,34.12024891923972,33.887649118737656,32.891323712164095,31.03264981726311,28.33214098176361,24.950060860510213,21.175193976649748,17.375035869703968,13.901132982511813,10.973948690347855,8.587136317844418,6.467825137893408,4.220456239944367,1.6652673528705897,-0.9993084670479184,-3.2150066515533413,-4.038362136226844,-1.9367160330200488,3.753549607222411,9.844648197581307,16.98321028879597,28.22245051570256
-28.14319162791908,-16.928558509587905,-9.816658159103552,-3.732001524471581,1.9556342928752275,4.042048559152596,3.2081759094946047,0.9866723160521782,-1.680903050802033,-4.237563305050641,-6.485588379734522,-8.605172789837871,-10.992001611228622,-13.918885434185242,-17.392113279560366,-21.191303607370003,-24.965085092092703,-28.346169472810832,-31.04586855826972,-32.90391436472138,-33.899740694517654,-34.13189869464371,-33.77777420593154,-33.03965061560822,-32.0921989168459,-31.031073498872377,-29.84054157149504,-28.4051812479079,-26.56574125361064,-24.172883193083702,-21.120411889737,-17.3690175499759,-12.958908317698077,-8.01080415817926,-2.7109377647748,2.710928568698687,8.010799040577012,12.958910684355205,17.36902912740656,21.12043411213001,24.17291926497625,26.565783064693363,28.405216697288964,29.840601790155524,31.031152114658163,32.0922559429769,33.03970506524259,33.777837971955776,34.13195316045594,33.89978041141093,32.903938753709895,31.045875307714795,28.34616044181823,24.96506202194496,21.191271993990696,17.39208551486713,13.918857213231693,10.991971860561534,8.605141658432261,6.4855550656802174,4.237529617891078,1.6808903893160276,-0.9866958720953192,-3.208200942425295,-4.042067514830082,-1.9556491247012768,3.731998438755749,9.816642748674804,16.928454241166676,28.143082431369105
-28.06385647766775,-16.87380281548406,-9.788666495011762,-3.710412050635148,1.9745684017296836,4.045696509580969,3.2013187511115704,0.974020674768344,-1.696555615026432,-4.254656527544018,-6.503329632716686,-8.623181959489134,-11.010020476104522,-13.936595964672692,-17.40913933835981,-21.20734776219838,-24.98004264888744,-28.36013463660518,-31.05903067115697,-32.916456140363394,-33.91178877273678,-34.14351223654686,-33.7890063090696,-33.05051345037077,-32.102722836513564,-31.04126404048833,-29.850384816664857,-28.414618911832417,-26.574662451462203,-24.18113037699709,-21.12775940558682,-17.3752005317156,-12.963624496386588,-8.013771515302809,-2.7119518187056064,2.711942335558207,8.013766194398283,12.96362678842574,17.375212189967822,21.12778158374589,24.181166643201475,26.574704587082536,28.414653691967825,29.850444739453664,31.041342626861365,32.10277975820669,33.05056714484366,33.78906960425737,34.14356631194297,33.911828123984165,32.91648021727298,31.05903713339041,28.36012528477388,24.980019406902837,21.20731597473649,17.409111389872166,13.936567635904009,11.009990609812704,8.623150814098157,6.503296389186629,4.254622919571485,1.6965428326523668,-0.9740433968321184,-3.2013433343794166,-4.045714786773056,-1.9745824546179775,3.710409782976292,9.788652001571938,16.873698544246086,28.06374755685089
-27.98455169368172,-16.81905118196744,-9.760689096870664,-3.688785909233984,1.993501987502153,4.0492851451739735,3.194408794951018,0.9613291722426852,-1.7122354112897968,-4.2717653964227,-6.521076883550897,-8.6411885988808,-11.0280279028933,-13.954285347118008,-17.42613450668664,-21.22335234249907,-24.994953360460663,-28.374043689403,-31.07212678425492,-32.92891933384865,-33.92374632804236,-34.15502602639962,-33.80013482498334,-33.06128566933786,-32.113153914414355,-31.05136636589065,-29.860146969440382,-28.423984955120368,-26.583529028262536,-24.189328726846828,-21.135071265148845,-17.381360320129726,-12.96832609589479,-8.01673152602101,-2.7129635594711856,2.712953759138259,8.016725966532164,12.968328272005952,17.381372001503056,21.135093422203337,24.18936512800266,26.583571471529112,28.42401946495018,29.860206306684887,31.05144524228324,32.113210423023624,33.061338776567936,33.80019773806894,34.15507965922244,33.92378525480173,32.928943082273875,31.07213305303399,28.37403418433464,24.99493002192504,21.22332040853691,17.426106396388562,13.954256913099208,11.02799792815016,8.6411574688778,6.521043760224575,4.271731944216576,1.7122224863601858,-0.9613511964136068,-3.1944330360056155,-4.049302871059169,-1.9935152969334475,3.688784443770521,9.76067548875469,16.81894684194135,27.98444300660427
-27.905314390272974,-16.764295266012834,-9.732742653245191,-3.667112897221584,2.0124378561869447,4.052813623800337,3.187437303796196,0.9485767386773089,-1.7279772585413775,-4.288937798943922,-6.53888687661705,-8.659256117956746,-11.046092288589856,-13.972024073523515,-17.44316583423588,-21.23937454580275,-25.00985741431786,-28.387926630703028,-31.08517925887044,-32.9413375504143,-33.93567131389902,-34.16651486363643,-33.81122694252408,-33.07202225148666,-32.123536876038415,-31.06141039504118,-29.86984203965004,-28.43327372852416,-26.59230994540302,-24.197424720173352,-21.14228043256592,-17.38741961189456,-12.972943593849427,-8.019633104469806,-2.713954980071416,2.7139448403738347,8.01962728153865,12.972945621404726,17.387431273055853,21.14230231800348,24.19746136427549,26.59235333867422,28.43330635024497,29.86990078037449,31.061490842181662,32.12359288393669,33.07207412455692,33.81128978435769,34.16656831671263,33.935709884211015,32.941361064002514,31.085185402998388,28.3879170043824,25.00983398130876,21.23934230231602,17.443137559290747,13.97199569280959,11.046062225331124,8.659224880070564,6.538853797551595,4.288904007705992,1.727964939852654,-0.9485982802357198,-3.187461463177688,-4.052830727233236,-2.0124503911408502,3.667112216415208,9.73272999689569,16.764190928151404,27.905205990840237
-27.82612528250468,-16.70955281791615,-9.70481855543756,-3.645402885206389,2.031371862489487,4.056282183948666,3.180410839424201,0.9357804740179976,-1.7437521298233782,-4.306134485644615,-6.556712857795926,-8.67733222147691,-11.064157105863613,-13.98975371355159,-17.460177769167576,-21.255367154462743,-25.024721688998227,-28.401759068647767,-31.098168945926663,-32.95368181620357,-33.947514329404555,-34.17791971222966,-33.822231181844955,-33.08267017758361,-32.133835739674524,-31.071372820940265,-29.87946056399212,-28.4424918596559,-26.60102390238793,-24.20546373771954,-21.149443114383125,-17.39344148830237,-12.977534238382136,-8.02251779101362,-2.714940753890584,2.714930326113436,8.022511752549718,12.977536176693562,17.393453159192,21.149464572692413,24.205500736961643,26.6010686259582,28.44252093677934,29.87951873699527,31.071456637827342,32.13389029034117,33.082720431272705,33.822294476063135,34.17797325694918,33.9475526772971,32.95370508383083,31.098174809829956,28.401749118186064,25.0246979907028,21.255334331423537,17.46014928009765,13.989725453492314,11.064126907654355,8.677300686795686,6.556679634042834,4.306099789072833,1.7437411622858607,-0.9358016253126802,-3.1804347589313195,-4.05629836907295,-2.0313835741051087,3.6454029714139873,9.70480693501325,16.70944863468454,27.826017295363
-27.746998257368052,-16.65482289826974,-9.676922991138802,-3.623652997747895,2.0503031943898784,4.059688344504317,3.1733240973729484,0.9229305467695867,-1.7595750016643634,-4.323373718515043,-6.574575994555635,-8.69544004229124,-11.08224705979109,-14.00749968326326,-17.477194527950967,-21.271350959334782,-25.039561427885445,-28.415552280972303,-31.111105249597856,-32.96596456700294,-33.9592938733723,-34.18926037479317,-33.83316728052263,-33.093246263863776,-32.144062224470375,-31.081262565234283,-29.88900505113601,-28.451635377156457,-26.609662044032387,-24.213428966243796,-21.15653700344584,-17.399401948170578,-12.98207647796064,-8.025370601304054,-2.715915541643242,2.715904873924772,8.02536440271153,12.982078396369076,17.399413687023596,21.15655805184321,24.21346639627554,26.609707808080252,28.45166099105312,29.8890629618752,31.081349168274983,32.14411565150253,33.09329502960658,33.833231045683064,34.18931414286626,33.95933205855698,32.96598758401107,31.111110723468883,28.41554182055948,25.039537285718552,21.27131735984877,17.477165774625576,14.007471481645563,11.082216646275072,8.69540811573079,6.574542498868663,4.323337942216735,1.759565494307728,-0.9229513472491628,-3.173347684613186,-4.0597033707231045,-2.0503140102064306,3.623653867433327,9.67691246840478,16.65471896819084,27.74689078350333
-27.66792775517112,-16.6001115983749,-9.649054139286628,-3.601866933837494,2.069229844881656,4.063033426454207,3.166182348849711,0.9100366414074366,-1.7754321026590123,-4.340638684080193,-6.592457213436851,-8.713558855446497,-11.100340125272313,-14.025239323312292,-17.494194162630492,-21.287306234420992,-25.05436108141085,-28.429293393975744,-31.123977733423143,-32.97817350304155,-33.970992804886194,-34.20051734425173,-33.844018415302905,-33.10373640974256,-32.15420583254895,-31.09107194580856,-29.89847264890916,-28.46070623618326,-26.61823149231633,-24.221333771898227,-21.16357850314709,-17.405319332364144,-12.986586506272715,-8.02820325073646,-2.71688345054152,2.716872565327371,8.028196917510881,12.986588432652251,17.405331143655502,21.16359910818729,24.221371679251483,26.618278286135865,28.460728249527275,29.89853017122607,31.09116172378528,32.15425797696231,33.10378369089009,33.844082829169885,34.20057140843673,33.971030867342726,32.978196291986386,31.123982791822208,28.429282370367964,25.054336438350315,21.28727177604611,17.494165167740114,14.025211208280217,11.100309492445913,8.713526494739709,6.592423357259769,4.34060165904876,1.775424318331882,-0.9100570258037968,-3.1662055564948868,-4.063047315607317,-2.0692398302518398,3.60186853114537,9.649044673493735,16.600007891831016,27.66782073830592
-27.58885730249238,-16.54542808417354,-9.62119068595495,-3.580056258667009,2.088147640201583,4.066318441666925,3.1589974397054843,0.8971293951970949,-1.7912712924698202,-4.357860577166958,-6.610274593955896,-8.731597374175431,-11.118337598885502,-14.04287038430779,-17.511078925017742,-21.30314915663062,-25.069059829113804,-28.442936595927776,-31.136748699422053,-32.990254751974625,-33.98252618305178,-34.21158798900513,-33.85468761721692,-33.11405510906606,-32.16420083393358,-31.100752750916765,-29.907838796871097,-28.46970815251278,-26.626764253184817,-24.229243824150444,-21.17065479928883,-17.411293163682714,-12.991154603933376,-8.031081048022447,-2.717867591230249,2.71785670174616,8.031074817260558,12.991156805717765,17.41130526903117,21.170674906039416,24.229282528556844,26.626812611807637,28.46972390392824,29.90789656791813,31.100848556544516,32.16424950366972,33.11410090898326,33.8547537337376,34.21164259985805,33.982564288902495,32.99027720722425,31.13675284886828,28.44292434677567,25.06903403862164,21.303113024896305,17.51104926990054,14.04284216615571,11.118306401658064,8.731564002478315,6.6102398525185455,4.357821228255914,1.791266157437197,-0.8971497164312698,-3.159020410472124,-4.066330708127513,-2.088156252797348,3.580058902465198,9.62118294475181,16.545325421782188,27.588751479970515
-27.50990859905088,-16.49072802450666,-9.593385600399904,-3.5581901583261213,2.1070637138599597,4.069536694810173,3.1517338152848,0.8841253118644053,-1.8072299739704265,-4.37521833856157,-6.628239510310565,-8.749790086345467,-11.13649218432603,-14.06065411166072,-17.52809837636379,-21.31909418466756,-25.08381342652537,-28.45660037092119,-31.149516728436986,-33.00234742921666,-33.994110950305206,-34.222731219033456,-33.86541943695297,-33.12441957489444,-32.17421320298581,-31.11042721473135,-29.917165783426785,-28.478631662175605,-26.635180457408023,-24.23699216110041,-21.177544094800258,-17.417070864145693,-12.995551902513435,-8.033839131663607,-2.718809608006242,2.71879850474859,8.033832763256367,12.995554120117664,17.41708303494199,21.17756378197337,24.237031497902187,26.635229599669103,28.478644718138103,29.91722277605769,31.11052519221434,32.174262350322486,33.12446338037883,33.86548586868907,34.222786289006855,33.99414892046471,33.00236962970684,31.149520454808936,28.45658758020656,25.08378718783464,21.3190571038905,17.528068547047486,14.060625956457994,11.136460744086325,8.749756269916134,6.628204267882302,4.37517766070168,1.8072265705966208,-0.8841452510813975,-3.151756764366278,-4.069547942265294,-2.1070714477957515,3.558193573659403,9.593378992863972,16.490625612601207,27.509803287282303
-27.43103965315805,-16.436061309966192,-9.56561700427509,-3.5362888300463333,2.1259706426572604,4.072689734790673,3.144408763860382,0.8710675757541699,-1.8232356670256895,-4.392616302372866,-6.646238546261376,-8.768010837152149,-11.154667722890345,-14.078449659591747,-17.545118062041727,-21.335026152137733,-25.09853954769269,-28.470222158454263,-31.162229507602422,-33.01437546605843,-34.00562624710604,-34.23380228393942,-33.87607712751473,-33.134707658798696,-32.18414894220269,-31.120025814785546,-29.926417181226192,-28.48748023749708,-26.64352299985373,-24.244671035986507,-21.18436924126651,-17.4227929455208,-12.999905872703994,-8.036569384884757,-2.7197420527546345,2.719730663590226,8.036562796705374,12.999908025918408,17.42280512152639,21.184388509984046,24.244710849786124,26.64357264598538,28.48749127280857,29.92647308437305,31.120125553816614,32.18419888445751,33.13474960119165,33.876143628868135,34.23385781326376,34.005664174824034,33.014397502548285,31.162232890319014,28.470208923928038,25.09851300090592,21.334988349155896,17.545088248939134,14.07842166141839,11.154636159935196,8.767976740136193,6.646202888334817,4.392574519743697,1.8232339170706195,-0.8710869622985744,-3.144431530885817,-4.072699853720892,-2.125977710884287,3.5362928325500262,9.565611209685596,16.43595879106315,27.430934530663997
-27.352236427189208,-16.38142840075345,-9.53787971742534,-3.5143546244978348,2.1448657779415905,4.07577701837991,3.137025201756546,0.8579635053832736,-1.8392771198514264,-4.410038615913367,-6.664253390766562,-8.786239272332697,-11.172842333699398,-14.096234409039589,-17.56211593666169,-21.35092558472705,-25.11322347928258,-28.483789532681367,-31.1748776628411,-33.026326814513745,-34.01705203850262,-34.244773498681944,-33.88664069925732,-33.14489896260255,-32.19399280490629,-31.12953772665114,-29.93558632585464,-28.496253577578603,-26.651798557501515,-24.25229570137816,-21.191147278878127,-17.428480252627764,-13.004234973630952,-8.039285772892395,-2.7206697303873164,2.7206580823371733,8.03927899611504,13.004237096504289,17.4284924441148,21.1911663190584,24.25233598360658,26.65184820713009,28.49626396468708,29.93564150543768,31.12963761098672,32.19404406325403,33.14493976144887,33.88670698415151,34.2448293609503,34.017089883637794,33.02634866237501,31.1748807607004,28.483775969405027,25.113196598387443,21.350887108643573,17.562086096265272,14.096206226260202,11.17281049282712,8.786204952350785,6.664217347268554,4.409996413251587,1.83927600490213,-0.8579823179571493,-3.137047951079664,-4.075786329400096,-2.144872210559292,3.5143593249020344,9.537874864862053,16.38132586508859,27.35213157813424
-27.27351579468,-16.32682929348531,-9.510182953076024,-3.4923863935093724,2.163751506977791,4.078797115218081,3.129579541289268,0.8448043629553412,-1.8553673097564447,-4.42750363385323,-6.682304630787261,-8.804498005425431,-11.191040126244756,-14.11403294642667,-17.579116803241952,-21.366813448863454,-25.12788047500269,-28.497315684249795,-31.18746961760135,-33.03821258386788,-34.0284090371851,-34.25567746355118,-33.897129104002964,-33.15501566585121,-32.2037608143577,-31.13897341214461,-29.94467962940851,-28.504950292077595,-26.65999806539665,-24.25984607328963,-21.19785825966725,-17.434107692193326,-13.00851755057869,-8.041971581806555,-2.721586997608908,2.7215750182310825,8.041964535194403,13.00851953239152,17.43411977348498,21.197876948599035,24.25988672704106,26.66004801803586,28.50495972119673,29.94473344669762,31.139074201033104,32.20381338580383,33.15505503715763,33.89719518283215,34.25573372790151,34.02844681434263,33.03823434546753,31.187472602741124,28.49730194394666,25.127853375962392,21.36677438138289,17.579087027424716,14.114004858231697,11.191008158106962,8.8044635378462,6.682268297919123,4.427460761506777,1.85536731377668,-0.8448226321274598,-3.129602205881924,-4.078805502784861,-2.1637573942950192,3.492391608012228,9.510178810246527,16.326726470643887,27.273410984683647
-27.194865181915368,-16.272270949169993,-9.482521920201698,-3.470387035345148,2.182623640433877,4.08175171970675,3.122075645766549,0.83160066462567,-1.8714888936722067,-4.444988987024237,-6.700366523587028,-8.822758857028253,-11.20923085602683,-14.13181416912716,-17.59608934341172,-21.38266327542909,-25.142490458987886,-28.510784070315065,-31.19999211504446,-33.05001535578721,-34.039671044641125,-34.266480676093366,-33.90751450897727,-33.16503155764816,-32.21343249388786,-31.148317706049845,-29.95368795962001,-28.51357013605443,-26.668129272877756,-24.267340113584087,-21.204524734021504,-17.439702009967444,-13.012777506828272,-8.04464442989373,-2.722499977237704,2.722487742884954,8.044637195979355,13.012779467890397,17.43971408953204,21.20454305242639,24.267381180182827,26.668179714983864,28.51357777890761,29.95374055493264,31.148420002863634,32.213486081717065,33.16506946628263,33.90758059378127,34.26653754905396,34.03970885126677,33.050037002820766,31.199994771444757,28.510769853462115,25.14246290807743,21.382623391786694,17.596059507817046,14.131786127337858,11.209198645042138,8.822724060049236,6.700329717883029,4.444945116433429,1.8714903521442696,-0.8316183515790327,-3.1220981477871383,-4.081759063550596,-2.182628849802562,3.470392807326106,9.48251864112412,16.272168052735655,27.194760583474352
-27.116335933239988,-16.217735625385515,-9.454918429264996,-3.4483482883095906,2.201482573248465,4.084636430527475,3.11449804181407,0.818316500504575,-1.887700332068166,-4.462569254262596,-6.718526496246963,-8.84111825614124,-11.227518210942122,-14.149685409625103,-17.61313721673233,-21.398564999589293,-25.157120676424285,-28.5242470267934,-31.212491341172807,-33.061797146729766,-34.05092862857345,-34.27728844283824,-33.91790016473843,-33.1750385647985,-32.22308195523365,-31.15762756597372,-29.962644557017093,-28.52211875340137,-26.676169250390124,-24.274721836857317,-21.21106661321349,-17.44517118391773,-13.016930885454022,-8.04724466105295,-2.7233874436308825,2.723374834068297,8.04723710824036,13.016932660155865,17.445183102418127,21.21108463214165,24.27476327066785,26.67621974407581,28.52212630559509,29.962695981453876,31.157729363899804,32.22313797220666,33.175075232399564,33.91796554290597,34.27734583578057,34.050966409729114,33.06181871746032,31.212493981462703,28.524232820623126,25.157093086961527,21.398524736871316,17.613107519319104,14.14965739906701,11.227485879840277,8.841083441258766,6.718489471025961,4.4625251305207625,1.88770246041494,-0.8183334893976685,-3.114520507536206,-4.084643242250767,-2.2014873956309544,3.448354471300907,9.454915715528053,16.21763223345153,27.116231177897237
-27.03790194783405,-16.163255723292714,-9.42735944131894,-3.426279577555854,2.2203246400940917,4.08745105273198,3.1068553012687303,0.8049763511710968,-1.903959054283071,-4.4801879487884495,-6.7367172994459885,-8.859501294944211,-11.24582115924317,-14.16756246690112,-17.6301794690546,-21.414448716247744,-25.171720537584108,-28.53766567357729,-31.2249327625298,-33.073508587642365,-34.062105959346205,-34.28801068496507,-33.928198672798466,-33.184957894787374,-32.232645623888764,-31.166853972954147,-29.97152041932296,-28.53059031378776,-26.684136951674034,-24.28203905032948,-21.21755178971106,-17.45059387577006,-13.021049509847392,-8.049823473649209,-2.72426762167512,2.7242546086411727,8.049815563427789,13.021051055637486,17.450605570946777,21.217569533475277,24.28208081023151,26.684187456364448,28.53059810719929,29.97157058796333,31.166955138790435,32.23270398367984,33.184993616186176,33.92826323899771,34.28806849306429,34.0621437039189,33.07353013658459,31.22493547075871,28.53765155344133,25.17169296448351,21.414408172648645,17.63014992543453,14.167534472245684,11.24578870837954,8.859466499919844,6.736680108314077,4.480143735351077,1.9039616644358603,-0.8049926952110273,-3.1068778211064987,-4.0874573982084765,-2.2203290857757465,3.4262861684205057,9.42735728503316,16.163151790063036,27.03779700574992
-26.95955096681308,-16.108836219870614,-9.39984151648893,-3.4041837630610057,2.239148219082834,4.090196953063357,3.099153432621049,0.7915922247541808,-1.920247033063493,-4.497823009924753,-6.754913549707702,-8.877880265083029,-11.264110111988751,-14.185414738022114,-17.647186358569044,-21.43028774801829,-25.186268451742208,-28.551022047547768,-31.237300188630066,-33.08513009290463,-34.07317722053534,-34.29861795946265,-33.93838193393044,-33.19476467099829,-32.242102942953416,-31.17598054710422,-29.9803053230951,-28.53898135281968,-26.692036146578733,-24.28930344926259,-21.22399765474107,-17.455990580248315,-13.02515218663322,-8.05239436200905,-2.7251453188368364,2.725131902293201,8.0523861011024,13.02515350657536,17.45600206860496,21.22401512630059,24.289345468961653,26.692086817442902,28.53898900720996,29.980354069970787,31.176081776026876,32.24216331338324,33.194799352731366,33.93844583435782,34.2986763030004,34.07321501103298,33.08515158584855,31.237302894299727,28.551007967499487,25.18624083006656,21.430246842878223,17.647156948382534,14.18538679939577,11.2640775200252,8.87784544476083,6.754876167269562,4.497778543590481,1.9202503205251653,-0.7916079117384396,-3.0991758783303776,-4.090202758102355,-2.239152302843427,3.404190736114543,9.399839901121004,16.10873174335642,26.959445828011003
-26.88130230737708,-16.0544647777978,-9.372374262944016,-3.3820572693052267,2.257952608452684,4.09287149964736,3.091383898356988,0.7781460071831602,-1.9365925326357192,-4.515510123645241,-6.773156683910745,-8.896300641860432,-11.28243374867796,-14.203292513103772,-17.664206395192352,-21.44612466829583,-25.20079679168038,-28.56434189704773,-31.249616312424948,-33.09669101302565,-34.08418440999801,-34.309159134856515,-33.94849729456883,-33.20450179558769,-32.251489237933505,-31.185035016375828,-29.98901613332793,-28.547296725166024,-26.699858428946115,-24.296491378100477,-21.230369714265265,-17.461321083826576,-13.029202183570089,-8.054931290838148,-2.726011252897861,2.725997417014025,8.054922657191131,13.029203282513318,17.461332360541828,21.23038693423099,24.296533617979843,26.6999091508165,28.547304481413992,29.989063631151097,31.185135821319896,32.251551780265714,33.20453565288177,33.948560384669925,34.309217982808505,34.08422226970624,33.09671248793998,31.24961903758721,28.564327846122406,25.20076911637865,21.44608349177531,17.6641771416817,14.20326460627462,11.282401016648532,8.896265838419337,6.773119141199071,4.515465575403871,1.9365963102096857,-0.7781610037849963,-3.0914062335372106,-4.092876732140577,-2.2579563572969628,3.38206459305352,9.372373126508942,16.05435967898765,26.88119689960992
-26.803146989464818,-16.0001571485496,-9.344953665920276,-3.35990377613965,2.2767358600206347,4.095474902468974,3.083551386587573,0.764649574827937,-1.952975737232541,-4.533223764905085,-6.791416600925089,-8.914729128167895,-11.30075618585272,-14.22115851399225,-17.681203559727273,-21.461927941753675,-25.21528183580892,-28.57760667735323,-31.26186484913043,-33.10816976201839,-34.09509613224124,-34.31959731574508,-33.95850857580568,-33.21413626870718,-32.26077694070814,-31.19399511361129,-29.997639076709344,-28.555531305616128,-26.70760894221305,-24.30361947506556,-21.236692892718,-17.46661468879094,-13.03322635698396,-8.057453300401827,-2.7268722411152893,2.7268579363248024,8.05744424616508,13.03322716762245,17.466625702021656,21.23670982928994,24.303661828342378,26.707659905483588,28.555539170136253,29.997684858040035,31.194096176933098,32.26084136116443,33.21416924011127,33.958570916594816,34.319656584303985,34.09513408990592,33.10819128601973,31.26186764881855,28.577592744823733,25.21525422478221,21.461886587115785,17.681174554618906,14.221130780569148,11.300723372258188,8.914694379655382,6.79137896826121,4.5331790584993445,1.9529802527694429,-0.764663938713898,-3.0835735843281165,-4.09547955694615,-2.276739381908361,3.359911369660491,9.344952866300147,16.000051243618312,26.803041151157696
-26.72509260129404,-15.94590328938778,-9.317584835212212,-3.3377220346657035,2.295497168654934,4.0980058682915175,3.0756513536341674,0.7510929529725127,-1.9694126469072477,-4.550983675740913,-6.80971638616266,-8.93319103055442,-11.319104544599716,-14.239040769994295,-17.698204750831163,-21.477721029902487,-25.22974141767181,-28.59083010237913,-31.27405711553149,-33.1195811377776,-34.1059335195204,-34.32995829066924,-33.96844081179835,-33.22369077985324,-32.26998458058795,-31.202875910751683,-30.00618221513792,-28.563686969171645,-26.71528224730688,-24.31067377272413,-21.242947712362817,-17.47184873803849,-13.037204171264356,-8.059945686385163,-2.727723058900281,2.72770827667265,8.059936198740475,13.037204675714776,17.471859461522524,21.242964437713407,24.31071624600478,26.71533323665472,28.56369525948159,30.006226811944064,31.20297638276014,32.27005108231666,33.22372318338219,33.96850228559664,34.330017963400664,34.10597157935193,33.11960270909426,31.27406001811356,28.59081631670089,25.229713866706597,21.47767955245528,17.698175968451487,14.239013087781869,11.31907161114093,8.93315637146373,6.809678687659634,4.550939050824783,1.9694174836296183,-0.7511066670627544,-3.075673414266741,-4.098010060186406,-2.29550044922849,3.337729918515293,9.317584405392507,15.945796590431874,26.72498636065892
-26.64714138495722,-15.891706460141105,-9.290269631118516,-3.31551357961829,2.314235104319548,4.100464862359518,3.067685469018579,0.7374786988444334,-1.9858999763480576,-4.5687861926977344,-6.828052080150169,-8.951682175041153,-11.337474451710955,-14.256934838329649,-17.71520570368335,-21.493500043489977,-25.24417225212417,-28.60400917747001,-31.28619041966101,-33.130922697504325,-34.1166940504744,-34.3402398758973,-33.9782920064676,-33.23316339057681,-32.27911062180662,-31.211675520807805,-30.01464428880744,-28.57176264102086,-26.722877694807057,-24.31765399218563,-21.24913425552809,-17.47702353812493,-13.041136043126391,-8.062408827377114,-2.7285638589268224,2.7285486009838333,8.062398910531774,13.04113624433931,17.477033958542084,21.24915083347157,24.317696550248197,26.72292852015013,28.571771681787272,30.01468799994065,31.21177497084661,32.27917893430098,33.23319563165212,33.97835257981637,34.34029982201996,34.116732169604894,33.13094430741812,31.286193485112808,28.60399557852552,25.244144730280503,21.49345848607962,17.71517710623272,14.25690709759641,11.337441369714494,8.951647623214436,6.828014352461266,4.568741911843721,1.9859048030607307,-0.7374917816641978,-3.0677074173309515,-4.100468601773912,-2.314238087512618,3.31552177986475,9.2902696141354,15.891598992502196,26.647034777443807
-26.56929500076116,-15.837577610765296,-9.263008409760213,-3.2932802829580488,2.3329474215844823,4.102850513429354,3.0596539739545543,0.7238094803712681,-2.002432234716612,-4.586623943424688,-6.846414582341602,-8.97019229902728,-11.355854686021654,-14.274828903611906,-17.732194901562885,-21.509254827784854,-25.258566520408703,-28.61713783641886,-31.2982591588645,-33.142186206003764,-34.12736587559292,-34.35042754083492,-33.98804776920598,-33.242541034894,-32.288144288069965,-31.22038522531495,-30.023019763168374,-28.57975576896191,-26.73039655549665,-24.324565322965988,-21.255260642800103,-17.482149067309145,-13.04503124596687,-8.064849419320854,-2.7293970449444487,2.729381273086965,8.064839036246513,13.045031090623842,17.482159166902093,21.255277132045705,24.32460785533741,26.73044705826955,28.57976584081999,30.02306266736053,31.220483654968973,32.28821406370253,33.24257342510089,33.98810747943327,34.350487669821725,34.12740414178135,33.14220791977397,31.298262416418545,28.61712444841406,25.25853905946612,21.50921328731085,17.732166542938543,14.27480115568454,11.355821499666549,8.970157916897046,6.846376894686446,4.586580046822999,2.002437014122013,-0.7238218499762743,-3.059675611396748,-4.1028538630721485,-2.3329502566114555,3.293288708834716,9.263008653235037,15.837469195091728,26.569187846133783
-26.49154816153312,-15.783515524548893,-9.235800154506196,-3.271021954798832,2.3516328482378386,4.10516158531727,3.051556009369867,0.7100854989783899,-2.019007832232817,-4.604494771127537,-6.864800950813173,-8.988717971022908,-11.374241326180156,-14.292718675889729,-17.749168108983067,-21.52498161776977,-25.272920954725635,-28.63021346745211,-31.31026108123986,-33.153368228463506,-34.13794435904939,-34.36051489541105,-33.99770225129099,-33.25181902377882,-32.297081607324365,-31.229001889629213,-30.0313072872104,-28.587666413295423,-26.737840028724367,-24.33141057119235,-21.261330248747957,-17.487229162932838,-13.048893086471017,-8.067269977210465,-2.7302234644623717,2.730207189996129,8.067259140074974,13.048892596798051,17.487238983714477,21.26134667603364,24.33145303172822,26.73789047563109,28.58767738488172,30.03134911082946,31.229099895687803,32.297152687070124,33.251851406516,33.99776127325777,34.36057522859921,34.13798275556082,33.1533899972158,31.31026446894332,28.630200286006904,25.272893539206223,21.52493997712949,17.74913989489396,14.292690939176795,11.37420793703934,8.988683633300289,6.864763249218841,4.604451059340886,2.019012810911527,-0.7100973560888717,-3.051577580688204,-4.105164645748532,-2.3516354246181894,3.27103069166317,9.235800827597243,15.783406327673818,26.49144063756388
-26.41390174919567,-15.72951950930632,-9.208646542754671,-3.248739553846739,2.370290190958131,4.107397727223746,3.043390917060369,0.6963053512684257,-2.0356290317497767,-4.622400912596135,-6.883213812663222,-9.00726195433089,-11.392637294274277,-14.31060712317914,-17.76612798315804,-21.540682599134453,-25.28723747332998,-28.643237342282017,-31.32219665237784,-33.16446973357093,-34.14843067352759,-34.370504645046786,-34.00725783270788,-33.26099922025298,-32.30592364048163,-31.23752650626528,-30.03950643972589,-28.59549352925431,-26.74520604681125,-24.33818646216847,-21.26733980836039,-17.492260153703093,-13.052718486360568,-8.069668175396096,-2.73104235739329,2.7310255753870174,8.06965687912106,13.052717650734165,17.492269669570987,21.26735616754163,24.33822882672284,26.745256483725832,28.5955053129486,30.039547294797146,31.237624019951504,32.30599599807039,33.26103163261469,34.00731622159676,34.370565124533144,34.14846917672227,33.164491612174594,31.32220020759625,28.643224320015403,25.287210057490668,21.540640882703737,17.7660999175581,14.310579372035429,11.392603693285247,9.007227672165218,6.883176116455607,4.622357453455556,2.035634097081761,-0.6963166713146893,-3.04341235621091,-4.107400494579239,-2.3702924961231187,3.2487486053125303,9.208647651814545,15.729409527805892,26.4137938559366
-26.33637195774416,-15.675586815441578,-9.18155449676776,-3.2264333888064742,2.3889178784081024,4.109558262511717,3.0351554455071827,0.6824603544771589,-2.052310532330947,-4.640361437802173,-6.901675674375667,-9.025849150037304,-11.411069385214232,-14.328522147504504,-17.78310171966897,-21.55638190092311,-25.30153451017215,-28.65622376188436,-31.334078000998893,-33.17550629601341,-34.15884760543322,-34.38042420546854,-34.01674170318028,-33.27010661658093,-32.3146919005224,-31.245976137787583,-30.04762784545353,-28.60324085183229,-26.75249080998645,-24.344880381270592,-21.273270335025,-17.497219984375782,-13.056487406633355,-8.072029966090177,-2.731848698441368,2.731831431087044,8.072018237785286,13.056486263488036,17.4972292493231,21.273286734600603,24.3449226584823,26.75254095570644,28.603253900310484,30.04766838782046,31.2460723659438,32.314765392675895,33.270139604119855,34.01679944179325,34.3804847782958,34.158886218317704,33.17552820249434,31.334081671145064,28.65621088941656,25.301507037354625,21.55634009534033,17.783073651029632,14.32849415096458,11.411035461039528,9.025814848143492,6.901637943608749,4.640318458432477,2.052315267204643,-0.6824712396730264,-3.0351769196880327,-4.109560889733219,-2.3889197745716566,3.226442863829376,9.181556231095776,15.675476228166472,26.336263887515607
-26.25895092138302,-15.62172385976962,-9.15452138529494,-3.204105260112829,2.4075143212921994,4.111643280728699,3.0268523051432856,0.6685570261061896,-2.069041686913827,-4.658362501057172,-6.920170190773722,-9.044461425628718,-11.42951803155237,-14.346443331026524,-17.80006938055751,-21.572061826010785,-25.315798659988364,-28.66916214482036,-31.345895776551803,-33.18646594744091,-34.16917791352216,-34.39025375112244,-34.02613449681338,-33.27912323146714,-32.32337076545983,-31.254338099072992,-30.055662986355262,-28.61090457663095,-26.7596957549032,-24.351499586744023,-21.279133628568776,-17.502122639945643,-13.060212640799556,-8.07436433837168,-2.732645732028745,2.732627949406432,8.074352151723946,13.060211133396152,17.50213159976694,21.2791500835624,24.35154172246364,26.759745371044243,28.61091894593117,30.0557036033987,31.254432568234588,32.32344520444566,33.27915704439592,34.0261915024687,34.39031431953691,34.16921672217245,33.186487935547106,31.34589954676744,28.66914940149736,25.315771171672225,21.572020086556297,17.800041381502517,14.34641508908738,11.42948388257284,9.04442722723,6.920132541602356,4.6583201904770615,2.0690458555898688,-0.6685673242630669,-3.0268734179641696,-4.111645560059804,-2.4075159119067977,3.2041150539130827,9.154523549229264,15.62161244980722,26.25884246661417
-26.181638524642267,-15.56794126323736,-9.127546403694804,-3.1817562844910943,2.426077322286184,4.1136511920723695,3.018481850014122,0.654598823886292,-2.085815545963276,-4.676395331216878,-6.938686741855382,-9.06308697304719,-11.447970391430784,-14.364357133196735,-17.817017728927492,-21.58771039376265,-25.330020230486888,-28.68204447185768,-31.35764298033581,-33.19733933162756,-34.17940832579595,-34.39997659462735,-34.03541969842295,-33.288033736764525,-32.33194706533885,-31.262600527627924,-30.063604208175185,-28.6184799389193,-26.766820141632365,-24.35804796662788,-21.28493653661904,-17.50697693819201,-13.063902410518905,-8.076677238131959,-2.733435579385564,2.733417262275185,8.07666457793439,13.06390052372804,17.50698559123856,21.28495302785404,24.35808985554341,26.76686940725104,28.618495600141287,30.063644417716485,31.262694114984477,32.33202201492816,33.28806826838698,34.03547622214035,34.400037170951286,34.17944734264669,33.19736142131698,31.35764687951493,28.682031885284864,25.329992738312495,21.587668708753164,17.81698979935224,14.364328764027192,11.447936007405056,9.06305285235892,6.938649198125614,4.676353559818395,2.085819437873192,-0.6546085450141019,-3.0185025740834206,-4.113653239919711,-2.426078704672968,3.181766350446096,9.127548937060466,15.567828966738002,26.18152960787924
-26.104434344592864,-15.514229504160705,-9.100631199787925,-3.1593862709725387,2.444606077455173,4.115581974282799,3.010042701950751,0.6405817255000466,-2.1026390851487635,-4.694468718980985,-6.957235674289604,-9.081737138702332,-11.466438612143554,-14.38227613426509,-17.833958836240466,-21.603338245043208,-25.34420679701241,-28.694876300105108,-31.369323323387484,-33.20813140203551,-34.189547768150774,-34.40960435347924,-34.044609222903226,-33.29685012582801,-32.34043127472406,-31.270773179156134,-30.071457817113902,-28.625970503142963,-26.77386333089505,-24.364520291580455,-21.290670629332684,-17.51177284014785,-13.067547687806757,-8.078962500430643,-2.734216045032822,2.7341971918720303,8.078949363840927,13.067545404284012,17.511781177667007,21.290687162149386,24.36456194031817,26.77391232585258,28.625987319247542,30.07149775258202,31.27086575572017,32.34050684070957,33.296885350698325,34.04466530380654,34.40966490090111,34.18958697561515,33.20815361972317,31.369327359373937,28.69486383870797,25.34417926402764,21.60329659457436,17.83393095665595,14.38224761676347,11.46640397421049,9.081703083302116,6.957198250340533,4.694427499084048,2.1026426620636323,-0.6405909164286524,-3.0100630075148707,-4.1155837326060265,-2.444607214085354,3.159396622353109,9.100634123930565,15.51411632864151,26.10432498902458
-26.027338710679143,-15.460598064312688,-9.073775077153748,-3.1369966165074765,2.463098578540833,4.117434463096358,3.001535293956429,0.626508625267111,-2.119506788060457,-4.712575348361612,-6.975808280516976,-9.100402237073077,-11.484912199323336,-14.40018930146408,-17.850881842146062,-21.61893553380245,-25.35835093846808,-28.707651815151934,-31.380932199140616,-33.21883635801412,-34.19958702545195,-34.419125881546414,-34.05369178268981,-33.305561262533004,-32.34881328412611,-31.27884686968029,-30.07921712549867,-28.633371865186472,-26.780824007883812,-24.370918665883067,-21.296340705865237,-17.516516486334112,-13.071154202445198,-8.081224064400105,-2.7349885598446373,2.734969173116371,8.081210452823967,13.07115154902135,17.51652457126542,21.296357300586426,24.370960057285878,26.7808729259466,28.633389717895323,30.07925660055067,31.27893892147068,32.34888938596063,33.30559702780478,34.05374755697972,34.41918642723874,34.199626395979344,33.21885866314101,31.38093632277353,28.70763943930347,25.35832330325152,21.618893811437875,17.850853924471625,14.400160600248864,11.484877206203423,9.100368148350933,6.975770911864159,4.712534562836409,2.1195100923035275,-0.6265174227928194,-3.0015553504567523,-4.117436045250448,-2.463099363329168,3.137007353741241,9.073778593567026,15.460484206062342,26.02722911703277
-25.95036471269248,-15.407039796627366,-9.046982899058548,-3.1145875998906534,2.481553459946213,4.119207611154074,2.9929545819685845,0.6123673810179927,-2.136438126877888,-4.730739117488274,-6.994432150631824,-9.119112309719531,-11.503423144269236,-14.418129850545556,-17.86781925758421,-21.634531926268668,-25.372476886607867,-28.72039049894396,-31.39248532640552,-33.22947242230394,-34.2095510474241,-34.428571741037686,-34.06269809004957,-33.314196004266144,-32.357118635637924,-31.286843691649445,-30.08689655315184,-28.640691723247546,-26.78770149714885,-24.377232518026137,-21.301929601648027,-17.521187267822118,-13.07470316997526,-8.0834488885361,-2.735748482924336,2.735728570617472,8.083434813121887,13.074700134446203,17.52119506251642,21.30194633064984,24.37727370861646,26.78774982737711,28.640710986380427,30.08693662916693,31.28693388595864,32.35719514791292,33.31423298829719,34.06275341826124,34.42863220021275,34.20959063516285,33.22949480837554,31.39248953032001,28.720378201092768,25.37244912700945,21.634490264421483,17.867791239227863,14.418100748558697,11.50338785523525,9.119078247112366,6.99439490911227,4.730699094021985,2.13644063637765,-0.6123756928312961,-2.9929741950272915,-4.119209050312418,-2.481553909799056,3.1145987137849773,9.046986980908413,15.406925216210407,25.95025484187873
-25.87348419099965,-15.353577267379425,-9.02024444212333,-3.092160701182665,2.4999682583147718,4.12090084647177,2.9843101995348102,0.5981843499342049,-2.15338945390797,-4.748905417012312,-7.013043799190847,-9.137797837484069,-11.521897079130918,-14.43602023449508,-17.88469468833947,-21.650057083531937,-25.38652622838752,-28.73304444750689,-31.40394265373269,-33.23999276488758,-34.21937686024088,-34.4378655152808,-34.07155119179375,-33.32268165608132,-32.36528299687613,-31.29470803615847,-30.094457849625197,-28.64790760085163,-26.794493071949628,-24.383481785431552,-21.30747287245933,-17.525829347090593,-13.07823538318789,-8.085665542545936,-2.736506039372532,2.736485574675968,8.08565097952964,13.078231933289745,17.5258368487227,21.307489612501275,24.38352265748388,26.794541570257035,28.64792767993052,30.09449704035417,31.29479842900111,32.365359800258425,33.322718944927125,34.071606416216234,34.437925954286435,34.219416604009496,33.240015260310706,31.40394696739165,28.73303224420142,25.386498389848,21.650015339917868,17.884666645172377,14.43599107427307,11.521861409993791,9.137763740402375,7.013006667362125,4.748865768215373,2.1533919221874807,-0.5981923145113583,-2.9843294504572584,-4.120902039485143,-2.4999683955304426,3.0921721608368893,9.020249047934367,15.353461909099613,25.873373991378266
-25.79673158694876,-15.300180622650403,-8.993570721673871,-3.069715001470174,2.518342757989007,4.122513512480937,2.97558865092039,0.5839240804891475,-2.170418893976092,-4.767146923477708,-7.031727428976289,-9.156550817436754,-11.540432172336866,-14.453962590637332,-17.901608588468818,-21.665603546416605,-25.40057600876233,-28.745676806403925,-31.41535660731557,-33.25045839981902,-34.22914642310292,-34.44710720463875,-34.08035242692033,-33.33111445610802,-32.373391199300784,-31.302513067544247,-30.101951210065156,-28.655048621568792,-26.801200966860364,-24.3896382733005,-21.31292129333823,-17.53038202907543,-13.081694939552612,-8.087835090845521,-2.7372473270669366,2.737226317591872,8.087820049961085,13.081691109316465,17.530389284148008,21.31293816054172,24.38967894332288,26.801248945660937,28.655069981260144,30.101991268227263,31.302601544260785,32.3734683760908,33.33115302237649,34.08040733604331,34.44716754149308,34.229186343935545,33.25048098964707,31.41536101677061,28.745664612807268,25.40054795135553,21.66556182520004,17.9015803690197,14.453932929098784,11.540396176561922,9.156516686846134,7.031690404873264,4.767108039445562,2.170420486320459,-0.583931620651639,-2.9756074965692787,-4.122514623435464,-2.518342489039234,3.069726897065016,8.99357600807744,15.300064638286,25.796621218272488
-25.72009029947564,-15.246875714798945,-8.966955269977355,-3.047252221958101,2.536673655464929,4.1240437027335055,2.966796513992564,0.5696070369087816,-2.187491437316498,-4.785419427656903,-7.050431487328615,-9.175314748092104,-11.558967980311662,-14.471893803354147,-17.918498714774444,-21.681113589893048,-25.41457777248896,-28.758247638931127,-31.42669412409362,-33.26083068374568,-34.23880756014373,-34.456232581474055,-34.089036333350144,-33.33943165335369,-32.38138767028168,-31.3102100992518,-30.109342525265763,-28.66209362704718,-26.80782107778697,-24.395716997789307,-21.318303068808543,-17.53488103896162,-13.085114981399736,-8.089980684049088,-2.737980627246096,2.7379590482668363,8.08996514367841,13.085110721170166,17.53488799437654,21.31832001399039,24.395757390273708,26.807868654887244,28.662116151098463,30.109382946644327,31.310297315971663,32.381464967722664,33.33947129091611,34.08909101498645,34.45629278201229,34.23884768269134,33.26085339933941,31.42669865126086,28.758235492116032,25.4145495744552,21.68107192046304,17.91847036341997,14.471863847772765,11.558931683291146,9.175280623139775,7.050394639382215,4.785381239244478,2.187492435811309,-0.5696141670728941,-2.966814760591684,-4.124044515983165,-2.53667305931942,3.0472644608681803,8.966961071461949,15.246758921628528,25.719979591934603
-25.64356877241138,-15.193654075496248,-8.94039890080733,-3.0247715886170408,2.55495978365498,4.125489855876864,2.9579284049619003,0.5552216373262114,-2.2046248793651,-4.803744898018676,-7.06918104116374,-9.194116806674293,-11.577533307815266,-14.489843698053653,-17.93539426193889,-21.696614219567483,-25.428553989007707,-28.77077558199288,-31.437970638877545,-33.271126909472926,-34.24838338047136,-34.46526936571074,-34.09763126331782,-33.3476609621581,-32.38929721420003,-31.317820844225484,-30.116647546235075,-28.669052458162845,-26.814355402678697,-24.401711378042965,-21.323605197032443,-17.53931001164883,-13.088480369775365,-8.092091967815445,-2.738702235113806,2.7386800813502545,8.092075919586078,13.088475686961374,17.53931667617684,21.32362222718016,24.40175149941316,26.814402536982943,28.66907617814712,30.11668853574783,31.317906661000176,32.38937459202244,33.34770174858155,34.097685735394215,34.465329437242154,34.248423724025336,33.27114973577467,31.437975249280356,28.770763461322584,25.42852563206089,21.696572613010492,17.935365752383635,14.489813361823526,11.577496719640202,9.194082681586355,7.069144384415132,4.803707425407421,2.2046252076662327,-0.5552283321461293,-2.957946049730466,-4.1254904583002165,-2.5549588540253567,3.024784186784872,8.940405259076003,15.193536509125916,25.64345775908389
-25.56715867579532,-15.14052664636429,-8.913899635639433,-3.0022747250294635,2.5731982607064467,4.126850306978674,2.9489870882969944,0.5407773127320139,-2.2218028983546634,-4.822102310793477,-7.0879518228816805,-9.212930431768784,-11.596099797431211,-14.507782780421149,-17.9522658094923,-21.712077586123844,-25.4424807691334,-28.78324053622713,-31.449169782586324,-33.28132956783883,-34.2578506607381,-34.474189247124784,-34.10610745628709,-33.35577226823957,-32.397092748405115,-31.325321261599168,-30.12384762099408,-28.675912255663548,-26.820799483599146,-24.407625259967755,-21.32883795263465,-17.543682756957146,-13.091804087487938,-8.094177877179028,-2.7394153577943,2.7393926046502086,8.094161291801862,13.091798959491738,17.54368911215991,21.32885509026616,24.407665057496533,26.820846060172183,28.67593733585759,30.123889133089648,31.325405743398186,32.39716999688385,33.355814336023315,34.10616177662277,34.474249139951,34.25789126458614,33.281352569802166,31.449174495713564,28.78322841981725,25.44245228262052,21.71203605337026,17.952237111834275,14.50775212457368,11.596062973523656,9.212896357102055,7.087915417720187,4.822065548352706,2.221802405555079,-0.5407833037211515,-2.9490040798911883,-4.126850688576828,-2.57319707431259,3.002287639115454,8.913906472834952,15.14040821212162,25.567047261834237
-25.49087247705234,-15.08748838093734,-8.887458762727919,-2.979762334578365,2.591387533677691,4.128124781592359,2.9399692281671523,0.5262662934150099,-2.239040722799236,-4.8405106462368535,-7.106765776409403,-9.231779742146571,-11.614693287557529,-14.525737952838258,-17.969140357050023,-21.72752858465072,-25.456378649985314,-28.79565959713547,-31.460306188132915,-33.29145616683554,-34.267233281715086,-34.48302129697352,-34.114494500812285,-33.36379460200584,-32.40479872169069,-31.332732739483788,-30.130957943170056,-28.682682662557,-26.8271537707064,-24.413450683674707,-21.33398739730063,-17.547981990756554,-13.095070237330738,-8.096227510324258,-2.740116102434889,2.740092756042138,8.096210400864356,13.095064672438196,17.54798805702015,21.334004643780982,24.413490199106228,26.827199767001368,28.68270901845396,30.13100037741522,31.332815524166016,32.40487589216741,33.36383803233685,34.11454865600015,34.48308102318418,34.2672741318746,33.29147927878639,31.460310961778976,28.795647470956208,25.45634998123248,21.72748712109836,17.969111409464457,14.525706829304736,11.614656201190728,9.231745650185646,7.106729591314575,4.840474623054079,2.239039441893446,-0.5262718944013174,-2.939985597105893,-4.128124898424271,-2.591385950589044,2.9797756407597427,8.887466214404894,15.087369203660424,25.49076080074397
-25.41470578173008,-15.034548453627266,-8.861076373960543,-2.9572345290220663,2.6095241199260477,4.129308085824864,2.930871369236837,0.5116877935908279,-2.256332641507674,-4.858961806384933,-7.125612671369541,-9.25065299211936,-11.633300833047992,-14.543695328079211,-17.986003281755046,-21.74295314696985,-25.47023532206409,-28.80802282076716,-31.47137259884552,-33.301498007797406,-34.27651824058747,-34.49174679978264,-34.12277149703182,-33.371706601743895,-32.4123959071286,-31.340037745591985,-30.13796567329288,-28.68935482625708,-26.833415596796133,-24.419191429888127,-21.339061468374457,-17.55221802061737,-13.098288294754928,-8.09824730532975,-2.7408067240655685,2.74078277548055,8.09822965807738,13.098282293144765,17.552223799876373,21.3390787951767,24.41923065633457,26.83346118641398,28.68938235999847,30.13800872143018,31.34011933230558,32.41247292290817,33.371751239988434,34.122825606420975,34.491806391548785,34.27655932006262,33.301521228865724,31.47137742857901,28.808010680928835,25.470206463083144,21.74291172387421,17.98597407741807,14.543663800411204,11.633263439521883,9.250618859232054,7.125576695662188,4.858926441640627,2.2563307606189764,-0.5116930648547138,-2.9308870838977694,-4.129308011609548,-2.6095221858613264,2.9572482244712504,8.86108444847295,15.034428531784163,25.41459383420581
-25.338666705794346,-14.9816975799895,-8.834750775548528,-2.934690994293579,2.6276068068246885,4.130400441325219,2.921691075606245,0.4970342984646146,-2.2736925511070245,-4.87747369230097,-7.144513480618702,-9.269573316635917,-11.651947266673554,-14.56168092793591,-18.0028804729363,-21.758375211499672,-25.48407056882942,-28.820346427787605,-31.482382778493257,-33.311471850132804,-34.28572879358613,-34.50039454741461,-34.13096838660844,-33.37953724478737,-32.41991011544697,-31.347258833659,-30.1448870881749,-28.695939072605256,-26.83958742814778,-24.42484116737276,-21.344047325190427,-17.5563746096028,-13.101443114012714,-8.100226997934163,-2.7414835582707915,2.741459010164609,8.100208822943769,13.101436671221483,17.556380095026906,21.344064744827712,24.42488016066733,26.839632492787636,28.69596782126482,30.144931232816145,31.34733865657171,32.41998705974571,33.37958329712067,34.13102242737779,34.50045397082364,34.28577007198441,33.31149519203972,31.482387691042952,28.82033426109042,25.48404146909082,21.758333807325503,18.002850946112535,14.561648884514588,11.651909591812167,9.269539120466954,7.144477715717042,4.87743900740944,2.273689943144435,-0.4970392688428227,-2.9217061685240515,-4.130400195222077,-2.6276044715270643,2.9347051163532965,8.834759546782843,14.981576975823115,25.338554561218555
-25.262754888973635,-14.928949218241172,-8.808486633703533,-2.912133974547256,2.645631231009784,4.131396954974503,2.9124259258325806,0.4823085968809829,-2.291112247219927,-4.896034484964376,-7.163453837435089,-9.288524661635437,-11.670615273897113,-14.579676427255542,-18.01975336616711,-21.77377655842881,-25.497867942598692,-28.83261701413931,-31.49332721672682,-33.32136767088137,-34.29485070441396,-34.508944353049934,-34.139062238283124,-33.38726287870466,-32.42731945336016,-31.354375795994223,-30.15170710515084,-28.70242478484947,-26.845665244816807,-24.43040333065277,-21.348953419810176,-17.56046294493756,-13.10454505689916,-8.102173423685597,-2.742148997459158,2.742123815256553,8.102154683357016,13.104538140333082,17.560468112900825,21.348970879857536,24.430442022340728,26.8457098965045,28.70245464023535,30.15175190822237,31.35445444883924,32.42739619723562,33.387310116520815,34.139116281246096,34.509003636296924,34.294892212873144,33.32139116511761,31.49333221589616,28.83260482470889,25.497838668930243,21.77373522480324,18.01972359778809,14.57964404116905,11.670577332567795,9.288490456731331,7.163418330229386,4.896000455078848,2.291109146696048,-0.4823132196005063,-2.912440228153689,-4.131396390848738,-2.6456286098647546,2.9121484220362275,8.808495919889305,14.928827735701423,25.262642359291338
-25.186976511345804,-14.876301536432615,-8.782285221952282,-2.889564630350758,2.663594961156697,4.132295419113769,2.903071989910002,0.4675041351742106,-2.308600998948692,-4.914655237744555,-7.182446278769643,-9.307520625117911,-11.689319263063272,-14.597696814232547,-18.036636634826493,-21.78917056498391,-25.51163875769816,-28.844844052575294,-31.504214702975023,-33.33119631366481,-34.303897345551455,-34.51741170400353,-34.14706804609041,-33.394896824960185,-32.434634824599,-31.36139816179088,-30.15843157432648,-28.708815491057635,-26.851649121944117,-24.435874165682712,-21.35377375246185,-17.564475533137948,-13.107586951563016,-8.104081512371739,-2.742801191241225,2.7427753846231795,8.104062218849478,13.107579556492237,17.564480374446838,21.353791274595565,24.435912616586236,26.851693246521062,28.708846509115972,30.158477445106676,31.361475124249747,32.43471140158953,33.39494544550162,34.14712207726913,34.51747083323956,34.303939034876,33.331219883589426,31.504219777495862,28.844831855366497,25.511609278782267,21.789129243711,18.036606526840604,14.59766398522059,11.689281043857674,9.307486366937836,7.182411015849842,4.914621855960177,2.30859730266552,-0.4675085032117445,-2.9030855980812302,-4.132294525180157,-2.66359193028449,2.8895794806826736,8.78229516957767,14.876179311467816,25.18686375580081
-25.1113140740098,-14.823771054695516,-8.756160643112093,-2.866989323673847,2.681493205539178,4.1330941188186925,2.8936372766938114,0.4526435063248654,-2.326122334860705,-4.933290177315909,-7.201438521355638,-9.326504429182371,-11.707999066304389,-14.615679493828248,-18.05346772061279,-21.80449706441539,-25.52532941375625,-28.8569818784356,-31.51500864424287,-33.340920275722205,-34.31282117347964,-34.525737548134295,-34.15492227294326,-33.402375002454804,-32.441796439897914,-31.36827081396172,-30.16501821654607,-28.71508071237359,-26.857525327916992,-24.441259095737696,-21.35852753687344,-17.56843887681008,-13.110593718851629,-8.10596747151575,-2.743445848074255,2.7434193705305794,8.10594758418812,13.110585818044887,17.568443412090247,21.358545029912936,24.44129713926864,26.857569619146243,28.715112498242423,30.165063411475742,31.36834848726766,32.441872596089866,33.40242405091467,34.15497663782044,34.525796623064586,34.31286309056689,33.34094398487906,31.515013748305783,28.856969617794373,25.52529980138163,21.804455700346548,18.05343739511,14.615646564142102,11.70796040618126,9.326470119452582,7.201403472437827,4.933257307489516,2.3261185331142937,-0.4526475916191527,-2.893650175806433,-4.133092921201468,-2.681489864623978,2.8670045164452347,8.756171148547839,14.823647973703295,25.111200959016063
-25.035780853664065,-14.771341128286792,-8.73010920534997,-2.84440741518332,2.699325008038881,4.133791707114662,2.8841130539949758,0.4377063814470219,-2.3437078147624435,-4.951978290455675,-7.22047501251683,-9.34552430800278,-11.726705751729916,-14.633677532861675,-18.070299132803797,-21.819805611338374,-25.538983611499862,-28.869067380213323,-31.525739848664596,-33.35057370141255,-34.321664731795025,-34.533974103748825,-34.162679285506,-33.40974989385384,-32.448851020625554,-31.37503612235037,-30.17149745771008,-28.72124127171174,-26.86330071875085,-24.44654926199481,-21.36319592023769,-17.57232844033868,-13.113542126849936,-8.107815625354545,-2.744077367446593,2.7440502188427573,8.107795141904868,13.113533716539184,17.572332653321325,21.3632133918574,24.44658695959072,26.86334505501462,28.72127379760215,30.17154248836452,31.375113884898703,32.44892690917918,33.409799520355364,34.16273394084468,34.5340331109078,34.32170681568357,33.35059750783527,31.52574502979459,28.869055097642008,25.538953827775327,21.819764165463077,18.07026854254521,14.633644362081018,11.72666670713276,9.34548993708569,7.220440192859203,4.951945972382727,2.343703730990057,-0.4377102181718943,-2.884125236918407,-4.133790138685334,-2.6993212913938907,2.844422990013626,8.730120339090398,14.771217234316628,25.035667439682328
-24.96038985485622,-14.719002730042533,-8.704126304564081,-2.821815523443366,2.7170901492978854,4.134387430476533,2.8744939933184317,0.4226800168313187,-2.3613776101532737,-4.970745339210057,-7.239585309612491,-9.36461253194368,-11.745473770747935,-14.651726892626264,-18.08716682997555,-21.835130166515963,-25.55262925786576,-28.881124151625272,-31.536427554454868,-33.360177258858464,-34.330457748439656,-34.542156895784004,-34.17037636752231,-33.41705950221655,-32.45583460009723,-31.381726385429477,-30.177895310206104,-28.727315683389214,-26.86898425600672,-24.45174293429964,-21.367767399082886,-17.576128001896326,-13.116416834744031,-8.109616140172202,-2.7446922278117167,2.7446644020877176,8.109595058634198,13.116407929189908,17.576131897176833,21.36778484410732,24.451780353957176,26.869028346581977,28.72734906575719,30.177941094291125,31.381803098522152,32.455910380106694,33.41711010952532,34.17043117120311,34.54221583206655,34.330500056305844,33.36020117614605,31.53643274682466,28.881111782399085,25.552599306657783,21.835088706625843,18.087135929540388,14.651693334488264,11.74543442403952,9.36457808828784,7.239550726143064,4.970713622509514,2.361373111108832,-0.4226835493141407,-2.8745054157161927,-4.134385557743844,-2.717086073519423,2.821831489920754,8.704138092597802,14.718878043876195,24.960276159286867
-24.885125674850997,-14.666779111778318,-8.67823194571942,-2.799222036094759,2.7347843298536145,4.134880031695699,2.864787575386878,0.4075857157614364,-2.379096594728294,-4.9895463819061945,-7.258717549203892,-9.383712376445043,-11.7642426271652,-14.669764225413289,-18.104007442273254,-21.85041030480073,-25.566214070286147,-28.893107128729696,-31.54703404736823,-33.36968959374957,-34.33914492408169,-34.55021820585045,-34.1779415662107,-33.42423139367182,-32.46267951983163,-31.388279419085364,-30.184163326565407,-28.733268498129625,-26.874558939676813,-24.456844088286772,-21.3722622357677,-17.579866313844256,-13.119245184257863,-8.111386466593327,-2.745296579863303,2.7452680910561136,8.111364796702183,13.119235807174638,17.579869955461938,21.372279690937795,24.456881209865813,26.87460327784904,28.73330253181096,30.18420864593898,31.388356774387265,32.46275513440387,33.42428237627748,34.17799672270068,34.55027707848165,34.33918739046481,33.36971361189066,31.54703921634475,28.89309457835598,25.56618378841761,21.850368548715533,18.103976136372108,14.669730362565176,11.764202681527966,9.383677729157766,7.258683066460521,4.989515077697099,2.379091741410591,-0.4075892395881913,-2.864798543034582,-4.134877903289898,-2.734779650480533,2.799238589849335,8.678244765584832,14.666653999485582,24.88501207857886
-24.810012367097087,-14.614649194590235,-8.652410550659493,-2.776621688997252,2.752407687972286,4.135268652637183,2.8549834940755225,0.3923976083335826,-2.3969063951419205,-5.008434262603405,-7.277932563493056,-9.402890309700316,-11.783083151467446,-14.687863764171778,-18.12089512978696,-21.86571644621741,-25.57979868304863,-28.905068130414605,-31.55760277101373,-33.3791591614611,-34.347791084389385,-34.55823732554512,-34.18545841248037,-33.431348417910954,-32.46946238117217,-31.39476562239985,-30.190355358355024,-28.73913907750488,-26.880043115513303,-24.46184699304195,-21.376656753018693,-17.583510148269458,-13.121995440089051,-8.113106237174513,-2.745883204702437,2.745854032640191,8.113083965081016,13.121985585322983,17.583513541171065,21.376674244997808,24.461883922301872,26.88008703676964,28.73917393624317,30.19040203764584,31.394841445532837,32.46953802746818,33.43140055290309,34.18551358684759,34.55829612983057,34.34783383109822,33.379183295214,31.557607901164957,28.905055409694025,25.5797681056423,21.86567455858129,18.120863399196267,14.687829358555668,11.783042880183023,9.402855507883132,7.277898239811891,5.008403450715547,2.39690100590495,-0.3924009168598365,-2.8549938573223206,-4.13526632484834,-2.752402513600239,2.7766387680923668,8.652424286825124,14.6145235287404,24.80989873898709
-24.73503433665653,-14.562633906414952,-8.626680920286201,-2.7540216583296773,2.769957280655035,4.135554213025785,2.845091076184168,0.3771374924659762,-2.4147727218155337,-5.0273658474386815,-7.297180895394529,-9.422092393025924,-11.801937926607216,-14.705965309081805,-18.137769728499485,-21.880991237337952,-25.593333043076832,-28.916963232695835,-31.568095317094013,-33.38854268535234,-34.356339733511575,-34.566146420345554,-34.19285607472876,-33.438340790027425,-32.47611876601539,-31.40112539859413,-30.196425763319898,-28.744893292035105,-26.885419779058783,-24.466754432025017,-21.38096850784804,-17.587085080441067,-13.12469227545886,-8.114791190031214,-2.7464576780164047,2.7464278169041667,8.114768305855424,13.12468191097598,17.58708815751171,21.380985962382145,24.46679113186194,26.8854637132315,28.74492881451382,30.19647268636385,31.40120099537998,32.47619432541086,33.43839358151265,34.19291150723357,34.56620521669272,34.356382671037444,33.38856689119809,31.56810041654037,28.916950375871085,25.59330222608073,21.88094914194739,18.13773759095964,14.70593052416374,11.801897199470847,9.42205743408632,7.297146741530557,5.027335537403764,2.4147669632857363,-0.3771406685319156,-2.8451008526931094,-4.13555156759385,-2.769951592654911,2.754039258492892,8.626695556624936,14.562507651106651,24.734920654079318
-24.66019590678106,-14.510731900514095,-8.601042970522261,-2.7314225108732018,2.787431951258272,4.135736532527295,2.8351088793072683,0.3618013478798755,-2.4327021340834163,-5.046349315669528,-7.31647181318691,-9.441328608587323,-11.820817464427227,-14.724079805427648,-18.15464219557553,-21.896245340523656,-25.606826999728,-28.92880094828011,-31.57851863457148,-33.39784745387444,-34.36479996380109,-34.57395699530039,-34.200146958258536,-33.445220688247176,-32.482659796632724,-31.407369054904372,-30.202382029520383,-28.75053658711983,-26.890691283970305,-24.471565157023967,-21.38519391126365,-17.590586227871082,-13.127331059455663,-8.11643826833265,-2.747018924181257,2.74698834622344,8.116414749660178,13.127320164320356,17.590588990801713,21.385211286685472,24.47160157468353,26.89073536799193,28.750572675775533,30.20242879658188,31.40744489467496,32.482735246260404,33.44527392199838,34.20020272161088,34.57401574538504,34.364843042170754,33.397871769114865,31.578523742390544,28.92878793111868,25.60679592084477,21.896203039813624,18.154609699197973,14.724044728060644,11.82077625959788,9.441293523274773,7.316437838795277,5.046319501353956,2.4326960499389463,-0.3618043532113018,-2.835117928589737,-4.1357334797413925,-2.7874257903850985,2.731440601321521,8.601058476439029,14.510605008479336,24.66008213489992
-24.585492000468065,-14.458946393298792,-8.57550113228955,-2.708827415924815,2.804830262516978,4.135817359031125,2.825041436196692,0.3463963154046749,-2.4506853474764543,-5.065373751169854,-7.335793257023895,-9.460586008406397,-11.839708019470542,-14.742192995453095,-18.17149830111492,-21.91146532872896,-25.62026920546085,-28.940570591678146,-31.588862190375437,-33.40706145462713,-34.37315623773024,-34.581652229714805,-34.20731441746749,-33.45197146109678,-32.48906962779952,-31.41348234519869,-30.20821145406195,-28.75605897406266,-26.89585093504781,-24.4762760102278,-21.38933369099396,-17.594016525371526,-13.12991504619571,-8.118049528428894,-2.747567694036233,2.7475363759059723,8.118025352502908,13.129903595311196,17.59401894093532,21.389350956671286,24.47631214660006,26.895895218862,28.756095568980268,30.20825799997528,31.413558542274327,32.48914498328858,33.45202505277297,34.2073705838381,34.58171101552375,34.3731994582779,33.40708585637965,31.5888673098017,28.94055747066562,25.620237903520252,21.9114228173554,18.17146547176488,14.742157649876406,11.839666343513477,9.460550808427168,7.33575948631889,5.065344482870044,2.4506790141772816,-0.3463990930923447,-2.825049744784822,-4.135813910242402,-2.8048236812736627,2.708845967911658,8.5755174365425,14.458818775626408,24.585378040175957
-24.51093360932217,-14.40726830499756,-8.550047059462084,-2.686233333050976,2.8221510614557044,4.135793754229164,2.814880752632163,0.3309074418230158,-2.4687439727226868,-5.084465664506052,-7.355175166860725,-9.479897030077751,-11.858643980779211,-14.760340758897645,-18.188373815671174,-21.926685116630782,-25.633688729704648,-28.952297554303733,-31.59914795736655,-33.416208971787256,-34.381440635824305,-34.58927020085678,-34.21439818750837,-33.458632658395906,-32.49538535743677,-31.419499468425663,-30.213941336767324,-28.76148112901506,-26.900909966958924,-24.480887407448147,-21.39337961840316,-17.597363119560285,-13.132431505437395,-8.119616961433994,-2.7481011097447934,2.7480690573469357,8.119592135131848,13.132419515716252,17.597365199068744,21.393396801108096,24.480923370419315,26.90095412144877,28.76151832282289,30.2139887233994,31.41957482356848,32.495460729083,33.45868707171002,34.21445458948039,34.58932899171718,34.381483996566615,33.41623341601785,31.599153046843384,28.95228427919045,25.63365714412361,21.92664238036868,18.18834053705097,14.760304906702096,11.85860191975663,9.479861637936716,7.355141551771443,5.084436869668039,2.4687372634922022,-0.3309100494154997,-2.8148884606024343,-4.135790006523549,-2.822143913801193,2.686252459649537,8.55006438430268,14.407140176564214,24.51081968753658
-24.43652971449468,-14.355696138418304,-8.52467656001835,-2.6636377745310127,2.839392826240186,4.135662275653708,2.804619464710447,0.315322801190636,-2.486893840163316,-5.103643762854458,-7.374638208229957,-9.499283799530335,-11.877648715242143,-14.778547239470184,-18.20529283771473,-21.941927609654343,-25.64710498773236,-28.963998954766662,-31.60939057288954,-33.42530484686216,-34.38967225991517,-34.59683221095869,-34.22141962936877,-33.46522561214597,-32.50162703204768,-31.425438163687332,-30.219586758694103,-28.766814293817596,-26.90587498785832,-24.48540085539527,-21.397328043077923,-17.60061963967331,-13.134874005804594,-8.121136555974559,-2.748617725263854,2.7485849238234503,8.121111064778264,13.134861477657294,17.6006213790259,21.397345137663123,24.4854367199232,26.90591869826374,28.766852124634333,30.219635858044665,31.425511669492483,32.50170253144908,33.46528122690485,34.22147607698293,34.59689102355056,34.38971584188728,33.42532936537315,31.60939561322737,28.963985492614047,25.647073134458925,21.941884736578533,18.205259100380648,14.778510803040245,11.87760640662051,9.499248241509132,7.374604779472185,5.103615430263256,2.4868867348559003,-0.3153251654167322,-2.804626462808635,-4.135658164082906,-2.8393851921832,2.6636574322310063,8.524694811409502,14.355567387117462,24.436415729721663
-24.36225641627915,-14.304262980711446,-8.499413308645634,-2.641052166354098,2.856554812455292,4.135432501016343,2.7942817187425337,0.2996838210836305,-2.5050771997824786,-5.1228378946353645,-7.394103272530951,-9.518660464794548,-11.896630815670912,-14.79671677813799,-18.22215986756852,-21.95710263435662,-25.66044181092316,-28.975606195294684,-31.619526668585312,-33.43427647651766,-34.39775551178755,-34.60422914130568,-34.22826921252348,-33.471643397034974,-32.50769589782217,-31.43120849731393,-30.22507547293828,-28.77200301246768,-26.910713668401105,-24.489810266195427,-21.40119593586068,-17.60381599161898,-13.137273500937138,-8.122627895180395,-2.749124679482225,2.749091100755236,8.122601712715147,13.137260383590368,17.6038173498163,21.401212864716506,24.489845922430607,26.91075752422256,28.772041243490897,30.225124570530628,31.4312821785561,32.50777137659322,33.47169942970833,34.22832600508248,34.604288022648106,34.39779920499252,33.434301076837954,31.61953172543802,28.975592605832908,25.660409698615933,21.957059530606536,18.222125707511463,14.796679971525212,11.89658810048308,9.5186247716481,7.394070040488558,5.122810063915708,2.505069839709481,-0.2996860204595144,-2.79428801125256,-4.135427876680189,-2.8565466494591902,2.641072345868964,8.499432472575792,14.304133567941324,24.36214232736643
-24.28812355534731,-14.252943669796675,-8.474240441959504,-2.6184692766896225,2.873636184066408,4.135099301346158,2.783854465948958,0.2839670037227022,-2.5233278626884887,-5.142089757278376,-7.4136177179947005,-9.538078585967751,-11.915645288482311,-14.814907042953587,-18.23903253866394,-21.972264751552935,-25.67374465882269,-28.98716000226112,-31.629592892303585,-33.443165937984055,-34.40574804695904,-34.61152819052838,-34.235014904784435,-33.47795319026027,-32.513654213754634,-31.436867354594032,-30.230452746628547,-28.77708172743132,-26.915445393851822,-24.494118029139276,-21.404970519534363,-17.606931263490925,-13.13960876495291,-8.124077725158386,-2.749617150018929,2.74958278353151,8.12405084442339,13.139595074339349,17.606932268746107,21.40498729121205,24.49415350562344,26.91548940072067,28.77712034904213,30.230501973155576,31.43694112649547,32.513729759876526,33.478009641640526,34.2350720325801,34.61158716721656,34.40579185801534,33.44319060201304,31.629597910878687,28.98714623391497,25.67371223925012,21.972221352973676,18.238997899510014,14.814869814256877,11.91560210534903,9.538042703821324,7.413584621304006,5.142062372288479,2.5233202260301497,-0.2839690637625275,-2.783860146357497,-4.135094312095736,-2.873627432725121,2.618490062886984,8.47426068916639,14.252813760459476,24.288009530971205
-24.214118570978204,-14.201744971070127,-8.449163163636058,-2.595891232954588,2.8906369672369583,4.134666315033466,2.773346137672204,0.2681863336275525,-2.541626514068186,-5.1613758347371705,-7.433154976632743,-9.557509263525072,-11.93466129327819,-14.833085696013482,-18.25587849921202,-21.98738348868315,-25.686987094071785,-28.99863650062956,-31.63956619393839,-33.4519465821328,-34.41361673353169,-34.61869210051287,-34.241619187092574,-33.484119075299255,-32.519469184114364,-31.442385252089675,-30.235694777215173,-28.78203213165093,-26.920059186264584,-24.49832147301551,-21.408656030907487,-17.609973803580193,-13.141888819099773,-8.125491995154768,-2.750097323330295,2.7500621405794017,8.125464391244085,13.141874524915586,17.60997442179914,21.40867259202966,24.498356717508653,26.92010359272324,28.782071042667,30.235743491303804,31.44245982513632,32.51954480510916,33.48417562692632,34.24167677632535,34.61875120187606,34.413660638974974,33.45197132402422,31.639571232667908,28.99862257450398,25.686954370115597,21.9873397652296,18.25584345382364,14.833048179062295,11.934617564391708,9.557473229280168,7.433122044030957,5.161348969177784,2.5416186797433973,-0.268188208588516,-2.7733510751729686,-4.134660936748544,-2.890627730385697,2.595912582749333,8.449184412028941,14.201614469739006,24.21400450606144
-24.140262982833487,-14.150649472442256,-8.42416606103093,-2.5733121548509925,2.907553941685181,4.1341239749255,2.7627362484469136,0.2523085924654012,-2.5600181215710323,-5.180750070798209,-7.452775433382941,-9.577017780598451,-11.95374810789845,-14.851325157302204,-18.272770049383247,-22.00252708784603,-25.700227553689977,-29.01008791653219,-31.64949473332633,-33.460672557573545,-34.42143065900681,-34.62579947386442,-34.248161627053896,-33.49021809810726,-32.525211892265574,-31.447826970983357,-30.24085371641773,-28.78689471926536,-26.92457924156929,-24.502425989651577,-21.41224203142597,-17.612923950082354,-13.144092811675469,-8.126857432832685,-2.750560358827957,2.750524349971484,8.126829087662943,13.144077915393003,17.612924210740385,21.412258442012504,24.502461098196964,26.924623513472586,28.7869339606533,30.24090334756769,31.447900809766736,32.52528770563217,33.49027528932193,34.24821938947252,34.62585866360452,34.42147472273628,33.46069738450948,31.64949973955605,29.01007374821372,25.70019447635567,22.00248307966209,18.27273453563369,14.851287153154972,11.953703987973007,9.576981551810052,7.452742651121161,5.18072364341808,2.560010025073232,-0.252310300164825,-2.7627405355355577,-4.134118130414836,-2.907544068222724,2.5733341293821725,8.42418841903484,14.150518468738046,24.140148991066223
-24.066533084573773,-14.0996865508724,-8.399266670959834,-2.550740636060102,2.9243874882546423,4.133483138260426,2.7520498117571144,0.2363742254831176,-2.5784481086402136,-5.200146989813138,-7.472405701294691,-9.59652464273055,-11.97282118225757,-14.869536733044184,-18.28961848830452,-22.017611690220328,-25.71339472028125,-29.02144936357736,-31.65931717601192,-33.46927309795405,-34.429098110655616,-34.632746690624984,-34.25453859780713,-33.49615021795498,-32.53079018570138,-31.45310808838628,-30.24586134028856,-28.79161546711729,-26.92897174530946,-24.506421094297405,-21.4157384054468,-17.615803748794022,-13.146245183048558,-8.128189481951843,-2.751011966164339,2.750975101461332,8.128160361483816,13.146229650596084,17.615803619170418,21.41575459386525,24.506455959693756,26.92901639897518,28.79165484371668,30.245910404250488,31.453182824056015,32.53086617824049,33.49620735148093,34.25459671276973,34.632806022742024,34.42914232520902,33.46929799605184,31.65932208060065,29.021434939607666,25.713361340025024,22.017567319638676,18.28958254851017,14.86949843890648,11.972776449848618,9.59648823376778,7.472373057736833,5.200121088417171,2.5784397897002025,-0.2363758230235376,-2.752053428418926,-4.13347670797534,-2.924376900967432,2.550763251526526,8.399290188521874,14.099555076648704,24.06641920955749
-23.99296437265283,-14.04882340079137,-8.374440422541088,-2.528167721755452,2.941131701144207,4.132725621079803,2.741249674184408,0.2203245814248097,-2.596994663383,-5.21965980320565,-7.492149766598265,-9.61614216322553,-11.991999620875152,-14.887845129494991,-18.30654842986979,-22.032755175698867,-25.72659026088396,-29.03281273446909,-31.669119900645185,-33.4778464728624,-34.436743353670046,-34.63967419172818,-34.26089148281044,-33.50205106129987,-32.53632867453374,-31.45834281396985,-30.25080940403333,-28.79626696132901,-26.933281756028496,-24.51031980923415,-21.419131734676156,-17.618583764550603,-13.148313107924563,-8.129467322130797,-2.75144447250404,2.7514067537491904,8.1294374337633,13.14829694568619,17.61858324092775,21.419147784067853,24.510354687773955,26.933325826838185,28.79630668790825,30.25086069286933,31.4584153184737,32.53640499964074,33.50210940775162,34.26094952502085,34.639733610084626,34.4367877998873,33.47787147008515,31.66912469825592,29.03279801760748,25.726556511746587,22.032710585536652,18.306511977350464,14.887806164682564,11.99195472662603,9.616105552969744,7.492117293608184,5.2196342193121525,2.5969860832682823,-0.2203259412216123,-2.74125253575564,-4.13271866475891,-2.941120510284734,2.5281909760282804,8.374465068733102,14.048691407243908,23.9928505560686
-23.919527030191983,-13.998097480651564,-8.349707830560833,-2.505601515736577,2.957789864606482,4.131867850425752,2.730370522243222,0.2042144625698622,-2.615584789087589,-5.239201504274165,-7.511910533683176,-9.635765386284657,-12.011172064878822,-14.90613367787754,-18.32344339238548,-22.047847537347337,-25.73971916061696,-29.044091731891545,-31.678820679866625,-33.486298208283046,-34.44424746790192,-34.64644769753487,-34.26708516030831,-33.50779122539184,-32.541708488926865,-31.46342212715099,-30.255610092043653,-28.800779368427797,-26.937465162820043,-24.51410805736651,-21.42243265025497,-17.62128979146409,-13.150326194641352,-8.130709856293151,-2.751864886153743,2.751826301564346,8.130679200499204,13.150309409873488,17.621288880917533,21.42244846301808,24.51414289264352,26.93750919026289,28.800819229173893,30.25566239150675,31.46349382327969,32.54178524992775,33.50785014402086,34.267143305543975,34.646507307029,34.44429205110178,33.48632324142524,31.678825365426093,29.044076727837783,25.739685011247087,22.047802591294964,18.32340638235437,14.90609417613195,12.011126728250234,9.635728533098014,7.511878143965345,5.239176278887174,2.615575965771152,-0.2042156805234921,-2.7303727511828697,-4.131860475843638,-2.9577779627027745,2.505625506591771,8.349733809699869,13.99796515915679,23.919413459207224
-23.846229671447357,-13.947488480531836,-8.325057308707612,-2.483038148355803,2.9743584204203444,4.130901197218964,2.7193955040080664,0.1880177547232032,-2.634252893806425,-5.258812816492967,-7.531733285097199,-9.655443126015944,-12.030390215474794,-14.924456355665193,-18.340357144778547,-22.062939513463903,-25.75282499910881,-29.05532592457342,-31.6884567708077,-33.494670514593686,-34.451663705673546,-34.65312756674138,-34.273180370788786,-33.51342931993527,-32.5469835493285,-31.46839529676307,-30.26030335066793,-28.805184222340326,-26.94154176735109,-24.517792128974108,-21.42563607872998,-17.62390992862418,-13.152270719072652,-8.131908374048155,-2.7522699748305226,2.7522304917128344,8.131876911088732,13.152253283393197,17.623908587113046,21.42565161276091,24.517826941525456,26.941585644321616,28.805224156184,30.260356900628253,31.468465867917985,32.547060820090245,33.51348885574174,34.27323856327212,34.6531874145629,34.45170841426382,33.494695599103224,31.688461396889803,29.055310655643144,25.75279050516204,22.06289427501737,18.34031963631216,14.924416373510065,12.03034451377124,9.655406096889338,7.531701047709705,5.258788012994222,2.634243881881675,-0.1880187398809635,-2.7193969459932306,-4.130893234214102,-2.9743459073298872,2.483062785625516,8.325084436294219,13.947355629401647,23.846116163058515
-23.773049354263847,-13.897029378686454,-8.300502403252814,-2.460485250643901,2.9908382287435566,4.12983860463024,2.7083535659837947,0.1717794840409025,-2.6529399410977765,-5.278423967721669,-7.551540240312994,-9.6750913367325,-12.049564501273448,-14.942719275976168,-18.35719546063253,-22.077941696973998,-25.765832832402594,-29.06644569502612,-31.69796196964566,-33.50288808070186,-34.4588928365425,-34.65960222153425,-34.27906731152091,-33.518858340314935,-32.55205464669243,-31.473171793184804,-30.26481330874506,-28.809420697524047,-26.945470519677823,-24.52135336679525,-21.42874487952703,-17.626460530843694,-13.15416741253022,-8.133075774354698,-2.7526646359901434,2.7526242289696787,8.133043479778316,13.154149301831367,17.626458770329048,21.428760117080788,24.52138808978853,26.94551467096684,28.80946054211269,30.2648669159561,31.473242786476305,32.55213232117342,33.518917933559266,34.279125732120434,34.659662338599034,34.458937682532365,33.502913221971646,31.697966491861937,29.066430121735017,25.76579793515605,22.077896068848545,18.357157395718566,14.94267881657273,12.049518319824989,9.67505407354738,7.551508091142871,5.278399516400016,2.6529307650873744,-0.1717803419499779,-2.708354366463952,-4.12983014327256,-2.9908249741446213,2.460510646126028,8.300530904823383,13.896896209544456,23.772936113922032
-23.700007212473075,-13.84667738991893,-8.27602171659609,-2.437932469759342,3.0072259784729,4.128664083504164,2.6972107293425225,0.1554470879725291,-2.6717149359891423,-5.298116637330552,-7.571422522075703,-9.694808471187304,-12.068799810512015,-14.961032327685244,-18.374068467680384,-22.092958396003137,-25.778829123986487,-29.077530982052,-31.70741141396273,-33.511036363720414,-34.46604935243966,-34.66600116528155,-34.28487347725486,-33.52420307252489,-32.55703763021339,-31.477857401186775,-30.26922826313525,-28.81355907973161,-26.949297933886665,-24.524811503794883,-21.43175292750617,-17.628919697055732,-13.155989731928704,-8.134195733656899,-2.7530427093610554,2.7530013574936443,8.134162591150389,13.155970921522838,17.62891745145695,21.431767797727623,24.52484616763164,26.94934219883227,28.81359887744652,30.269282435193578,31.47792806088065,32.5571157908269,33.52426295073766,34.28493207724516,34.66606160373156,34.46609429376778,33.51106151151621,31.70741586585401,29.07751518524072,25.77879389911939,22.09291244111977,18.374029887005698,14.960991407805476,12.06875322869309,9.694771018418894,7.571390497190367,5.298092604705377,2.671705680133388,-0.1554476656246213,-2.697210780548342,-4.12865507180548,-3.007212071494683,2.4379585495685867,8.276051448590247,13.846543745659202,23.69989408380863
-23.62709051244692,-13.796448682775756,-8.251620659296938,-2.4153831721193346,3.0235212373993257,4.1273829008654,2.6859797540149875,0.1390409643052806,-2.690550637231232,-5.3178582086815895,-7.591343468129961,-9.7145547018835,-12.08805349358784,-14.979350596191214,-18.390930948089704,-22.10794674421733,-25.791778268382497,-29.08854887090597,-31.71677361993452,-33.519078803140665,-34.47308433242081,-34.67226906359062,-34.29054410730049,-33.5294100616544,-32.56188280500039,-31.48240671070386,-30.273510036216106,-28.817568658720244,-26.953003133687183,-24.528156765915305,-21.43466121280645,-17.63129524152586,-13.157747793690874,-8.135274587438946,-2.753406610230623,2.753364263639702,8.135240534226561,13.157728271584906,17.63129254323422,21.43467571481872,24.528191294207048,26.95304746413074,28.817608352325102,30.27356461227297,31.48247726759564,32.56196148626599,33.52947005496185,34.29060280262519,34.67232984563614,34.473129451717874,33.51910400097032,31.71677793745401,29.08853279586333,25.7917427298572,22.10790050121276,18.39089188763604,14.97930924548832,12.088006542826014,9.714517089826703,7.591311584016394,5.317834592616846,2.6905413151534168,-0.1390412291648131,-2.685978976204829,-4.127373203661616,-3.023506650552129,2.4154099256425487,8.251651609640982,13.796314529471214,23.62697746399936
-23.554298921354825,-13.74633885993719,-8.227295551858447,-2.392835405645612,3.0397234819892107,4.125994664861005,2.674659383652381,0.1225586268176192,-2.7094506410956347,-5.337653197283251,-7.61130830529653,-9.73433582992251,-12.107331902700835,-14.997680896837714,-18.407789868416938,-22.12291322543084,-25.8046848514294,-29.09950313786097,-31.72605193080592,-33.52701988612827,-34.48000542297127,-34.6784149659611,-34.296088522471635,-33.53448860225822,-32.56659901112986,-31.486827835229853,-30.277665414984227,-28.82145497016763,-26.956589839727297,-24.53139083924692,-21.437468976828512,-17.633584859344793,-13.159439014694795,-8.136310642376607,-2.7537557117492777,2.753712371625562,8.1362756934449,13.15941874511289,17.63358163402524,21.43748306995682,24.531425305054757,26.956634311611467,28.82149446417856,30.277720426441324,31.486898232246052,32.56667827703095,33.53454874427938,34.29614736523909,34.67847607566491,34.48005061584626,33.527045099153234,31.726056192930788,29.09948683793569,25.804648954370982,22.122866605768927,18.40775029717168,14.997639122506357,12.10728453179837,9.73429804773296,7.611276560482858,5.337630005731668,2.709441250991565,-0.1225586224343119,-2.6746577893260466,-4.125984290195127,-3.039708189503035,2.3928628711570177,8.227327794095746,13.746204259628763,23.55418601207317
-23.481636085393497,-13.69634635648053,-8.20304237118635,-2.3702884389355967,3.05583019589642,4.124495418057166,2.6632433282446466,0.1059913949413248,-2.728425721451536,-5.3575139306964985,-7.631330475067093,-9.75416613993308,-12.126650001495989,-15.016038697802337,-18.424660600563072,-22.137872427885128,-25.817561750520827,-29.11040568070505,-31.73525731435976,-33.53487097277926,-34.48682605075619,-34.684453678812105,-34.30152105850905,-33.53945249306557,-32.57119866796948,-31.491131643894672,-30.28170388613741,-28.825225113469,-26.960062433537797,-24.53451517290364,-21.44017523827223,-17.635786056588692,-13.161060470467609,-8.13730215528882,-2.7540893684986654,2.7540450112637576,8.137266288048075,13.161039459065789,17.635782341138807,21.4401889189806,24.53454954356936,26.96010715591293,28.82526441227186,30.28175898247217,31.491202262728866,32.571278612515655,33.539512603996045,34.30158003107654,34.68451514959709,34.48687137204625,33.534896230150686,31.73526145971536,29.11038906805357,25.8175254720265,22.137825426553857,18.424620478857843,15.015996444423344,12.126602203813274,9.754128152827406,7.631298832103244,5.357491120477897,2.728416235514441,-0.1059911041031658,-2.663240947819542,-4.124484431316207,-3.0558141701917934,2.370316681065899,8.203076013925475,13.696211398166456,23.481523407361458
-23.40909418184822,-13.646475170426651,-8.178860876312452,-2.3477433541369703,3.07184055669402,4.122887740205865,2.65173799497802,0.0893491276822878,-2.7474632281772307,-5.377425726958729,-7.6513937840944095,-9.774028243196904,-12.145989298693616,-15.03440459962506,-18.44152358700761,-22.152805663224665,-25.83039322646846,-29.12124166426457,-31.744375769972034,-33.54261665409219,-34.493525986861684,-34.69036263007769,-34.306819552537924,-33.5442800213856,-32.575661619661666,-31.495299729152933,-30.28560915887536,-28.828865666180658,-26.96341113192297,-24.53752409412507,-21.44277862214309,-17.637900456677837,-13.162615016036389,-8.138250845390187,-2.7544082517308945,2.754362884811727,8.138214060405918,13.162593270964477,17.637896239596962,21.44279189319959,24.53755840762021,26.96345620606272,28.828904781936185,30.28566413556208,31.49537078182229,32.57574223949758,33.5443400847299,34.30687870959739,34.690424454870225,34.493571354003585,33.54264187752914,31.7443797833119,29.12122470668972,25.830356493083727,22.15275816013814,18.441482801384428,15.034361767725985,12.145941006247368,9.773989969056906,7.65136219008818,5.377403233777187,2.7474535716390505,-0.0893487267822118,-2.651735049880789,-4.122876128086308,-3.0718235687066198,2.347772510488296,8.178896183861688,13.646340102580286,23.40898200287556
-23.336678080218583,-13.596721411727044,-8.154746744267703,-2.325197983100245,3.087752804403684,4.121167655648959,2.6401359277865417,0.0726209186961907,-2.766576847030717,-5.397404272253092,-7.671515383045371,-9.793940424503248,-12.165369116257244,-15.052798694289235,-18.458398855150985,-22.16773178431001,-25.84319458609085,-29.132025028433876,-31.753419711193605,-33.550269910482534,-34.50012269823221,-34.69616140936035,-34.31200309431267,-33.54899014169747,-32.58000571108672,-31.49934846951129,-30.289395502584476,-28.83238820195309,-26.96664395135676,-24.540421666529927,-21.44527912092489,-17.63992540404834,-13.164099155490794,-8.139154689599085,-2.754711610556818,2.754665187736209,8.139116949678263,13.16407663135922,17.639920631138878,21.44529190519812,24.540455864833863,26.96668945231338,28.8324270414592,30.289450136680784,31.49942015750524,32.580087026411604,33.54905002943468,34.31206245592109,34.69622362045087,34.500168142140126,33.550295142910656,31.75342363633135,29.132007794208985,25.84315747010126,22.16768386063568,18.458357489904984,15.052755365538667,12.16532042933562,9.793901954549424,7.671483906068137,5.397382155392345,2.766567121394386,-0.0726201747048701,-2.6401321511004365,-4.12115538294747,-3.087735060761291,2.3252279423326847,8.15478349303777,13.596585991450397,23.336566137127143
-23.264387493478065,-13.547079044632488,-8.130695926106304,-2.3026507679314827,3.1035661702622663,4.119334081726641,2.628434219282433,0.0558019594124766,-2.7857728932569934,-5.4174570908483215,-7.691703708784023,-9.81391188051738,-12.18479936010196,-15.071231597479692,-18.47529733557609,-22.182661293083104,-25.855974482696748,-29.142763768462537,-31.76239693820642,-33.55784015939283,-34.50662931199701,-34.701865323785725,-34.31708746809957,-33.553598097769026,-32.58424513857577,-31.50329081839538,-30.29307410330201,-28.835802203292705,-26.969768000296224,-24.543212045387197,-21.447677898399668,-17.64185988471947,-13.165510899888496,-8.140012429315922,-2.7549989477926866,2.7549514486133853,8.139973711932322,13.165487571075715,17.64185454255974,21.44769019408713,24.543246133421537,26.969813905123456,28.83584066559446,30.293128417664565,31.503363190988345,32.584327091978906,33.55365778681518,34.317147034637685,34.701927907069624,34.506674805802106,33.55786538575578,31.76240077387987,29.14274623183209,25.85593695450819,22.18261295720203,18.47525538363525,15.071187745869633,12.18475031714559,9.81387321528606,7.691672351914715,5.4174353258141705,2.785763093814588,-0.0558009001014597,-2.628429598276718,-4.1193210173974855,-3.1035475981729554,2.302681553179681,8.130734166079682,13.546943304381122,23.26427582717657
-23.19221570599258,-13.497562194320768,-8.106709885590844,-2.2801034014552712,3.119279614943778,4.117390788417999,2.6166429516059013,0.0389080824171424,-2.805030983314388,-5.437560408310683,-7.7119324472966415,-9.833914239806967,-12.204249759012804,-15.089671353639869,-18.492186654714413,-22.197563120334195,-25.86870710487994,-29.15343324274413,-31.77128380479728,-33.56530052081362,-34.51300949606273,-34.707433070306664,-34.322031633585624,-33.55806365598252,-32.588342355393536,-31.50709249983422,-30.296614646861716,-28.83908250295355,-26.97276476730576,-24.545884298654094,-21.44997169181749,-17.643706056766508,-13.166855090896298,-8.140826937738902,-2.755271434838209,2.755222832669741,8.140787212155294,13.16683095157605,17.64370013634671,21.44998348860036,24.545918294322817,26.97281101195441,28.839120549849103,30.29666885720752,31.507165398075077,32.58842494485696,33.558123216759945,34.322091360137584,34.70749603232964,34.51305505630517,33.565325747359374,31.77128752268325,29.15341538018935,25.86866913862407,22.19751433429977,18.492144090077225,15.089626971154956,12.204200332583008,9.833875364475116,7.711901192899512,5.437538975405529,2.805021110104269,-0.0389067333600124,-2.616637531604741,-4.117376930435419,-3.1192601560284907,2.2801350620161407,8.106749709650698,13.497426208076496,23.192104397324044
-23.120147411161003,-13.448180802021792,-8.082788943132648,-2.2575563057614967,3.134892904411013,4.115341795774406,2.6047734034256327,0.0219578746297775,-2.824326369797217,-5.457684745019853,-7.732168544266303,-9.853911536656186,-12.223681594671742,-15.108076760929174,-18.50902462270453,-22.212396638723888,-25.881358115401927,-29.1640012471292,-31.780049126571157,-33.57261567619661,-34.519216619015296,-34.71281156257553,-34.3267820541144,-33.5623346579956,-32.592248695074666,-31.510709139508567,-30.29997809056755,-28.842196409935813,-26.975609722569693,-24.548423349900247,-21.45215501021476,-17.645465565711206,-13.168136845911176,-8.141601493449196,-2.7555304026160887,2.755480659643788,8.141560732247044,13.168111844823368,17.645459027610332,21.452166303946854,24.548457262976275,26.97565619985181,28.84223411047478,30.30003232265572,31.510782374172564,32.592331895662895,33.56239421787958,34.32684193777526,34.71287489431564,34.51926226234662,33.57264089639982,31.78005274226553,29.163983062527887,25.88131971237744,22.212347396624217,18.508981456245884,15.108031873661862,12.2236317817685,9.85387246353958,7.732137394240965,5.457663655355794,2.8243164964609857,-0.0219561949178398,-2.6047671324790542,-4.115327137649513,-3.1348725882079664,2.2575888441336005,8.082830341606734,13.448044544023787,23.120036426706168
-23.048199666214632,-13.398899464629192,-8.058920289305448,-2.235003058573097,3.150404067854021,4.113174865413566,2.592796328268514,0.0049054485294352,-2.84371850616211,-5.477899714904331,-7.752489218903732,-9.873987116795366,-12.243183912208872,-15.126541862148104,-18.5259067221748,-22.227253416481307,-25.89400383497387,-29.174539618426824,-31.78876140347987,-33.57986226957002,-34.525352968770605,-34.71811712719973,-34.33145502822327,-33.56652493498695,-32.59607024047994,-31.514237267960283,-30.30324953208333,-28.845214484052992,-26.97835489494265,-24.550860154783415,-21.45423725300289,-17.647132282845867,-13.16934264451056,-8.142327797003988,-2.755772513470449,2.7557216114621927,8.142285974507406,13.169316782519145,17.647125118297648,21.45424800941675,24.55089397599169,26.978401726372905,28.84525169014044,30.30330353643925,31.51431121288819,32.59615405977476,33.56658431154822,34.33151508721752,34.71818086378254,34.52539867556767,33.579887490778155,31.78876492097785,29.17452110047637,25.89396496472106,22.227203697288065,18.52586293048009,15.1264964335642,12.243133733025736,9.873947832697542,7.752458161269312,5.47787894953679,2.84370862747717,-0.0049034253436376,-2.592789256033059,-4.113159386856465,-3.150382825068043,2.235036509882772,8.058963332696235,13.398762993719629,23.04808906799009
-22.9763551104868,-13.349745589480294,-8.035108222475651,-2.212446444116388,3.1658132255293334,4.110899473284326,2.580735505347649,-0.0122116899062144,-2.863158781439588,-5.498148452396808,-7.772831460059626,-9.89407301168508,-12.262684117461635,-15.14498995000021,-18.542754949434144,-22.24205830936724,-25.90658089368708,-29.18498823220828,-31.797362926098877,-33.58697599797426,-34.53133388286779,-34.72325374630335,-34.33595439976431,-33.57054039477385,-32.599719186793926,-31.51759688570584,-30.30635808614083,-28.84807760989921,-26.98095611875726,-24.553167586373,-21.45620858948028,-17.648709083409003,-13.170481900992309,-8.143011660413492,-2.7560001675064147,2.755948085048705,8.14296876188987,13.170455160217472,17.648701280835077,21.456218811522906,24.553201347631543,26.981003252714984,28.84811437486123,30.306412040092177,31.517671340369947,32.59980366903663,33.570599688663584,34.33601462698578,34.72331789828421,34.53137966775071,33.587001179464934,31.79736628602119,29.1849693590546,25.906541562414468,22.2420080658595,18.542710476816115,15.14494395087561,12.262633498432772,9.894033474583388,7.772800459720608,5.4981279964082495,2.8631488877455604,0.0122140050349494,-2.5807276677306947,-4.110883270842855,-3.165791046302183,2.21248089694747,8.035153056445484,13.349609034479894,22.976245021967
-22.904615064459207,-13.300703955765757,-8.011345762172024,-2.1898836647350937,3.1811186066191945,4.1085106302876895,2.568580314745913,-0.0294098580616347,-2.8826682008251416,-5.518455456218904,-7.793222314897258,-9.91419828727898,-12.282213116342778,-15.163453481348752,-18.5596020569816,-22.25684265266732,-25.919115907731943,-29.195372003594915,-31.805877570942386,-33.593983485997775,-34.53719367755936,-34.72826028241802,-34.340319291750305,-33.57441928981229,-32.60323118720044,-31.520820324991558,-30.3093321859092,-28.85080920517439,-26.983430519853783,-24.55535562916696,-21.458071964489054,-17.650193961059703,-13.17155014137712,-8.143650281027806,-2.756212253142242,2.756158937093244,8.143606252889274,13.171522470352883,17.650185463265807,21.45808159275757,24.5553892690277,26.9834778691118,28.850845485883895,30.30938606115837,31.52089527023531,32.60331628380987,33.57447848540209,34.3403796489978,34.72832482606066,34.537239562261604,33.594008676186554,31.805880827909068,29.19535280269453,25.919076147529506,22.25679196044984,18.55955699491206,15.163406993718096,12.282162153669354,9.914158582619775,7.793191430935246,5.518435346157571,2.8826583896185327,0.0294126371300357,-2.568571493872888,-4.10849355601933,-3.1810955690483604,2.189919027660772,8.011392224941057,13.30056713259006,22.90450529521452
-22.832978445366447,-13.251775758662069,-7.987629699988454,-2.167313785189658,3.1963194782930344,4.106008742233559,2.5563320113198897,-0.0466871373881415,-2.9022444645440872,-5.538818261296882,-7.813659240793829,-9.934360342348304,-12.30176825383078,-15.181929770963524,-18.57644536911068,-22.271603713121667,-25.93160609669599,-29.20568808607302,-31.814302464406744,-33.60088175918571,-34.5429293166713,-34.733133603602816,-34.34454644938417,-33.578158423156054,-32.606603148676385,-31.52390469273016,-30.312169078825782,-28.85340680772856,-26.985775962702903,-24.55742253034264,-21.459826028952435,-17.651585980479403,-13.17254689876625,-8.144243448984842,-2.7564087168021505,2.756354125685642,8.144198252514334,13.172518275271514,17.65157679510804,21.459835063387235,24.55745602021006,26.98582345270582,28.85344257781371,30.312222944421112,31.523980086002304,32.606688858351376,33.57821750188817,34.34460689705314,34.73319855081125,34.54297536465599,33.60090697483158,31.814305550999624,29.20566850060575,25.93156591320348,22.271552602640693,18.576399721746103,15.181882797800055,12.301716960061244,9.934320477022146,7.81362847013123,5.538798492330392,2.9022347588820416,0.0466904119947598,-2.556322174675558,-4.105990740926357,-3.196295557605666,2.167350070669205,7.987677817786045,13.251638682830777,22.83286900872102
-22.76143684920188,-13.202960073904238,-7.9639566535546145,-2.1447350705194688,3.2114157914983625,4.103394817035349,2.5439935064724013,-0.0640385370344767,-2.9218807188795632,-5.559228562145913,-7.834132833718767,-9.954548889759335,-12.321338380851378,-15.200406884707457,-18.593272543589134,-22.28632951666044,-25.94404084707807,-29.21592652992989,-31.822627865213786,-33.607660098170435,-34.54852758544052,-34.73785882478033,-34.34862074833873,-33.581743144459686,-32.60982139351326,-31.5268374466783,-30.314857815529567,-28.85586106119277,-26.987985193118625,-24.559363550647728,-21.46146851459741,-17.65288480925515,-13.173472848341676,-8.144791679633105,-2.7565897721476293,2.756533892493523,8.144745301401716,13.17344325461784,17.652874909413814,21.46147695312824,24.559396914053305,26.988032865140955,28.855896378174155,30.314911552308438,31.526913371649968,32.609907716922905,33.58180213492904,34.34868132248317,34.73792415701923,34.548573729092624,33.607685304342105,31.822630790322304,29.215906560333945,25.944000181114017,22.28627789834772,18.59322623805557,15.200359356203656,12.321286714659127,9.954508809323118,7.834102140723533,5.559209085739294,2.9218710821730784,0.0640422022495492,-2.543982775469071,-4.103375923690906,-3.211390859420422,2.1447723965389827,7.964006630242104,13.20282292315078,22.761327919822765
-22.68999399761611,-13.15424953499607,-7.940321603382757,-2.1221449811727013,3.2264063249281274,4.100665348143083,2.531556533773899,-0.0814771267051088,-2.941593800715687,-5.5797058641112445,-7.854664581758402,-9.97478699351046,-12.340948088120909,-15.218910720666711,-18.610109912619095,-22.301045293071308,-25.956441230951917,-29.226106790922447,-31.830871827283204,-33.61433777316109,-34.55401364062485,-34.74246451310581,-34.35257099738104,-33.58520163655717,-32.61291232989436,-31.52964287537636,-30.317419790291144,-28.858190236476094,-26.990072270217297,-24.561187785173605,-21.46300327173092,-17.654090149278968,-13.17432565668789,-8.145293449620759,-2.756754800492572,2.7566975820187563,8.145245846663329,13.174295050621524,17.654079498364904,21.463011053924188,24.561220995314475,26.990120102249207,28.85822492991853,30.31747349429596,31.52971929516344,32.61299931657963,33.58526045495156,34.35263165306637,34.742530275800775,34.55405993178338,33.61436299054971,31.830874585693035,29.22608645576212,25.956400137616967,22.30099320924708,18.61006300427793,15.2188627085522,12.340896084829152,9.97474675929478,7.854634002987601,5.5796867358460895,2.9415843009915106,0.0814813354591595,-2.5315447483788778,-4.100645503480704,-3.226380466509772,2.1221832891779773,7.940373327077217,13.15411218467651,22.689885442446265
-22.61864210783358,-13.105646107468989,-7.916721143866938,-2.099542537442447,3.241290610102168,4.0978218515569065,2.5190257904098594,-0.0989950354901376,-2.961373337996913,-5.600238046289289,-7.875241052219097,-9.995060161717422,-12.360581823859734,-15.23742476319751,-18.62694048012836,-22.31573450345346,-25.968793126238086,-29.236215564675977,-31.839021753141356,-33.62090124713421,-34.5593700684497,-34.746930995509246,-34.35637724761156,-33.58851439224498,-32.61585760921431,-31.532304043693507,-30.31983997108327,-28.86038128789436,-26.99202686026794,-24.562888134996896,-21.46442670748209,-17.655201296677635,-13.175106204649312,-8.145749415235926,-2.7569040951242982,2.7568455206887155,8.145700568131174,13.175074567086066,17.65518986184023,21.464433819057668,24.56292121512155,26.99207488495975,28.86041533268895,30.319893541085364,31.532381015409324,32.6159453098353,33.588573030975674,34.35643799976395,34.746997167714234,34.559416472386545,33.620926478081806,31.8390243787945,29.23619484843129,25.968751525517813,22.3156818923108,18.626892929153115,15.237376231389115,12.360529463462106,9.995019745869548,7.875210565784469,5.600219243014598,2.96136397628397,0.0989997475939435,-2.5190130118464062,-4.097801027558296,-3.2412637261001063,2.0995818945204725,7.916774729019478,13.105508656443993,22.618534023312044
-22.547376631749543,-13.057153989446162,-7.893151807550811,-2.076926277103231,3.2560676338726435,4.0948648826998,2.5064045333335314,-0.1165864663133825,-2.981211654911743,-5.620816162873107,-7.895852378713246,-10.015357741620626,-12.380228132295104,-15.255936670003283,-18.64375137859997,-22.33038433167208,-25.981086145874063,-29.2462423367367,-31.84706776052178,-33.627339956461526,-34.56458159905915,-34.75124031037101,-34.36002144689911,-33.59166355733934,-32.618640390644664,-31.53480525339588,-30.322103912119186,-28.86242160953563,-26.99383871018499,-24.564457234981067,-21.465734535637782,-17.656216745961142,-13.175814830541585,-8.146159680329532,-2.7570377956079524,2.75697783007661,8.146109557101264,13.175782132657664,17.6562045020955,21.465740959896493,24.56449018428584,26.99388685502757,28.86245505855085,30.322157465407656,31.53488260542555,32.61872876146482,33.59172210100442,34.360082275609486,34.751306901350986,34.56462811132121,33.62736513798048,31.847070195006093,29.24622124790533,25.981044061664843,22.33033117268619,18.64370315917717,15.25588760243262,12.38017537667681,10.015317122326708,7.895821964091206,5.620797687137432,2.981202433535539,0.1165916266166637,-2.5063908136741087,-4.094843045919844,-3.256039625937879,2.0769667493983683,7.893207378212109,13.05701653744051,22.54726911711946
-22.476186175992662,-13.00877553026727,-7.869610403815765,-2.054294350236716,3.2707384786402485,4.091799210724972,2.4937031633932465,-0.1342355843674618,-3.001088734467564,-5.641417177150743,-7.916473357951141,-10.03565275877824,-12.399858415444877,-15.274416343339784,-18.66051186243837,-22.34496483331383,-25.99329332301791,-29.25616177993567,-31.85498535212785,-33.6336279475744,-34.56961778747153,-34.75535877686342,-34.36346924829776,-33.59461567972899,-32.62122902562996,-31.53711732938406,-30.3241854263152,-28.864288706568164,-26.995489946548545,-24.565882705058893,-21.466919680709964,-17.657133817594037,-13.176451644325097,-8.146524526759611,-2.7571561134384424,2.7570947105488086,8.146473080563863,13.176417852824098,17.657120737801975,21.46692540713077,24.56591551766135,26.99553812693397,28.86432158326867,30.32423908088777,31.53719486644901,32.62131817035949,33.594674145514254,34.36353010822082,34.75542581211626,34.56966442767305,33.63365307843996,31.85498758497826,29.25614029640715,25.993250758167548,22.344911112486912,18.660462991335717,15.274366784136662,12.39980519244417,10.035611947185066,7.916443010766665,5.641399087821975,3.001079660211358,0.13424120647354,-2.4936884458858755,-4.091776368330596,-3.2707093633784448,2.054335974129411,7.869668006921575,13.00863810490548,22.47607924498796
-22.40508328794598,-12.960482165319013,-7.846087683664722,-2.031643160220791,3.285300717330093,4.088612965986003,2.480892765590673,-0.1519878266390774,-3.021062536367459,-5.662107893911733,-7.937177129672043,-10.05602356243476,-12.419555917434412,-15.292951753676435,-18.67731184194134,-22.359563417900084,-26.00548930732861,-29.26604489864478,-31.86284197410187,-33.639837398000296,-34.57457131789358,-34.759391917312726,-34.366827704617656,-33.59747564713408,-32.62372233856213,-31.53933139059659,-30.32616657617561,-28.86605292604735,-26.997036003519245,-24.56720217234909,-21.46800189023631,-17.657957497485334,-13.17701269664279,-8.146841507145316,-2.757257769701903,2.757194916790214,8.146788727154574,13.17697780082667,17.65794358124029,21.468006906431818,24.56723484219165,26.997084334711573,28.866085085001803,30.32622009305733,31.53940950269522,32.623812252325585,33.597533881132655,34.36688860502795,34.759459388858225,34.57461806209686,33.639862481377094,31.862843990967203,29.26602295844981,26.00544616948608,22.359509091762018,18.67726225867497,15.292901598638228,12.419502290558777,10.055982509063783,7.937146815064367,5.662090052122231,3.0210535882873213,0.1519939018434672,-2.48087712132615,-4.088589116767442,-3.285270366456283,2.031686020516666,7.846147498713848,12.960344938291913,22.404977122909116
-22.334051143192475,-12.912293449218328,-7.822582846333561,-2.008971457015197,3.2997555196486146,4.085314856267804,2.4679953898031592,-0.1698080131528622,-3.041087721171272,-5.682835674671023,-7.957905825879449,-10.076407956301594,-12.439254352634398,-15.31147256040577,-18.69407905957966,-22.37410936106184,-26.017612870349343,-29.275832973684786,-31.870581111647223,-33.6459072954194,-34.57936458110947,-34.76325147664009,-34.37000701466781,-33.600155494086614,-32.62603740734214,-31.541371022749477,-30.32797840756481,-28.867655082461106,-26.99842998160683,-24.568383461002355,-21.46896372023012,-17.658682485061398,-13.17750027982165,-8.147112129685215,-2.75734365121294,2.757279295268422,8.14705796377939,13.177464235520397,17.658667665449915,21.468967945108048,24.56841598021097,26.998478449523727,28.86768643874308,30.328031871605585,31.5414495278504,32.62612819653822,33.600213467162696,34.37006792756783,34.76331942732359,34.5794114307624,33.64593233404844,31.870582946666595,29.27581062517385,26.017569228046494,22.374054464202477,18.69402881290664,15.31142188797659,12.439200306808395,10.07636671549361,7.957875584586687,5.682818189130196,3.041078966908941,0.1698146603741375,-2.4679786646120654,-4.08528998686335,-3.299724019895476,2.0090155168815174,7.822644781903588,12.912156313934693,22.33394561515712
-22.26309039070595,-12.864199905186611,-7.799089793703305,-1.9862771017502252,3.314101778045222,4.081902062724367,2.4550041928602777,-0.1877070811833708,-3.061178495006816,-5.703617196520209,-7.978677905860681,-10.096825859501902,-12.458974983107556,-15.330001295229538,-18.710836494973343,-22.38862479470844,-26.02968283956261,-29.285543522709435,-31.878219540677332,-33.65185611489862,-34.58402135572561,-34.76696481817398,-34.37303536606299,-33.602683034490745,-32.628200550073814,-31.543260488107705,-30.32964276316599,-28.86911373458221,-26.99968629000536,-24.56943606561028,-21.469809862265933,-17.659309712260125,-13.177913128209664,-8.147335588945243,-2.7574133804766525,2.7573474762773693,8.147279994253841,13.17787589139295,17.659293944205434,21.46981324573468,24.5694684098488,26.99973489712984,28.869144199046936,30.329696126725445,31.54333939204819,32.6282922678278,33.6027406675894,34.37309627567072,34.76703328121772,34.58406829156429,33.65188110147868,31.87822120089955,29.285520778477498,26.02963869154272,22.38856933504076,18.71078560913235,15.329950123611066,12.45892053169923,10.09678444893818,7.978647755058171,5.703600095443591,3.0611699747702272,0.1877143151567037,-2.4549863597656465,-4.081876065963467,-3.314069069959142,1.9863223711028664,7.799153869968653,12.86406286084796,22.26298549180219
-22.192194816564143,-12.816202229075758,-7.775603485047251,-1.963557420892856,3.328339095346947,4.078374559293297,2.441920909262162,-0.2056812311861138,-3.0813293520796936,-5.724445715594266,-7.999485681257198,-10.11726880926464,-12.478708548456664,-15.348527885665543,-18.727573557223717,-22.403099244620744,-26.04169058125246,-29.29516836869149,-31.88574973325379,-33.65767594982962,-34.58853073212819,-34.77051900963472,-34.37589926895281,-33.605044663003056,-32.6301987077358,-31.54498746726817,-30.331148278721813,-28.870418836508748,-27.00079663910932,-24.57035380397124,-21.47053643356642,-17.659837456557362,-13.17825091892828,-8.14751173220514,-2.7574669638610683,2.757399480691333,8.147454681630755,13.17821246525649,17.659820746225645,21.470538998984992,24.570385988670143,27.000845327203585,28.8704484557056,30.331201588298697,31.54506674671067,32.630291365589635,33.60510201359332,34.37596015169706,34.7705879886029,34.58857777348441,33.65770087531208,31.88575118160327,29.29514518328768,26.04164587388944,22.403043163513765,18.727521979246355,15.34847615617952,12.478653660694505,10.117227182506095,7.999455578890825,5.724428943959104,3.0813210608863866,0.2056890408417878,-2.4419020119424037,-4.07834753400879,-3.328305147687488,1.9636039989925147,7.775669867920236,12.81606543334711,22.192090698431784
-22.121361414108733,-12.768292081956714,-7.752118445344941,-1.94081006944939,3.3424673845750656,4.07473186149156,2.428742434709412,-0.2237364123918419,-3.101548354756176,-5.745330729072825,-8.020339697140852,-10.137748203383948,-12.498467290884294,-15.36706543174867,-18.744303749733888,-22.41754580848885,-26.053646264166485,-29.30471708495938,-31.893180203393165,-33.66337562975416,-34.59290574227209,-34.773929715437255,-34.37861481025234,-33.60725640350575,-32.632047005269584,-31.54656609545162,-30.33250787679668,-28.871581699284857,-27.00177018005064,-24.57114322618106,-21.471147190718845,-17.66026683492849,-13.17851315130864,-8.14764032275025,-2.7575042493215496,2.7574351207946863,8.147581750467316,13.178473409171842,17.66024908526564,21.47114883293781,24.57117520789727,27.001818960298923,28.871610338185985,30.33256100722666,31.54664576614292,32.63214062730422,33.6073133700377,34.37867565000145,34.773999244360844,34.59295288887795,33.66340048944138,31.893181476657595,29.304693549339262,26.053601100676943,22.41748920546115,18.74425156712352,15.367013223265351,12.498412077043987,10.13770645061569,8.02030974307152,5.7453143775828375,3.101540410564738,0.2237449023626666,-2.428722274727272,-4.074703560151401,-3.3424322487205216,1.9408578608489184,7.752186941229406,12.768155309593054,22.12125783324121
-22.05058616894037,-12.72047241162752,-7.728629433311256,-1.9180323117192253,3.3564861648860806,4.070973703127032,2.4154703240686803,-0.2418688574124696,-3.121830026235063,-5.766265594155725,-8.041232483910292,-10.158255891752582,-12.518242341526946,-15.385604222333171,-18.761016732483665,-22.43195396229436,-26.06554120968169,-29.31418096935009,-31.900502784208847,-33.66894660300316,-34.59713438401899,-34.7771827022984,-34.38116730195107,-33.60930361969803,-32.633731646463325,-31.54798343513536,-30.33370958192703,-28.872591678907625,-27.00259798023747,-24.571797478014123,-21.47163760289996,-17.660595686402054,-13.178699347357137,-8.147721077907331,-2.757525210585145,2.7574544167275428,8.147660969177583,13.17865832324997,17.66057694293786,21.47163837442476,24.57182928000393,27.00264677550316,28.872619401706256,30.33376264643213,31.548063501156903,32.63382620490527,33.609360322235005,34.38122803907242,34.777252713103735,34.5971816385195,33.66897141927457,31.90050382798045,29.314156929001488,26.065495428747862,22.43189668690672,18.760963809414367,15.385551411927358,12.518186692898343,10.158213903723272,8.041202592712432,5.766249562615616,3.121822301644257,0.2418778630287755,-2.415449065207547,-4.07094423581996,-3.356449655644599,1.918081533720486,7.728700435088892,12.720336048689168,22.05048350581288
-21.979870688588303,-12.672731691577493,-7.705130467220271,-1.8952222975369395,3.3703944934532686,4.067097674626774,2.4020965611554868,-0.2600928014838451,-3.142193580429491,-5.787273161703341,-8.06218945670986,-10.17881937640586,-12.538063246916115,-15.404175972187168,-18.777745535820287,-22.44635633147089,-26.07740363415104,-29.32358671432176,-31.90774307124745,-33.67441662337358,-34.60125230924443,-34.78031918605883,-34.38359932357024,-33.6112280961027,-32.63529226635247,-31.54927619248429,-30.33478667805175,-28.87347785896804,-27.003303972839007,-24.572333969965776,-21.472018367178723,-17.660828693521996,-13.178810160531036,-8.147754295365184,-2.757529794533905,2.757457287786264,8.147692598540239,13.178767793183145,17.660808870526655,21.472018231251663,24.572365539915243,27.00335261285312,28.87350479073108,30.334839723502,31.54935658238417,32.63538740580172,33.61128474350179,34.38366002761164,34.780389643830745,34.60129965399628,33.67444138845853,31.90774393179928,29.323562258566053,26.077357305767908,22.44629847539517,18.77769193543275,15.404122583026144,12.538007308373398,10.17877720754171,8.062159670841508,5.787257441528983,3.142186246969613,0.2601024737595626,-2.4020741291406877,-4.067066926929898,-3.370356644071363,1.8952728809886488,7.705203833815,12.672595572759848,21.97976876638167
-21.909206499100115,-12.625078501724303,-7.681617211690614,-1.87237651091376,3.3841929597101164,4.063106145236931,2.388628743641497,-0.2783946774560025,-3.1626205048178746,-5.808331197495834,-8.083185744279081,-10.19941158709124,-12.5579007972232,-15.422749150780213,-18.79445710367144,-22.46071996417761,-26.08920451321966,-29.33290650647295,-31.91487403077171,-33.679756152856484,-34.6052219405345,-34.78329593389537,-34.38586622383629,-33.61298606465911,-32.6366875365248,-31.55040603395335,-30.335704414646248,-28.87420978770165,-27.00386320116305,-24.57273451280588,-21.47227819018272,-17.660960727910005,-13.178844703528208,-8.147739571813908,-2.757518043528737,2.757443769527596,8.147676238150925,13.178800946121584,17.660939771927296,21.472277142904176,24.572765770386464,27.003911475318283,28.874236166626485,30.335757473407245,31.550486648665032,32.63678290110428,33.613042864812186,34.38592691231753,34.78336678253963,34.605269448337815,33.679780821994626,31.914874636156235,29.332881651299065,26.08915771832029,22.460661593816827,18.79440285446893,15.422695228709292,12.557844579826591,10.199369277782726,8.083156090470643,5.808315853846505,3.162613617310423,0.2784050891306337,-2.3886050134572745,-4.063074018486771,-3.384153791630665,1.8724284366845003,7.681692907769148,12.62494258026978,21.909105265412503
-21.83858506094955,-12.577513272818187,-7.658084033249518,-1.8494918161849263,3.3978825324510056,4.059002107345824,2.3750735288649607,-0.2967640032391386,-3.183097482296818,-5.829424370517229,-8.104204663218818,-10.22001472497872,-12.577736150772369,-15.44130378689637,-18.811130711317507,-22.47502419682011,-26.10092499594623,-29.34212200886656,-31.921877827615585,-33.68494671288832,-34.60902160732171,-34.786088849042805,-34.38794322761435,-33.614553118527354,-32.63789437743614,-31.551351379898584,-30.33644303471743,-28.87477005476476,-27.00426128139385,-24.572988286963103,-21.47240986817279,-17.66098797157525,-13.178801587546502,-8.147676170414288,-2.7574897954120607,2.7574137124844462,8.147611157130772,13.178756411968564,17.66096587866525,21.472407993893025,24.57301917189613,27.00430888032856,28.874796228244943,30.336496232703883,31.551432122049267,32.63798956328222,33.61461046791059,34.388003873293115,34.78615984425329,34.60906928917075,33.68497135475673,31.92187820138567,29.3420966593175,26.100877569262558,22.474965163687816,18.811075772996364,15.44124934663577,12.57767950369978,10.2199722552539,8.10417509995365,5.829409438469247,3.183090892288004,0.2967750460411038,-2.375048528736352,-4.058968545401682,-3.3978418465260023,1.8495452209187675,7.658162312881975,12.577377779977224,21.83848473658154
-21.768005923152156,-12.530022255147363,-7.63452416773789,-1.8265657927767265,3.411462356765983,4.054782088179287,2.361420658428093,-0.3152181758689171,-3.2036472262165807,-5.85057908069526,-8.125275050655555,-10.24065966487221,-12.597602103285888,-15.459874884965473,-18.82780272139949,-22.489305113035808,-26.112596145338983,-29.3512631977356,-31.928782902904405,-33.690018133874766,-34.61268968512531,-34.78874230514573,-34.389876171670224,-33.61597455608875,-32.63895537000977,-31.552152039448597,-30.337039017055982,-28.875190929808475,-27.0045247387809,-24.57311503843637,-21.47242609716216,-17.660916334877825,-13.178682052036788,-8.147564817936757,-2.7574450910457897,2.757367176804564,8.147498107630906,13.178635437340256,17.660893066262027,21.472423355370584,24.573145542263617,27.00457179135804,28.87521679221305,30.33709237157554,31.55223294472282,32.639050359677526,33.61603236937449,34.389936897649974,34.78881347755851,34.61273747643886,33.69004266341441,31.928783024564364,29.351237377804924,26.112548101106665,22.489245396530844,18.82774703728481,15.459819871158096,12.597545059983824,10.240616987708531,8.125245552409673,5.850564492020824,3.2036410183006723,0.315229884479338,-2.3613944814129475,-4.054747158707376,-3.4114200899563776,1.82662074806092,7.634605137455522,12.529887291159266,21.76790660131561
-21.697469782822097,-12.482604506468812,-7.610930733068629,-1.8035953566343683,3.424930710602329,4.050442297419039,2.3476640622745544,-0.3337651872807654,-3.2242789964923397,-5.871805947230994,-8.146408388536182,-10.261358606366397,-12.617511362514984,-15.478475370667976,-18.84448613951377,-22.5035749323246,-26.12423014722019,-29.36034091595193,-31.93560027553705,-33.69498245557899,-34.616237664543924,-34.791268176851446,-34.39167681552014,-33.61726103529191,-32.63988208266902,-31.552817961114336,-30.33750105937813,-28.875479038719103,-27.004659598568985,-24.57311846240192,-21.4723287840773,-17.66074706180897,-13.178486653414552,-8.14740581615825,-2.7573840557446525,2.757304266747938,8.147337373622284,13.178438555360874,17.660722564221253,21.47232532701681,24.5731484234913,27.004705399874783,28.875505606874885,30.33755475633712,31.55289880935557,32.639975567125994,33.61732033636927,34.39173774502937,34.791339139958886,34.616285671061405,33.69500691430275,31.935600109979795,29.36031459064249,26.124181486301744,22.50351456736146,18.844429673178897,15.478419699091647,12.617454128556034,10.261315729803616,8.146379000455509,5.87179154897806,3.224273242929292,0.333777667320444,-2.3476366557986403,-4.050405878924071,-3.424886867249429,1.8036518876174377,7.611014404541103,12.4824700664891,21.697371442155173
-21.626957782571115,-12.435271426378772,-7.587299601026081,-1.7805759420750482,3.438291783298612,4.045993916303756,2.333828377722985,-0.3523661916576706,-3.244943207961943,-5.893047051486388,-8.167541301117177,-10.282043520662407,-12.637391732462614,-15.497028627847293,-18.86110142689921,-22.517754856492736,-26.13575478166556,-29.36928665089105,-31.942263343017554,-33.69976898388891,-34.61958276915821,-34.79357371420001,-34.39324955090227,-33.61831931980903,-32.64058495413239,-31.553266110301177,-30.337753445566523,-28.87556828914011,-27.004610464423305,-24.57295761618544,-21.47209117199248,-17.660465773370504,-13.17821023685699,-8.147196343670405,-2.7573060443626822,2.7572243408208656,8.147126129794842,13.178160607160692,17.6604400048425,21.47208705975862,24.572986959453853,27.004654854037515,28.875595773832558,30.33780762999452,31.553346809648296,32.640676531447546,33.618380341101364,34.39331080123659,34.79364429513821,34.61963097940032,33.69979333824305,31.942262846726287,29.369259805877952,26.13570545662648,22.517693737020146,18.86104419475713,15.496972451540929,12.637333974948993,10.282000486765224,8.167511984889348,5.893033144594738,3.244937675586653,0.352379421728481,-2.3337996565864385,-4.045955965005629,-3.4382462495192234,1.7806341403242991,7.587386107458744,12.435137621954784,21.62686051925096
-21.556469503147365,-12.38800879435762,-7.563622280648759,-1.757504620982353,3.451543765534124,4.041431367780504,2.3199009899439926,-0.3710409379142558,-3.265664928569273,-5.914331644204112,-8.188705596996112,-10.3027484864078,-12.657279182952,-15.515572861767392,-18.877687861045143,-22.53188339842545,-26.14720478125929,-29.378132998966,-31.94880366904686,-33.7044117934001,-34.622765818958264,-34.795705117008765,-34.39464236296042,-33.619196515050454,-32.641108466482045,-31.5535379834209,-30.33783408361482,-28.87549175560221,-27.004404342319575,-24.572652119285355,-21.47172560010569,-17.660078573665114,-13.177854286173249,-8.14693727810961,-2.757211195068819,2.757127518391568,8.146865233463876,13.177803098459616,17.660051536676526,21.47172083996125,24.572680735123885,27.004447328143133,28.87552019284426,30.3378887227559,31.55361850413203,32.64119820366235,33.61925913869302,34.39470395320913,34.79577522817755,34.622814246313325,33.704436078453945,31.9488028138096,29.37810555277758,26.14715475483878,22.5318215336064,18.877629858951277,15.515516120949108,12.657220996119902,10.302705274565886,8.188676367481893,5.914318125691339,3.2656596937800364,0.371054965317641,-2.319870923473225,-4.041391881576185,-3.451496494314522,1.7575645584423505,7.563711730093004,12.387875718805882,21.55637339033195
-21.486004491213517,-12.34080844097488,-7.539892340311447,-1.734378759363018,3.4646861351082587,4.036752856821647,2.305875322263019,-0.3898014203674049,-3.286460356149324,-5.935678779257088,-8.209922374119078,-10.323496231964084,-12.677198082848063,-15.534134124014042,-18.894272731450712,-22.5459878050342,-26.158604007082083,-29.38690264332969,-31.955242779523736,-33.70893333238236,-34.62581496898367,-34.79769489195932,-34.39588914394573,-33.61992631094969,-32.64148470426103,-31.55366375458294,-30.33777070377074,-28.87527429269421,-27.00406210613552,-24.57221804840833,-21.47124300216988,-17.659591287840605,-13.177421108580033,-8.14662982893673,-2.7570997767924386,2.757014113226467,8.146555952602709,13.17736834396282,17.65956294994795,21.471237573541465,24.572245930757845,27.00410387762421,28.87530356898695,30.337825798004687,31.553744116799457,32.64157268402137,33.61999038101619,34.395951196226065,34.79776453631926,34.625863536744035,33.70895745921312,31.95524150803311,29.386874604585067,26.1585532661878,22.54592513892932,18.89421386810121,15.534076721683952,12.67713949937102,10.323452785138263,8.209893197232358,5.935665544929562,3.2864554595184043,0.3898162353902937,-2.3058440016129924,-4.036711876981086,-3.464637048858995,1.7344405533673906,7.539984899600983,12.340676257333088,21.485909684262747
-21.415555219766784,-12.29367289412506,-7.516103097166699,-1.7111939192157453,3.477719703679727,4.031960025541631,2.2917562005825878,-0.4086388548458713,-3.307317440931282,-5.9570740041679455,-8.231175544339411,-10.34426926681621,-12.697129604555162,-15.552692030286735,-18.91083452819142,-22.560046386709832,-26.169932987986204,-29.39557699980251,-31.961562870024,-33.71331480976955,-34.62870705618889,-34.79951629396046,-34.396961904011896,-33.62048092211304,-32.64168687081003,-31.55361825945455,-30.33754013279933,-28.87489525711282,-27.003566322173405,-24.571642058515472,-21.470634263601056,-17.658998831506402,-13.17690859288286,-8.146272859047233,-2.756971525649829,2.7568838218175595,8.146197095405498,13.176854210453357,17.65896916128733,21.470628136159583,24.57166914984625,27.00360697551483,28.874925261136006,30.337595619260554,31.553698482274463,32.64177323929203,33.620546185633856,34.39702445450654,34.799585526948626,34.62875574065912,33.71333873213198,31.96156113751029,29.39554836317765,26.169881562708472,22.55998295241954,18.910774831701406,15.552633998046025,12.697070616296749,10.344225608144788,8.23114642891051,5.957061111353117,3.307312934553011,0.4086545456636227,-2.2917235317454616,-4.031917500171912,-3.477668804370858,1.711257604544356,7.516198770389817,12.293541584080174,21.4154616731884
-21.34511753865706,-12.246600257488826,-7.492247617601144,-1.6879464356928229,3.490644694951276,4.027052964750056,2.277543521252429,-0.427553269268575,-3.328235982728816,-5.978516940605229,-8.25246453402787,-10.36506687308797,-12.717072847201525,-15.571245471081395,-18.92737179724956,-22.5740572537009,-26.181189440192696,-29.404153305521323,-31.9677606983126,-33.71755257209694,-34.631438125835686,-34.80116521796171,-34.39785658289804,-33.62085646232471,-32.641711401505674,-31.55339836257755,-30.33713953569273,-28.874352091849985,-27.0029146739492,-24.570922106544288,-21.46989775367261,-17.65830004345253,-13.176316023838895,-8.145866031561805,-2.7568263505979176,2.756736542386032,8.145788315364962,13.176259978329506,17.658269034493163,21.46989089640857,24.5709483317054,27.0029542331169,28.87438265844481,30.337195306231788,31.553478416615,32.641796395641286,33.620922683572815,34.39791954728984,34.80123397345811,34.63148691574994,33.71757638340564,31.967758514624,29.40412397817534,26.18113725349608,22.573993070131543,18.92731132030164,15.57118684377019,12.717013515219945,10.365023054849608,8.252435511279959,5.978504384090786,3.328231898449681,0.4275699060350871,-2.277509326820656,-4.027008685060743,-3.490591931274118,1.6880120249368022,7.492346420234715,12.246469819066151,21.34502523410868
-21.27468360313498,-12.199586649981924,-7.468318121066835,-1.6646319646852474,3.503461977888282,4.022032867619736,2.263239613279901,-0.4465408542046589,-3.3492110371780197,-6.000001864319694,-8.273783155238869,-10.38588246129535,-12.737020826905876,-15.589786964318852,-18.94387670758592,-22.588012480839105,-26.19236607035632,-29.412624700850145,-31.97383013965593,-33.72164087429281,-34.634001515384284,-34.80263407927355,-34.398565241924615,-33.62104498220551,-32.64155052189687,-31.55299655637015,-30.336561846260395,-28.873638398360143,-27.002101661437564,-24.570053858266185,-21.46903031574403,-17.657492980714142,-13.175642381087505,-8.145408750528343,-2.756664080165589,2.756572116582808,8.1453290295048,13.175584634722668,17.657460627798613,21.469022712693462,24.570079168990425,27.002140181336056,28.873669457402944,30.336617863581527,31.55307646674367,32.64163431179861,33.62111195725385,34.398628616918806,34.80270240895845,34.6340503985706,33.721664509876284,31.97382745979895,29.41259465989983,26.19231310247817,22.5879474872989,18.943815413453667,15.589727735294453,12.736961071952347,10.385838462217638,8.273754216019826,5.999989689883934,3.3492073318833744,0.4465583856784522,-2.2632039069144527,-4.021986799584762,-3.5034072508712013,1.6646995617390752,7.468420213551751,12.199457227240856,21.27459266299073
-21.204254187561016,-12.152622982405887,-7.444307249431694,-1.6412476912509193,3.516169930441348,4.016895202102381,2.248832772594167,-0.4656212229817571,-3.3702682076903687,-6.021558711681817,-8.295163984090108,-10.40675088440051,-12.757010425988623,-15.608355851590735,-18.9603901304529,-22.60195276224444,-26.20349952776105,-29.42102548727163,-31.97980340142526,-33.72561271379237,-34.636436549747096,-34.80396774574008,-34.399134845508286,-33.621093148388226,-32.641249101397,-31.552455310531567,-30.335846431302286,-28.872789612553607,-27.00115742542669,-24.56906085837548,-21.468048594476087,-17.65658741533523,-13.174892181854382,-8.144903595947993,-2.7564854071880243,2.756391266941932,8.144821868958276,13.174832707197378,17.656553666208474,21.468040157582028,24.56908528066118,27.00119514690344,28.872821030884776,30.33590262028084,31.552535045731528,32.641331870246674,33.6211607090081,34.3991986754447,34.80403567998799,34.636485379089514,33.72563607589247,31.979800218079617,29.42099477651694,26.20344579321173,22.601886958063854,18.96032794168245,15.608295856498136,12.756950514055216,10.406706645053283,8.295135130919943,6.0215466053983935,3.37026512965803,0.4656397500974577,-2.2487955900010266,-4.016847411220216,-3.516113226592779,1.6413173776901853,7.444412729046233,12.15249467018356,21.20416469129861
-21.13381459411614,-12.105718056273169,-7.420207761507706,-1.6177874351505648,3.5287725308638103,4.011648667885076,2.234343196824526,-0.4847607983801564,-3.391363432135199,-6.043135601540617,-8.316550248817597,-10.427611101890152,-12.776976763767298,-15.626882627108872,-18.97683939369829,-22.615805060080792,-26.2145224987048,-29.42929168835799,-31.98561913411785,-33.72940449608921,-34.638668935618334,-34.8050824322444,-34.39947798601965,-33.62091427772052,-32.640724121507766,-31.55169623355484,-30.334920768536414,-28.871740652419096,-27.00002657576808,-24.56789973164253,-21.466921813019084,-17.65556479472711,-13.1740564070701,-8.144345452992823,-2.756288923214534,2.756192535930869,8.144261647048845,13.173995126524575,17.655529585203197,21.46691249148647,24.567923223827897,27.000063481313752,28.87177231249655,30.334977089591764,31.551775801760616,32.64080584006745,33.62098237845744,34.39954228640556,34.805149951316366,34.63871767664001,33.72942757765804,31.985615472173,29.429260325595635,26.21446795030085,22.61573836890729,18.97677632624491,15.62682199979066,12.776916423660609,10.427566681764509,8.316521466853034,6.043123878264084,3.391360767984972,0.4847802252147271,-2.234304525289452,-4.011598992732973,-3.5287136633795977,1.6178592889836834,7.420316774529533,12.105590978951067,21.13372664867585
-21.063366124937165,-12.05885976000652,-7.396010898273382,-1.5942479086800183,3.54126757343396,4.006286750050953,2.219755635336302,-0.5039842790019456,-3.4125286638749284,-6.064770036457916,-8.337982814775135,-10.448506939869358,-12.796966230751632,-15.64541678825121,-18.993275890049414,-22.62962059639932,-26.22548243438308,-29.437468261914763,-31.99132093334137,-33.73306207879192,-34.64075176132449,-34.8060376707344,-34.39965666757199,-33.62056962923994,-32.64003396645523,-31.550774352420973,-30.33383556331431,-28.87053677972047,-26.998747371413124,-24.566600053377773,-21.465670597270748,-17.65443745462635,-13.17314089311098,-8.143737705975074,-2.7560755817135494,2.7559768758790715,8.143651747766663,13.173077755093969,17.654400767379965,21.46566034985252,24.566622557864623,26.998783459964912,28.87056860796124,30.333891945439795,31.550853703853527,32.64011487152474,33.62063807217098,34.399721344156255,34.80610481678353,34.64080046822438,33.7330849353425,31.99131672738458,29.43743615033788,26.225427082339245,22.629553131211477,18.99321197770117,15.645355467474444,12.796905700967006,10.448462346870809,8.337954134473664,6.064758496681366,3.412526654073079,0.5040047837108078,-2.219715319416213,-4.006235134871282,-3.5412066116275325,1.59432194209854,7.3961234039935135,12.05873386574104,21.063279650808536
-20.992894756202038,-12.012052542320596,-7.371708630885641,-1.5706228496703531,3.553658656602819,4.000816590476072,2.20508652070526,-0.5232640680759822,-3.433727394602064,-6.086418843166068,-8.359414254051705,-10.469387296383976,-12.816924334720854,-15.6638998175936,-19.009638067713723,-22.643336970511207,-26.236320599297837,-29.4454988364962,-31.996854060624536,-33.73652864068336,-34.64261989131864,-34.80676069074256,-34.39959524897827,-33.61998441770775,-32.639107364589044,-31.54962238926809,-30.33252856297101,-28.86912183885036,-26.997271650008685,-24.56512356444721,-21.464267253523555,-17.65318800065724,-13.172136470267672,-8.143075119090215,-2.7558438643881136,2.7557427446344547,8.142986916698602,13.172071390930885,17.65314976023269,21.464255986154807,24.5651449970201,26.997306887236324,28.8691538188182,30.33258493941093,31.54970149644728,32.63918744915919,33.62005320837183,34.39966032983894,34.806827468781634,34.64266853773172,33.73655127966573,31.996849356088777,29.445465989273124,26.23626442203845,22.64326868742635,19.00957332550873,15.66383789383234,12.816863423606373,10.469342574780548,8.359385674759805,6.086407746271995,3.433725937046209,0.5232856428866784,-2.2050445105799805,-4.000763007937567,-3.5535955217997195,1.570699134924776,7.371824756819252,12.011927953801838,20.99280983214633
-20.922398703226825,-11.965284424683832,-7.347292535768386,-1.5469090631922002,3.565944397277396,3.99523425343132,2.1903240896305176,-0.5426209536013576,-3.454987357374081,-6.1081146324788005,-8.380880243493396,-10.490290469584208,-12.836891792319312,-15.682375298697307,-19.02597158235053,-22.657000237834467,-26.2470789328892,-29.45342332024108,-32.00225642322739,-33.739842971274605,-34.64431947687558,-34.80730422936704,-34.39934886839907,-33.61921335430058,-32.637996544254904,-31.548289751007346,-30.3310456334479,-28.867537487515197,-26.99563528023686,-24.56349880179784,-21.462732381598943,-17.65182888897737,-13.171049315335722,-8.14236120934318,-2.755594732753648,2.755491156148842,8.14227072124375,13.17098226481676,17.651789083906714,21.462720073690907,24.563519168399424,26.99566967917701,28.867569439813455,30.331101965122595,31.548368632376505,32.63807587207376,33.61928237337291,34.39941425733998,34.807370591954005,34.64436801878829,33.73986543724008,32.00225121435358,29.453389690911223,26.247021848726583,22.65693108723944,19.02590599133109,15.682312736776298,12.836830557575697,10.490245607969804,8.380851777990914,6.108103896091983,3.4549864633073595,0.5426435323326338,-2.1902803920158163,-3.9951785076272617,-3.565878904960365,1.546987700722938,7.347412434187576,11.96516126067079,20.92231542606299
-20.85187359179333,-11.918551325762698,-7.32275362247149,-1.523101688658055,3.578124898479764,3.9895384365528295,2.175465519916243,-0.5620589278861519,-3.476313328292848,-6.129863045164238,-8.402386754756519,-10.511222803085074,-12.856875134614224,-15.700850169648325,-19.042283465172268,-22.670617121877225,-26.2577638951704,-29.46124759319392,-32.00753408944454,-33.743012056903034,-34.645858107867,-34.807676460621025,-34.398925991251815,-33.61826477139611,-32.63670938665195,-31.546783906195795,-30.32939357688757,-28.86578965873265,-26.993843070705218,-24.561729355204005,-21.46106841450258,-17.65036165974549,-13.16988012125146,-8.14159643044595,-2.75532833252774,2.755222259151833,8.141503625283548,13.169811056073552,17.650320223022035,21.46105499343698,24.56174866264144,26.993876756771822,28.865821602939825,30.32944978535613,31.546862469881884,32.63678809132255,33.61833395270508,34.39899172812518,34.8077424432242,34.64590642964708,33.74303422746005,32.007528368774125,29.46121322227153,26.25770590577703,22.6705470940216,19.04221692453713,15.700786795356324,12.856813845826103,10.511177734655382,8.40235840751183,6.129852332810556,3.476313270208367,0.5620825624990156,-2.1754201817609835,-3.9894805581817714,-3.578057017353649,1.5231827903737003,7.322877423866176,11.91842971348524,20.851792061214507
-20.781302553062496,-11.87185756410696,-7.298083665315523,-1.49919346536939,3.5902048292131323,3.983738819225483,2.1605320998590978,-0.5815428589186215,-3.4976595147247536,-6.1516095977050105,-8.42387422033771,-10.532120050527954,-12.876806105503746,-15.719250841157754,-19.058496222382665,-22.684109043065757,-26.26830089083293,-29.46890027868763,-32.012617526013855,-33.74596352089687,-34.64715391884425,-34.80778645897243,-34.39823217192,-33.61704509691622,-32.63515679474049,-31.545020189759693,-30.327493866224334,-28.863807250706124,-26.991834159272067,-24.55976652335328,-21.45923944130558,-17.64876297940475,-13.16861609145469,-8.14077318014533,-2.755042400512258,2.754933694182032,8.140677920731049,13.168544870754625,17.648719795294273,21.45922479617673,24.55978464740524,26.99186693758685,28.863839013286047,30.32755002085128,31.54509853196576,32.635234539567776,33.61711447301605,34.39829828159365,34.8078521292212,34.64720218588825,33.74598549108626,32.012611287466264,29.46886521390717,26.26824212739676,22.684038183919327,19.05842890145188,15.71918702572607,12.87674419658575,10.532074953840391,8.423846005769239,6.151599703889073,3.4976598823923832,0.581567676953341,-2.160484822568065,-3.9836787903826623,-3.590134610059268,1.4992769915735336,7.298211320098526,11.871737450587275,20.78122266669285
-20.710695344145265,-11.825186719996768,-7.2732733418906275,-1.4751832756691594,3.6021787299384505,3.977822457299873,2.145491975925966,-0.601126470808809,-3.519096554188221,-6.173438038328457,-8.4454340957182,-10.553080599379175,-12.89678911415509,-15.737689620623296,-19.074727873613917,-22.697595455340355,-26.27880188756155,-29.47648818332899,-32.017609991558494,-33.74880420097407,-34.6483295002922,-34.807771804436264,-34.397410873988704,-33.6156968180166,-32.63347448873735,-31.54312783209776,-30.32546655737278,-28.861699270346733,-26.989702062011645,-24.557685181678107,-21.457300497038407,-17.647068001494123,-13.167276150417315,-8.139902691624668,-2.7547402438000037,2.754628918001146,8.139805004788617,13.167202806481882,17.647023096355355,21.457284643447387,24.55770220415228,26.98973413902224,28.861730914630456,30.32552253407084,31.543205826732088,32.63355163560828,33.61576618938892,34.39747726755399,34.80783716307452,34.648377502306246,33.74882579416207,32.01760311884429,29.47645233439333,26.2787422652745,22.69752374137641,19.07465960358569,15.737624996494828,12.896727138470988,10.553035297846664,8.445405987755564,6.173428204661693,3.5190978850802086,0.6011525198214434,-2.1454429480621924,-3.9777602713539584,-3.6021060600743207,1.4752694266082385,7.273405075666524,11.825068325445791,20.710617295860143
-20.64004160086373,-11.778541810072833,-7.248313622687154,-1.451064060219012,3.6140496047998742,3.971794380222325,2.1303562834258005,-0.6207903096567693,-3.540598907810924,-6.195317981411271,-8.46703316772043,-10.574068641330069,-12.916786110444535,-15.756125371502726,-19.090934831507973,-22.711031895554832,-26.28922525895112,-29.4839710813603,-32.02247266091451,-33.75149421351824,-34.64933855600757,-34.80758015942666,-34.396407524830224,-33.61416575631655,-32.63161092418056,-31.541057756100745,-30.323266048015647,-28.85942433679766,-26.987411151186325,-24.55545673816993,-21.45523046600054,-17.64526331386209,-13.16585320733492,-8.138980782669941,-2.754420679644366,2.7543066542483627,8.138880589576411,13.1657776803371,17.645216661309714,21.455213353080858,24.55547261193876,26.98744250689246,28.85945577915241,30.32332181227487,31.541135390059303,32.631687502210426,33.61423498964897,34.396474111461124,34.80764520191091,34.6493862875376,33.75151542378916,32.022465124951395,29.48393442175154,26.289164796211317,22.71095941154499,19.090865660690444,15.756059958292909,12.916724257374842,10.574023200006636,8.467005214607045,6.1953081090601,3.54060137989337,0.6208177844919434,-2.130305295246712,-3.971729873078376,-3.613974541069872,1.451152839882197,7.248449354812776,11.778425042093808,20.639965255926622
-20.56932874691645,-11.731924831377604,-7.223194103812838,-1.4268274507447436,3.625821557801347,3.965660258210872,2.1151374310898583,-0.6405104715142449,-3.56213458204066,-6.2172110474706646,-8.488628929173856,-10.595038105872124,-12.936747650830142,-15.774504703311512,-19.107060100215914,-22.724360101215243,-26.29951598604569,-29.49129571913217,-32.02715418654332,-33.753981377594215,-34.65012142112262,-34.80714410763229,-34.39515156887081,-33.612381214466446,-32.629498027722065,-31.53874486521856,-30.320831435281967,-28.85692669111036,-26.98491280266115,-24.553041536307,-21.452999437083022,-17.643329169822007,-13.164335807621004,-8.138000658455438,-2.7540816274841395,2.7539648375861088,8.137897903776008,13.164258038882592,17.64328071290994,21.45298101078088,24.553056252926524,26.984943434610933,28.8569578600603,30.32088697008696,31.538822142548987,32.62957393890662,33.61245031211975,34.39521831513553,34.80720878067558,34.65016879946792,33.75400208738321,32.02714593522504,29.49125822965118,26.299454642819672,22.724286768664115,19.10698997986321,15.774438523241283,12.93668577749172,10.59499254863567,8.488601100041413,6.217201302134541,3.5621380636826707,0.6405393474604852,-2.1150845125275803,-3.965593310123438,-3.6257438945394536,1.4269190182949036,7.223334080317654,11.731809921565311,20.569254297815288
-20.499970811283266,-11.686257055995677,-7.198412067292594,-1.4029559154398383,3.63726135406104,3.95954023105165,2.100128598093616,-0.6599134859870132,-3.583299560216767,-6.238713370882738,-8.509826677277841,-10.615610382184784,-12.956318078283358,-15.792507125927354,-19.12283136667576,-22.73736429677451,-26.30951894022229,-29.49836309869676,-32.03160766970518,-33.75626742674141,-34.65071917255844,-34.80653241937715,-34.39373312004128,-33.61044528497054,-32.62723912395297,-31.53629566501712,-30.31826686938309,-28.854308834741044,-26.98230008027355,-24.55052431259582,-21.45067896082309,-17.6413229476881,-13.162765626710035,-8.136988173281164,-2.753731729229448,2.75361254606896,8.13688328226725,13.16268615257071,17.641273340233877,21.45065984926221,24.550538615691977,26.9823309768125,28.85433998393054,30.318322376841824,31.53637273014801,32.627315061970044,33.6105137260825,34.39379948394559,34.80659625252481,34.650765373028776,33.75628676106612,32.03159783029875,29.498324054300312,26.30945613952905,22.737289481425965,19.122759883909843,15.792439963299229,12.956256477053804,10.61556415821649,8.509798584924239,6.2387018820471205,3.5833051841394705,0.6599435713733169,-2.100074472482396,-3.959470572273117,-3.637180666025206,1.4030510710152229,7.19855689856466,11.68614461737652,20.499898867888
-20.42913008524414,-11.63967211942178,-7.172946468075251,-1.3784733521878805,3.648836062131245,3.9531864462331705,2.084729216180673,-0.6797890861277653,-3.6049507524297937,-6.26069200197064,-8.531481199949189,-10.636613982318847,-12.976285083497451,-15.810855224879663,-19.138882226020904,-22.750563222066383,-26.31962515187497,-29.50544945778628,-32.03600170365225,-33.758426121924415,-34.651139157842564,-34.80570926039961,-34.3920790520984,-33.60826124008048,-32.624730794063986,-31.53359618501326,-30.315456958823773,-28.8514508173044,-26.979460599408824,-24.54779501659953,-21.44817057806307,-17.639159108654983,-13.161075737051709,-8.135901674864567,-2.753356746611677,2.753234749633392,8.135794185417152,13.160994057117804,17.639107826466272,21.448150278148685,24.547808307041,26.97949087758026,28.851481686424336,30.315512278609106,31.533672954595907,32.624806266814616,33.60832938112317,34.39214527097387,34.80577255233027,34.6511847867392,33.75844473165748,32.03599084380776,29.505409247999083,26.319561180066348,22.750487134418957,19.13880959108135,15.810787367263524,12.97622333199581,10.636567447607067,8.531452940205643,6.2606799244173255,3.60495790519146,0.6798203940011002,-2.0846735359928155,-3.953114200604082,-3.6487522798838135,1.3785718367897726,7.173096248222974,11.63956221298933,20.429060661517365
-20.35821448834302,-11.593099477188238,-7.147292057370488,-1.353858228425394,3.6603118466251465,3.946725035606069,2.0692376994344115,-0.6997375418082062,-3.626658778614752,-6.282710388485535,-8.553161524464603,-10.657629786857362,-12.996249189074064,-15.829181551954,-19.15488736318405,-22.76369069513028,-26.32963098330508,-29.512408983194295,-32.04024427176324,-33.760410657738745,-34.65136807249717,-34.80468388376738,-34.390215997282034,-33.60586707780412,-32.62201576622849,-31.530694319780796,-30.312451180125297,-28.848404696449,-26.976444794455784,-24.544903714286573,-21.44551972207065,-17.636876926129325,-13.159297011691866,-8.134760430321421,-2.752963303569153,2.7528382979383164,8.1346501334387,13.159212873369968,17.636823669145375,21.445497949891976,24.54491573623337,26.97647416241201,28.848435135720333,30.312506152256784,31.5307706728104,32.62209056341693,33.60593500760852,34.39028218292805,34.804746728883444,34.651413269482155,33.7604287846138,32.040232690503764,29.51236785176702,26.32956601345776,22.76361355377712,19.15481373838471,15.829113060119878,12.996187302654096,10.657583162952433,8.553133264786302,6.282698331097777,3.62666713948074,0.6997702566293394,-2.069180168500405,-3.94665005354937,-3.6602250284245272,1.353959874268973,7.147446639175136,11.59299195708784,20.35814737587921
-20.287226817160573,-11.546534615506204,-7.121437793074513,-1.329105051229775,3.6716874842882343,3.940149396044856,2.0536389170032656,-0.7197836247678393,-3.648454710682316,-6.304806569007006,-8.574909256592,-10.678702874039452,-13.016258545568553,-15.847537347366265,-19.170901086555528,-22.776801316572744,-26.339589800071447,-29.51929131252451,-32.04438383451587,-33.76227266658414,-34.65146192313985,-34.80351689236864,-34.38820774478685,-33.60332674020051,-32.61915498724448,-31.527648700492517,-30.309304113750564,-28.845220830594517,-26.973295477563937,-24.541885549949647,-21.44275267396012,-17.634494767764355,-13.15744044073739,-8.133571088882448,-2.752553492995362,2.752425435558872,8.133457953934672,13.157353801712102,17.63443949354236,21.4427293828196,24.54189632874804,26.9733240150178,28.8452507403206,30.30935870337037,31.527724639619624,32.61922907807231,33.60339444594954,34.388273892453824,34.80357921627412,34.65150657847046,33.76229022584035,32.04437149965128,29.51924923463288,26.33952381983877,22.7767229530242,19.170826483337816,15.84746841781094,13.016196564539044,10.67865609106863,8.574880961475765,6.304794059085277,3.648464890911664,0.7198177861901799,-2.053579656462357,-3.940071504480295,-3.67159755833364,1.3292099735516891,7.121597271458638,11.546429565302564,20.28716206460905
-20.216152612843988,-11.49998156015132,-7.0953736190921335,-1.3042049958488549,3.682968846715817,3.9334702712175873,2.037957095612396,-0.7398899418101442,-3.670288766964216,-6.326920642587804,-8.596658682563527,-10.699762367944416,-13.036237352239038,-15.865841632498867,-19.186837846271843,-22.789807170281662,-26.3494164062718,-29.526015204199407,-32.04834104427712,-33.76392996279595,-34.65133031255316,-34.802108464519875,-34.38595023040414,-33.600536165215416,-32.61604789982698,-31.52436319340761,-30.30592577615974,-28.841816825488728,-26.96994103964073,-24.538681915734053,-21.439824962311384,-17.6319819693914,-13.155487783769072,-8.132322601729882,-2.752123863724783,2.7519926622996977,8.132206538336092,13.15539857797252,17.63192461325365,21.439800091791383,24.53869139711261,26.96996867108508,28.84184615888655,30.30597998241313,31.524438709075987,32.61612123911085,33.600603601616044,34.38601626697734,34.802170277571754,34.651374475171195,33.76394695151899,32.0483278667321,29.52597213993378,26.349349362713383,22.78972761490622,19.18676225110541,15.865772111654053,13.036175177877398,10.699715479306478,8.596630320608961,6.326908095536096,3.670300259007828,0.7399256583780937,-2.037895986778939,-3.9333895349671337,-3.682875666684165,1.3043133522936112,7.0955382439091,11.499879231062309,20.21609040818905
-20.14498656364952,-11.453431966188887,-7.069087457748432,-1.2791513425691867,3.694154707847201,3.9266823032982354,2.022180183906343,-0.7600750942182076,-3.692184253718613,-6.349079773171392,-8.618439061373287,-10.72083941262959,-13.056218405981427,-15.884128805714962,-19.202733355222232,-22.802744033461508,-26.35914489392789,-29.53261270041342,-32.05214667387753,-33.765413931879486,-34.651007268637535,-34.80049585398203,-34.383482187246855,-33.59753432384593,-32.6127321738018,-31.52087405369545,-30.302350148725907,-28.8382239980343,-26.96640861638377,-24.535315057652127,-21.43675329050731,-17.629349798584222,-13.15344550787204,-8.13101886257783,-2.7516756147887067,2.751541206435041,8.130899812840703,13.15335370126107,17.629290348647967,21.436726806085087,24.53532324171836,26.96643537808492,28.83825272802748,30.302403997742307,31.52094916930275,32.61280470461083,33.597601471569234,34.38354814411629,34.80055716801898,34.6510508625729,33.76543023398621,32.05213257389099,29.53256859219312,26.359076738382388,22.802663200722897,19.20265668384783,15.884058618786344,13.056155954379898,10.720792356744695,8.618410582257303,6.349067207483254,3.6921969849379215,0.7601123493482114,-2.022117287810347,-3.926598775137716,-3.694058150233736,1.279263345211054,7.069257510891142,11.453332656629174,20.14492716948832
-20.073719006962115,-11.406883954417555,-7.042567243611546,-1.2539356634824428,3.705250051232603,3.919792617243498,2.006321860722805,-0.7803167272535555,-3.714111598703849,-6.371249293850357,-8.640212355497571,-10.7418931983524,-13.076158188376729,-15.902352464950727,-19.21853844668704,-22.81556107794516,-26.368725725664856,-29.539035769876936,-32.05575439517514,-33.76667858972562,-34.65044323191426,-34.79862487614455,-34.38074727367535,-33.59426433767217,-32.609152688832665,-31.51712800833941,-30.298526879914046,-28.83439522167948,-26.96265641063084,-24.53174953745813,-21.4335100291972,-17.6265790861874,-13.151301836061542,-8.129652991875226,-2.7512066159221957,2.751068857609034,8.129530810758657,13.151207278347789,17.626517413110175,21.433481825638427,24.53175628058071,26.962682108453382,28.834423294558267,30.29858022218628,31.51720259053468,32.60922443370494,33.59433114924412,34.38081305221327,34.79868564014226,34.65048630508155,33.76669435546225,32.05573952938632,29.538990659719765,26.36865648162585,22.815479099307392,19.218460815769923,15.9022816479536,13.076095534299323,10.741846092136065,8.640183847645044,6.3712369638731525,3.714125460434373,0.7803556481024733,-2.006256925527952,-3.919706091290085,-3.7051500603967367,1.2540512874793135,7.0427426878400805,11.40678760025798,20.07366230060071
-20.002352675916523,-11.36033089063083,-7.015802136542972,-1.2285535458636498,3.716249821811701,3.9127898415658753,1.9903556180301776,-0.8006591170186775,-3.7361295470290377,-6.393498712952797,-8.662054906105102,-10.76300578351115,-13.096144313859146,-15.92060605507413,-19.23435210772529,-22.82835997869053,-26.378257856992462,-29.545379636589477,-32.05925694416778,-33.76781823525617,-34.64974091781734,-34.7966084922518,-34.37786295347572,-33.59084455390664,-32.60542392289663,-31.51323540307064,-30.29455994055581,-28.830427167231697,-26.958769501319026,-24.528056592080954,-21.43014993912458,-17.623707635885854,-13.149079669433029,-8.128238691676875,-2.750721176494741,2.750580001815552,8.12811332002864,13.148982300522874,17.623643685232558,21.43011998870213,24.52806189719361,26.95879413404728,28.83045443739757,30.29461280671386,31.51330951712889,32.605494813147175,33.59091094695036,34.377928513522114,34.796668694497306,34.64978338759644,33.76783336413523,32.059241218426266,29.545333469090053,26.37818751588633,22.828276804330294,19.23427357473529,15.920534767526403,13.096081497157895,10.762958647802826,8.662026417236419,6.393486414727202,3.736144923765125,0.8006998979585433,-1.990288464207947,-3.9127001403965296,-3.716146464958475,1.2286728514032277,7.015982938427402,11.3602374687664,20.002298573434214
-19.930874460665148,-11.313775253146568,-6.9887813208744936,-1.2029952182874166,3.72715965944526,3.905684334927813,1.9743034907089765,-0.8210668283381006,-3.7581908040173815,-6.415770845366465,-8.683903376632205,-10.784108466090744,-13.116102819970733,-15.938810133216684,-19.25008952438696,-22.841053144330985,-26.387654642948,-29.551560819757054,-32.06257193042919,-33.76874728207584,-34.64880733548373,-34.79434466352104,-34.37472332721408,-33.58716843608133,-32.601442486819224,-31.50909725377853,-30.290356471447907,-28.82623433731978,-26.95467301684433,-24.5241739743517,-21.42662530855336,-17.62070164494457,-13.146758150743942,-8.126763124633205,-2.750215196258858,2.7500704976226302,8.126634453680863,13.14665791031828,17.620635395649295,21.42659355137215,24.52417774645605,26.954696509623687,28.826260843230315,30.290408789335128,31.509170797346183,32.601512584642435,33.58723428454271,34.37478851714581,34.79440427316111,34.64884925721163,33.76876177085934,32.062555240729644,29.551513523964427,26.38758321482763,22.840968891543053,19.25001009075871,15.938738241909611,13.116039837946689,10.784061359259264,8.683874930220815,6.4157589683577,3.758207278661853,0.821109563467233,-1.9742339071943784,-3.905591392707215,-3.727052783027497,1.2031183179007603,6.9889676221428,11.31368489527916,19.93082303721276
-19.8592767829096,-11.26721019308616,-6.961491155017257,-1.1772521603701658,3.73798213884733,3.89847710167588,1.9581650484511028,-0.8415405099906083,-3.780296083446703,-6.438066921633573,-8.705759185942968,-10.805202936102503,-13.136035609254208,-15.95696672616462,-19.26575275126589,-22.853642200831704,-26.39691729677017,-29.557579596656225,-32.06569988180311,-33.769467764567445,-34.647645401703194,-34.791836742379616,-34.371331778643246,-33.583238998839555,-32.59721131612432,-31.50471581325601,-30.2859183208712,-28.82181801735704,-26.950367656140177,-24.52010180935322,-21.422936032460598,-17.617561191757613,-13.144337229734925,-8.125226378080358,-2.749688705994801,2.7495404046128957,8.125094335587695,13.14423403638678,17.617492553542533,21.42290240655468,24.520104048879944,26.95039004673923,28.82184369523487,30.28597004581725,31.504788788197114,32.59728056356898,33.58330437024171,34.3713966381648,34.79189566907954,34.64768662576692,33.769481555618746,32.065682274643244,29.557531141183293,26.39684461993074,22.853556746330508,19.26567227626846,15.956894053784255,13.135972361438236,10.8051558012319,8.705730751330313,6.438055634837197,3.780313317541376,0.8415850415140405,-1.9580930998477333,-3.8983809632153488,-3.7378714729106335,1.1773793262383003,6.961683414992399,11.267123372971882,19.85922847728145
-19.78755121398847,-11.220630027986834,-6.933918396907657,-1.1513155727322113,3.7487192225937727,3.891169323070014,1.9419412600203296,-0.8620784015675305,-3.802442532525349,-6.460383305909315,-8.727617816801835,-10.826283983518476,-13.155936809457394,-15.975069109927157,-19.2813342443679,-22.86611877243821,-26.406036864039056,-29.56342674503244,-32.06863171505099,-33.76997082347438,-34.646246176163224,-34.789075558424564,-34.367678764041315,-33.579046519229,-32.59272062224822,-31.50008141106047,-30.28123604566436,-28.817169129219785,-26.945845162653534,-24.51583287619865,-21.419076176680747,-17.61428180101664,-13.141813713249254,-8.123626544790199,-2.7491410676571437,2.748989029220066,8.123490997043865,13.141707426671386,17.614210614541452,21.41904053046154,24.515833469708674,26.945866353762955,28.817193941105195,30.281287095319737,31.500153709219315,32.59278893347372,33.579111364686845,34.36774336273442,34.789133933982974,34.64628677387931,33.769983900527,32.06861319071674,29.56337725640749,26.405963096328318,22.866032273578487,19.281252778070613,15.97499565434264,13.155873276253931,10.826236941524735,8.72758951906764,6.460372775255381,3.8024605296083096,0.8621248990440722,-1.9418667817765611,-3.8910699591288425,-3.7486047813357217,1.1514468275922645,6.934116576177781,11.220546702110637,19.7875058881649
-19.71569456534341,-11.174029782937607,-6.906049646944339,-1.1251778327944937,3.759370056823264,3.883756304967353,1.9256201849355776,-0.882700382706466,-3.824656120928035,-6.482750756102161,-8.749513033093333,-10.847387890977403,-13.175844999986175,-15.993158400018125,-19.296877610316777,-22.878527463468224,-26.415057191598464,-29.569144336322523,-32.071408828859475,-33.770299095407424,-34.64465587382363,-34.78611211311179,-34.36381621096781,-33.57464368446912,-32.588021825667106,-31.495243341114858,-30.276355965638132,-28.812330305178595,-26.941143225137804,-24.51139905584069,-21.415069928897918,-17.6108803961888,-13.139197952060703,-8.12197005955767,-2.748574354964599,2.7484184199567068,8.121830846345292,13.139088375367068,17.61080641549827,21.415032033063294,24.51139785302757,26.941163077984985,28.8123541126672,30.27640623233125,31.49531489394576,32.58808912681505,33.574708044163266,34.36388057445439,34.78616996214164,34.644695884126214,33.77031151391778,32.071389511334225,29.56909391983309,26.414982399510748,22.87843996260488,19.296795225899725,15.993084309642594,13.175781326998187,10.847340977439265,8.749484972489347,6.482740992327559,3.824675218102208,0.8827489508843591,-1.9255429974525853,-3.88365352484503,-3.759251838003039,1.12531312203637,6.906253710812596,11.173949934747665,19.71565214353261
-19.643694747103,-11.127408287183368,-6.8778724099721575,-1.098828168267968,3.7699407605446695,3.876250055398627,1.9092232794466488,-0.9033747639604268,-3.84689581037012,-6.50511925110508,-8.771389331916046,-10.868454266648651,-13.19569525736823,-16.011164981917727,-19.312308470671283,-22.89079154494321,-26.423900027466992,-29.57465505013631,-32.073953787979605,-33.77037364175986,-34.64279235513093,-34.78285806463032,-34.3596546357483,-33.56993791598513,-32.5830234211159,-31.49011310536747,-30.271194722776052,-28.80722490726563,-26.93619420846748,-24.50674290851144,-21.41087413724018,-17.607326154244713,-13.136470455896786,-8.120244369546787,-2.7479844063434093,2.7478244394582303,8.120101367900396,13.13635749538154,17.607249315482914,21.41083389999156,24.506739795777285,26.93621267428322,28.807247557558163,30.27124419109144,31.490183910696388,32.58308953183082,33.570001726451686,34.35971879500429,34.78291539716371,34.64283179275296,33.77038540804625,32.07393366185255,29.574603719206767,26.42382422812738,22.89070326005121,19.3122251664598,16.01109002819267,13.195631390043582,10.86840765863241,8.7713616190391,6.505110973865276,3.846915283973434,0.9034256357434512,-1.909142938089177,-3.876143941661725,-3.769818748682781,1.0989676089761162,6.878082416375595,11.127331977511938,19.64365517316501
-19.57154700146464,-11.080758139669523,-6.849369299037791,-1.072257291713374,3.7804315563910937,3.8686447802995754,1.8927352918727205,-0.9241248587698354,-3.869192237374056,-6.527525108130235,-8.793286790270429,-10.889526383339058,-13.21553390686434,-16.02913840188184,-19.32767953855484,-22.902964946109485,-26.43261909306488,-29.580009860873226,-32.076317029164734,-33.77024755920521,-34.64071344561255,-34.77937714067584,-34.35525843694732,-33.56499529653008,-32.57778965035242,-31.48475203891613,-30.265809364829064,-28.801904847484423,-26.931043714323028,-24.501903439218097,-21.406518088613957,-17.603640164246332,-13.13364436936468,-8.118457772888933,-2.7473738814354194,2.7472097702898823,8.1183108644364,13.133527911740872,17.603560371134883,21.406475435077216,24.501898348730997,26.93106067908026,28.801926292552555,30.265857964966244,31.484822031835343,32.57785455769768,33.56505851887388,34.35532234262125,34.77943391985269,34.64075230857069,33.770258714108536,32.0762960921605,29.57995758374828,26.43254221239536,22.902875964821995,19.327595243041376,16.02906244363717,13.215469762548633,10.889480105318116,8.793259474659932,6.527518859182968,3.869211518187602,0.9241779469227134,-1.8926515233784416,-3.8685352645943785,-3.780305576202554,1.0724010266429234,6.84958548687877,11.08068561843855,19.57151046238644
-19.49924804392253,-11.034077360871596,-6.820523211325932,-1.045455016573405,3.790842951773727,3.860936246846884,1.876145602503792,-0.9449669780606996,-3.891565374530172,-6.549992796573875,-8.815231786831298,-10.910632636127016,-13.235391246370668,-16.04711067470773,-19.34302496547715,-22.91508249704705,-26.4412486008869,-29.58524119374528,-32.07853011153722,-33.76995303308786,-34.63845341885503,-34.77570680221734,-34.35066490564797,-33.55985407606989,-32.57235879376116,-31.47919629857564,-30.260233787318235,-28.7964007226892,-26.925719419589843,-24.496904606876864,-21.4020199111483,-17.599835650064723,-13.130728327964224,-8.116615794511237,-2.7467446186969595,2.746576220750463,8.116464829383332,13.130608218113323,17.599752743087368,21.401974717740096,24.49689743208502,26.925734714267065,28.79642088696835,30.26028146028209,31.479265474078343,32.57242250880811,33.559916783941226,34.350728515504336,34.775763019370714,34.63849176129288,33.76996365912195,32.078508425803804,29.585187952160823,26.44117057806582,22.914992598424053,19.34293965660778,16.04703401791264,13.235326651210451,10.910586555376138,8.815204856616367,6.549988147169886,3.891585112211549,0.9450220658015142,-1.8760586516551347,-3.860823277229688,-3.790712778983478,1.0456032068510397,6.8207459376757,11.034009004049786,19.49921485767779
-19.426788445351978,-10.987364070001757,-6.791310613485224,-1.0184067485392836,3.80118213561613,3.8531338142144502,1.8594721244247696,-0.965870978692303,-3.913973219769964,-6.572471240351617,-8.837167107686504,-10.931710800994528,-13.25520026267214,-16.065010043681376,-19.358268468046315,-22.927065406809177,-26.449708340757194,-29.59026949944237,-32.08051353548036,-33.76941002508699,-34.63592947504186,-34.771758615166014,-34.34578461811836,-33.5544215497809,-32.56663898164908,-31.47335566227801,-30.254381557389,-28.79063088810861,-26.9201475665034,-24.491682023799417,-21.39732983172717,-17.595877064228944,-13.12769983706722,-8.114704696619746,-2.7460921431261847,2.745919288811115,8.114549509674658,13.127575916681042,17.595790878764518,21.397281922005657,24.491672571538142,26.920161012749777,28.790649693393288,30.254428145825187,31.473423811917527,32.56670135587543,33.554483645398456,34.34584793451894,34.77181434374735,34.63596736690561,33.76942014622854,32.08049115234404,29.590215469781917,26.44962946554637,22.92697469387349,19.358182367413367,16.064933103208666,13.255135297538692,10.931664990306698,8.83714069728409,6.572468126759997,3.913994146611744,0.965928307516251,-1.859381765471275,-3.853017182651648,-3.8010479384102873,1.018559266444461,6.791539615148763,10.987299626322136,19.42675825959777
-19.35416109097156,-10.940614471755726,-6.76171516704448,-0.9911034142364966,3.811446721433871,3.845232295919026,1.8427045786465888,-0.986852573531764,-3.936436757910837,-6.594984624345256,-8.859119462300256,-10.952789569609768,-13.274991671783845,-16.08286920969506,-19.3734444341745,-22.938949078192437,-26.45803425393324,-29.595130650053303,-32.08230300220907,-33.76865316635305,-34.63317633337669,-34.767569448329134,-34.34065476383152,-33.54873812371437,-32.56066976134086,-31.46727061376925,-30.24829149790368,-28.784633251846387,-26.914361374337297,-24.48626467920541,-21.39246931604058,-17.591778562790857,-13.124567361049184,-8.112729881697515,-2.7454182655351405,2.745240851888105,8.112570367138494,13.124439537915732,17.591689042997153,21.392418664902603,24.48625291041519,26.91437286996124,28.78465063831898,30.248336998449,31.46733774726967,32.56073078551972,33.54879955181663,34.34071768691441,34.76762460277381,34.63321369043781,33.76866274012215,32.08227991286953,29.59507572767089,26.45795434317807,22.93885732537414,19.373357509164364,16.082792006837447,13.274926121245604,10.952744030364473,8.859093630074211,6.594982909400225,3.936458860032652,0.9869119818887914,-1.8426109125063088,-3.84511180460789,-3.811308127792697,0.9912605304772972,6.761950873127957,10.940554372271128,19.3541342609613
-19.281344218802275,-10.893815236082215,-6.731699593373872,-0.963524499559092,3.821652303842252,3.8372548171256047,1.8258940045482943,-1.0078240203986797,-3.958834184046984,-6.617387393892901,-8.880927451244688,-10.97369483383381,-13.29457904958521,-16.100488657019163,-19.38834033180813,-22.950514388431248,-26.46600356730684,-29.5996063083818,-32.08368057319773,-33.76746080888808,-34.629962038081,-34.76289070564063,-34.3350276240462,-33.542546815806745,-32.554202946413255,-31.460697169421675,-30.241732644319335,-28.77818787174271,-26.90816419341725,-24.48047703989466,-21.38730106218748,-17.587441210467876,-13.12126743729162,-8.110652540896915,-2.7447104214132585,2.744528232325402,8.110488482735198,13.121135543411652,17.587348266833683,21.38724757875602,24.48046275029521,26.90817364171655,28.7782038180414,30.24177713617026,31.460763194530845,32.55426260649449,33.54260753147997,34.33509012393391,34.76294510997061,34.62999883944997,33.76746989237586,32.08365673958062,29.599550389671663,26.46592252450817,22.950421461511315,19.3882526291912,16.100411355616977,13.294512615870865,10.973649561879018,8.880902169050188,6.617387444463011,3.95885728017482,1.0078854914757016,-1.825796905043705,-3.837130366227675,-3.82150905892174,0.9636864448266268,6.731942342454331,10.893759837627403,19.28132100515026
-19.208326390900105,-10.846951529514564,-6.701257662177827,-0.93566475071397,3.831790966643351,3.829186438928234,1.809008321737004,-1.0288375826067844,-3.981237494523202,-6.639765585962084,-8.90268656152087,-10.994529565575686,-13.314072340741,-16.117985413982737,-19.40307961199389,-22.96188740424906,-26.47374443760233,-29.60382392157907,-32.08477465216105,-33.76596213542916,-34.626419831107555,-34.757865332141336,-34.32904602021915,-33.53600020620411,-32.54738672111984,-31.45378388027845,-30.234845620731196,-28.771429700934647,-26.901674372596144,-24.4744234696849,-21.381903659084085,-17.582919285369844,-13.117833135612964,-8.108493225594298,-2.7439752783362343,2.743788209533643,8.108324544499894,13.117697054009485,17.582822771542755,21.381847238127754,24.474406631651696,26.901681819931955,28.77144415613313,30.234888982716917,31.453848594245727,32.54744481441364,33.53606013710519,34.32910814167621,34.75791897993942,34.626455956137754,33.76597055523736,32.084749987538714,29.60376705860409,26.4736624047078,22.961793337635868,19.402991254627697,16.11790813773428,13.314004951189226,10.994484645046043,8.90266198405846,6.639767642128737,3.9812617512674886,1.028901346102617,-1.8089075043932563,-3.829057835710293,-3.831643098372025,0.9358316045814244,6.701507385152268,10.846900783519782,19.208306630621017
-19.135129052468265,-10.800045489775837,-6.670406683457993,-0.9075258987647488,3.841843046729223,3.820996340108965,1.7919718270124338,-1.050028186572094,-4.003832014241341,-6.662339999611563,-8.924641410582185,-11.015557587390411,-13.333753540953577,-16.135661597955078,-19.41798312759556,-22.973400649330067,-26.481593675256484,-29.60811465270094,-32.08591760018097,-33.76449417674037,-34.62290078811888,-34.75286752449482,-34.32308290407093,-33.52948222752473,-32.54059503503771,-31.44689801562067,-30.22798097990373,-28.76469221136168,-26.895193087194126,-24.468370490858234,-21.376486664079906,-17.57836251844945,-13.114360706333663,-8.106310668773446,-2.743232168379841,2.7430400083544195,8.106137125742077,13.114220189096676,17.578262142347125,21.37642697868238,24.46835084012248,26.895198121914596,28.76470481521476,30.22802294391284,31.44696149326333,32.540651553149004,33.52954136403701,34.32314462192546,34.75292062170739,34.62293651992733,33.764502311948824,32.08589246666602,29.608057037498195,26.481510714504253,22.973305625045747,19.417894178541257,16.13558410814109,13.333685856749144,11.015512994603304,8.924617698025683,6.662343616233867,4.0038578662866025,1.0500943378980108,-1.7918674069701996,-3.820863535977595,-3.841690507434773,0.907697538409652,6.670663474779496,10.799999550507994,19.135112855078216
-19.06173979247644,-10.753088767457124,-6.639110956150919,-0.8790859444681142,3.851828536038238,3.812702104645736,1.7748208595072887,-1.0713246166319856,-4.026520257970748,-6.684994927179488,-8.946664150391756,-11.036641006951063,-13.35347524917718,-16.153359047172753,-19.432883162713956,-22.98487617728984,-26.48937257665899,-29.61230175398727,-32.08692991323987,-33.762874768507686,-34.61921619628956,-34.74769566282369,-34.31693301696405,-33.522786476777874,-32.533625301991826,-31.439839851541134,-30.220945147967228,-28.7577898800828,-26.888550149278664,-24.46217094952785,-21.370932817720725,-17.573687494977282,-13.110797720476013,-8.10407362661195,-2.742470764055518,2.7422735055268825,8.103895245102322,13.11065280120389,17.573583256602383,21.3708699055959,24.46214869218821,26.888552904255288,28.75780072754737,30.22098562882973,31.43990213000096,32.53368015894399,33.5228448394099,34.316994132252326,34.74774813308432,34.619251372132865,33.76288228874771,32.08690406045114,29.61224331329417,26.489288713117507,22.98478014789744,19.43279351333259,16.15328123892652,13.353407277390575,11.036596665155091,8.946641262032959,6.685000042170709,4.026547761489232,1.0713932172865674,-1.7747127535185967,-3.812565057359931,-3.851671225607688,0.8792626572936253,6.639375003832602,10.753047820874183,19.061727245840355
-18.988147685412372,-10.706075214351843,-6.60734257280995,-0.8503271098585806,3.861757005301994,3.804318060132748,1.7575837412156778,-1.0926752230007863,-4.049230716080837,-6.707644136434268,-8.96865885017213,-11.0576758369224,-13.37312599988946,-16.17095773442652,-19.447652101373368,-22.99618218734684,-26.496944736585547,-29.6162535759262,-32.08767854260874,-33.76096651166433,-34.61522429663667,-34.742196521747964,-34.31044548457894,-33.51575148582531,-32.52632439536212,-31.43245858242006,-30.21359819295966,-28.75058845501266,-26.88162767759071,-24.45571429419768,-21.365159215488795,-17.568833152661945,-13.107104312719953,-8.101756632580008,-2.7416828464183447,2.7414803292180947,8.101573251883334,13.106954845341068,17.56872493978415,21.36509301399817,24.45568934742109,26.881628048183813,28.750597463527757,30.21363720991684,31.432519603140864,32.52637756331588,33.51580900683447,34.31050588866291,34.74224821221975,34.615258812543985,33.76097336617361,32.08765193678417,29.61619423315519,26.496859877223105,22.996085022119345,19.447561787702824,16.17087979929177,13.373057394671717,11.0576318144914,8.968636802368485,6.707651143001816,4.049259675634731,1.0927462475832463,-1.7574718474383464,-3.8041765921093194,-3.861594628612955,0.8505091252576911,6.607614186060181,10.706039583112853,18.988139011953844
-18.91435160924941,-10.659011155827333,-6.575092666860522,-0.8212400866886397,3.87162934286928,3.79582124478404,1.7402401726417571,-1.1141312444556022,-4.072034823776896,-6.730372382016074,-8.990717625285487,-11.078760700850156,-13.392810461895262,-16.188570243689668,-19.46240783244568,-23.007440631654248,-26.504434765635704,-29.620090491313327,-32.08828365896635,-33.75889220969556,-34.611054083412284,-34.73650954454576,-34.30375545744352,-33.50851370331399,-32.518827770256344,-31.424888867057664,-30.206071278916408,-28.743212397358334,-26.87453985755345,-24.44909722774777,-21.35924788520227,-17.563857084135392,-13.103316754065975,-8.099381764388587,-2.740875774553964,2.740667696206664,8.099193061024883,13.103162398464878,17.56374455488917,21.35917799397594,24.44906913594646,26.87453746782782,28.743219308270596,30.20610865560652,31.42494843922683,32.51887917775161,33.508570294618785,34.3038153303235,34.73656070158341,34.611088241635315,33.758898696850466,32.08825657356921,29.620030496429045,26.504349083421346,23.00734256783012,19.4623168918392,16.188491873412755,13.392741928333134,11.078716967858291,8.990696568688788,6.73038074246534,4.07206585011756,1.114204846258222,-1.740124641284018,-3.795675471829344,-3.87146182477034,0.8214274072148016,6.575372078225109,10.658981156756957,18.914347031226463
-18.840345534276462,-10.611889448940486,-6.542335607291641,-0.791805475810167,3.881445462698233,3.7872214306972456,1.722788333691601,-1.1356950191475443,-4.094934831763743,-6.753181021281645,-9.012842649871205,-11.099897876565176,-13.412531443098592,-16.206198336497547,-19.477152195451,-23.0186545616191,-26.511847987018403,-29.62380921712786,-32.08874382937351,-33.75665818580079,-34.60670050545584,-34.73062757394308,-34.29687710410906,-33.501084919411994,-32.51113747820541,-31.417125329211547,-30.19835242888791,-28.735652712346564,-26.86727602902784,-24.442322288669637,-21.35318232475748,-17.55875331684338,-13.099432573457284,-8.096949329699603,-2.740049338883511,2.739835731825668,8.09675535734939,13.0992734341709,17.558636622158012,21.35310893733772,24.44229124981405,26.867271011088445,28.73565761023032,30.198388217585315,31.417183510112608,32.51118705514181,33.50114057032511,34.29693619042983,34.73067786814089,34.60673400921113,33.75666403137631,32.088715994954725,29.62374828499439,26.51176126786685,23.01855540233737,19.47706061624419,16.206119792519726,13.412462490555043,11.099854507169605,9.012822515458994,6.753191194780797,4.094967543529009,1.1357712607523085,-1.7226687904738929,-3.787071001924647,-3.881272702826297,0.7919983473346318,6.5426229079055735,10.611865166176786,18.840345043108268
-18.76612591628133,-10.564716556297489,-6.509053766120744,-0.7620080321906058,3.891204919580868,3.778526576054088,1.7052180254599236,-1.1573790153035883,-4.117946427184492,-6.776089382294753,-9.035055640170253,-11.121111286470525,-13.432314598569649,-16.223870319265135,-19.491916234623677,-23.029857179674536,-26.519212678126703,-29.627440566759184,-32.08909011761446,-33.754291649870744,-34.60219652693003,-34.72458816873663,-34.28983882044332,-33.49349536830944,-32.50328682909933,-31.409203686741648,-30.19047886033054,-28.727943615698752,-26.859868856553103,-24.43541284425746,-21.346990162926183,-17.553539533990666,-13.095463396342108,-8.094465759822372,-2.739205808030185,2.738986587644189,8.094266440313097,13.095299390733832,17.55341855703325,21.34691318027794,24.435378815334214,26.85986117951143,28.72794645584118,30.1905130013453,31.40926039646412,32.50333449821971,33.49355006560413,34.289897079003175,34.72463758642819,34.602229350643896,33.75429679136332,32.08906142268993,29.62737864204787,26.51912489957752,23.0297568751173,19.49182393627205,16.223791481290853,13.43224527148566,11.121068209090566,9.035036420472547,6.77610127082636,4.117980920848523,1.157457880141436,-1.7050945479404918,-3.778371454080365,-3.891026696765626,0.762206669499558,6.509349305829536,10.564698385170969,18.76612981660256
-18.691680751528608,-10.517473564983469,-6.475210601392011,-0.7318262718499913,3.900921659841699,3.769750443724315,1.6875669862070677,-1.1791112673257098,-4.14097037549649,-6.798978577956493,-9.057224236240096,-11.142257473436311,-13.45200586093879,-16.241420179462978,-19.50652272940565,-23.04086075184172,-26.526338033781308,-29.630799283181485,-32.08913218586439,-33.751595738692686,-34.59734161311739,-34.71817691832805,-34.282424411494034,-33.485525775701355,-32.49506373789018,-31.40091673988528,-30.18225248809657,-28.71989520679876,-26.852144466498487,-24.428211954676883,-21.34054619558706,-17.548122354920096,-13.091347778403392,-8.091892480139247,-2.7383326308732,2.738107622202562,8.091687643060434,13.091178772497932,17.54799704247787,21.34046557727764,24.42817479914639,26.85213401839721,28.71989591789977,30.182285003042416,31.400971857425805,32.49510946553556,33.48557935679226,34.28248177202609,34.71822534928422,34.59737369254438,33.75160016869662,32.08910264551905,29.630736301956738,26.526249114721143,23.040759193676127,19.50642978504218,16.2413412447793,13.451935815809556,11.142214752429137,9.057205948471358,6.79899253173637,4.141006464189698,1.179192761920192,-1.687439441132621,-3.769590462547985,-3.9007377377671295,0.732030901794435,6.4755146556786825,10.517461796461756,18.691689214972865
-18.61700670709629,-10.47017075185835,-6.44079100433027,-0.7012438798655776,3.910593687487253,3.7608817749242105,1.6698036971314345,-1.200953385054732,-4.164089971600913,-6.821947100142917,-9.079457163198466,-11.1634536480109,-13.4717305461238,-16.25898239975255,-19.521114085605227,-23.051815909034115,-26.533374570456814,-29.634030070378586,-32.08901700702249,-33.74872046492054,-34.592289816089874,-34.7115595972476,-34.274798452328085,-33.47734495065695,-32.48663140041498,-31.39242495601236,-30.17382638663474,-28.71165407436132,-26.844236019655455,-24.42083897434208,-21.33394666320913,-17.542572541795675,-13.08713206824728,-8.08925840658299,-2.7374392227301927,2.737208268903611,8.08904790233046,13.086957916133636,17.54244274433948,21.333862298866247,24.420798606858536,26.84422269500677,28.711652570403423,30.173857248141225,31.39247848212684,32.48667516126797,33.4773974152446,34.274854884732704,34.71160707227509,34.59232114721182,33.748724137635,32.088986532535294,29.63396601745171,26.5332845130998,23.051713099341136,19.521020506828464,16.258903317888308,13.471659831123649,11.163411261270362,9.079439834006058,6.821963089775727,4.164127755821827,1.2010375687581198,-1.669672074682211,-3.760716946003285,-3.910403989446349,0.7014547147737723,6.441103824625411,10.470165688938012,18.61701993763789
-18.54210399725593,-10.422824645915467,-6.405777160751037,-0.6702421316372777,3.920223835463977,3.751912291483216,1.651899344503163,-1.222957618145357,-4.187376333242401,-6.845079425756561,-9.101848554856929,-11.184801714624069,-13.49159831857009,-16.27667475601223,-19.535816031044003,-23.06285455589309,-26.54045598416862,-29.63726474516801,-32.08887727930831,-33.74580084938179,-34.58718044432905,-34.70488287983313,-34.26710767351289,-33.4691007662256,-32.47813444716306,-31.383869478417395,-30.165335833498716,-28.70334812945467,-26.83626046106408,-24.413396798344756,-21.32727692790625,-17.53695440666613,-13.082860122269386,-8.086590344991631,-2.736534406416931,2.7362973766502137,8.086374044157047,13.082680680864527,17.53681996668439,21.327188637718283,24.413353051432058,26.83624410126737,28.70334435358363,30.165364852340595,31.38392123524234,32.47817602391158,33.46915203258914,34.26716315161615,34.70492944214263,34.587211069186736,33.7458037371182,32.08884592176526,29.637199787605145,26.540365037234665,23.062750710394976,19.535722015835123,16.276595740091082,13.491527030392266,11.184759842485594,9.101832368214964,6.845097749114308,4.187416050656586,1.2230448934387526,-1.6517631084837023,-3.751742309138258,-3.920028537479564,0.6704589536834925,6.406098340174984,10.422825950954664,18.54212155693212
-18.46695691136589,-10.375397388649947,-6.370120715652439,-0.6387960524311084,3.92982680951069,3.7428680768888585,1.6339191112831306,-1.2450051854118511,-4.210667253654552,-6.868182567476893,-9.124183362166027,-11.20606888794406,-13.511358797101735,-16.294228308978642,-19.550341635532103,-23.073673871190497,-26.547274224798144,-29.640198724266035,-32.08840059277767,-33.74251560947916,-34.58168414811428,-34.69780004221306,-34.2590079635583,-33.460445546661994,-32.46923402935563,-31.37491781499108,-30.15646102107655,-28.694671533501023,-26.827936532174096,-24.405634667023868,-21.32033025826894,-17.531113549165116,-13.07842852369699,-8.083824600368473,-2.735597276097431,2.735353973719313,8.083602300334869,13.0782435970896,17.530974310122623,21.320237936563387,24.405587413170256,26.82791701962752,28.694665402790932,30.15648814407957,31.374967675505783,32.469273571623724,33.46049557360938,34.25906242437555,34.69784552498453,34.58171391435743,33.742517718101425,32.08836835460941,29.64013270695826,26.54718211801517,23.073568752805688,19.550247071397017,16.294149207138794,13.51128696757334,11.206027438322684,9.12416834116772,6.868203069565591,4.2107088777992825,1.2450953398120752,-1.633778402514693,-3.742692688873688,-3.929625345192048,0.6390192637061456,6.370450922723784,10.375405749607465,18.46697935278584
-18.39156577133705,-10.327916694007913,-6.333807270381973,-0.6068856409550574,3.939401691152619,3.733732907820514,1.6158125196545443,-1.267189305048785,-4.234089931130146,-6.89140750978862,-9.146629629203687,-11.22743688068261,-13.53120736233864,-16.311852796725496,-19.564914658311636,-23.084509282764134,-26.554068077053653,-29.64306649406832,-32.087825001656896,-33.73910797032,-34.576050207688986,-34.69057412892123,-34.250761228378245,-33.451644635543225,-32.460188924937434,-31.3658238173588,-30.147445707313544,-28.685857234074323,-26.81947743583081,-24.397742119065416,-21.313262870502,-17.52516665727885,-13.0739157315224,-8.08100932574457,-2.734643614163029,2.7343939363990857,8.080780934832024,13.07372522859174,17.525022503250998,21.313166403782372,24.397691311349416,26.819454708056288,28.68584852316217,30.147470924509825,31.36587178436722,32.460226087297485,33.451693426228296,34.25081463948392,34.69061849202466,34.57607916045868,33.7391093134048,32.08779184260234,29.642999436500197,26.553974866387296,23.084402908607945,19.56481959341209,16.311773700453724,13.531134894355564,11.227395898852478,9.14661579987477,6.8914303447457455,4.234133473078138,1.2672824545527055,-1.615667194342824,-3.733552048081079,-3.939194027684174,0.6071153768109033,6.334146626219565,10.327932297070484,18.39159317485777
-18.315923298435614,-10.280374890086188,-6.296801536850947,-0.5744856298449669,3.948955861648176,3.724512665156269,1.5975912191886112,-1.2894876304274363,-4.257612930487238,-6.914715732641389,-9.169144200673475,-11.24885860481278,-13.551093283797696,-16.329492999225195,-19.579475784495852,-23.09529726588019,-26.560772199728422,-29.645802210343778,-32.087081191770885,-33.735506241731265,-34.57020441922696,-34.683125118111846,-34.24228923153482,-33.44261900679349,-32.45092257178058,-31.356512896500725,-30.138218619956444,-28.676837397712827,-26.810821180384604,-24.38966408247612,-21.306028649128397,-17.519079053949476,-13.069298629131929,-8.078129702722402,-2.733668585689177,2.7334124166209586,8.077895121828298,13.069102440452562,17.518929884658274,21.30592799663445,24.38960968144162,26.810795195248936,28.676826101731947,30.138241860815707,31.35655885169723,32.45095727496761,33.44266651534959,34.24234149671884,34.68316816017127,34.57023240587807,33.7355067215527,32.08704708172863,29.64573406205136,26.56067780128419,23.095189450215138,19.579380306810933,16.329414233002044,13.551019540785848,11.24881814905447,9.169131541470277,6.914741511749461,4.257658015184452,1.289583744157724,-1.5974411386916338,-3.724326196880572,-3.9487417327360967,0.5747221832859413,6.297150361562135,10.280398094853435,18.315955895687107
-18.24001978161573,-10.2327633932945,-6.259065685168179,-0.541569670410966,3.958497232974129,3.715213697085232,1.5792627095246767,-1.311888714621733,-4.2812211649617335,-6.938090425818838,-9.191708161149808,-11.270313825494886,-13.57099441769522,-16.34712579428486,-19.594000157961982,-23.10601222380592,-26.567359689394628,-29.648378268778465,-32.086137908679696,-33.73167506578377,-34.56411153142281,-34.675419739349856,-34.233560193710964,-33.43333746348068,-32.44140401235171,-31.34695313161851,-30.12874725937621,-28.667578859014903,-26.80193564054361,-24.38137099113042,-21.2986032341058,-17.512833621936483,-13.064565944311074,-8.07517928915629,-2.7326699581049803,2.7324071312859792,8.074938354970962,13.064363932240363,17.512679308841314,21.298498242705094,24.381312855249657,26.80190630165641,28.667564939762062,30.128768444263848,31.34699688305541,32.44143612195269,33.43338364540777,34.23361135074547,34.67546147455008,34.56413848183706,33.73167462098366,32.08610289618262,29.648309120047426,26.567264138114705,23.1059029933343,19.593904245956963,16.34704716703785,13.57091973427368,11.270273848251977,9.191696799563136,6.938118933525196,4.28126813181641,1.3119879080576953,-1.5791077804089722,-3.715021560887047,-3.95827657187004,0.5418132265690908,6.259424150362373,10.232794439365636,18.24005767015312
-18.16384389873672,-10.185080168721992,-6.220564482394771,-0.5081102463700254,3.9680332605986255,3.7058401820812255,1.560827830226984,-1.334394371209345,-4.304918406357726,-6.961536135965827,-9.214327088631222,-11.291808697817334,-13.59091787595416,-16.364758748242924,-19.6084963276776,-23.11666314839557,-26.573839837792605,-29.650803074978725,-32.08500285283158,-33.72762244213972,-34.55777949483547,-34.66746586355055,-34.22458296298061,-33.42380975282083,-32.431642948415494,-31.337155042803477,-30.119042282450543,-28.65809285263473,-26.792831329106782,-24.372872594317784,-21.29099422487719,-17.506435664802066,-13.059721246911066,-8.07215972690257,-2.731648254725316,2.731378601263582,8.071912272928433,13.059513272198735,17.50627611539807,21.290884813356968,24.372810557787,26.792798395560403,28.658076196742204,30.119061327252865,31.337196515475902,32.43167242032366,33.423854495258546,34.2246328066986,34.667506156201895,34.55780540231137,33.72762104278808,32.08496674252231,29.650732696812085,26.573743044245024,23.11655250428172,19.60840014634922,16.364680482640072,13.590842064208182,11.29176929628029,9.21431712363097,6.961567715694755,4.304967204775005,1.334496795845328,-1.5606676547792566,-3.7056419655956536,-3.967805760484988,0.5083608975037025,6.220932716878951,10.185119225154397,18.163887105939857
-18.087394983981497,-10.137351605222158,-6.18126673701817,-0.4740782964677479,3.977566441672281,3.696380771353415,1.5422513314619528,-1.3570669174019807,-4.328788281706831,-6.985152068724213,-9.237110363294454,-11.31346111813487,-13.610989377119276,-16.3825267466026,-19.62310750654073,-23.127400267212813,-26.58036537975633,-29.653227145914936,-32.083826636099985,-33.72349761449782,-34.55135826934334,-34.65942083757074,-34.21551211545956,-33.41419105790125,-32.42179069997778,-31.327266395799413,-30.10924574898461,-28.648514358353594,-26.78363296676042,-24.364280297430785,-21.28329617338447,-17.49995768796101,-13.054814051100472,-8.069102024909318,-2.730613567927769,2.7303369513997664,8.068847910573256,13.054599990007478,17.49979278773883,21.28318222955889,24.36421426022606,26.78359632225719,28.64849503150692,30.109262566012884,31.32730554893434,32.42181754586576,33.414234443476694,34.21556063656363,34.6594597195394,34.551383236281765,33.723495301508706,32.08378950381331,29.653155591967536,26.580267351618744,23.127288239860963,19.623010880753235,16.38244838123605,13.6109129662118,11.313422102319032,9.237101818264057,6.985186073189231,4.328839265926836,1.3571724707070678,-1.542086218491023,-3.696176571894292,-3.9773320588878,0.4743363194852107,6.181645113189363,10.137399137367614,18.08744390598773
-18.01066266321702,-10.089537203755976,-6.141117888363947,-0.4394405227720264,3.987110569442567,3.686859713277163,1.523586294470294,-1.3798143299011498,-4.352707125783679,-7.008791113746752,-9.259895395675168,-11.335095421782317,-13.631021138926467,-16.40022778477066,-19.637618648935707,-23.13799767721402,-26.586704454158266,-29.65541774692563,-32.08236785023311,-33.7190536879687,-34.54459874467349,-34.65102561875764,-34.20609587999533,-33.404229788944164,-32.41160249149153,-31.317046845700474,-30.09912526762303,-28.63862063116282,-26.77413279793745,-24.355407161518915,-21.27535049015644,-17.493278943241545,-13.049762124500337,-8.065954447148178,-2.7295488808351247,2.7292651513908868,8.065693530494581,13.049541856550322,17.493108603980225,21.27523197877809,24.35533707522242,26.77409232760053,28.63859837922604,30.099139928991068,31.31708363203979,32.41162637427537,33.40427172005564,34.20614295313279,34.65106288436602,34.544622604948195,33.71905041637169,32.08232959458871,29.65534491949996,26.5866050819018,23.137884136851444,19.637521699938716,16.40014971154244,13.630943506299127,11.335056918861756,9.259888252816308,7.008828229589487,4.352759972626484,1.379923089779898,-1.5234159753892549,-3.6866493592842726,-3.986869031549653,0.439706225172996,6.141506717106801,10.089593586597694,18.010717496255946
-17.933632304947185,-10.041630979603074,-6.100071944025225,-0.4041621416211923,3.996674119033021,3.677282065071773,1.5048334196905009,-1.4026402025455984,-4.376681700708563,-7.032462748840428,-9.28269273496388,-11.35672328662888,-13.65102541721422,-16.417875608823493,-19.652044509963293,-23.148471285384897,-26.592872963020405,-29.65738905311572,-32.08063781026112,-33.71429904489806,-34.537509687334335,-34.64229307601381,-34.19634765010195,-33.393940690156725,-32.4010926261843,-31.306510219544272,-30.08869355044004,-28.628422645879898,-26.764340839742623,-24.34626197047997,-21.267164782814916,-17.486405627190752,-13.044569048089397,-8.06271949964069,-2.72845485678664,2.728163850420011,8.062451642068,13.044342405684937,17.486229664540758,21.2670415352771,24.34618768488214,26.76429646575091,28.628397499542203,30.08870584397614,31.306544280847938,32.40111349531694,33.393981012474725,34.19639321876376,34.64232865371867,34.53753229384656,33.71429460521343,32.0805983411363,29.6573149804224,26.592772288170146,23.148356277896337,19.65194726866924,16.417797792483142,13.650946770058814,11.356685338507232,9.282687144169085,7.032502986076392,4.376736684114152,1.40275235536029,-1.5046576340915363,-3.677065233198776,-3.996425195341396,0.4044356644553293,6.1004713703144215,10.041696438653387,17.933693112993993
-17.856287983332507,-9.99362010995648,-6.0580780703721935,-0.3682042125548712,4.006267136208062,3.66765446679653,1.4859981955752788,-1.4255380387842165,-4.400704083738331,-7.056157498056764,-9.3054918734839,-11.378333216173978,-13.670989852006588,-16.435456652979223,-19.6663705514428,-23.15880562698067,-26.59885440573797,-29.65912243253901,-32.078614880509534,-33.70921018569513,-34.530067374479245,-34.63320052855917,-34.186246205382496,-33.38330427962699,-32.39024254056879,-31.29563891382546,-30.077933522166298,-28.617904403766172,-26.75424142428181,-24.33683011525853,-21.258725925598977,-17.47932671035694,-13.039226526461594,-8.059391702854256,-2.7273295902808714,2.727031090543532,8.059116688495743,13.038993343877788,17.479145002330917,21.25859782448302,24.33675152287919,26.75419304550219,28.617876253930408,30.077943453548222,31.29567017001144,32.390260240960075,33.38334293455003,34.186290085742485,34.63323420105692,34.530088636139624,33.709204590894664,32.078574200255765,29.65904706254263,26.598752366355548,23.158689104762708,19.66627308659129,16.43537916474202,13.670910047500811,11.378295826170367,9.305487875510975,7.056201013917391,4.4007611428691495,1.4256535669804284,-1.4858168714601856,-3.667431045267052,-4.006010565885838,0.3684858948126945,6.058488498263765,9.99369511412112,17.856355071504893
-17.778620169315545,-9.945577196561269,-6.015105765253874,-0.33152943089644,4.015892085073114,3.657950905761271,1.466999377935001,-1.4486569568811123,-4.42497928591999,-7.080120726073521,-9.328565845349194,-11.40022075423206,-13.691231544993364,-16.453311833144138,-19.68096101023857,-23.169384970907235,-26.60504698957789,-29.66102198655205,-32.076716532371016,-33.70421143193316,-34.522696240292014,-34.62417912175776,-34.176211294268164,-33.37273648122186,-32.37945669160386,-31.284830142573533,-30.067230497556736,-28.607437698504715,-26.74418339673639,-24.327428546009315,-21.2503051783118,-17.472252850272714,-13.033880901007484,-8.056061544896293,-2.7262028009151886,2.7258966979253376,8.0557792508667,13.033641063691936,17.472065295903306,21.25017214281389,24.327345462785367,26.744130654490892,28.607406807937483,30.06723799685268,31.284858594686213,32.37947108052438,33.372773686716535,34.17625357980605,34.62421103687278,34.522716230441425,33.70420453007991,32.0766744617096,29.66094522117625,26.604943534278316,23.169267038187417,19.68086318387826,16.45323417892706,13.691151355674815,11.400183780093997,9.328563523092804,7.080166775870653,4.425039022933025,1.4487760792602054,-1.4668125073901863,-3.657720849366378,-4.015627830718155,0.331819368228677,6.015527308222828,9.945661995181233,17.778693695726396
-17.70062237458906,-9.897455657843242,-5.971084294393121,-0.2940901599880619,4.025563187629316,3.648192596147148,1.4478838448038684,-1.4719125906121735,-4.449390947609141,-7.104212159683264,-9.351758011785558,-11.422215663280449,-13.711567274093117,-16.471243129123575,-19.6956036557216,-23.17998498586252,-26.61121762205615,-29.66284933511536,-32.07469162564168,-33.69904294186543,-34.51513393713922,-34.61495989688583,-34.165981119540504,-33.3619772359763,-32.36848237497082,-31.27383584510247,-30.056344177039776,-28.596791118851584,-26.7339497084252,-24.317860438394916,-21.241734869925487,-17.465054295854106,-13.028442272739406,-8.052672768677198,-2.7250559083671044,2.724742104229571,8.052383108062234,13.028195689882647,17.46486079352998,21.24159689362393,24.317772866988857,26.733892513273208,28.59675752496744,30.05634919986188,31.273861378108503,32.36849298671474,33.36201315005776,34.16602163569404,34.61498967378986,34.51515247698455,33.69903477060335,32.07464825123187,29.66277113556602,26.611112618067907,23.17986552769016,19.69550540937392,16.471165318337903,13.711486674798488,11.42217911530936,9.351757369537731,7.104260744975036,4.449453275038021,1.4720351857102574,-1.4476913966013398,-3.647955521343732,-4.025290896569241,0.2943886672048474,5.971517282391637,9.897550650631333,17.70070259085324
-17.622286619816443,-9.849283699194984,-5.925960370833433,-0.255839751364477,4.0352886093738185,3.638372793016313,1.4286211228637828,-1.4953627937555982,-4.474019647176768,-7.12852915105902,-9.375176557569995,-11.444434991816648,-13.73212217662108,-16.489385215229674,-19.71044214634486,-23.19075759137726,-26.61752481442682,-29.664766572448624,-32.072706579639416,-33.693871493514166,-34.50754548428748,-34.605708075478134,-34.15571551192732,-33.35118278921001,-32.357471368412284,-31.262804169491936,-30.045418533502684,-28.58610335310465,-26.72367199498611,-24.308246346797368,-21.2331195793358,-17.457814027163327,-13.022968868194042,-8.04926155635811,-2.7239008109380545,2.723579236060747,8.04896446839343,13.022715507447709,17.45761453316109,21.232976637243265,24.30815412823858,26.72361003114496,28.58606736126489,30.045421094777225,31.26282663694135,32.357477858414306,33.351217567414835,34.15575428500224,34.60573580177688,34.507562726898065,33.69386191448457,32.07266163567026,29.664686833131498,26.617418311073283,23.190636902646737,19.71034328009793,16.489306607124092,13.732042178088442,11.444398741195752,9.375177604893237,7.128579270591485,4.474085329792455,1.4954891565734132,-1.4284232652986306,-3.638128819635668,-4.035008347702884,0.2561470208524639,5.926404966800318,9.849389188272156,17.622373733295117
-17.543596120788827,-9.80100395155095,-5.879653661448605,-0.2167209569141061,4.04508888473918,3.628520469964289,1.409264994750294,-1.5189185067961075,-4.498746145548016,-7.152929954273938,-9.398664341213232,-11.46670890644998,-13.752714409883485,-16.507542894468152,-19.7252687746752,-23.201484138203984,-26.62374130982674,-29.666539646305672,-32.0705146180362,-33.68844333345118,-34.49967690941369,-34.59616745713273,-34.14516681783431,-33.34011027258678,-32.34618839853613,-31.251505417134645,-30.034230913068274,-28.57515986112264,-26.713148077115797,-24.298401905176405,-21.2243007002952,-17.450407439925257,-13.01737340852618,-8.045773277804168,-2.72271938455256,2.7223900271415022,8.045468775100659,13.0171132992575,17.450202004710146,21.22415299081249,24.298305157022867,26.713081310450693,28.57512196150867,30.03423105634566,31.25152462271601,32.34619025377291,33.340144205629684,34.145203589841415,34.59619246505851,34.49969236066963,33.68843193427424,32.070467832044336,29.66645808200111,26.623632998197117,23.201362040552176,19.72516897843035,16.507463212180646,13.752635143336436,11.466672837967293,9.398666930093697,7.152981243829535,4.4988151527879,1.5190484714350347,-1.4090618853815895,-3.628269357602329,-4.044800060281133,0.2170376439067682,5.88011064560698,9.801120796743245,17.543690840448367
-17.464532727113273,-9.752586211898487,-5.83208537563665,-0.1766729978025638,4.054980076789322,3.6186518632520097,1.3898367675669916,-1.5425501557679155,-4.523533573250722,-7.177372488709154,-9.422174416767405,-11.48898656347791,-13.77328869338961,-16.525656961597246,-19.740020163214982,-23.212098297911165,-26.62979911036632,-29.66809743469277,-32.0680367856931,-33.682672651579274,-34.49144179261595,-34.586253771113114,-34.13425492417674,-33.32868110190307,-32.33455908717164,-31.23986450917188,-30.02270802781112,-28.56388734818011,-26.702310188340636,-24.288265030353024,-21.215224079645203,-17.442793242509886,-13.011625711915366,-8.042190094429513,-2.7215056964157878,2.7211683913621787,8.041878043883084,13.011358720699752,17.44258173777054,21.21507152996498,24.288163647053057,26.70223860244438,28.563847626989794,30.02270578355257,31.23988000678465,32.33455629284046,33.328714123348604,34.13428968821389,34.586276019310155,34.49145531296244,33.68265916394518,32.067987950188375,29.66801402326915,26.62968900445923,23.211975092800465,19.73991928371187,16.525575694082907,13.77321141219928,11.488950749897713,9.422178710256532,7.177424044417028,4.523606773073544,1.5426842609262426,-1.389628042590003,-3.618393173483796,-4.054682779637269,0.1769992598572785,5.832554535399984,9.752714293543493,17.46463472351861
-17.385075110382015,-9.704037360010604,-5.783182209093265,-0.1356291461090383,4.064980607968456,3.608769298942767,1.3703160901983198,-1.5663003044732022,-4.548441509275254,-7.201927673198516,-9.44578602395023,-11.511353649187363,-13.793937224811016,-16.54382633685036,-19.75480226469099,-23.22271193829977,-26.63581481919199,-29.6695590581822,-32.06539634945356,-33.67668512987841,-34.482963916560685,-34.57608909041402,-34.1230980322285,-33.31701229219978,-32.32269995725664,-31.227996177706917,-30.01096254150815,-28.55239553820697,-26.69126281891694,-24.277931095621383,-21.20597072460313,-17.435033858167618,-13.005769719921956,-8.038538346013627,-2.720268353241776,2.7199232087214225,8.038218900968964,13.005496093546116,17.434816603435518,21.205813700283645,24.27782548518133,26.691186728588367,28.55235412978362,30.010958422208912,31.22800790605913,32.32269215733873,33.31704449730185,34.12313037627319,34.57610789503579,34.48297473435068,33.67666871035741,32.06534472017485,29.66947309438822,26.635702240856983,23.222587413564646,19.754699760239603,16.54374282689934,13.79386251943851,11.511317932799194,9.44579175537472,7.201978699960329,4.548518919962183,1.5664384402846243,-1.3701019049250327,-3.608502636785212,-4.064674123453661,0.1359659229597442,5.783664492372082,9.704177686296234,17.38518526265712
-17.305202039955102,-9.655305584246204,-5.732844452386764,-0.0935139405166476,4.07511153127279,3.5988978022437874,1.3507461369667275,-1.5901058101664756,-4.5733901521771125,-7.226501505880421,-9.469395650021038,-11.533697786047416,-13.814539138278455,-16.561919726901646,-19.769474712475382,-23.23317814666493,-26.641637161083988,-29.670766560884008,-32.06242336390281,-33.67029938917915,-34.47405842046871,-34.56549256743354,-34.11152416733929,-33.30493655574691,-32.31044875906232,-31.21574030328846,-29.998838319822703,-28.540532067593727,-26.679862978568128,-24.26727057351203,-21.196426839679223,-17.427041521577436,-12.999740706307518,-8.034780379876597,-2.718995075184701,2.718641928208755,8.034453405987074,12.999460375661297,17.426818515005714,21.19626524743457,24.26716100285837,26.67978286612344,28.54048814238558,29.9988323489012,31.21574802607398,32.31043711530604,33.30496703541905,34.11155337944271,34.5655079034033,34.4740663325421,33.67027985767422,32.06236873264738,29.670677820824128,26.64152198628377,23.233052336463903,19.76937044238891,16.56183414150913,13.814466658440956,11.53366229559159,9.469402501955242,7.226552827681872,4.573471107374706,1.5902480661773348,-1.3505261348103934,-3.598622911705524,-4.074795598997329,0.0938618048991107,5.73334020384451,9.655458578913615,17.30532054383801
-17.224879794340687,-9.60636980985672,-5.6809754948895295,-0.0502443665055488,4.085400524610797,3.58904941990622,1.3311284155630263,-1.6139743390571375,-4.598393794537937,-7.251112981896869,-9.493024157361909,-11.556041767589342,-13.835120070157377,-16.57996349024396,-19.784065660475022,-23.24352794872476,-26.647298771392737,-29.67175390060208,-32.059154175348844,-33.66355222273902,-34.46475873941365,-34.554496157996105,-34.09956457370873,-33.29248765742258,-32.29783722308745,-31.203132493180146,-29.986370998191823,-28.528334419823004,-26.66814409122661,-24.25631304552519,-21.186618669968887,-17.41883430890115,-12.993551399483922,-8.030923466633865,-2.717688220717272,2.717327151829792,8.030589096622053,12.993264607682288,17.418605868528594,21.186452736401705,24.256200008253064,26.668060586236574,28.52828760544152,29.986362909608584,31.203136172734457,32.29782253950956,33.29251555470224,34.09958985503977,34.55450769643016,34.46476306951491,33.66352880501891,32.05909588517621,29.67166182214357,26.6471805240551,23.243400250152696,19.78395956963899,16.57987644910691,13.835047656024722,11.556007220331429,9.49303240048914,7.251164547744037,4.59847765543442,1.614120684299316,-1.3309024429965897,-3.5887660682113416,-4.085074515501944,0.0506042870095816,5.68148562613018,9.606536526461982,17.22500750987994
-17.144071684865935,-9.557257925234588,-5.627482207507295,-0.005731019542898,4.095867592448251,3.579211834840124,1.3114007285386304,-1.6380144345502732,-4.6235968514652885,-7.275931708841587,-9.516860104570451,-11.578588805875384,-13.855895433420336,-16.598188953151535,-19.79882005919364,-23.254017830967523,-26.65306843087409,-29.672805451693016,-32.05589460113369,-33.656759655063844,-34.455376136088134,-34.543400795338115,-34.08749816595263,-33.27993562466159,-32.28512483622037,-31.1904300795784,-29.973812655893333,-28.516049441597403,-26.65634080173505,-24.2452738624847,-21.17673870858619,-17.410562535208786,-12.987311426643632,-8.027034477832977,-2.716370052750253,2.716000592693373,8.026692172728913,12.987017501943528,17.41032794936944,21.17656760087056,24.245156515488844,26.656253715018703,28.515998809436283,29.97380178906124,31.19042948584476,32.28510832032336,33.27996009117021,34.0875200711589,34.54340935725257,34.455377500376514,33.65673314388917,32.05583331889028,29.6727105668358,26.652947537288316,23.2538884923933,19.79871217914698,16.59810056564779,13.855823671314024,11.57855487010716,9.51686938127274,7.2759844456276435,4.623683582288795,1.638164849336909,-1.311168965354985,-3.578920295701472,-4.0955314489242935,0.0061027177877322,5.628006863813978,9.557438758151642,17.14420889615003
-17.062751554545486,-9.507920260364408,-5.572237132634338,0.0401293931424604,4.106546298779981,3.569413423495407,1.291598800224501,-1.6621766822933728,-4.648937939474436,-7.300887832904368,-9.540826684982834,-11.601256627025409,-13.876778022084745,-16.61650234698026,-19.81363800010677,-23.264543200516314,-26.658837628156725,-29.673809294113298,-32.052524230963066,-33.649793924129135,-34.44578002609844,-34.53207443323431,-34.07520122855314,-33.26716248573456,-32.27219903818161,-31.177524444699568,-29.961057952348103,-28.50357646769695,-26.64435708452012,-24.23406616173179,-21.16670914310124,-17.4021649890901,-12.980976374526078,-8.02308618922132,-2.7150316489226096,2.714653484168841,8.022735611910374,12.980674956665746,17.40192389915985,21.166532426862403,24.2339440217882,26.64426626470752,28.50352192741198,29.96104387154494,31.1775193303617,32.27218092488913,33.26718323458216,34.075219883235405,34.53208017644476,34.44577843740607,33.64976445431569,32.05246012518654,29.67371182350945,26.658714370897687,23.26441233605066,19.813528525260136,16.616413064296477,13.876706761103712,11.601223446769884,9.540837046607926,7.300942161845509,4.6490277276233165,1.6623314000440537,-1.291361001717365,-3.569113575862586,-4.106200018059749,-0.0397459414162726,5.57277629883663,9.508115382683853,17.06289827418083
-16.980880426172533,-9.458333888876249,-5.51510807905093,0.0874514668335038,4.117466510552851,3.559661561362098,1.271708817965065,-1.6864900963526153,-4.674456956684438,-7.326028735264204,-9.564976283167985,-11.624101558295,-13.89782762993069,-16.634966740839538,-19.82858502447709,-23.27517176247514,-26.664677979382123,-29.67484325345096,-32.0491287094383,-33.6427426301681,-34.436052891299646,-34.52059334454923,-34.062742890683346,-33.254232967984095,-32.259121585002184,-31.164476335622133,-29.94816681178816,-28.49097463371363,-26.632250609601822,-24.22274493053948,-21.15657778425064,-17.39368105968907,-12.974574719230644,-8.019096166198274,-2.713678873995902,2.7132918660794885,8.018737178847402,12.974265682400826,17.393433372118793,21.15639527873294,24.22261762353547,26.632155757576868,28.490916252720297,29.94814884300214,31.164466221941368,32.259102115488254,33.25424985333565,34.06275825347963,34.520596362106,34.43604846058852,33.64271051444236,32.04906204898418,29.67474331092231,26.66455241233023,23.27503935131718,19.82847405461382,16.634876776801335,13.897756805246612,11.624069218496846,9.564987794759467,7.326084843433255,4.6745499133835375,1.6866492436909355,-1.271464860502482,-3.559353226573484,-4.117109964770479,-0.0870562765556348,5.515661728258164,9.458543490883889,16.981036700347573
-16.898414465122546,-9.408457769677115,-5.4559446631253135,0.1363627156660229,4.128665531680763,3.54997431505322,1.2517376970271157,-1.7109531621689873,-4.700156324607076,-7.351359651804969,-9.589315936631644,-11.647131903306713,-13.919053455148452,-16.6535918486894,-19.843670831065094,-23.285913559678757,-26.67060145752343,-29.67592318175023,-32.04572899485135,-33.63562801613663,-34.42621348014663,-34.50897258107627,-34.05013321980405,-33.24115378757929,-32.245897678121395,-31.151290349468805,-29.93514443839913,-28.47824967834264,-26.620029287233635,-24.211319968481867,-21.14635416829631,-17.385120305906337,-12.968113458641904,-8.015068934660452,-2.712313368575064,2.711917246186287,8.014701241756322,12.967796445922474,17.38486563142105,21.14616552083445,24.211187096733354,26.619930144448247,28.478187837066137,29.93512200911668,31.15127486033825,32.24587742382532,33.241166762681495,34.05014525178004,34.50897309632536,34.42620636011281,33.635593468219575,32.045659960953294,29.675820916407428,26.670473746036727,23.28577965926421,19.8435585112982,16.65350140686264,13.918983029243265,11.647100482345634,9.589328673506907,7.351417679539357,4.700252565053247,1.7111168410717172,-1.251487486099294,-3.5496573740713164,-4.128298671628845,-0.1359558227331685,5.45651276499331,9.408682035729743,16.89858035205601
-16.815308165760793,-9.358224471404782,-5.394575662808105,0.1870088250098572,4.140190240226837,3.5403821664395063,1.2317159307905077,-1.7355273250567154,-4.725990057093382,-7.376829044051816,-9.613789929457354,-11.670288312737522,-13.940392236685732,-16.67230975874041,-19.858822263613146,-23.296691228672927,-26.676525823256718,-29.67696234646817,-32.0422315116232,-33.628351066231126,-34.416160733071294,-34.49711150472484,-34.03727533090456,-33.22783227317124,-32.23243901340552,-31.137882068981483,-29.921910057769374,-28.46532389719321,-26.607620764853756,-24.199725506200025,-21.13598128052914,-17.376436656677967,-12.961558762618765,-8.0109831284423,-2.7109279709871674,2.7105225275864777,8.010606524736977,12.961233542940448,17.376174737964952,21.13578624163591,24.199586742054144,26.607517129435568,28.465259033646173,29.9218824561234,31.137860580469724,32.23241865907665,33.227841239712404,34.037283866591736,34.4971097262469,34.416150984197344,33.62831412071985,32.042160190558434,29.676857895275624,26.67639613062849,23.296555804821672,19.85870869044736,16.672219067073463,13.94032205951423,11.67025784989302,9.613803925000193,7.376889168483232,4.726089737172107,1.735695728061943,-1.23145933178906,-3.540056640218696,-4.139813119678962,-0.1865901199108292,5.395158276623018,9.358463721157625,16.815483844476894
-16.731504828718652,-9.307565993189751,-5.3308163269521245,0.2395524195695409,4.152094485764393,3.53091925908799,1.211670598992902,-1.7601857071435103,-4.751930650041885,-7.402409056212233,-9.638370088487934,-11.693542082115671,-13.961814459695844,-16.691089619910112,-19.87400682711767,-23.30747116028033,-26.68241589381573,-29.677924759111324,-32.03859947173111,-33.620874692345524,-34.40585725145891,-34.48497213778049,-34.02413115627266,-33.214230949360555,-32.21871004375743,-31.124217070538883,-29.908431222758704,-28.45216721907689,-26.594998133757183,-24.187938412139683,-21.125440313698075,-17.3676153617395,-12.954899313159958,-8.006831545759049,-2.709520227413537,2.7091053046408784,8.006445872333,12.954565730780011,17.367346016428897,21.125238664940657,24.187793532407127,26.59488975145885,28.452098981293226,29.908398269743863,31.124189359542637,32.21868919765176,33.21423598135279,34.024136042410895,34.484968039946125,34.405844904472346,33.62083545342872,32.03852595825854,29.677818211133737,26.68228433258222,23.307334138633436,19.873892143478148,16.690998999928777,13.961744296895482,11.693512637977578,9.63838538778959,7.402471588125276,4.752033834131338,1.7603589415842935,-1.211407403236849,-3.530584825054309,-4.151706875165796,-0.2391217992026716,5.331413527248578,9.30782055591653,16.73169045827319
-16.646924352844064,-9.256445360576633,-5.264479702422896,0.2941772378606204,4.164430961748226,3.521594464709652,1.1915622457294772,-1.785009256930486,-4.7780890450174605,-7.428232313410863,-9.663204361450292,-11.71705359647336,-13.983492420656836,-16.710116007688438,-19.88942084529566,-23.31845707847358,-26.688488414611808,-29.679043265374705,-32.0350932793633,-33.61347899118419,-34.39558227890391,-34.47282160784591,-34.010944170950125,-33.2005723749236,-32.20492139438154,-31.110491460557537,-29.89489654526125,-28.438965330481125,-26.58233954722981,-24.176126972802106,-21.114883264224485,-17.358783446349122,-12.948229508832704,-8.002673895573555,-2.7081102262014496,2.707685752327275,8.002279074380885,12.947887508712888,17.358506644720045,21.114674998252127,24.175976117587027,26.58222625486666,28.438892971458888,29.89485941540473,31.110458223656707,32.20489817092205,33.20057424198647,34.01094562851029,34.47281503232569,34.39556744725081,33.61343750809524,32.0350174994969,29.678934496173756,26.688354912392764,23.318318463931856,19.889305061029926,16.71002527634923,13.983422327985382,11.71702511162534,9.663220964659862,7.42829719374922,4.778195643063421,1.7851874197936246,-1.1912923590717632,-3.521251261560164,-4.164032988625614,-0.2937345400010218,5.265091496382953,9.25671555028963,16.647120148124415
-16.561484572215598,-9.204795444409816,-5.195354981004223,0.3510944676826134,4.177267166452408,3.512435630999137,1.1713785807618275,-1.810035203778924,-4.804522620965998,-7.454368498449575,-9.688370554267363,-11.740907718906048,-14.005517118131197,-16.729488526776695,-19.9051690144481,-23.32975592680941,-26.69485795516693,-29.68043949116108,-32.031850897001064,-33.60631512573363,-34.38548695696048,-34.46080233946893,-33.99784298488628,-33.18697270615034,-32.19117330644987,-31.09680583933269,-29.88140289705611,-28.425804038710982,-26.56973211234768,-24.16437553254764,-21.1043865342317,-17.35000605483246,-12.941599426147707,-7.998542840357688,-2.706709143450471,2.706275120489978,7.998138877280703,12.941249003359236,17.349721863415304,21.104171853909,24.16421768634425,26.56961400485089,28.4257338008716,29.881355552509387,31.096762184880877,32.19115727527588,33.18696914681785,33.99783911171889,34.46079418502484,34.38546930603065,33.606270914896385,32.0317726287791,29.680328273142912,26.69472222100136,23.3296161594752,19.905051657249224,16.729395885587966,14.00544912028889,11.740879925864151,9.68838860191,7.454434573381465,4.80463258906107,1.8102183604881363,-1.1711019263893376,-3.5120834908507934,-4.176858624823309,-0.3506394076506451,5.195981506816865,9.205081686140886,16.561690889114608
-16.475106173490918,-9.152503924965195,-5.123199872116971,0.410544529563374,4.190692798316719,3.5035029549530146,1.1511686138834456,-1.8352147810567232,-4.831178622342375,-7.480760155161106,-9.71380920156894,-11.765042378120258,-14.027825150998844,-16.749139679332004,-19.92118159850464,-23.341294326253465,-26.701445451875824,-29.68202953954859,-32.028779967559416,-33.59928660130888,-34.375475713028784,-34.44881957869156,-33.98474137913418,-33.17334729560697,-32.17738503175785,-31.083083089740548,-29.867876910965325,-28.41261485559696,-26.55711054946369,-24.152621584826143,-21.093899196239857,-17.34124196381788,-12.934980283172532,-7.994420346728384,-2.705311165240304,2.704867123525516,7.9940066905374145,12.93462074361719,17.34094955577522,21.09367715932269,24.15245577462052,26.556987223654,28.412545964235857,29.86781801391514,31.08302830934329,32.17737751937765,33.173337785210286,33.98473212259056,34.44881103378444,34.375456116975755,33.59924069552119,32.02870030070009,29.681916864991564,26.7013082672354,23.341154350281467,19.921062845244062,16.749045056858737,14.027759640714384,11.76501575813927,9.713828969851166,7.480828464642584,4.831291443016404,1.8354031628702008,-1.150884770732358,-3.5031420886786138,-4.19027387084187,-0.4100779767927572,5.123840499836445,9.152806005458634,16.475322716699733
-16.3876732800848,-9.09948429210642,-5.047768296653467,0.4728009535816792,4.204805420579121,3.4948378720605517,1.1309141744229598,-1.860612104933031,-4.858148696153919,-7.507518899160411,-9.73964600002058,-11.78959500908702,-14.050566239307877,-16.7692306452831,-19.937633255399504,-23.35325178369088,-26.708443285509016,-29.68402085841136,-32.02611171963825,-33.592640534321355,-34.36579536898682,-34.43711067297348,-33.971853768948684,-33.15989398196383,-32.163743789683224,-31.06949605811851,-29.85448233152921,-28.399558287869105,-26.544626434811672,-24.14100930612733,-21.083547578415573,-17.332598693705542,-12.928457325120007,-7.990360460252592,-2.7039346338423416,2.7034804115680497,7.989936914587132,12.92808839854302,17.33229766464542,21.083317754090587,24.140835137225604,26.544497455997316,28.399489895316847,29.854412492698646,31.069430586853876,32.16374340351814,33.15987970475899,33.971839601759946,34.43710223317561,34.36577456503944,33.5925936779352,32.02603121102117,29.6839071115307,26.708304928950863,23.353111773158304,19.93751316545776,16.769134503115808,14.050502662532638,11.789569758249044,9.73966747873535,7.50759007077303,4.85826416171575,1.860805715248697,-1.1306229865778774,-3.494468613324164,-4.204376598407192,-0.4723234761919297,5.048422432309123,9.09980207087799,16.38789990457854
-16.29908213509128,-9.045557533794248,-4.968758322972034,0.5381722975336595,4.219733591105834,3.4865416307719457,1.1107251370870763,-1.8860937525281016,-4.885281365576257,-7.534479594395536,-9.765704682161054,-11.814380194556938,-14.073544915811812,-16.789556182513632,-19.9543069849613,-23.365406946115705,-26.71561556157249,-29.686162290192076,-32.023569564103546,-33.58608337513849,-34.3561545790498,-34.42539479469126,-33.958919593718335,-33.14637116455311,-32.150025500711855,-31.05582905880575,-29.841012515605225,-28.386438636745268,-26.532092743198227,-24.129365397651643,-21.07318055843468,-17.32395200437753,-12.921938701046177,-7.9863054342671855,-2.702560193752352,2.7020956970202046,7.985871888996761,12.921560282154593,17.323642238381034,21.072942798212143,24.129182926094742,26.53195790448041,28.38636912245763,29.84093319008588,31.05575403114895,32.15002936889443,33.14635327922054,33.95890086154691,34.425386237003785,34.35613276990011,33.58603585419989,32.02348851708677,29.68604767734753,26.715476110271958,23.365266807217417,19.954185547626157,16.7894588872111,14.073482981054328,11.814356335140552,9.76572785490281,7.534553677579497,4.885399716488591,1.8862925536589508,-1.1104266337685142,-3.486164036467135,-4.219294903829887,-0.5376840649703278,4.969425799730413,9.04589129689798,16.29931904862116
-16.209176424010955,-8.990580399610263,-4.885870692149918,0.6070083926425979,4.235615542115373,3.478681274188569,1.0906124679671023,-1.9116914410924133,-4.912634774434425,-7.561718003160606,-9.79207292198899,-11.839495266196774,-14.096867812400191,-16.81023281189576,-19.971329002587588,-23.37789300646819,-26.72310505832593,-29.688608052651382,-32.021327754159486,-33.57980055654054,-34.346737081673034,-34.41384853500762,-33.94609879542272,-33.13292618430473,-32.136368046679024,-31.0422110390727,-29.82759029401929,-28.373375451091963,-26.51962254905707,-24.117795534442777,-21.062893217913743,-17.315382793378973,-12.915489121019473,-7.98229751431493,-2.701202389412263,2.700727675151413,7.981854008013699,12.91510124228794,17.315064306957517,21.062647621933777,24.117605010958037,26.519481381811755,28.373303422410565,29.827503838677394,31.042128282266745,32.13637187228232,33.132906530208345,33.94607632518231,34.41383938892786,34.346714520828215,33.579752504029976,32.02124610527463,29.688492464204817,26.72296443363363,23.37775259453048,19.97120602196,16.81013431099135,14.096807179642518,11.839472587001977,9.792097571688297,7.561794737720995,4.912755908672871,1.911894979492455,-1.0903070807821515,-3.4782956182406366,-4.235166879407193,-0.6065093864154791,4.886551728528433,8.990930874830031,16.209424382318176
-16.117836395808876,-8.934272225204056,-4.798733692739234,0.6797059557084327,4.2526166349031085,3.4714215360077407,1.0707751199153337,-1.9371420155466248,-4.939901285280103,-7.58889289697215,-9.81838534132119,-11.864554273736372,-14.1201276849087,-16.830830001800642,-19.98824260579812,-23.39023539350121,-26.730407001883425,-29.690819554163458,-32.018788949170066,-33.57316242931796,-34.33692165859379,-34.40187424952312,-33.93284207805374,-33.11905126469561,-32.12229850250356,-31.02819402535041,-29.813790354145283,-28.35996180536183,-26.50683254600631,-24.105946271704543,-21.05237667655297,-17.30663526591921,-12.908912077721142,-7.978211606461464,-2.699818861862707,2.699333760327974,7.977757974626305,12.908514596452576,17.30630794949813,21.05212303543541,24.10574790989315,26.50668534580326,28.3598849272282,29.81369810531376,31.0281057182328,32.12229963565825,33.119030043395625,33.93281641854205,34.40186416682796,34.336898308289484,33.573113839414134,32.01870669541444,29.69070290049955,26.73026515472569,23.39009453817802,19.988118176062343,16.830730714484055,14.120068216922546,11.864532814470168,9.818411504447733,7.588972247676982,4.94002553277978,1.9373503576460296,-1.0704626264739583,-3.471027391341213,-4.252157864125999,-0.6791961223697331,4.799428071147249,8.934639615512255,16.11809547448123
-16.02481422828198,-8.876449229987388,-4.707017039538008,0.7567099656991135,4.270924328535656,3.464842661813038,1.0511957749086274,-1.962544180879666,-4.967233674015439,-7.616194428269764,-9.84485782587454,-11.88979404231856,-14.143581971099312,-16.85162680003291,-20.00534919313473,-23.40275327674063,-26.737865977547944,-29.693170361018822,-32.01637689343543,-33.56662284417072,-34.327159754813785,-34.38990569475778,-33.91954661735776,-33.10511278544363,-32.10815359665124,-31.01409898281708,-29.79991711293753,-28.34649015280979,-26.493998878278813,-24.09407533754675,-21.041861278167943,-17.297904150843806,-12.902360467866258,-7.974147585717679,-2.698443849787646,2.697948391286681,7.973683864664276,12.901953390877978,17.297567935520394,21.041599514641693,24.093869515508008,26.49384566434967,28.34640709531412,29.79982066068124,31.01400663225989,32.1081492700702,33.10509081632167,33.919518649038416,34.38989444976799,34.327135808333274,33.566573726120865,32.01629397426896,29.693052710625427,26.73772305824914,23.40261191904983,20.005223254957222,16.851526746906945,14.143523383696026,11.889773675828888,9.84488537408821,7.6162760665999985,4.967361267866859,1.9627573059683576,-1.0508764308931515,-3.464440378942088,-4.2704557255056415,-0.7561893403038713,4.707724552449426,8.876833903805856,16.025084777717414
-15.92990266007676,-8.816783378448697,-4.610329423171796,0.8385179354231971,4.290763154489097,3.4591252219171453,1.0320511472855436,-1.9877031326135268,-4.994419965720407,-7.6433961966294195,-9.871253346949834,-11.914968240129989,-14.166974432955168,-16.872356522169557,-20.02237026406645,-23.415158937397635,-26.74517840214051,-29.69533895835,-32.01374142741212,-33.55981749463954,-34.31709300400004,-34.37760060508388,-33.90590041783313,-33.09082168856877,-32.09366552917208,-30.99967493268924,-29.785734797779032,-28.332733815005263,-26.48091346083843,-24.081992365673727,-21.03118005618493,-17.289052326470756,-12.895729591305814,-7.970038778787829,-2.697054800562676,2.696548918726562,7.969564895611928,12.895312887172665,17.288707263832375,21.03091018184024,24.081779049668327,26.48075413853236,28.332644456779285,29.785633974335717,30.999578685150613,32.09365591251492,33.090798566986074,33.90587013606073,34.377587911051734,34.31706826050521,33.55976777925556,32.01365790500446,29.69522021170772,26.745034182988498,23.415016886811483,20.02224275008821,16.872255640018466,14.166916791207433,11.914948872704574,9.87128220871039,7.643480211515409,4.994550630984939,1.987920740037856,-1.031725026101295,-3.4587144015294404,-4.290284159135381,-0.8379863754496901,4.611050179454961,8.817185961694236,15.930185264978164
-15.83281323059522,-8.754937197142642,-4.508293700930095,0.9256815529492192,4.312389137644281,3.454441383497248,1.0134594812156568,-2.012533301409417,-5.0213908567765575,-7.670439605852975,-9.89751997515726,-11.940030247298944,-14.190263345659137,-16.892982302808406,-20.03927329687245,-23.427422635073228,-26.752318962862173,-29.697304812967005,-32.01087012070416,-33.55274050132306,-34.30671881046239,-34.364958329084104,-33.89190298311919,-33.07617799695109,-32.07883476507713,-30.98492411789027,-29.771246881771265,-28.3186988440358,-26.46758442257469,-24.069707844035047,-21.020345855023464,-17.280093158104137,-12.889032234123254,-7.965894515558203,-2.6956551271250797,2.695138732404105,7.965410395562504,12.888605833570796,17.27973918902273,21.0200677984035,24.069487069204207,26.467418929535658,28.31860322133801,29.771141900720703,30.984823871348237,32.07881979523048,33.07615359508528,33.891870660001274,34.36494425405803,34.30669327234729,33.55269004423914,32.010785946803814,29.697185154284675,26.75217363316781,23.427279938934934,20.03914416477961,16.89288045275881,14.190206671463596,11.940011686478908,9.897549996891083,7.670526132799547,5.021524605335421,2.012755303784942,-1.0131264813752732,-3.454022258935132,-4.311900030307782,-0.9251389131522664,4.509027498805127,8.755358106366392,15.833108252108484
-15.733181137029865,-8.690534557580216,-4.400546456334102,1.018804243518992,4.336091773180687,3.450967878896122,0.9955100158802372,-2.0370025866242307,-5.048157263964424,-7.697361184679623,-9.923711961724596,-11.965047558529534,-14.21352975705533,-16.913598409217144,-20.056169195939265,-23.439667656467417,-26.759426604350125,-29.69922729795524,-32.00795230225534,-33.54560559073778,-34.29625726829492,-34.352190246699934,-33.87774827103472,-33.06135671195821,-32.06381803787653,-30.969991514019327,-29.75658709884116,-28.30451378107748,-26.45413069418748,-24.057334379476774,-21.00946248146533,-17.27111866029112,-12.88234101939511,-7.96176623300511,-2.694262833760825,2.693735923220021,7.961271873605196,12.881904895742338,17.27075570970273,21.009176205408604,24.057106451528647,26.45395876193442,28.304411063201403,29.75647942771931,30.969887385558888,32.06379653175645,33.061331539580614,33.87771417774944,34.35217462300768,34.29623112901828,33.5455545648481,32.007867476544206,29.69910663279889,26.75927995374819,23.43952429453153,20.056038786590012,16.913495100548772,14.213473821475596,11.9650297105033,9.923743199293868,7.69745021728454,5.048293999003551,2.0372285756144537,-0.9951700534727488,-3.450540562321661,-4.335592748961184,-1.0182503517152004,4.4012931316344055,8.690974310555495,15.733489083117355
-15.630625617932514,-8.623081435709288,-4.286736910742305,1.1185338464706809,4.362209524195137,3.448956070904976,0.9784103724817758,-2.06092272313134,-5.0745324576415545,-7.723975471173969,-9.9496435338482,-11.98983451605834,-14.23658718640664,-16.934017693722968,-20.07286730424967,-23.451703561770653,-26.76630751495542,-29.70090752961766,-32.00478180978531,-33.53820260792797,-34.28550290845482,-34.33910501578485,-33.86326103187704,-33.046198529047665,-32.04847310698682,-30.954744961876717,-29.741635700870987,-28.29006458063944,-26.440452474628717,-24.044783113495885,-20.99845367510698,-17.26206717338589,-12.87561163432,-7.9576255508912865,-2.6928684156015583,2.692331003422643,7.95712098081465,12.875165838402388,17.261695307760977,20.99815918337046,24.044548095493337,26.44027420723894,28.289954858488368,29.741525154256237,30.954637021444345,32.04844543822063,33.04617221098393,33.86322524680768,34.33908782879529,34.28547612612359,33.538150945388146,32.00469622272343,29.70078570013657,26.766159620686764,23.4515595376218,20.072735074007632,16.933913235009175,14.2365320773458,11.989817304010671,9.9496756832406,7.724066873612848,5.074671773435506,2.061153044389618,-0.9780636948865566,-3.448520646087738,-4.36170052173647,-1.117968630117706,4.287496282799519,8.623540539926045,15.630947010464094
-15.52467526427181,-8.552007566490857,-4.166571559340256,1.2255503211036052,4.391122613702974,3.448682442992517,0.9623709750717836,-2.084112390677141,-5.100353305558504,-7.7501292713353696,-9.97516814981182,-12.014249190434995,-14.259297594729794,-16.95410609178139,-20.089236722791423,-23.46340688949565,-26.77284079115549,-29.70222938026834,-32.00124852422853,-33.530429129325405,-34.27436256401621,-34.32561831213941,-33.84836550451141,-33.03063466585857,-32.032735930555965,-30.939125321877352,-29.726337699492905,-28.275301713846247,-26.426505076121995,-24.032016718236857,-20.987289977088768,-17.252918358978548,-12.868831201751656,-7.953465869736825,-2.691469851507302,2.69092189157122,7.952951048569037,12.868375704578394,17.25253754552318,20.986987219747817,24.031774644819688,26.42632056810929,28.275184962790217,29.726224054995715,30.939013885123703,32.03270213890439,33.03060688409648,33.84832813507863,34.325599522677265,34.2743350743411,33.53037676596693,32.00116221377048,29.702106506316483,26.77269175813566,23.463262125478533,20.089102657909585,16.95400059159891,14.259243199129292,12.014232518652998,9.975201116865836,7.750222937405761,5.100495222777073,2.0843469221018327,-0.9620176566668002,-3.448238859710873,-4.39060361316201,-1.2249737079083176,4.167343319815281,8.552486419775134,15.525010515371443
-15.414777398258623,-8.476652257795097,-4.039851809941082,1.3405403157400029,4.4232556996376085,3.4504590404657938,0.9476330076238332,-2.1063660914989586,-5.125434698887754,-7.775648984349788,-10.00012007293524,-12.03813178053048,-14.281506745179682,-16.973715409116195,-20.10513513281536,-23.47464255453877,-26.778898785938924,-29.70307284284825,-31.997239711521598,-33.522178192484354,-34.26273833794444,-34.3116433071852,-33.83298299627772,-33.01459686698487,-32.016546275253944,-30.92308033613648,-29.710646575573016,-28.260185097345524,-26.412254280327414,-24.0190070725598,-20.97595160884093,-17.24365873786002,-12.86199381546455,-7.949283447203486,-2.690066091005908,2.689507516119741,7.94875831878895,12.861528564926765,17.24326890671589,20.9756405063165,24.018757983920068,26.41206343400877,28.26006134441651,29.710530039436023,30.92296535933993,32.01650637991334,33.01456758603634,33.83294430909578,34.31162309359805,34.26271022193156,33.52212511386653,31.997152626262807,29.702948927069603,26.778748717866023,23.47449712878635,20.10499922508336,16.973608829284807,14.281453226247804,12.038115394897558,10.000153633910518,7.775745076427563,5.125579117746779,2.1066047743952434,-0.947272978797556,-3.4500072961556647,-4.422726898738746,-1.3399522831275876,4.040635463677417,8.477151094722267,15.4151267931506
-15.300316674291048,-8.39620684666471,-3.906498528706444,1.4641675993371068,4.459081730817089,3.45466690367637,0.9345365062035764,-2.1273447217116948,-5.149432055808951,-7.800182426617843,-10.02414057552605,-12.06111831089392,-14.302845921725671,-16.992471721287757,-20.120184361893777,-23.485025122409592,-26.78408996753435,-29.70303483373752,-31.99233003313553,-33.51301657960235,-34.25021707058772,-34.296797746498584,-33.816765331414445,-32.997772584934964,-31.999619885449796,-30.906349466360936,-29.694322859263497,-28.24449114612662,-26.39749632376829,-24.00557207210481,-20.964285610411192,-17.234164038945156,-12.855008568791426,-7.945016122058855,-2.6886358059264284,2.68806646976744,7.944480543515087,12.854533450463844,17.233765165066163,20.963966234571014,24.0053157117662,26.39729937645597,28.2443613965392,29.69420123285154,30.90623144045619,31.99957535056832,32.99774098784986,33.816725179196915,34.296776027586795,34.250188205165145,33.51296292789621,31.99224238032476,29.702909911041463,26.783938743684352,23.484878828900456,20.12004655346388,16.992364191665434,14.302793145062004,12.061102013018248,10.024174687602528,7.800280823397879,5.149578939549736,2.12758737565274,-0.9341699840787842,-3.454207111934404,-4.458543064483102,-1.4635678245363803,3.9072939932465625,8.39672634963858,15.300680923227642
-15.1805004505819,-8.309850955294651,-3.766639772433856,1.5970151448343188,4.499085332971115,3.461644764378193,0.9232969914617588,-2.146905598710352,-5.172261247906544,-7.823684785729013,-10.047212175680029,-12.08321272100444,-14.32334026299833,-17.01042296735589,-20.1344579825484,-23.49464718474141,-26.788541387686912,-29.702279734096624,-31.986724172905635,-33.50318082806,-34.23704583726481,-34.28132067179247,-33.79992976940902,-32.980360953824984,-31.982140833328035,-30.88910489289249,-29.67752497250375,-28.228373985922264,-26.382373033233005,-23.991843263619263,-20.95241394932602,-17.22454141576676,-12.847960459876772,-7.940724806636402,-2.6872002614034174,2.6866200848255093,7.940178693193513,12.84747543007805,17.224133476882166,20.952086219986413,23.991579960379475,26.38216965154872,28.22823661094064,29.677401008161464,30.888983664833454,31.982089896813765,32.980327830976535,33.79988851822591,34.28129741821451,34.23701633618609,33.50312668270893,31.98663600658552,29.702153862265213,26.788389056467693,23.494500060362117,20.13431828434708,17.01031437276457,14.323288175053197,12.083196515722197,10.04724660655584,7.823785380703614,5.172410489133665,2.1471519910394394,-0.9229241772389408,-3.461177016568865,-4.498536808184982,-1.5964035728185135,3.767446703266689,8.310391558225106,15.180880129255938
-15.054456088854014,-8.21666704461631,-3.620626172667706,1.7395287160757928,4.543766501521733,3.471757959625477,0.9141763665441104,-2.164853680172646,-5.19377546217986,-7.846043342045425,-10.069244818511416,-12.10434338627679,-14.342936135089865,-17.027534756995898,-20.14794547871617,-23.503517237049795,-26.79228803847414,-29.70087305998937,-31.980524976197653,-33.49280227911391,-34.223356053078795,-34.26533773889238,-33.7826025198546,-32.962473013589666,-31.964211436682504,-30.87143829358105,-29.66034137830635,-28.211916660486583,-26.366967209633017,-23.97790198764898,-20.94040214132492,-17.214851237163078,-12.840897644182126,-7.936447666796392,-2.6857728506222744,2.685181863937099,7.935891068944457,12.840402709548648,17.214434138171292,20.9400659036102,23.97763196309235,26.366757377502847,28.211771047909508,29.660215977471708,30.87131421360278,31.9641532100222,32.96243848127329,33.78256051505142,34.265313020387495,34.22332605510914,33.49274765575762,31.98043621392697,29.700746267414456,26.792134837251265,23.503369167655134,20.14780402742679,17.027425568626793,14.342884398446651,12.104327046438414,10.069279356876685,7.846145618922267,5.1939276244434325,2.165103670917066,-0.913797713817112,-3.471282411625086,-4.543208337266079,-1.7389052493245003,3.62144414987339,8.217229078863515,15.054851728588035
-14.921308160689328,-8.115599901005439,-3.469044234067593,1.89195687065234,4.593641233759812,3.4854333308858614,0.9075954087457312,-2.180795116149186,-5.213575221789895,-7.866853389393507,-10.089829287603836,-12.124098686678945,-14.361220996315756,-17.043393829416896,-20.160231418118403,-23.5112321311816,-26.794915449625044,-29.69838546644363,-31.973288705904835,-33.481431878623546,-34.20871385694655,-34.248447129960915,-33.76442921187325,-32.94379048821469,-31.945538571186773,-30.853082084811017,-29.642527173665407,-28.194892507472307,-26.35107451601638,-23.96357036110983,-20.9280939844369,-17.204968072734943,-12.833727378520525,-7.93212298411239,-2.6843324228319254,2.683730583365396,7.931555870116296,12.833222501232395,17.20454182688721,20.92774939523068,23.963293192678726,26.35085853618308,28.194740873915112,29.642396638811515,30.852955469919007,31.94547578041502,32.943753197307444,33.76438602008662,34.24842104322166,34.20868328319525,33.48137677528776,31.973199309238417,29.69825766509152,26.794761254588355,23.511082992563047,20.1600883317934,17.043283945721935,14.361168729933,12.12408279273682,10.089864478927456,7.866956471142683,5.213729902700335,2.181048559281434,-0.9072111907743208,-3.484950084907162,-4.593073186587548,-1.8913210543723984,3.469873246144011,8.116184012696642,14.92172060909025
-14.780038346629638,-8.00562892905565,-3.312750664013655,2.054286423664651,4.649176085363945,3.5030276103226416,0.903845722142626,-2.194501987256708,-5.231474500717445,-7.885958677758873,-10.10883135695552,-12.14236224689602,-14.378095905249872,-17.057920574761734,-20.17125589312276,-23.51775384976179,-26.796411705565298,-29.69483184308121,-31.96505395511191,-33.46911498496658,-34.19316503928475,-34.23069599574945,-33.74544801952183,-32.92435304875399,-31.926165890680227,-30.834080679216488,-29.624124249255523,-28.177347176955625,-26.334737493527022,-23.948885106563957,-20.915526962590523,-17.194923115479032,-12.82647791335592,-7.927770102583943,-2.6828854375686717,2.6822727042318246,7.927192428937138,12.825963092986406,17.19448775860251,20.91517402612037,23.94860097689231,26.33451508038792,28.17718839864373,29.62399052946802,30.833951207371435,31.926097426491296,32.92431354910567,33.745403686698936,34.230668455190816,34.193133960092425,33.46905945173433,31.96496392767121,29.694703104794076,26.79625657183043,23.51760363567408,20.1711112608717,17.057809892813136,14.378042663335016,12.14234705228914,10.10886742816716,7.88606205524274,5.2316314181915855,2.194758685979301,-0.9034561846771731,-3.502536810687703,-4.648598044139121,-2.053638020960602,3.313590567985675,8.006235543092123,14.7804683300734
-14.629649524586709,-7.885751584518931,-3.152796341451068,2.226203869979973,4.710773699585225,3.5248645107667382,0.9032143760471496,-2.2057365676307303,-5.247270034977131,-7.903181084408114,-10.126091742767214,-12.158989931664374,-14.393431301623488,-17.07100230744143,-20.18092348286349,-23.523003071924997,-26.79670948054034,-29.690153353412494,-31.955762855559204,-33.45579764269236,-34.17666437916831,-34.21204453228594,-33.725623363981754,-32.90413020498496,-31.906065166149183,-30.81440706017617,-29.60510685938801,-28.15925380019729,-26.31793010818885,-23.93382296197926,-20.902683440585538,-17.184705907688627,-12.819141004263384,-7.923386341249818,-2.681430848322864,2.680807109362616,7.9227979978995,12.818616157370665,17.184261305392905,20.902321965539176,23.93353193965762,26.317701212858143,28.15908745515479,29.60497058068438,30.814274925355285,31.90599033008143,32.90408871139277,33.7255783499984,34.21201566215648,34.176632822135524,33.45574173634705,31.955672470953655,29.69002406176304,26.79655376072043,23.52285181375557,20.180777534064543,17.070891173029082,14.393377358706438,12.15897511248239,10.126128360147431,7.903284838448714,5.247429510045606,2.205996557654608,-0.9028196805767869,-3.5243662752441938,-4.710186134529729,-2.225542900385167,3.153646486421724,7.886380414548394,14.63009710690402
-14.469146239013618,-7.75501883798176,-2.9903150879386025,2.4070976841726157,4.77874435009127,3.551218267579093,0.905974568152107,-2.2142518332597803,-5.260735213030594,-7.918309986757187,-10.141410793619889,-12.173791292015236,-14.407046127009648,-17.08246732704639,-20.18907240074942,-23.526824153795584,-26.79566088681272,-29.684198474853947,-31.945245461253812,-33.44128350843157,-34.15900369614934,-34.19229266366503,-33.704772271356084,-32.88295948268531,-31.88509386820706,-30.79393396159108,-29.58536023799983,-28.14051171358932,-26.30056320603562,-23.918304394021863,-20.88949577072582,-17.174258458618866,-12.811673817576317,-7.9189445453184595,-2.6799586309907637,2.6793237424089478,7.918345387528569,12.811138776603563,17.17380440570819,20.88912555037716,23.918006878771823,26.30032739165085,28.140335882957903,29.585224182806908,30.793799104956488,31.885010504932428,32.8829169144774,33.704727030687714,34.19226232798173,34.15897176188121,33.44122753676516,31.945155083203392,29.68406898427251,26.795504879515597,23.526672043958904,20.18892543409616,17.082355875296777,14.406991511071125,12.173776958673953,10.141448037584077,7.918414017214963,5.260897255598702,2.2145151367739078,-0.905574866398341,-3.550712828499905,-4.778147498036885,-2.406424247467536,2.991175034822367,7.75566964360397,14.469611636329327
-14.29754098510354,-7.612630438882484,-2.8263816407029307,2.5961188734376046,4.853271820502785,3.582214714745216,0.9122245106665172,-2.2200195190234893,-5.271898826234768,-7.931417845715952,-10.154891439512214,-12.186893147518186,-14.419089221753222,-17.092486135395674,-20.195893746088387,-23.52942898972955,-26.79349000950394,-29.677191183571452,-31.9337018409836,-33.425755805769484,-34.14036274681045,-34.17160824519944,-33.68304482298702,-32.8609661133683,-31.863351234844743,-30.77274011886501,-29.564948167853167,-28.12116967344135,-26.28267736594735,-23.902367999513213,-20.87599890734264,-17.163611157108424,-12.804089815347636,-7.914453898749646,-2.6784725024917546,2.677826399793705,7.913843841776933,12.803544544594407,17.163147653295407,20.875619856434334,23.902063928216805,26.282434382809782,28.12098376147421,29.564812299885105,30.77260335406117,31.86325877379734,32.86092209379074,33.682999485057856,34.171576409096694,34.140330581551204,33.425700008381455,31.933611676675508,29.677061666194312,26.79333390546221,23.52927594013057,20.195746118737336,17.092375044697047,14.41903395716476,12.18687915636314,10.154929169156812,7.931521859687881,5.272063916546236,2.2202858777426053,-0.9118203055722228,-3.5817017839230347,-4.852665391548958,-2.5954331085387827,2.8272511427127265,7.613302940795974,14.29802446950919
-14.113873199690978,-7.457875477084979,-2.6618388734188345,2.7922849476610807,4.934436613606956,3.617906253231893,0.9220027109639252,-2.223057254255023,-5.280824351617537,-7.942601926746506,-10.166654013810948,-12.198433581351647,-14.429715270887812,-17.101230126411938,-20.201575942289494,-23.53101833130231,-26.790398174106542,-29.66930140849656,-31.921253149299417,-33.409297840995706,-34.120808018082045,-34.15004078866363,-33.66047045310985,-32.838159526697154,-31.84083320574066,-30.75081319705589,-29.543854886624107,-28.101211858866755,-26.26426037785185,-23.886003834963603,-20.86218739203371,-17.152750072757662,-12.796378727349971,-7.909898986720211,-2.6769689147880547,2.6763115335193413,7.909277967310396,12.79582307292077,17.15227680687173,20.861799199981007,23.88569330286556,26.264010254971154,28.10101511310729,29.543719619683262,30.750675354775325,31.84073080330567,32.83811404750531,33.660425623110505,34.15000776366265,34.12077597456992,33.40924259239624,31.92116344971129,29.66917224052144,26.79024246138546,23.5308644877054,20.2014279897821,17.101119751867365,14.429659216483785,12.198419750053624,10.166691997717514,7.942705657015684,5.280992817263981,2.2233266821573947,-0.9215946205824944,-3.6173864218880256,-4.933821093067155,-2.7915869514224174,2.662717726358659,7.45856936553382,14.11437510045749
-13.91715474069519,-7.2901468405944065,-2.497122123981695,2.9946139869627784,5.022209595659521,3.6582085691297537,0.9351495048433788,-2.223633344838996,-5.287862287828158,-7.9522720216960305,-10.17715025415846,-12.20889813166358,-14.439442329917858,-17.10924921048824,-20.20669419824441,-23.53217329800016,-26.78694411331968,-29.661047978579266,-31.90838831524287,-33.3923815882287,-34.10077567340716,-34.127956705702765,-33.63734597513214,-32.81477665515916,-31.8177337257115,-30.728315019076472,-29.52221808212523,-28.08075500625869,-26.245409878326285,-23.869290431249205,-20.848124336879664,-17.141721406761434,-12.78857951883506,-7.9053032643784595,-2.67545807266488,2.6747893021342626,7.904671133677467,12.788013311559194,17.14123818128777,20.847726708736992,23.868973454143337,26.24515238834876,28.080546028520978,29.522083974543644,30.728177485208175,31.817620297511755,32.81472959036447,33.63730244725773,34.12792289035347,34.100744292511095,33.392327538641254,31.908299741199148,29.66091982888484,26.786789421600314,23.53201873768569,20.20654643657036,17.109140320948143,14.439385324992722,12.208884393197696,10.17718837907563,7.952375126440858,5.2880346040980735,2.22390581161066,-0.93473812650335,-3.657682041353066,-5.021585496515627,-2.993904414465035,2.4980097610780607,7.290861171172324,13.917674868036173
-13.706378615850683,-7.108790373748271,-2.332045323214072,3.202252953345165,5.116479799884504,3.7030088244208095,0.9515134806442836,-2.221966323898492,-5.293286053171134,-7.960740048672687,-10.186719853337282,-12.218647567664808,-14.44865023406793,-17.116937814131784,-20.211645878951543,-23.533267986795348,-26.783454065789,-29.65268999236008,-31.895295871824693,-33.37513551478874,-34.08031446292176,-34.10531258079958,-33.613596949094855,-32.79073739938481,-31.793981028279656,-30.70518441754189,-29.499983739955837,-28.05974394314696,-26.22606981858481,-23.852166341987857,-20.83375018971817,-17.130472073754103,-12.78065674601038,-7.900651308759664,-2.67393630581572,2.6732559732581467,7.900007851893691,12.780079624197096,17.129978385871045,20.83334258864237,23.85184229343376,26.22580467916705,28.059523736911416,29.499848527360932,30.705047334712653,31.79385864227518,32.79068785367321,33.61355551210428,34.10527908246368,34.080284504995575,33.37508361665642,31.895209472726467,29.652563847924483,26.78330113121401,23.53311284154005,20.2114988002432,17.116831016600578,14.448591933390984,12.218633867050857,10.18675796129514,7.9608425838310515,5.293462177997195,2.2222417300832675,-0.9510996267535904,-3.7024762132427895,-5.115847626608969,-3.201532709695294,2.3329412345149083,7.109524195441263,13.706916940562111
-13.48039315728522,-6.913071829513782,-2.165744589588127,3.414576980271073,5.217067172835505,3.7521064890621454,0.9708259627259684,-2.218400899722522,-5.297512305420232,-7.968473707016639,-10.195867465114016,-12.228212372427317,-14.457890276334686,-17.124858198340398,-20.216987955838132,-23.534832218014145,-26.780416740838344,-29.644661352697995,-31.88231999007732,-33.35774712749584,-34.05946150235391,-34.08210009365932,-33.589183383498515,-32.76600503557442,-31.76953526815768,-30.68138689425321,-29.47711345622673,-28.03813260932578,-26.20618319955764,-23.834568280859752,-20.81899856649952,-17.11896511954203,-12.77259201813246,-7.895940494108336,-2.672401583752442,2.6717093757154764,7.895285335067716,12.772003509302692,17.11846044654177,20.81858061485465,23.83423582919786,26.205909535948816,28.03790488600959,29.476972103593724,30.681247807782015,31.76940991796713,32.765951284014974,33.58914376730382,34.08206845484921,34.059434173451464,33.35769894791552,31.882237425573795,29.644538642196263,26.78026674846612,23.53467712855668,20.216842442947257,17.124754456880964,14.45782982425588,12.228199098593524,10.195905585166724,7.968577451047053,5.297691023928612,2.218679442507172,-0.970409446472884,-3.751568388764203,-5.216428143684352,-3.413847686699195,2.166647462061308,6.9138232359551335,13.48094879430317
-13.237906452537109,-6.702154145701886,-1.9966423873399013,3.631216145463697,5.323681203597207,3.8051201100178855,0.9926239066641692,-2.2135303988550006,-5.301247809511069,-7.976263656636062,-10.205441042826614,-12.238482067034866,-14.468084719864947,-17.133957185409905,-20.22367039223153,-23.537799844167463,-26.778699998328644,-29.637719884852,-31.87006360795317,-33.34065475427245,-34.03856236991493,-34.058626175096705,-33.564357357896874,-32.740764630638424,-31.74451228206915,-30.656980347464074,-29.453617891066664,-28.015897037071024,-26.185705983229116,-23.81645629238845,-20.80385087546451,-17.107212529401565,-12.76440665165125,-7.8911759155798755,-2.67085026615936,2.6701457565938465,7.890508488008561,12.763806104235645,17.106696190555834,20.803421961931534,23.816113686118413,26.185422624487032,28.015664812463204,29.45346585721196,30.6568369093811,31.74439066844409,32.74070508387767,33.564319589042974,34.05859887882466,34.0385395523975,33.34061258675967,31.869987048860438,29.637602238453734,26.77855409028038,23.53764573578719,20.22352721592131,17.133856921829068,14.468020932168802,12.23846959380464,10.20547919051695,7.976371963632725,5.301426051429679,2.2138115307905197,-0.992204451785416,-3.8045776410844376,-5.323036317228359,-3.630479920201864,1.9975508032143805,6.702921197334802,13.238478652816884
-12.977395402963037,-6.475023248967688,-1.82276887918328,3.8519496707979854,5.435940425132137,3.861557429303829,1.0162253337584666,-2.2082293640752577,-5.305506034629824,-7.9852174787219745,-10.216606394233388,-12.250666537270302,-14.480478913203472,-17.145506197679364,-20.23296249285988,-23.543383067581225,-26.779415491003604,-29.632829263235543,-31.85935605998688,-33.32458813364149,-34.01820424755428,-34.03529707836984,-33.53936521352329,-32.71515201135447,-31.71898706000429,-30.632001405806868,-29.429513830011214,-27.993045155564847,-26.164638949308216,-23.797825848377933,-20.78829550386402,-17.095197104383928,-12.756082650632406,-7.886356828031286,-2.6692870604937045,2.6685704982541725,7.88567739188031,12.755470197907943,17.094669062108444,20.787855725680902,23.797473057983105,26.16434670647156,27.992809721858187,29.429349759001084,30.63185339071495,31.718871927796226,32.715086629463094,33.53932946759088,34.03527531021519,34.018186609446275,33.32455271366526,31.859286117136254,29.63271722658634,26.779274171139928,23.543230353486667,20.23282171522756,17.145409043191087,14.480411712081242,12.25065431501025,10.216644367441932,7.985330069023933,5.30568284571213,2.2085123859585294,-1.0158035909409402,-3.861011808881076,-5.435290791543787,-3.851207616089283,1.8236822134517685,6.475804820323,12.97798432917479
-12.697103656364966,-6.2305609296727,-1.6418160026885238,4.076500742124965,5.553139136912228,3.9205872043746695,1.040497315421262,-2.2038936994101346,-5.311893614013284,-7.997080303969635,-10.23119937547126,-12.266665614358878,-14.4970247279676,-17.161491885984024,-20.246855843026857,-23.553521203767136,-26.78438008095305,-29.631607463999977,-31.85158407698838,-33.31073194922567,-33.999409795447804,-34.0129608607452,-33.51485202463039,-32.68961304085299,-31.693240718316527,-30.60660034668329,-29.4048547562016,-27.969570272249868,-26.142940404439752,-23.778649426749165,-20.77235447386986,-17.083002280386392,-12.747717781939674,-7.881547295598849,-2.667732194801866,2.6670040353424307,7.88085627894111,12.747093924415612,17.082463056208777,20.77190406540412,23.77828788768345,26.14264027154965,27.969327146846503,29.4046837042112,30.60645025470993,31.69313055757198,32.68954261909247,33.51481995496629,34.01294609387956,33.99939824493987,33.31070439382989,31.8515218796306,29.631501867573625,26.784244006310587,23.55336971042356,20.24671672824542,17.16139827249586,14.496953575803822,12.26665294669506,10.23123671890307,7.997196580714404,5.312066873975236,2.2041779913569104,-1.0400742854887033,-3.9200399631799674,-5.552486011838465,-4.075754739104003,1.642733060059728,6.231355148149447,12.697708851626665
-12.395240012673948,-5.967597595120821,-1.4512526320678318,4.304277166690513,5.674138802567647,3.9810931042518174,1.0641495795068956,-2.201938920848434,-5.321945558556917,-8.013464731361701,-10.250885115878043,-12.288180742227482,-14.519448079716582,-17.18364489886035,-20.267032955350984,-23.569774874477467,-26.794923832922112,-29.635139682680656,-31.847600016404208,-33.29969292626103,-33.98249902450741,-33.99166380114615,-33.49067478189724,-32.66389901403366,-31.666987474721065,-30.580487520174486,-29.37936963484828,-27.94523014106563,-26.12041539530102,-23.75877462580158,-20.755912927630668,-17.070514552577162,-12.739210306687005,-7.876678951648763,-2.6661607815942983,2.665424448212669,7.875980330891626,12.738579779654582,17.06996951272188,20.755457511950727,23.75841109617296,26.120113742959653,27.94498079748613,29.37919790687193,30.58033793322101,31.66688007751785,32.66382316777568,33.4906427031606,33.99165114686097,33.98248686422418,33.29966492900585,31.847537270333195,29.63503391580507,26.79478863272705,23.569620462610803,20.266890965676662,17.183552704400345,14.519372809638837,12.28816488095616,10.250919719099414,8.013580142875046,5.3221095811057415,2.2022247058315494,-1.0637262940928836,-3.9805451500237994,-5.673479583030943,-4.30352116047281,1.452179877879597,5.9684094567407815,12.39586796928143
-12.069990164296376,-5.685156949808083,-1.2488955250840037,4.534004495650682,5.797106835683457,4.041184663625668,1.0851091638086476,-2.204614299183313,-5.338053979851064,-8.036865381122654,-10.2782260992504,-12.317818390412716,-14.55038298117594,-17.214591948103376,-20.296059897228982,-23.59456249020617,-26.81327083410452,-29.645394440505115,-31.849043075831897,-33.29265161501305,-33.96815688296019,-33.97172284790599,-33.46692676592102,-32.637986541168644,-31.64015258163137,-30.553556672660488,-29.35293985294507,-27.91990353878233,-26.096945848391368,-23.73808757515349,-20.738872256525607,-17.0576273425391,-12.73048552936356,-7.87172371166928,-2.6645660439843093,2.663827209488743,7.871024036847283,12.729856469229649,17.05708639373545,20.73842224621688,23.737733102608686,26.096652867022232,27.919649134831197,29.35277745163332,30.5534130143551,31.640038484559536,32.63790521378469,33.46688552138198,33.97169804760401,33.968129471479514,33.29260794335699,31.84896475150216,29.645274747014906,26.813127372143377,23.59439748840686,20.295905942148373,17.21449948613224,14.550302525158498,12.31779556437765,10.278254401181378,8.036973794470136,5.338201015546686,2.204898420107051,-1.0846869407123336,-4.040635109620541,-5.796432284826006,-4.533224322073223,1.249848302447251,5.685999571563114,12.070655570911612
-11.719922296562796,-5.382758175644635,-1.0331650209883374,4.763324929720623,5.919023479756977,4.098001146991548,1.1004485964924162,-2.214923389179254,-5.363318290882687,-8.070476559489515,-10.316479142164363,-12.358878465802352,-14.593156023118892,-17.257654444421345,-20.33718187460989,-23.630974219358976,-26.842247819515343,-29.66482851158728,-31.85782010398662,-33.29086487512555,-33.95709482856439,-33.953487138664485,-33.443751846998886,-32.61192226178632,-31.61271678701019,-30.525745672672254,-29.32546451637204,-27.893441042128597,-26.072343729011365,-23.716376221791908,-20.72102185094116,-17.044186602121005,-12.721447559626036,-7.866660814305487,-2.662951862537355,2.662209250300454,7.865958573154147,12.720818168697004,17.043647797864853,20.720575040455973,23.71602777546253,26.072057158180755,27.89318123119284,29.32530853572846,30.525611854193773,31.612591976445465,32.61183807913464,33.44370528382305,33.95345315379976,33.95705649973238,33.290809621367124,31.857730531929867,29.6646990966562,26.84209826677994,23.630799958051384,20.33701934899515,17.257561233830398,14.593071717454611,12.358848400614152,10.31650117402066,8.070573498905073,5.363456346207097,2.215203467661405,-1.1000291239243052,-4.097450607437469,-5.918337615717298,-4.76252447847654,1.0341403966546685,5.383628129833718,11.720624052439234
-11.344094039701844,-5.060562865001268,-0.8041417652441951,4.988365700103751,6.035671366884712,4.147660141472456,1.106338640999904,-2.2368319563840453,-5.401846065169874,-8.118499629753579,-10.369896666583577,-12.415635551381577,-14.652040176242364,-17.31706652759975,-20.3945307295912,-23.68294699001627,-26.885494246273595,-29.696595371647167,-31.876383724981647,-33.29602017321223,-33.9503851222612,-33.937599006550904,-33.42153067658283,-32.585930668546546,-31.58479233353226,-30.497101334831743,-29.29692116988307,-27.865749289213596,-26.046458069256847,-23.69343576801428,-20.702143402854897,-17.030000884414772,-12.711966742358792,-7.861423109393083,-2.66129649168198,2.6605461622586146,7.860713626558493,12.71133088069601,17.02945663123213,20.70169213994981,23.693083460468472,26.046168838854207,27.865488848660476,29.2967602909131,30.49696936899793,31.584667713214927,32.5858457071552,33.42148482367759,33.93756734140009,33.95034897220584,33.29596721895484,31.87629667270007,29.696468231819708,26.88534695562565,23.682771339335464,20.39436701501447,17.316972373612487,14.651953779998562,12.415600508233725,10.369914025420735,8.118588327536669,5.401981357573529,2.237106081779777,-1.1059228681741269,-4.14711137668949,-6.0349828405006445,-4.987557729160481,0.805128097940683,5.061449192401177,11.34482352903781
-10.942807673681756,-4.720268723270073,-0.5638079612604386,5.2039412907663065,6.141823589174538,4.185533078115438,1.0983625292296588,-2.274647300103297,-5.457887207604911,-8.185132595312004,-10.442632044047658,-12.492198323027482,-14.73108984539022,-17.396801612687614,-20.47194269185305,-23.754032258426403,-26.946050266658823,-29.74299922668869,-31.906290291367647,-33.30909596246121,-33.94861634409726,-33.92440912340155,-33.40048711226809,-32.560129353869115,-31.556422124638903,-30.467590344089647,-29.26721341132912,-27.83668095296488,-26.019072005305,-23.668992303313654,-20.68192226134201,-17.01476784755412,-12.70184456635791,-7.855867972113584,-2.6595440398188046,2.658784387881562,7.85514931906984,12.701199711120978,17.014215030761193,20.68146330676441,23.6686327082454,26.018777199566298,27.836418911199782,29.26704691440802,30.46745886699564,31.556297948152796,32.560045600833114,33.400445560238104,33.924383523246114,33.94858741356281,33.309051283763004,31.906211545092653,29.742879341375215,26.9459085703548,23.753859487957037,20.47178063785724,17.396704221594618,14.73100174538342,12.492159092238868,10.44264501720837,8.18521427840495,5.4580215902476095,2.274912311907184,-1.0979520080619376,-4.1849876632247,-6.14113626103624,-5.20313053984242,0.5648017100224721,4.721168047575853,10.943564448158195
-10.516741815557184,-4.364709335399652,-0.3155423552095485,5.404325289910761,6.231760197847381,4.206482844755501,1.0715689847180054,-2.3331565222634385,-5.53611610438644,-8.274971280055366,-10.539227347281706,-12.593058553661727,-14.834735030798816,-17.50119919492351,-20.573597110404112,-23.848103477561786,-27.02731810530553,-29.806842071843263,-31.949724873765675,-33.331800102168884,-33.95313162998428,-33.91496836777809,-33.38141634699125,-32.53509511767176,-31.528006910770102,-30.4374704438896,-29.236476720242432,-27.80626485261148,-25.99011262047058,-23.642914720910863,-20.660179565572346,-16.998347056210054,-12.690979270989082,-7.849946437034165,-2.6576800735401758,2.6569123086004387,7.849219764222111,12.69032648568795,16.99778818328954,20.65971470763832,23.64254486815704,25.989818137161095,27.806003011297435,29.236306912115385,30.437337825819945,31.52788347185845,32.53501253989764,33.381385721556775,33.91494706859305,33.953108550303924,33.33176673382222,31.949655960520506,29.80672561357375,27.027185210683108,23.847941887000488,20.57342340850148,17.5010953098027,14.834647565022546,12.593016629150537,10.539236437146302,8.275050113924284,5.536249445031088,2.333394597962672,-1.0711594182362143,-4.20593966081358,-6.231078660574937,-5.403514623076792,0.3165418540186185,4.365620039795502,10.517528098571011
-10.067727851209886,-3.9980377088476113,-0.0631758227979951,5.584726167285552,6.300475098126351,4.205918627606041,1.0219388870881907,-2.4159057662994083,-5.639785991147132,-8.39104608073387,-10.662547641172988,-12.720949206103038,-14.965576700120858,-17.632704984750564,-20.70173046031352,-23.96719290855156,-27.13100950850094,-29.889453310078068,-32.00776027670652,-33.36508314266435,-33.96480865549272,-33.910057625989474,-33.36496336003266,-32.51135320315333,-31.499987802395708,-30.40712309801296,-29.205044630417817,-27.7747764786002,-25.95979688684845,-23.615311270259173,-20.63694154800433,-16.980658409245184,-12.679272832082807,-7.843579318694721,-2.6556749478491586,2.6548975192259534,7.842842893113583,12.678610058602796,16.98009049517752,20.636466601233074,23.61492799744502,25.95949677809788,27.77451241708134,29.20486711775891,30.406983685324388,31.49986427165485,32.51127084848465,33.36493921445655,33.91004145664662,33.96479232184227,33.365061173665666,32.00770193919198,29.889344171874377,27.1308857569901,23.967039557256697,20.701554803362665,17.632596816589132,14.965488681995405,12.720905106735833,10.662553099191722,8.391121067867658,5.639918991735065,2.416125325934903,-1.0215344765660024,-4.205376354314082,-6.299796433876288,-5.583912833724138,0.064185161043176,3.998963088410399,10.068550327464331
-9.596608564174252,-3.6225645467309873,0.1912686726845844,5.743590009529732,6.345595881848569,4.181822067451165,0.9477783692400402,-2.524219683603753,-5.769870926585571,-8.534101120195665,-10.813181937632988,-12.876340839099676,-15.123973476928388,-17.791554628704137,-20.85645273512019,-24.11120902379792,-27.256933708871177,-29.99077727406972,-32.08068131961804,-33.40963583412886,-33.98463040598914,-33.9107430175596,-33.35217979293082,-32.48993126341097,-31.473310604763583,-30.37741801562224,-29.173680528721743,-27.742836620288795,-25.92860069606817,-23.58650043931014,-20.61238818233044,-16.961758285633337,-12.666706083225227,-7.836737452392647,-2.653538877457974,2.652749159448289,7.835988154267177,12.66602914560971,16.96117577246747,20.611897921850343,23.58609689106529,25.928287017887477,27.742580489499108,29.173475548653627,30.377259028256415,31.47320204467547,32.48984268932578,33.3521545965632,33.91073536543145,33.984624099213775,33.40962799841524,32.08063853510486,29.99068386430332,27.25682156011977,24.111063073687347,20.85628737464733,17.791444531735582,15.123885703920802,12.876295244438897,10.813184768168108,8.534171688796793,5.7700027491288095,2.524432222186113,-0.9473817364285304,-4.1812819883191965,-6.344919863568613,-5.742773515176832,-0.1902475421623738,3.6235060540973074,9.59747223690584
-9.103761460866837,-3.23922364887736,0.4477295394976042,5.883054564673789,6.368471522274052,4.135514867549003,0.8510543847441708,-2.6555900903373115,-5.923455368915152,-8.700924422021327,-10.98770529944196,-13.055634091526844,-15.306158571883316,-17.973834197867443,-21.033776901254942,-24.276308408221905,-27.401624176731296,-30.10804500333022,-32.166491964484315,-33.46424978300939,-34.01212089202118,-33.9170818055449,-33.343577094795215,-32.471532421651034,-31.448778067642007,-30.34917170158822,-29.14319940929129,-27.7112243321551,-25.8972450680874,-23.557149351324032,-20.587058091806664,-16.942100008761003,-12.653437365603557,-7.829422901159603,-2.6512583020238867,2.6504624477006904,7.828667088920075,12.652753504738524,16.94151040543687,20.58656153267257,23.556732128983576,25.89692667151448,27.710991663726183,29.142951748086134,30.348998296430413,31.44869955496118,32.47143140377463,33.343543552991775,33.91707820929178,34.012116166379016,33.46424490487928,32.166454223686976,30.10795836435406,27.401515690299345,24.276164081702543,21.03361674226977,17.97372220723446,15.306070330163536,13.055585512126646,10.987704140472676,8.700988279300837,5.9235822318559945,2.6557969174907683,-0.85066611121308,-4.134977273279356,-6.367795274818023,-5.882234386207869,-0.4466948144381307,3.2401831423046423,9.104672039696151
-8.588115463472473,-2.8463912644493115,0.7088107657093233,6.008761094461324,6.374370041203836,4.072539910029591,0.7374811637764213,-2.8039065854746985,-6.094063809737896,-8.884740496879443,-11.179133351713498,-13.251690622529626,-15.504871264996195,-18.17220984906021,-21.226402559039872,-24.45544683232548,-27.558609709380733,-30.2357617694699,-32.26113010882114,-33.526434331733306,-34.04616839371927,-33.9289773166748,-33.33959246880953,-32.456844927557896,-31.42719752993504,-30.323280139142284,-29.11455988170492,-27.68097178266379,-25.866804140909405,-23.52828974222612,-20.56176798029982,-16.92213051265055,-12.639608065000353,-7.821599374411735,-2.648772302090717,2.647973850000096,7.820840679338926,12.638921283566429,16.92153772650796,20.561269636121693,23.527862048638124,25.86648500169795,27.680767386128743,29.11426438465313,30.323093542402496,31.42715596637905,32.45673051488775,33.33954735095231,33.92897863815714,34.04616517279972,33.5264308949213,32.26109626695934,30.235680329544607,27.558504884756797,24.455305602952222,21.226244627021124,18.172097375350845,15.50478297140458,13.251639611627931,11.179128460252176,8.88479816672501,6.09418508427118,2.80410694588807,-0.7371019458683338,-4.072009713279987,-6.3737011033226,-6.007943355394241,-0.7077675853839367,2.8473653894085103,8.589073511636556
-8.049877737977704,-2.4430099586178886,0.977241511059997,6.126867886299897,6.369473998805418,3.998895168097457,0.613529063367547,-2.962151851120218,-6.274169353036696,-9.077688310530482,-11.379381254955446,-13.456272268633157,-15.711764506519032,-18.37830159577483,-21.42612169511534,-24.64088857558357,-27.72112326118837,-30.368409928909745,-32.36042205446347,-33.593177088779925,-34.084685672484625,-33.94519006192453,-33.33960541814194,-32.445822432612175,-31.4089460182736,-30.30035787633767,-29.088514289300917,-27.65292387965341,-25.83807961581673,-23.500567993435343,-20.53707678559637,-16.90223241346862,-12.625588394770087,-7.813544228661863,-2.646184621480884,2.6453844436670124,7.812783477590953,12.624899213660472,16.90163653736232,20.53657556377649,23.50013218126422,25.837758313632147,27.65272754174505,29.088200123241226,30.300156535401715,31.40891751571732,32.44570373133558,33.33955014903288,33.94519188506857,34.0846817181122,33.59317361882849,32.36039091634486,30.368333448784107,27.721022479702587,24.6407507920408,21.425968378196924,18.37819065999713,15.711677418440487,13.45622044377478,11.379374103568573,9.0777413448818,6.274286007242168,2.962347179274175,-0.6131588078207216,-3.998371617752654,-6.368811215665402,-6.126053590783987,-0.976190617010234,2.443997634816919,8.050884008068612
-7.489474764279947,-2.0278454855637205,1.2559304462867138,6.243278287655609,6.35993697131986,3.92070382865376,0.4856618954795166,-3.1235360215321006,-6.456725000977216,-9.272520634559395,-11.581062962585133,-13.66189299055038,-15.919281990126072,-18.58455595617818,-21.625548929101,-24.825749859320357,-27.883101903085933,-30.501025590303,-32.46054583659408,-33.66172556015853,-34.12588452408571,-33.9647429420723,-33.34330484419297,-32.43854406524861,-31.394335148643115,-30.28081528945968,-29.06555049279324,-27.627630747973388,-25.81162960145096,-23.474571534543912,-20.51349401388064,-16.882881109073487,-12.611705860777551,-7.805444664301606,-2.6435602570869965,2.6427609589952388,7.804684559816342,12.611017140482948,16.88228496755484,20.512991721773364,23.474133734622225,25.811307265271783,27.62742378885468,29.065239321705743,30.280609377982177,31.39429536944219,32.43842542658043,33.3432413049194,33.96474068138048,34.12587844316946,33.66172055667587,32.46051484314994,30.50095113794515,27.88300323087969,24.825615296334984,21.625400483053863,18.584447534781084,15.91919692753339,13.661841240008522,11.581054433974035,9.27256991612242,6.45683755735126,3.1237264647425262,-0.485300557517598,-3.920186633972965,-6.359279320135985,-6.242468563037292,-1.2548737574816675,2.028844201895643,7.490528096252769
-6.908732058052852,-1.601107618170401,1.5462240092182442,6.361875356589342,6.35001551730136,3.842091362880507,0.3581297696005894,-3.283651912792874,-6.637149470880347,-9.464531912293223,-11.77939731032414,-13.863730071134142,-16.122592281615685,-18.78619379188499,-21.820083956810517,-25.00577602998185,-28.04083274109308,-30.630538659164824,-32.55912100521131,-33.73037137665753,-34.1686217763956,-33.9868949875008,-33.35020249718125,-32.43470992195116,-31.383180027497403,-30.2646155232325,-29.04573849758275,-27.60522046819665,-25.78769323247188,-23.450605481745235,-20.49136795472134,-16.864379834864142,-12.598188372114883,-7.797420426504997,-2.6409324206130385,2.6401336560382025,7.796660334743202,12.597498897245648,16.863781840312022,20.49086267910981,23.450164554530467,25.787369831844345,27.60500258058102,29.045429550990125,30.264405246217397,31.38312947430776,32.43459451026792,33.350132557398815,33.98688935100443,34.16861360302134,33.7303650662311,32.55909266051292,30.630470687861862,28.04074110685591,25.00564741946084,21.819941163326817,18.7860901080362,16.122510638054596,13.863680275891316,11.779389186605457,9.464579549716484,6.637259432489751,3.283839588250605,-0.3577760786291188,-3.841582881902249,-6.34936830945409,-6.361074709990097,-1.5451660660762387,1.6021113169880232,6.909826781212174
-6.309943975642622,-1.1638799285276582,1.848091337159658,6.4845785790635535,6.341910096608848,3.765045260683859,0.2329484368729,-3.440413160950188,-6.813284913179809,-9.651525782264594,-11.972177964560826,-14.059586298899257,-16.31953150997758,-18.981129026448016,-22.007791424048413,-25.179257501150847,-28.19288719655927,-30.75576787748612,-32.65519807133859,-33.79836405034364,-34.21224549859312,-34.0110309999751,-33.35971419642997,-32.43379571233216,-31.37503712320568,-30.2514048124207,-29.02881532514148,-27.58552255836493,-25.7661952101828,-23.42868078088607,-20.470774348570405,-16.84684681627373,-12.585142125802047,-7.789539707228253,-2.6383225531096044,2.637527022482904,7.788782552466807,12.584455089002908,16.846250454138094,20.470269017040486,23.42823946445631,25.765872757451916,27.58529601906509,29.02850826781417,30.25118963848785,31.37497495016689,32.43368059193567,33.35963413784366,34.01101765902603,34.21223185308617,33.798352306468054,32.65516655120452,30.755700082233236,28.192798067438183,25.179132893302405,22.007654490605677,18.98103071824967,16.319453951718618,14.059539507728555,11.972171246841375,9.651573176497564,6.813393190036383,3.4405988288316105,-0.232600466299989,-3.764542607006658,-6.341269525928884,-6.4837842748749575,-1.8470308683603447,1.1648878929095614,6.311078103448654
-5.695392934250111,-0.7172083252027085,2.161060250901543,6.6123986015935445,6.337020090212338,3.6909242693357966,0.1114629383682465,-3.592506370459975,-6.983858121004145,-9.832267148054983,-12.158204523563622,-14.248295798355276,-16.508974156926428,-19.16829173353129,-22.18767224401202,-25.34529118152578,-28.33846730923121,-30.87608103824701,-32.7483232232282,-33.86538274283683,-34.25649519415876,-34.036913704129105,-33.37165512613129,-32.43563161237834,-31.369755765565568,-30.24104851793889,-29.014667907475225,-27.5684549320628,-25.747088300644226,-23.40879793061645,-20.45172914861919,-16.830335362481076,-12.572614874405168,-7.781837105031703,-2.635743374586152,2.6349555062805226,7.781087944333334,12.571936341670773,16.82974764463572,20.451231434842985,23.408363841655994,25.746772486976404,27.568225716536706,29.014365938190085,30.24083007547026,31.369682709257308,32.43551482764751,33.371560859040486,34.0368846066181,34.25646613874365,33.86535504086269,32.74827832654587,30.876004049370994,28.338373026453755,25.34516525476298,22.187538039679737,19.16819730967627,16.50889992676629,14.248251509016772,12.158198890949318,9.832313914911172,6.9839641568652695,3.5926892496332483,-0.1111209626220046,-3.6904264855288176,-6.336382056181217,-6.611604276403289,-2.1599912672064367,0.7182232841397254,5.6965665526533416
-5.066714800411552,-0.2622750757400059,2.483867904269094,6.7450004234611765,6.335248460960289,3.6195783408069566,-0.0065175481025421,-3.740162592144756,-7.149139315673813,-10.007072128363472,-12.337839755931764,-14.43026904168594,-16.69138844967027,-19.34822319276622,-22.3603513250871,-25.50456338108006,-28.478267236267182,-30.99206974956794,-32.83886871347023,-33.93151595194446,-34.301199242946346,-34.064175087936334,-33.38552984321419,-32.439690699695284,-31.36682054402653,-30.23306483042573,-29.00285724526606,-27.553627449668703,-25.730044744814137,-23.39069708631339,-20.434073955751344,-16.8147680114439,-12.560598898463708,-7.77433366316166,-2.6332064393874126,2.6324275330135363,7.773593921560192,12.55992992162454,16.814189299340597,20.433584172554635,23.39027128643949,25.729735497175955,27.55339658082553,29.00256038023937,30.2328431104626,31.366737034386887,32.43957140792123,33.385422796502354,34.064130641874215,34.301155032832604,33.93147207154676,32.838809639770105,30.99198286510393,28.47816774563541,25.50443645130624,22.360220126005316,19.348132569146813,16.69131779585586,14.430228104652675,12.33783621029118,10.007119537306302,7.149244261005483,3.74034369953348,0.0068544106853206,-3.6190855107888233,-6.334613836754103,-6.744207558554023,-2.482792910041882,0.26329384415898,5.0679227383091385
-4.425256748995867,0.199986100279687,2.815336633961488,6.881887720416734,6.336439917473348,3.550868026969258,-0.121171516978877,-3.883622104378383,-7.309431666368625,-10.17630171910205,-12.511493834523405,-14.605961430030742,-16.867278106648715,-19.521482408020056,-22.526438787034564,-25.657708667785776,-28.612889740507526,-31.104242683845065,-32.92717914431972,-33.99690288033624,-34.346310480039634,-34.09263751937019,-33.401087680023885,-32.445686141804806,-31.36593321182826,-30.227156858029847,-28.99309759743192,-27.540775519718345,-25.714832328360817,-23.374192004311418,-20.41767931159353,-16.800075576648535,-12.549076198885135,-7.767037506765114,-2.630718162352748,2.629948537956733,7.766307360122562,12.548417164787628,16.799506646312054,20.417198307267903,23.37377505308155,25.714529149764907,27.540543775047205,28.992807060192128,30.22693302045495,31.365839990179737,32.44556409268962,33.400969049240146,34.09257793961261,34.34625077662429,33.99684296070477,32.92710660071273,31.10414653306508,28.61278515792577,25.65758072617457,22.526310806501296,19.52139632937448,16.86721181825694,14.605924417565491,12.511493029561018,10.176350404455604,7.3095361115435855,3.883801825130634,0.1215034262776512,-3.550380521882586,-6.335809743825418,-6.881098222813962,-2.8142581916126206,-0.1989663170180984,4.42649406351162
-3.771228694794202,0.6692335991262338,3.154349129596386,7.022330788967127,6.340113462349466,3.484278418799693,-0.2330336456010725,-4.023459401666709,-7.465360458610364,-10.340633487862604,-12.67989135581002,-14.776140929894364,-17.037458720445727,-19.68893854218841,-22.68685280257136,-25.805661533758965,-28.74320638543488,-31.213298440597743,-33.013686581661304,-34.06169876874026,-34.39176943909822,-34.12208109954756,-33.418005036877524,-32.45325378574173,-31.366720343070163,-30.222959137193413,-28.985039229280996,-27.52957192477349,-25.70115693580977,-23.35903426437452,-20.4023678152513,-16.78615358949243,-12.538010649421604,-7.75995412379424,-2.62828723604176,2.6275264428341725,7.759232918158563,12.537360365290327,16.7855926783478,20.401893552439407,23.358624714937797,25.700857608212388,27.52933804665504,28.98475464582206,30.222733428731065,31.366617701575446,32.453129274599,33.4178774413519,34.122008853803,34.391697548257255,34.061626381401766,33.01360369896689,31.213195741675225,28.743099322084813,25.805535107738223,22.68672986357005,19.68885794799567,17.037397572594834,14.77610886300161,12.679894278337477,10.34068465764336,7.465465428626216,4.023638119116738,0.2333605761084384,-3.483796990121378,-6.3394894600607925,-7.021548414275567,-3.1532714258223287,-0.6682168557119952,3.772489326686602
-3.1061683712800807,1.1445463986337654,3.4998744605617578,7.165845280664856,6.346201831400488,3.419870004412844,-0.3420745091491909,-4.159711332347458,-7.6170240641637585,-10.500212751098482,-12.84321188137818,-14.941015368589214,-17.20216433912428,-19.85084795590257,-22.84185769199558,-25.948671158138712,-28.86943989868409,-31.319441056248063,-33.09857815428364,-34.12603841060625,-34.43763782455391,-34.152543453098325,-33.436313049450455,-32.462403853285565,-31.36917150473818,-30.220443712777783,-28.978641549803346,-27.519971161786856,-25.688975152566098,-23.34519196751214,-20.388111440599985,-16.77298416882759,-12.527393901814516,-7.753076872334173,-2.625909466837296,2.625158402480618,7.752365526442334,12.526753161758243,16.772432150537696,20.38764526203389,23.34479041018767,25.68867987048452,27.51973639509316,28.97836452471491,30.22021629818632,31.36905995119553,32.46227717710122,33.43617698510912,34.152460101474105,34.43755435120905,34.12595359955353,33.09848486280438,31.31933146564616,28.869330742864108,25.94854688125587,22.841739206838227,19.85077307080765,17.20210826568281,14.940989146141836,12.843219566914208,10.500267038699953,7.617130321420829,4.159889386144569,0.3423971529043558,-3.419395372099163,-6.345586196230959,-7.165072731777301,-3.498801036182282,-1.1435353931759702,3.107447501084053
-2.429462345687865,1.626073746695113,3.8510382615022634,7.31172435897381,6.354162371113783,3.357070466688501,-0.4488617049217406,-4.29296081804969,-7.765037516191175,-10.655691839822389,-13.002142216518132,-15.1013021404524,-17.362144455447456,-20.007996115706817,-22.992270471584536,-26.087553987981423,-28.99233646773077,-31.423251565789148,-33.18219449318481,-34.19003565183559,-34.483869890503314,-34.18384721765487,-33.45574783364306,-32.47284076984439,-31.372986963290064,-30.21931873180781,-28.97362594131559,-27.511711488683183,-25.678048368273195,-23.332457905811268,-20.374761060908234,-16.760479123905256,-12.517194342655229,-7.746410840339783,-2.623593367353988,2.6228513869881995,7.7457085220758914,12.516561999452644,16.759934354940718,20.37430116798908,23.33206305312561,25.677754742304607,27.51147442727834,28.97335590583972,30.21908862578604,31.37286645506921,32.472712665496005,33.45560393965217,34.183753876401745,34.4837764943622,34.18994101813474,33.18209353302896,31.42313655744994,28.992227857327546,26.08743419529315,22.99215396294523,20.007928235035823,17.36209541217349,15.101282842079682,13.002155193543627,10.65574996871986,7.765145540314712,4.29313658109156,0.4491805998146645,-3.356601660714155,-6.353554159383563,-7.31096209776474,-3.849970953198562,-1.6250698638323064,2.430756053101258
-1.741737018911533,2.113376618661818,4.207017880226795,7.459455817525708,6.363769476079083,3.295729571170641,-0.5535492619137391,-4.423393745909758,-7.909619709631351,-10.807319968690363,-13.156955373106136,-15.25729334422282,-17.517710006269784,-20.16070860565152,-23.138428586073523,-26.222629302583854,-29.1121854143446,-31.524971356222377,-33.26470925270002,-34.253782693510765,-34.5304825670685,-34.21597429817011,-33.47627396884623,-32.484515713256854,-31.378111108640425,-30.21951552220314,-28.96992017710187,-27.50472575604685,-25.668310583920054,-23.320778565610883,-20.362275056416976,-16.748614845076364,-12.507402912611372,-7.739952725726714,-2.621337559633707,2.6206043027713037,7.739258873191334,12.506778203478708,16.74807675202291,20.36182100794134,23.320389616035683,25.66801818591545,27.504484110361663,28.969658207462476,30.2192846957711,31.37797999835877,32.48438775109216,33.476123609804986,34.215873004472414,34.53038178004776,34.25368089232863,33.26460277779401,31.524851768618557,29.112078866295096,26.22251533973192,23.13831347953992,20.160648689869024,17.51766884024449,15.25728155850339,13.156974054144849,10.807382590353416,7.909729729265511,4.423567109658074,0.5538647827356094,-3.295267196882482,-6.363171493271575,-7.458706564820183,-4.205959860826453,-2.112381738758439,1.743041913160272
-1.0428019806702238,2.606432324283304,4.567082277670206,7.608503697226396,6.374680760217422,3.2355456044996376,-0.6564177473471768,-4.551291135813159,-8.0510810833003,-10.95543024917082,-13.3080073453339,-15.409362582695543,-17.6692517857981,-20.309386721086533,-23.28072514111057,-26.354295435226803,-29.22934240809524,-31.6248802760455,-33.346294935417006,-34.317346970415294,-34.57749241899467,-34.24888303332254,-33.497795703342824,-32.49732521014652,-31.38442915108263,-30.220924746172763,-28.967417683812776,-27.498898011300778,-25.659652661609105,-23.310054282990112,-20.350592498892,-16.737348773113833,-12.498004174079943,-7.733702016420811,-2.6191436992004244,2.6184190433428136,7.733016570734863,12.497387293337407,16.736817303349465,20.350143000380903,23.30967107471428,25.6593629588006,27.49864970829978,28.967157616670832,30.220696974267288,31.38428424044039,32.49719109925957,33.4976385544876,34.248768360446206,34.57738005861882,34.31723476602993,33.34617987628329,31.624756042150384,29.22923582728675,26.354183940882915,23.280617891414515,20.309335968818583,17.669216146922196,15.409358644546836,13.308032190503178,10.95550067267891,8.051193121528804,4.551465457564428,0.656731074218769,-3.23508779545771,-6.374088375505605,-7.607762123091012,-4.566028088414605,-2.6054419940367355,1.044118096640002
-0.3325623381798592,3.105174158366101,4.930647943932577,7.758417277549408,6.386650045709115,3.1762907603951107,-0.757676110857395,-4.676870644271186,-8.189657572922433,-11.10028396242176,-13.455572358659524,-15.557798319347672,-17.817067308642063,-20.454343664554187,-23.419481418991605,-26.48285999786879,-29.34407858562749,-31.723182618646835,-33.427062750692706,-34.38075874638899,-34.624866365088494,-34.282504485553176,-33.52024754491322,-32.51118966356681,-31.391858451185666,-30.22346278917278,-28.96603248724525,-27.494146494304843,-25.65200188740869,-23.30022860819873,-20.339669305523937,-16.726670365222034,-12.489001584232822,-7.727667499641992,-2.617016024298576,2.616299546112589,7.726989891940312,12.48839202711881,16.726144921968267,20.33922359737036,23.29985078643263,25.651712932477583,27.493891401661934,28.96577394288668,30.223235501683867,31.39170016642561,32.511048589520705,33.5200838609351,34.28237591622655,34.62474257713266,34.3806367521473,33.42693981000724,31.72305458776858,29.34397252641038,26.482751907363536,23.41938296337376,20.454302128327207,17.81703969615178,15.557802444731452,13.455604370088148,11.100360955938848,8.189773027099083,4.677046812690017,0.7579876396331398,-3.175836916704537,-6.3860620955842,-7.757683166808438,-4.9295980804532,-3.104188358632764,0.3338871042399208
0.3877529959495411,3.608862459851278,5.296956549100577,7.908750334308442,6.399552118525197,3.117937471102844,-0.8573348702306673,-4.800156456106474,-8.325393240342748,-11.24193906450302,-13.599719019395833,-15.70267491236224,-17.96123641406931,-20.595659479924656,-23.554776129072653,-26.608393594748406,-29.45646073920033,-31.81993718235592,-33.50706200383106,-34.44405460228343,-34.6726286442183,-34.31687675365106,-33.543682769062656,-32.526160228661126,-31.400444235231944,-30.22716559351384,-28.965791325520645,-27.49049496975113,-25.645378070615404,-23.291321637303906,-20.32951890323195,-16.716591517265556,-12.480399488499948,-7.721844931148565,-2.6149507800462826,2.614242633954913,7.721175271332272,12.47979723239736,16.716071981272822,20.32907709805815,23.290948869480125,25.645089292663936,27.49023387083987,28.96553505233737,30.22693800142717,31.400273941191355,32.526012636782426,33.54351287411717,34.31673588611142,34.672495196094026,34.443924424873444,33.50693196772866,31.819805515476794,29.456355185561964,26.60828938808644,23.55468687915134,20.595627164776957,17.961217317839992,15.7026871157111,13.5997583108044,11.242022232029576,8.325512587901024,4.800334452584716,0.8576440686534768,-3.117488159700092,-6.398969654786461,-7.908025118969266,-5.295913038511505,-3.6078822047521295,-0.3864226452058732
1.116811674207771,4.1167190520726455,5.66522536608273,8.059042499529836,6.41322300772482,3.0604271651121278,-0.9554335154618816,-4.921195902838022,-8.45835073840118,-11.380468359742933,-13.740526940236558,-15.844076595360647,-18.101847321429013,-20.73342489463771,-23.68670139640529,-26.730984941060257,-29.566567045160006,-31.915201297599467,-33.58632777361685,-34.50725647712165,-34.72079661047088,-34.35202239572445,-33.56812877581172,-32.5422636926758,-31.41020943195522,-30.232052912368182,-28.9667121156212,-27.487958017821416,-25.63979328940193,-23.28334416144695,-20.32014556969344,-16.70711351640472,-12.472194131907797,-7.716228823999614,-2.612945500252902,2.6122459792693777,7.715567357039754,12.471599291626037,16.706600038383417,20.319708280457103,23.28297611844973,25.639504830632667,27.4876930102371,28.96645708881655,30.23182470991054,31.410030182010264,32.54211002380374,33.56795339085756,34.351871183343015,34.720654515451514,34.50711904849405,33.58619223185745,31.915067854210758,29.56646325527254,26.73088541500491,23.686621425273707,20.733401544523016,18.101836837887348,15.844097011969051,13.740573761062391,11.38055751799029,8.458474192173503,4.921375816962056,0.95573994299655,-3.059983502864195,-6.412647655611102,-8.058328798873685,-5.664191740824696,-4.115746667454969,-1.1154801104356766
1.8547945929599203,4.62874387285017,6.034934859129411,8.20890637394423,6.427361354988014,3.0035349298444034,-1.052172630600934,-5.04018692212535,-8.588738560378587,-11.516090773420276,-13.878223177111488,-15.982236686248031,-18.23913830164657,-20.867882166311933,-23.815498064541263,-26.85086292134843,-29.67458323834778,-32.00909815947195,-33.664910136913846,-34.570363310531576,-34.76934892884142,-34.38788628656463,-33.593506283919474,-32.559412465242794,-31.42106344122887,-30.238043468428,-28.968720546481787,-27.48646187638446,-25.635185357120037,-23.276242756557703,-20.311515345282743,-16.698213699820066,-12.46438130569272,-7.710827086807452,-2.6110059871343205,2.610315295105273,7.7101740246799,12.463794181050933,16.69770667653329,20.311082952387075,23.275878613334672,25.634897191197798,27.486197064670243,28.968462318582723,30.237812162662003,31.42087931653921,32.559250357186144,33.59332365318775,34.387724398932235,34.76919754724923,34.57021853497374,33.66476912222881,32.00896293887289,29.67448115261145,26.85076820790298,23.815427093133174,20.86786813574357,18.23913719601412,15.982265535580138,13.878277771884996,11.51618595150134,8.588866503204414,5.040369135664755,1.0524765010833843,-3.003096681329804,-6.426792522665693,-8.208203090649462,-6.033910957678965,-4.627778681701592,-1.853463698880522
2.6003725877627,5.1441545920021055,6.405323301738028,8.357928826058208,6.441778958175672,2.947205930515441,-1.147590445281074,-5.157170575401932,-8.716604936462097,-11.648858963551763,-14.012863794216956,-16.117213473456136,-18.373170227685016,-20.99909300540163,-23.941225412602726,-26.968075582823683,-29.78054320763496,-32.101644358853655,-33.7428198422237,-34.6333814814144,-34.81828592035644,-34.424478333414136,-33.6198250088486,-32.57761688563898,-31.433027492033315,-30.24514421212586,-28.971819786498333,-27.48602419494042,-25.63156465231026,-23.2700241767292,-20.30363015607305,-16.689887129862466,-12.45695340868767,-7.705632609234244,-2.6091295710729723,2.608447819176294,7.70498812169621,12.45637406553544,16.68938637847148,20.30320223453198,23.269665529046776,25.63127683908158,27.485750584985396,28.97156893064224,30.24491576403413,31.43282621388641,32.57745036673187,33.61963799115735,34.424305124196415,34.81812571865944,34.633229515334826,33.74267318374713,32.10150729598069,29.78044299744327,26.96798619177294,23.94116377064487,20.99908818706507,18.37317882409824,16.117251134372722,14.012926525276605,11.648960577756432,8.716737775699062,5.157355377383833,1.1478924073068828,-2.946773194265212,-6.441218335305997,-8.357237561948471,-6.404309952422321,-5.143196802861316,-2.5990449503250983
3.354132086412874,5.663153269163949,6.77604750745966,8.505812774083132,6.45617992560411,2.8912206777567104,-1.2418832731172793,-5.27233668945686,-8.842144823165496,-11.778975613048155,-14.144657620191678,-16.249221751362462,-18.50416314832533,-21.127282208528293,-24.06410469548277,-27.082823372531166,-29.884585898676768,-32.19291043064996,-33.820063958349465,-34.696284021047894,-34.867559961904554,-34.46171237480133,-33.646988111918134,-32.59677482617161,-31.445989227936245,-30.25327047000299,-28.975939765165126,-27.486566009312003,-25.62887249160565,-23.264644108554872,-20.296454971476724,-16.682117406576214,-12.449910018212162,-7.700659405650602,-2.607325087442391,2.6066526340950427,7.700023856275713,12.449338772802005,16.681623269975653,20.29603235238092,23.26428924094172,25.628584554466105,27.486293804370334,28.975685386313163,30.253038562221047,31.4457830967068,32.59660044294108,33.64679428260569,34.461528949855946,34.8673910469624,34.696125375608936,33.81991295117972,32.19277294272299,29.88448860865297,27.08274031027996,24.064053004780828,21.127287549987816,18.50418218712261,16.249268675163677,14.14472881076121,11.779083724855232,8.842283000198554,5.272524430275814,1.2421832479807098,-2.890793575364199,-6.455628121736211,-8.505135208997578,-6.775047143681493,-5.662204492043398,-3.352811030474312
4.114743799919433,6.184962651243912,7.146410717462881,8.652205759488124,6.470397224519047,2.8355341688484,-1.335080189572639,-5.3857108142641374,-8.965385015785325,-11.906468561279786,-14.273634362610444,-16.378293283368862,-18.632151404970568,-21.25248587325776,-24.184169353112733,-27.195125336883603,-29.98670925785289,-32.28287729575154,-33.896621924212255,-34.7590525034604,-34.91714683456129,-34.499573773496095,-33.67499519320064,-32.61688915826374,-31.459961231449576,-30.26242395879066,-28.981080506590985,-27.48810036702288,-25.62711557940303,-23.260109895806288,-20.289984733241848,-16.67489936012997,-12.443242829782928,-7.695901428529334,-2.6055908031631736,2.6049275381074204,7.6952746222230815,12.442679408814406,16.67441168871113,20.289567585371906,23.25975854253496,25.62682833082405,27.48783082688426,28.98082354562842,30.262190267468583,31.45975351799921,32.61670859837497,33.674796793795224,34.49938374389318,34.91697173605018,34.758888888761376,33.896467656188634,32.28273973930948,29.986614632217805,27.19504837128999,24.184126952623384,21.252500304902966,18.632180184861863,16.378348714650176,14.27371344161915,11.906582624676398,8.965527948066127,5.385901045045014,1.3353770654911843,-2.8351144529887096,-6.469856167042204,-8.651543872141692,-7.145426095145623,-6.18402473376531,-4.113432486963607
4.881912811960438,6.709297627585111,7.515920623485604,8.796831432021847,6.484222683395873,2.78001444775868,-1.4272885450189163,-5.497392674103364,-9.086425655193528,-12.031440189809116,-14.399899148257658,-16.504533681360147,-18.757240501553213,-21.374803367246344,-24.30150707296479,-27.30504916060264,-30.086960209847746,-32.37156598543982,-33.97249082194495,-34.82165826436303,-34.96700963618647,-34.53802641592746,-33.70379372646962,-32.637911533483965,-31.47489758995204,-30.272561646785068,-28.987201517898637,-27.490589240365196,-25.626260556742693,-23.25638979944944,-20.28421086168976,-16.668224016322537,-12.43695427868773,-7.691362070037311,-2.603927718073935,2.6032736194202952,7.690744012991191,12.43639875718922,16.66774277662394,20.283798899778827,23.256041673933648,25.62597425236182,27.49032199964072,28.98694185720829,30.27232628770033,31.47468846946442,32.63772457342261,33.70359064132092,34.53782978498616,34.96682816363271,34.82148990215184,33.97233371922469,32.37142866632704,30.086868744463448,27.304978900898423,24.301474362847625,21.374827146453224,18.757278766338388,16.504598179543773,14.399986368201562,12.031560906821218,9.08657352552626,5.497585430168799,1.427582441782139,-2.779602134749451,-6.48369224422286,-8.796185454907882,-7.514952256181819,-6.708370802945245,-4.880613677842827
5.6549420315970735,7.235700105706906,7.884073272882027,8.939418228550478,6.497477475247739,2.7245740089091792,-1.5185756250922096,-5.607441667026414,-9.205325228709794,-12.153951992683831,-14.52351405190502,-16.628007747371147,-18.8794959052215,-21.49430311407698,-24.416181515903627,-27.412641428842583,-30.18534835129257,-32.45895395168886,-34.04762857830721,-34.884056097322144,-35.0170976837866,-34.57701434472181,-33.733345789752875,-32.65980600281515,-31.49076700989431,-30.283654861935915,-28.99427748073764,-27.494012800320338,-25.626290852299658,-23.25347529195212,-20.27911654361549,-16.66208663680205,-12.431040914540022,-7.687044131858959,-2.6023384702754564,2.6016936509587203,7.686434923914011,12.430493374066934,16.661612145103415,20.278710536213044,23.253131241107177,25.62600620179457,27.49374795921748,28.994016227790457,30.28341878939673,31.49055711281067,32.65961322324057,33.73313882415022,34.576812348922246,35.016910488839535,34.883883289068095,34.04746873141344,32.45881694912611,30.185259667505225,27.412577372684357,24.416157980840666,21.494335956551048,18.879543993763185,16.628080819849874,14.523609281223058,12.154078620102034,9.205477891166728,5.607636705125838,1.5188659334731875,-2.724169892704467,-6.496958651598602,-8.938788629861113,-7.8831221240367375,-7.234784831811023,-5.653657161543886
6.431861356308219,7.763112016686802,8.250149093311984,9.079695516492585,6.510067018723095,2.669219922503577,-1.6089211402238954,-5.715832651940309,-9.322055165787395,-12.273972952687394,-14.64444868487188,-16.748685590384174,-18.99889048864826,-21.61096002543323,-24.52816664002629,-27.517868343192628,-30.28181157529204,-32.54496386082038,-34.121956449698416,-34.94618777273013,-35.06736870541142,-34.61650202113928,-33.76365428025947,-32.68258184504683,-31.507584542132165,-30.29571698507873,-29.00232040069028,-27.498382853048277,-25.62721446112182,-23.251375346203385,-20.274688776316808,-16.65647965070278,-12.425486914050264,-7.682938801194459,-2.600821095527972,2.60018657797969,7.682339592832887,12.42494867913332,16.656013355468243,20.27429015771625,23.251036753127188,25.62693310747502,27.49812165982145,29.00205930011375,30.295481499886066,31.50737488398289,32.68238439904547,33.76344374646457,34.616294816473136,35.067175588815594,34.94600990702428,34.12179332479445,32.54482670202207,30.28172503843129,27.51780979126657,24.528151651920616,21.61100115349776,18.998947829413236,16.748767038593236,14.644551627406967,12.27410543261539,9.322212497779992,5.716030000266215,1.6092077116563108,-2.668824400303353,-6.509560740867018,-9.07908425095292,-8.24921751149593,-7.762210028278042,-6.430593797488644
7.215029296374339,8.292492936067687,8.61426546239376,9.21751962117252,6.52168000527232,2.613664616284172,-1.6985713806320049,-5.822801869201951,-9.43685663011129,-12.391751614311415,-14.762955661214145,-16.866820142045157,-19.115672390870035,-21.725006787754303,-24.63766717419892,-27.620891819382337,-30.376476517410303,-32.62966596621905,-34.19548706846524,-35.008008282817286,-35.11774034246672,-34.65638159153688,-33.79455475345317,-32.70607491910199,-31.52519105487102,-30.30860538965405,-29.011203950045942,-27.503587607668056,-25.628944113261927,-23.25001974884808,-20.270917595363205,-16.65140553865541,-12.42032615559377,-7.679078016596368,-2.599387663348023,2.5987635138849696,7.678488903331589,12.419797353835014,16.650947613388112,20.270526583627426,23.249687036257622,25.62866642611142,27.50333055319037,29.010943544347228,30.308370364378444,31.524981597831477,32.70587302761477,33.794340933157315,34.656169756305175,35.11754156167476,35.00782511287328,34.19532022025389,32.62952837858845,30.376392002119758,27.62083883491889,24.63766065381308,21.725056262507703,19.11573884651073,16.86691001253478,14.763066376883438,12.391890101430535,9.437018638146936,5.823001555554333,1.698854248728076,-2.6132780659548223,-6.521186770581157,-9.216926789691108,-8.613353729910633,-8.291604256885684,-7.213780593238918
8.003220910674425,8.823099500491198,8.975877239048957,9.352667187979383,6.532206301264065,2.557882068034336,-1.7875342096621998,-5.928351906808087,-9.549730160082008,-12.50728799439159,-14.87903381306284,-16.982409032893617,-19.22983712379845,-21.83643564490196,-24.744667439275844,-27.72168177290183,-30.469297497486785,-32.71299943689164,-34.26815344121581,-35.06945771720791,-35.16816060288495,-34.69661077988187,-33.826022261631195,-32.730266406860466,-31.543573403552763,-30.322309383214293,-29.020918909412032,-27.50962063310864,-25.631474353505432,-23.249406999968897,-20.267795260713708,-16.646863813004856,-12.415555432700224,-7.675459736754916,-2.598037668063178,2.597424244664563,7.674881139686321,12.415036578366925,16.646414944629573,20.267412762388084,23.24908121656804,25.63120089579903,27.50936835874938,29.020660579551347,30.32207497660592,31.54336394039986,32.73006080874073,33.82580491873038,34.69639371293535,35.167955668228586,35.069268737653715,34.26798231063409,32.71286061865542,30.46921399919068,27.721633446485725,24.744668616868932,21.836492970305265,19.22991271280881,16.982507021255202,14.879152012104903,12.507431983774543,9.549896704514603,5.9285536302466,1.7878130773048857,-2.5575046427900245,-6.531725870015361,-9.352091746578882,-8.9749848013725,-8.822223489156947,-8.001992409584084
8.794010464259298,9.353634908385374,9.334223270596125,9.484917788465165,6.541590869969151,2.5019124213819253,-1.8757513185825476,-6.03241668582518,-9.660604479552354,-12.620508626126457,-14.99260888611553,-17.095378585518134,-19.34131197321187,-21.945175580008407,-24.849094382973163,-27.82015751713359,-30.560184027368496,-32.79486531140656,-34.339856807640416,-35.13045818992137,-35.21858379254738,-34.73716554968219,-33.85805257167669,-32.755163303382275,-31.56274455284692,-30.336843701610604,-29.031478675158,-27.516491657797754,-25.634806956072243,-23.24953251190673,-20.26530538695521,-16.642841861692663,-12.411154986192756,-7.672070154388195,-2.5967669111089786,2.5961640929474323,7.671501929010215,12.410646178607958,16.64240247812433,20.264931897317865,23.249214416196477,25.63453843322433,27.51624473068635,29.03122357870578,30.336610953541584,31.562536336896848,32.7549551045402,33.8578325568072,34.73694365951998,35.21837267030946,35.13026307097388,34.33968066564022,32.794724006526394,30.56010003590782,27.82011290514004,24.849101957307592,21.94523909960978,19.341397120875,17.09548430056105,14.99273443829364,12.62065711451584,9.660775532816318,6.032620215493608,1.876025849861377,-2.501544251754604,-6.54112277611292,-9.484359036820017,-9.333349382285189,-9.3527709922476,-8.792803669388634
9.588817971778589,9.884595251149475,9.689318465237587,9.614144860531477,6.549620197004864,2.445577479024097,-1.9633789305910176,-6.135149499389753,-9.769638895204515,-12.731575257222016,-15.103843787594952,-17.20588838481325,-19.450249419230868,-22.051362251424116,-24.95105717737623,-27.91639255697424,-30.649176742333456,-32.875273132027495,-34.41057337416488,-35.190952338977894,-35.268928402395275,-34.77794390618765,-33.890522161701355,-32.78064327808475,-31.582590758962475,-30.35210765391214,-29.042797523088662,-27.524130274357507,-25.638891898082036,-23.250364690672267,-20.263447942326945,-16.639352712979345,-12.407153812324044,-7.668934218088768,-2.5955850103060403,2.594992295628696,7.66837575493915,12.406654206671227,16.63892164729137,20.26308183763868,23.250052529972045,25.63862703608164,27.523887620190383,29.042544613380432,30.351875785907183,31.58238300731156,32.78043291391472,33.89030005366158,34.77771905588226,35.26871427989744,35.1907547263308,34.41039623944014,32.87513347908368,30.649095894207356,27.916355118552463,24.951072980794017,22.051432642456685,19.45034590563362,17.206002592925493,15.103977206345098,12.731728711048689,9.769814262724218,6.135354957745257,1.9636495021055411,-2.445219349619112,-6.549166328876465,-9.613605910335991,-9.688468150265091,-9.883748108152052,-9.587637244440876
10.38618888858145,10.415105823109576,10.040609161171655,9.740176502386026,6.5562164798968885,2.3888723298872248,-2.050409747646903,-6.236536076373808,-9.876817337345418,-12.840471361815132,-15.212720786502464,-17.313918951715202,-19.556628224945737,-22.154968974290707,-25.050521287466985,-28.010342495402327,-30.7362123473329,-32.954155054751325,-34.480230052753726,-35.25086462192566,-35.31913718916322,-34.81889608107045,-33.92339836897467,-32.80668056932763,-31.603091470096064,-30.36808148064714,-29.05485664136126,-27.532517632118765,-25.643711396936016,-23.251889656687062,-20.26221356338989,-16.636392547222457,-12.403546634545547,-7.666049527826921,-2.5944924309204294,2.59390840493816,7.665499117135636,12.403054176405693,16.63596760128039,20.26185240284466,23.25158140954171,25.643449111164127,27.53227754508149,29.054605523978047,30.36785085384256,31.60288475685598,32.80647029783824,33.92317721336522,34.81867214041139,35.31892445409409,35.250668971457976,34.4800565913264,32.954021659392446,30.736138520643884,28.01031471316073,25.050546662019716,22.155047680899933,19.55673533615185,17.314041902034855,15.212861975307629,12.840630296496556,9.87699722802004,6.236743553950717,2.0506764980497287,-2.3885244804139223,-6.555779019263835,-9.73966169371207,-10.039788239437192,-10.414280953079263,-10.385038886256584
11.186128170158405,10.94498069794208,10.38786112575484,9.86289038719608,6.561262001599911,2.3317173088135448,-2.1369132176024506,-6.336640487884706,-9.982206335679948,-12.947264385192453,-15.319304510362308,-17.419531573904592,-19.660501776095465,-22.256039646078836,-25.147512836963244,-28.1020103263846,-30.821268771459707,-33.031473891629346,-34.54878648508269,-35.31013278706753,-35.36912875677696,-34.85995106206945,-33.95660140646858,-32.83320219833524,-31.62417724041212,-30.384702933054168,-29.06760160396678,-27.54160715458577,-25.64923370331618,-23.254085673703567,-20.261610040996068,-16.6339571854459,-12.400346865189876,-7.6634283492847715,-2.593491817100741,2.592915473511088,7.662884793825624,12.39986009442797,16.6335366264672,20.261251645262124,23.25377924204945,25.64897271098961,27.54136810661553,29.067351619211525,30.384473602386237,31.62397247653529,32.83299340826736,33.95638331850299,34.85973152704578,35.36892188985418,35.309943902101544,34.54862146535956,33.03135071461646,30.82120468517126,28.10199440065871,25.147548652278225,22.25612678509553,19.660620945913134,17.419663540123878,15.319453618621788,12.94742840569743,9.982390610592214,6.336849764581509,2.137175995170307,-2.3313808576831514,-6.560843440603747,-9.86240311195932,-10.387074177868488,-10.944182608033268,-11.18501249415233
11.990352109598511,11.474821864294888,10.73118143570628,9.982185838313915,6.564592065212,2.2739469732840334,-2.2230470662447623,-6.435624285729788,-10.085973765747246,-13.052122780901758,-15.423759740091716,-17.522882871174158,-19.76201511765917,-22.35469718690887,-25.242127630613872,-28.191455672486622,-30.904381974663774,-33.107233039728335,-34.61623305806828,-35.36871878630742,-35.41880075003523,-34.901004514849426,-33.9900105411508,-32.86009177730355,-31.645735659934054,-30.40187237404256,-29.080948768373503,-27.551336802891637,-25.655424394308024,-23.25694227297235,-20.261650451700945,-16.63206041629466,-12.397591998719603,-7.661098969382754,-2.592589545538734,2.592020320214744,7.660561647511566,12.39711022304066,16.631643561303445,20.261294272182397,23.256637087801938,25.655164320589414,27.55109834698385,29.080699870333373,30.401644393035838,31.64553297300602,32.85988520927277,33.98979640187063,34.900790599815195,35.41860111803711,35.368538131404634,34.616077818871084,33.1071210809975,30.904328822588926,28.19145292997322,25.24217481253184,22.354793688036008,19.76214590867626,17.523023937501826,15.42391660911892,13.05229207888696,10.08616243818746,6.4358352309995,2.2233059021406496,-2.27362203245096,-6.564192606115829,-9.981726847886131,-10.730430334846632,-11.4740527095668,-11.98927327662921
12.796001780785437,12.00319492603629,11.069856083954075,10.097927343253446,6.566227142606129,2.215652399703363,-2.3087128586834345,-6.53338395770076,-10.188011608499536,-13.154937148480991,-15.525977579684069,-17.62386603927501,-19.861063625643013,-22.45084001319204,-25.334261223542875,-28.27856277771766,-30.98541492357856,-33.18129060471404,-34.682445510579214,-35.42653668717615,-35.46809229615659,-34.94201454047229,-34.02360631484807,-32.887341975804006,-31.667768796848478,-30.41959672900029,-29.09490646047239,-27.561715065357937,-25.662283793097316,-23.26045171046374,-20.262303383756517,-16.630671402350092,-12.39524784774812,-7.6590424779717345,-2.5917786280591018,2.5912166610703715,7.658511642156627,12.394771306605858,16.630258229230233,20.26194928523202,23.260147616188764,25.662024545161135,27.56147730219448,29.094658933549752,30.41937012811511,31.66756846949911,32.88713802208342,34.023396075408016,34.94180589173622,35.467899189985644,35.42636388777822,34.68230032097117,33.181190447642045,30.98537334230676,28.278573494371287,25.33431947148907,22.45094557111063,19.86120583106741,17.624015958541893,15.526141899691073,13.155111470121485,10.188204455596786,6.533596286591168,2.3089677339447925,-2.215338759542896,-6.565846102583008,-10.097495158330156,-11.06914053545182,-12.002455027643173,-12.794961581350156
13.602918379410967,12.529870982826518,11.40366161627565,10.210003511234875,6.566079643506598,2.1567729756828613,-2.3939631350737733,-6.62997608728748,-10.28837943464934,-13.255767896335705,-15.626017239835322,-17.722536656969787,-19.957696886352444,-22.544505043369227,-25.4239307566184,-28.36332132023361,-31.064340126320808,-33.25360007223632,-34.74736308586624,-35.483520500140024,-35.51692377566378,-34.98289447040298,-34.05730348758831,-32.91487294457924,-31.69020692012684,-30.43781779238469,-29.109427403260447,-27.572707261948075,-25.66978591123973,-23.264600036186412,-20.263552703312502,-16.62979200901784,-12.393317654290758,-7.657262310750282,-2.59106113320838,2.590506447032513,7.656738067038417,12.39284646634295,16.62938252796158,20.26320069144077,23.264297020037176,25.66952736792241,27.57247037608041,29.109181877369185,30.437592580179835,31.690009113971048,32.91467198189987,34.057097202358484,34.98269144638137,35.516737907037594,35.483356779816944,34.747228928359846,33.25351191369874,31.064309890448303,28.36334497926548,25.423999758682868,22.544619828843512,19.957850381034334,17.722695541167116,15.626188897662413,13.255947185177725,10.28857628177303,6.630189572121671,2.394213809090592,-2.156471038265832,-6.56571729804324,-10.209597928859502,-11.402981910473317,-12.529161233397458,-13.601918464841422
14.409208615807556,13.05386257524593,11.732085760387742,10.318309745996425,6.564126587912803,2.097346676875441,-2.47875274216648,-6.725354274259699,-10.387031205248448,-13.354570205048038,-15.72383469587036,-17.818851338705024,-20.05187067779212,-22.635644979245903,-25.511078811443923,-28.44565772529145,-31.141067086420357,-33.324064256722885,-34.81088900944909,-35.53958355396351,-35.565225114637606,-35.0235796313531,-34.0910492671965,-32.94264136616234,-31.71301658494385,-30.45650846064939,-29.12448851823264,-27.58429251976992,-25.677908432679875,-23.269363826832517,-20.265370186045143,-16.62940066628273,-12.391777796731304,-7.655743741994124,-2.5904336640253223,2.589885876417324,7.655225662264888,12.391311616417148,16.62899487959505,20.26502067499465,23.26906251254617,25.67765086194598,27.584056724203656,29.12424564537136,30.45628424868915,31.71282110538247,32.942443935528566,34.090847494589504,35.023383091396745,35.565047015034175,35.5394288295284,34.81076540923957,33.32398780567034,31.14104847882281,28.445694811807225,25.511158793884807,22.63576897408644,20.052035715442987,17.819019286809517,15.724013730218992,13.354754371386402,10.387232023836315,6.725568890146031,2.478999377099993,-2.097056198082366,-6.563783007888258,-10.317930886069144,-11.73144245801655,-13.053184090319904,-14.4082508250385
15.214064166518812,13.574652797366722,12.054815929756066,10.422763161050682,6.560304782422824,2.0373561202470367,-2.563094162637801,-6.819534242664308,-10.48398634641444,-13.451364887039558,-15.81945018785307,-17.91282818424869,-20.143598600290087,-22.72426413749816,-25.5956952098226,-28.5255436905594,-31.21555297501404,-33.3926281380626,-34.872956853888,-35.59465048750814,-35.6129215637284,-35.06399270344841,-34.12477253341622,-32.970580564779205,-31.73613829869833,-30.475615790920862,-29.14004324680312,-27.59643106155707,-25.686618539047032,-23.27471839191973,-20.267737166786876,-16.629488881451774,-12.390621084214471,-7.65448108890372,-2.589895502685914,2.5893545526857773,7.653969150395529,12.39015989091123,16.629086756579618,20.267390207529893,23.27441884448331,25.686361511915337,27.59619642584872,29.139803892804665,30.47539200903056,31.7359454008491,32.9703874951653,34.12457532447973,35.063802537824486,35.61275120110429,35.59450495130711,34.872844145842244,33.392563638282034,31.215546385285027,28.52559442521787,25.59578628592748,22.724397508411347,20.14377498652608,17.913005102457905,15.819636452832308,13.451553955906729,10.484191142933708,6.819749991651805,2.56333705083282,-2.0370765471499284,-6.559979480776717,-10.422410797471011,-12.054209668728875,-13.57400666812942,-15.21315049826194
16.019950377473386,14.09307804456146,12.372088629661844,10.523334648770325,6.554465806639751,1.9766173548847008,-2.647181448316175,-6.912729468833695,-10.579467323597918,-13.546371091855054,-15.913073700122728,-18.004662409814056,-20.233056756385263,-22.81050829476081,-25.67789509549625,-28.603069657428463,-31.2878767073829,-33.45934021196886,-34.933565054424754,-35.64866437212092,-35.659923188595805,-35.10402222141563,-34.15836685372254,-32.99857714778814,-31.75946055354107,-30.495033166004884,-29.155997451157845,-27.60904938446852,-25.695871877507173,-23.280659524575128,-20.270678856869065,-16.630111945048917,-12.389905038344311,-7.6535084990492175,-2.589457814753405,2.588923565167411,7.653002590850366,12.389448807078224,16.629713530277954,20.270334614946044,23.28036203047857,25.695615360681643,27.608816497444888,29.15576269870796,30.494809498043093,31.75927005383011,32.99838878297747,34.15817410357345,35.10383875443913,35.659761420042074,35.64852907860543,34.93346401593982,33.45928805640443,31.287882503122763,28.603133387738463,25.67799756853374,22.810652585187693,20.233242786591425,18.004848457476623,15.913266990467848,13.546565940686673,10.579676231040528,6.912946453461017,2.647420550232249,-1.9763484968925424,-6.554159214965563,-10.523009683228134,-12.371520654692857,-14.092465947294675,-16.019082663591007
16.821288575590735,14.60668110825948,12.682863385752668,10.619920231071053,6.546693941173802,1.9153732874447504,-2.730755879123795,-7.004664066514076,-10.673194777505076,-13.63931633837892,-16.004441860125283,-18.09410441202474,-20.32001001304921,-22.894165576074773,-25.75747936576888,-28.678036828611454,-31.35782316536553,-33.523998135842334,-34.992553252541924,-35.70151746413879,-35.70616762398878,-35.143638216405705,-34.19181142126302,-33.02663677157276,-31.78300334304746,-30.51478763237909,-29.17237243462507,-27.622152738858013,-25.705649376530133,-23.287128695156323,-20.27411814927166,-16.631166651440758,-12.3895298643309,-7.652763810565887,-2.589102389711655,2.588574840118098,7.652263987043347,12.389078661543255,16.630772001387353,20.27377683125491,23.28683364297223,25.70539289750405,27.62192194319576,29.172144140583573,30.51456261852008,31.78281552757238,33.0264548869891,34.191623713836094,35.14346170393068,35.70601441449536,35.70139231555465,34.99246394684783,33.52395829532537,31.357841160064385,28.6781136244008,25.757593018417584,22.894319839731104,20.3202067701837,18.094299263891894,16.004642097904394,13.639516089853686,10.673407374181648,7.00488192859755,2.7309908778074288,-1.91511572572616,-6.546406497518708,-10.619622308154748,-12.682333360245604,-14.606103128518498,-16.82046766862102
17.621596107942036,15.116733532284622,12.987562072020848,10.712508732007157,6.536821993202864,1.853389082906894,-2.814073142359464,-7.095621123109327,-10.76546198505314,-13.730488463149753,-16.093830380051646,-18.18141207327856,-20.40469343596774,-22.975436727929356,-25.834614389836897,-28.750583013821394,-31.42551394438926,-33.58668340731807,-35.04993960699178,-35.75316078343595,-35.75156338417067,-35.182721548043894,-34.22498580363285,-33.05462940611275,-31.80663812428349,-30.5347575389005,-29.18906234347621,-27.63566012587148,-25.71590465673714,-23.294126649659766,-20.278092651947645,-16.63272451842019,-12.389570602118118,-7.652294037516904,-2.588843936153774,2.588322954803958,7.651800187098328,12.389124384262374,16.632333634700323,20.27775434605166,23.293834264276985,25.715647940810225,27.635431945008207,29.188841778033392,30.53453034049045,31.80645278709874,33.05445458791768,34.22480286283478,35.182551944836334,35.75141905329767,35.753046087975136,35.04986230786625,33.58665617643063,31.42554457984548,28.750672826910733,25.8347390738236,22.97560095901376,20.404900210791265,18.181615457286576,16.094037207568572,13.730693084253945,10.765678131336584,7.095839723871404,2.814304065922699,-1.8531421828938897,-6.536552611327962,-10.712236989074963,-12.98707021707345,-15.116190768199337,-17.62082385247078
18.417588654213777,15.62176346313179,13.285554189338356,10.801028933124462,6.524882329429562,1.7907923211174115,-2.896998143434653,-7.185460348782442,-10.85613050508104,-13.819754239226118,-16.181111099286934,-18.266463547464536,-20.486991282524222,-23.054214372399457,-25.909195336358376,-28.82059965368352,-31.490830799487536,-33.64727930462332,-35.10562080854943,-35.8035066799341,-35.79603881307129,-35.22121508456566,-34.25783938875627,-33.08252211154272,-31.83034253771144,-30.554926347927548,-29.20605149034953,-27.649549210752507,-25.72660520719168,-23.3016033559224,-20.282546364361355,-16.634719330749533,-12.389966021319074,-7.652059178290453,-2.588670607628503,2.588156255622708,7.6515714342823165,12.38952494991685,16.634332377843442,20.28221118662141,23.301313695623797,25.726348256460437,27.649324019279167,29.20583882775292,30.55469727379634,31.830159588649973,33.08235489647902,34.257661621685564,35.22105279117247,35.795903920747904,35.80340286046325,35.10555568696044,33.64726458058993,31.49087387277298,28.820702452755175,25.909330722576307,23.054387885796515,20.487208619091238,18.26667532673657,16.181324586033007,13.819963257087572,10.856349948975213,7.18567949892855,2.897224855006234,-1.7905565283473264,-6.5246315327563895,-10.800783159941124,-13.28510033297642,-15.621256394165917,-18.41686602089572
19.20844803383732,16.121294585251253,13.576609936055087,10.885443038186176,6.510851208136902,1.7275863891815526,-2.9795346899199227,-7.274193629004596,-10.945218239302458,-13.90713424857354,-16.266303742579257,-18.34927693624842,-20.56691719591008,-23.13050753240981,-25.98122099023734,-28.888074002184524,-31.553748552395245,-33.705748851585696,-35.15954577307398,-35.852487782723856,-35.83951966664035,-35.25904307201508,-34.29029655653628,-33.110248295088844,-31.854056553983764,-30.575239184056787,-29.2232926856746,-27.663775431821275,-25.73771078788865,-23.30952369572233,-20.28745522445221,-16.6371322685203,-12.39070178617041,-7.652050297184529,-2.588580033484373,2.588071822234423,7.651568105323556,12.3902652817362,16.636748908458397,20.28712326944041,23.3092369411861,25.737454935708737,27.66355391925405,29.22308593432359,30.57501106036977,31.853875747473356,33.110088024811645,34.29012460976199,35.25888835230361,35.839394518330806,35.85239525290635,35.159493290692694,33.705746891054815,31.553803986788,28.88819023497077,25.98136636508176,23.130688624086957,20.56714668514112,18.34949686435241,16.266523965737626,13.907346574479831,10.94544075252687,7.274413160777769,2.97975746863682,-1.7273614002257172,-6.510618617246178,-10.885222779714816,-13.576194072224444,-16.12082390828,-19.20777625551496
19.992674966361957,16.61460269365694,13.860413847453833,10.965706808272865,6.4947312858914765,1.6638116977329636,-3.061642910039861,-7.361787190359977,-11.032698063118335,-13.992605489052885,-16.34938798007104,-18.4298328132686,-20.64445254709397,-23.204295566693208,-26.05066756540045,-28.95297738138828,-31.61423109566802,-33.762047818902104,-35.211658363654784,-35.900035601085825,-35.8819346336635,-35.29613573803172,-34.32229331495118,-33.137751216082314,-31.87772955644372,-30.59564958566844,-29.24074166521629,-27.67829605196123,-25.7491793328456,-23.317845680818305,-20.29277992011625,-16.639926589722737,-12.391746728572992,-7.652245795647252,-2.588564746645564,2.588062575912065,7.651769082577415,12.391314789923271,16.639546978211243,20.292451348635137,23.317561481490785,25.748924919436465,27.678078391036948,29.24053924515969,30.59542428323097,31.877550757991163,33.13759761721011,34.32212796437342,35.2959884898623,35.88181878041334,35.89995367654462,35.21161808159176,33.76205854355309,31.614299084898548,28.953107687947277,26.0508226631523,23.20448368193996,20.64469472950084,18.43006081113338,16.349614800050208,13.992820640237474,11.032923553253967,7.362007038175667,3.061862082382318,-1.663596933304795,-6.494515943334852,-10.96551102220913,-13.860035756161125,-16.61416907295265,-19.992055409044635
20.77322230030784,17.102698184711446,14.137331565818307,11.041833239509344,6.476408002064058,1.5992644177266877,-3.143554831543091,-7.448501027736538,-11.118835980056629,-14.076425408389357,-16.430609292893713,-18.508359966447387,-20.719807151624885,-23.27575812891712,-26.117687021753696,-29.01543546469569,-31.67237493354662,-33.8162264137752,-35.26195022439165,-35.946095640271395,-35.923196986823804,-35.33238722068507,-34.353732512708866,-33.16492078627212,-31.901250248721247,-30.61605019558549,-29.258303593267943,-27.693041212626333,-25.76097281875425,-23.326576903180925,-20.2985528170993,-16.643166747942054,-12.393171156884469,-7.652694260604542,-2.588638702545576,2.588142407785843,7.652222869587782,12.392743727499356,16.64279093791072,20.29822783511311,23.326295515909763,25.76072030598492,27.69282751372491,29.2581055015314,30.615828287640078,31.90107386515696,33.164773718766554,34.35357411759519,35.33224779555866,35.92309100091758,35.94602494038563,35.26192246999141,33.816249788642416,31.67245519319098,29.01557902160357,26.117851881024453,23.275954746400203,20.72006033247289,18.50859619690737,16.430842301163956,14.07664413263216,11.11906439939872,7.448721157319467,3.1437703016771468,-1.5990597855778734,-6.476210150301605,-11.041662280960988,-14.136991723778372,-17.102302469839678,-20.7726559134232
21.54806605251875,17.58466468984424,14.406986771686777,11.113779410086398,6.455904349760629,1.5340164897694937,-3.225200104073927,-7.5342678775040675,-11.203570220005576,-14.158538241782251,-16.509915577871784,-18.584811071707897,-20.79293679805967,-23.344857741931214,-26.182242160680545,-29.075407172035536,-31.728129936925523,-33.86822904532642,-35.31036107946094,-35.99060295931537,-35.963244009205106,-35.36774174050172,-34.3845592748206,-33.19171297467853,-31.924579597649785,-30.636405091646115,-29.27594509898468,-27.707973720779595,-25.773049446594257,-23.33566745820096,-20.304724971041505,-16.646799860693246,-12.394929008217751,-7.653365263441974,-2.5887920509946505,2.588301798516815,7.652899455653245,12.394506313911814,16.646427909578343,20.3044034881214,23.33538873080208,25.772799372473607,27.7077638581616,29.275750445145857,30.636187872145552,31.92440590022209,33.19157175742892,34.38440812502509,35.367610374167434,35.96314795000689,35.99054343927599,35.310345810407746,33.86826527471731,31.728222910002184,29.07556410664801,26.18241676247597,23.345062880524758,20.793200364817235,18.58505530471813,16.510154493079092,14.15876051318748,11.203801488199735,7.534488258454962,3.22541197049321,-1.533821543555958,-6.455723541030424,-11.113633187802352,-14.406685350182842,-17.584307706642456,-21.547553808679357
22.317722457672147,18.06055659516791,14.669405295354348,11.181548099077562,6.433186349500843,1.468001609418321,-3.306665297071339,-7.61919025789574,-11.287008046190836,-14.239050502727116,-16.587407462688745,-18.65928098842695,-20.86392591739604,-23.411670763015834,-26.24439294902413,-29.132933289201457,-31.781513347060702,-33.91804751712775,-35.35685648610693,-36.03350276405245,-36.00200433903552,-35.40212041869761,-34.41469916238955,-33.21805224842047,-31.94764458552019,-30.65664608167677,-29.293604885087124,-27.7230436046344,-25.785373272106828,-23.34510005814989,-20.31129061802636,-16.65083432513393,-12.39703518313122,-7.654271894483866,-2.5890287165664727,2.588544640399099,7.65381187848152,12.396617602649894,16.650466777551223,20.310972939288355,23.34482398934334,25.78512601858817,27.72283707580338,29.293412722137443,30.65643467795365,31.9474743033574,33.21791650809324,34.414555764915754,35.40199763781648,36.00191858015639,36.033454733058925,35.3568536882496,33.91809624511536,31.7816185417374,29.13310289900109,26.24457686527003,23.41188440366661,20.864199261799044,18.659533059168886,16.58765200474689,14.239276299555277,11.287241883295485,7.619410685328362,3.3068733860688413,-1.4678163810752434,-6.433022614354658,-11.181426188057827,-14.669141811339282,-18.06023859683145,-22.317264906079348
23.0810031670384,18.529797332031823,14.924364241018187,11.245112902117162,6.408266218901986,1.4012470008034017,-3.387928217011406,-7.703254227298183,-11.369141238527996,-14.317953066814914,-16.663084853581914,-18.731769379491936,-20.93278569381023,-23.476191906565443,-26.30413841766108,-29.18801085106091,-31.83250724053831,-33.96564836598319,-35.40138968560656,-36.07474163774667,-36.03941768899907,-35.435461310605234,-34.44410177502825,-33.243887752242216,-31.9703910854958,-30.67672537234054,-29.31123673996489,-27.738201929182008,-25.797901055330502,-23.35483608421349,-20.318207871387383,-16.65523518526033,-12.39946411635714,-7.655397329363285,-2.5893426676804703,2.5888644676676504,7.654942771140123,12.399051332802175,16.65487181134585,20.31789428259741,23.3545618886092,25.79765730226578,27.73800553874157,29.31104110678413,30.676515751897888,31.970233625178484,33.243755671189554,34.44396408643729,35.435347587947284,36.03934150219131,36.07470451858099,35.40139927958408,33.96570998473595,31.83262536107551,29.18819188381752,26.30433260750073,23.476417109181696,20.933064199226248,18.732028953325884,16.663333946436893,14.318184267852212,11.369377363822874,7.703474514138837,3.388131991928505,-1.4010714346540112,-6.408119337202927,-11.245014668063286,-14.924138073603691,-18.52951846573783,-23.080600845499195
23.837143195562152,18.992054779762707,15.171740290248662,11.304464523141824,6.381145977756884,1.3337683048574789,-3.468988457241635,-7.786470384391678,-11.449987448443448,-14.395269860306172,-16.736968707307383,-18.802299780444944,-20.99953293086732,-23.538447920050917,-26.36149697749783,-29.2406478148555,-31.881109840827648,-34.011008499407666,-35.44391088599335,-36.114248547617336,-36.07542023928045,-35.467711103637946,-34.47269755115183,-33.26916000260491,-31.99277242552192,-30.696595182100832,-29.328790339685032,-27.75340742102288,-25.810588259303767,-23.36482488292642,-20.32544746713306,-16.65997122183814,-12.402190780896923,-7.656723640440457,-2.589728035741905,2.589255864278005,7.656274768251881,12.401783062239677,16.659612301769325,20.325138132425074,23.36455322317312,25.81034854397368,27.753218710023727,29.32859496091664,30.696388845876417,31.99262486482412,33.26903312328771,34.472566340433325,35.46760673968046,36.07535403468756,36.11422258610925,35.44393267217621,34.01108275289461,31.881240820554837,29.24083982514162,26.36170136656055,23.53868400066608,20.999816769580377,18.802566415712203,16.737222294334607,14.395505960892358,11.450225609148172,7.786690305193876,3.4691875840781834,-1.333602428021869,-6.381015980682106,-11.3043899932213,-15.17155173672625,-18.99181605674154,-23.836796746276608
24.58249186632812,19.44584457161816,15.41099996145678,11.359579961705272,6.351943912854557,1.2657627544835055,-3.549638127556866,-7.868631428913117,-11.529352669220597,-14.47082372944615,-16.808896900515126,-18.87072584058674,-21.064037617665907,-23.59833106641504,-26.416380455529705,-29.29077443072838,-31.92725899095308,-34.05407804637133,-35.48437607960106,-36.151981466682194,-36.10998172933123,-35.49885240802062,-34.500474349997546,-33.2938630706879,-32.01477937172128,-30.71624274069355,-29.346245505647158,-27.76862237583988,-25.823380370595387,-23.374989307868063,-20.332917650482656,-16.664938914847887,-12.405121276698072,-7.658187159292626,-2.590162633335283,2.589696390216344,7.657743866168987,12.404718585763842,16.664584572280273,20.33261279067474,23.374720445618127,25.82314510892758,27.76844147307901,29.346051072457417,30.716039736113697,32.01464177957173,33.29374179825675,34.50034965997718,35.49875770428265,36.1099259431664,36.15196729252959,35.48441052143049,34.05416492649496,31.927402583822552,29.290976830340725,26.416594639627064,23.598577039372493,21.064326638516683,18.870998851741707,16.809154758120066,14.47106419148456,11.529592568407006,7.868850738208169,3.549832424211877,-1.2656066371815005,-6.351830656063795,-11.359528720721038,-15.410848611222525,-19.445646099621168,-24.582201519250315
25.321091567471036,19.89256688333109,15.642710849653223,11.410490881516596,6.320514380462941,1.1969441775024312,-3.630212184061747,-7.950103745492638,-11.607601916164988,-14.544965135839975,-16.879201116324783,-18.93735808559028,-21.126584262188118,-23.6560918438019,-26.468998739220755,-29.33855052455291,-31.971064866216704,-34.09490397728116,-35.52278084861725,-36.187904117347976,-36.14302515322256,-35.52877629410887,-34.52732149599105,-33.31787429723461,-32.03629218825434,-30.735555788612025,-29.363509780358854,-27.783784430059725,-25.836250929236638,-23.3853549079002,-20.34067396908592,-16.67023353060122,-12.408356665734493,-7.659862056648906,-2.590671830648375,2.5902115499827976,7.659424404215915,12.407959100057068,16.669883958321755,20.340373750801533,23.38508961206171,25.836021060520707,27.78360957638945,29.36331802710266,30.735358715828514,32.03616251582418,33.31775935866698,34.52720440179634,35.52869141074224,36.14297966708293,36.18790141306044,35.52282759377005,34.09500327411452,31.97122094619854,29.338763018970624,26.46922255460789,23.65634712225333,21.126878462063186,18.937636981632053,16.879463064140143,14.54520950350806,11.6078432925053,7.950322219265108,3.6304015299150327,-1.1967977992281107,-6.320417809104298,-11.410462959337533,-15.6425967577608,-19.89240913457376,-25.32085768492844
26.05059577353529,20.3312500970912,15.86655449468031,11.457195328132512,6.286936231910095,1.1274329604586302,-3.710592675887676,-8.030774379669213,-11.684633487725687,-14.617604026832588,-16.94780167897783,-19.002126692136184,-21.18711350816161,-23.711682281089765,-26.519313920328468,-29.383946159740443,-32.01249786113912,-34.13345910921215,-35.55909561945424,-36.22198164769144,-36.17452095561975,-35.55746049988515,-34.55321329159574,-33.34117209248613,-32.05728886690033,-30.754513966305478,-29.38055482545196,-27.7988563737084,-25.84915373935096,-23.39585947345093,-20.34865065727207,-16.675782045367573,-12.41183225734923,-7.661705109742319,-2.591240902914828,2.590786479303035,7.6612730059833085,12.411439783665,16.67543733475553,20.34835530202863,23.395598120430275,25.8489292333457,27.79868830293686,29.380367159443097,30.754321793160376,32.05716810809673,33.341064574794515,34.553104008243245,35.55738570047668,36.174485991601344,36.22199025077312,35.55915415232022,34.133569906313554,32.01266545796438,29.384168243080477,26.519547165347927,23.71194627744018,21.187412847085906,19.00241084524699,16.94806729143787,14.617851572607927,11.684875879234188,8.03099160108356,3.710776704429592,-1.127296581738093,-6.286856075678285,-11.4571897395268,-15.866476356781131,-20.331132788596182,-26.05041833066605
26.76900057440218,20.76108909777845,16.08227968627282,11.49970523878133,6.251283663054135,1.057342235414475,-3.7906698404251937,-8.110541721261638,-11.760359017074064,-14.688664519137866,-17.014633189620735,-19.064976079805,-21.245580529267368,-23.76507065741602,-26.567306795697405,-29.42695272487323,-32.051550186185644,-34.16973199269803,-35.59330065817774,-36.254187958368135,-36.20445018500589,-35.58489348074185,-34.57813357693032,-33.3637421133377,-32.077750924310656,-30.77309266013992,-29.39735174367673,-27.813798738902143,-25.862038712009376,-23.40644064550545,-20.35678312326896,-16.681515317553174,-12.41548734488483,-7.663675449718154,-2.5918554360544626,2.591406830896703,7.663248885553711,12.41510000702463,16.681175673404937,20.35649286247428,23.40618342397504,25.861819812453287,27.81363789357914,29.39716746785067,30.77290517729844,32.077639728813324,33.36364196125318,34.578032172728406,35.58482897447885,36.20442581108605,36.25420792873991,35.593371035245326,34.16985454309709,32.05172944458313,29.42718444309705,26.567549133641226,23.765342650511727,21.245885232791203,19.065265410852938,17.014902690576676,14.68891515465064,11.760602540789728,8.110757848719727,3.790848947209416,-1.0572152953964356,-6.251219633837995,-11.499722378071338,-16.082238287705888,-20.761013336228103,-26.76887992978785
27.47520128021906,21.181591905694194,16.28977858924079,11.538043349434655,6.213610852155168,0.9867295159774356,-3.87039510986376,-8.18937176718232,-11.834756764637758,-14.75813459900409,-17.079691306256194,-19.12590827331763,-21.30199399192492,-23.816271660085,-26.61299796635793,-29.46759250436344,-32.08823959116928,-34.203729763546264,-35.62539158311876,-36.2845112155824,-36.23279575318719,-35.611053546149165,-34.602058748255544,-33.38555595151484,-32.097646702373055,-30.79125630056781,-29.41386141216571,-27.828570144035137,-25.87486080716694,-23.41705206192927,-20.365022558901117,-16.687389616345865,-12.419286719741969,-7.665750678363954,-2.592507585142193,2.5920645061985166,7.665329335825653,12.418904214219374,16.68705481675875,20.364737323909896,23.416799337108632,25.87464813753826,27.82841667659939,29.41368119395292,30.791074104933763,32.09754459119262,33.385462984617746,34.60196500209983,35.61099917325877,36.23278224500823,36.284542936779005,35.625474069211904,34.203864036803964,32.08843002749497,29.467833445181387,26.61324883026243,23.816550778766903,21.30230419034629,19.126202193283163,17.07996428654201,14.75838753693788,11.835001027983624,8.18958646864773,3.870569120029938,-0.9866120621718436,-6.213562441085671,-11.53808213666741,-16.28977255867452,-21.181557082725064,-27.47513712063625
28.17266730530961,21.593938178109912,16.489556885864772,11.572230091694164,6.17377244228788,0.9153189150807176,-3.950090461842328,-8.26761179731408,-11.908169589913,-14.826341897034917,-17.143284928753502,-19.185210913039125,-21.35661567664556,-23.865511507289416,-26.65657142159225,-29.50599812835088,-32.12265567682958,-34.23549103706998,-35.655364863943696,-36.31291556021233,-36.25947788066944,-35.63582674763943,-34.624869711764326,-33.406490402233075,-32.11686204861876,-30.808904285163333,-29.4300043646155,-27.84311824654634,-25.887600013126708,-23.427715982949447,-20.373418953089864,-16.69348760083498,-12.4233178045858,-7.667995241824069,-2.5932205224592355,2.5927831924021434,7.667579420973155,12.422940506261243,16.693157957641233,20.37313883531597,23.42746789805556,25.88739378136745,27.842971196543555,29.42982842658936,30.808728887913567,32.11676835393588,33.40640495625093,34.62478396327776,35.63578217788793,36.25947484536943,36.312958850658696,35.65545996041835,34.2356377447833,32.122857614389986,29.50624850989041,26.65683032647262,23.865796939063127,21.35693135069165,19.18550911740249,17.14356121956694,14.826596662733811,11.90841433746028,8.267824869896776,3.950259328495556,-0.9152109452007412,-6.173739757814143,-11.572291130141512,-16.489586145029648,-21.593944638206608,-28.17265916770817
28.858293921282957,21.996944688638973,16.681264285846947,11.602310651390257,6.131908101182678,0.8433217110481792,-4.029540648280306,-8.345052202101055,-11.980407384843302,-14.893116006075337,-17.2052617742572,-19.242750323741863,-21.40933184308606,-23.91270525878748,-26.697963898215427,-29.54213436569556,-32.15477837486306,-34.265008457653586,-35.68321867179508,-36.33940212771963,-36.28451422713808,-35.65924467676905,-34.64659125258429,-33.42657026527388,-32.13541327300209,-30.826043220308232,-29.445770112431664,-27.857414999875303,-25.90020728147326,-23.438357267613934,-20.381883728195287,-16.699706204516012,-12.427485828965132,-7.670344423534267,-2.593971420523397,2.593540222153411,7.669934649634371,12.427114350724672,16.699382172442792,20.381608853513672,23.43811355510852,25.90000695082869,27.857274708624395,29.445598250063345,30.825873477053825,32.13532877969722,33.42649264398594,34.646513554235675,35.65921000907023,36.28452170530745,36.33945700026749,35.68332616816024,34.265167255258554,32.15499114638736,29.54239380822172,26.69823070721748,23.91299552473032,21.409652402326294,19.24305255520293,17.205541364262306,14.893372646043613,11.98065245697064,8.345263668989626,4.029704721328326,-0.843222413128058,-6.131889892982577,-11.602392750092074,-16.681328663628435,-21.996992879813902,-28.858342548232727
29.5302687720727,22.389882826960932,16.86473983613181,11.628329655754817,6.088116235537236,0.7708619239840918,-4.108623524181082,-8.42158447503715,-12.051378269238798,-14.95838238228509,-17.265561517511504,-19.298478289633422,-21.460108330669076,-23.95783041399638,-26.737177431628957,-29.57601628296032,-32.1846284723706,-34.292305206180274,-35.70897288660474,-36.36398778492593,-36.3079236613131,-35.681324561543256,-34.667233868549296,-33.44580414296682,-32.15330002478252,-30.84266140208793,-29.461136750444297,-27.871428833351697,-25.912636449179544,-23.448922624145904,-20.39035176989114,-16.7059782832462,-12.43173281885168,-7.67275897647811,-2.594746411704912,2.594321251638057,7.672355155837032,12.431367162452972,16.705660057754464,20.39008241437153,23.448683685284863,25.91244256773449,27.871295526692823,29.460969461446844,30.84249816320926,32.15322474347888,33.44573445760282,34.667164594763584,35.681299894074,36.307941984515104,36.36405467565152,35.709092720179136,34.29247559396783,32.18485143748131,29.576284299170432,26.73745087844289,23.95812557598545,21.460434189917216,19.298783861554504,17.265843664262025,14.958639690410536,12.051623250259464,8.421793879886488,4.108782303657081,-0.770772090354284,-6.088113142976324,-11.628432739790954,-16.864838084375222,-22.389971720938235,-29.530372767925087
30.19198901714127,22.773920148605058,17.04048941873223,11.650302356442044,6.04224476704356,0.6976531914433072,-4.187667820836389,-8.497561493599317,-12.121427582527568,-15.02246836695842,-17.324491761178418,-19.352680214638607,-21.509203781969045,-24.001106915934383,-26.7743848484738,-29.607761941847475,-32.2122877848661,-34.3174164100294,-35.73262197290343,-36.38663654131084,-36.32961779872574,-35.70193728447465,-34.686674292072524,-33.464060023002894,-32.1704065164674,-30.858667753505134,-29.47601961370984,-27.88511072204969,-25.924876467739256,-23.45943949967151,-20.39887136725352,-16.712386492636742,-12.43614718355546,-7.675302733014533,-2.595568714083832,2.5951493366953318,7.674904531826375,12.435787041946083,16.712074034171096,20.39860860321885,23.459207903981717,25.9246879202314,27.88498435959153,29.47586682305289,30.85850568394236,32.170338195010714,33.464003485346886,34.68661479822749,35.701923762650885,36.32964804357457,36.386714916666826,35.73275277241575,34.31759689027754,32.21251991003332,29.608038120603258,26.77466414060348,24.001406161120627,21.509534573984386,19.352988601442316,17.32477596859479,15.022725674361766,12.121672053150162,8.497768446035549,4.187821056797758,-0.6975730213998023,-6.042256939124686,-11.650427118756664,-17.040622188487955,-22.77405102735263,-30.1921485148013
30.84604868786935,23.14998653137024,17.208871941581997,11.668216028906912,5.994123224672083,0.6234410787122632,-4.266963882283205,-8.57328887283205,-12.190854902084158,-15.085657807542017,-17.382317917465087,-19.405601679054392,-21.556838570842512,-24.042722575660516,-26.809732224799664,-29.63747776602257,-32.23783555008932,-34.340364412487936,-35.754143842552324,-36.40729878733005,-36.34950748486759,-35.720971356657856,-34.70479440991124,-33.481212565042526,-32.186615375191465,-30.87395492494684,-29.49036328006686,-27.898405093122054,-25.93690025271812,-23.46989592055431,-20.407476492939985,-16.718994307178818,-12.440788022983044,-7.678019885876655,-2.596456532411827,2.5960431772314347,7.677627686124669,12.44043379123888,16.71868754397701,20.40721900038223,23.469670021912098,25.936719139527323,27.89828309754197,29.49021586797785,30.87380564588021,32.186552724595984,33.48116505927855,34.70474518295383,35.72096777534189,36.34954815261401,36.40738779860016,35.75428570348631,34.34055573442745,32.23807754242361,29.637762101065277,26.810017921389925,24.043027106017146,21.557172718624447,19.40591278679931,17.382603742311648,15.085915786090832,12.191098905945957,8.573493446206106,4.267111772962652,-0.6233697890111438,-5.994149238771859,-11.66836083074623,-17.209037630865705,-23.150158693945688,-30.846263547181813
31.488940325132667,23.51677052227145,17.36953301178946,11.682139819980566,5.94393588935884,0.5484895620706383,-4.346240127011249,-8.648497771073021,-12.259417580249124,-15.147734863261988,-17.438847809841754,-19.457074327208865,-21.60286998137655,-24.082571207404925,-26.84314989459848,-29.66513259578838,-32.26125490197851,-34.36115910661094,-35.77356358291437,-36.42600395882662,-36.367649276833454,-35.738502445866715,-34.721647867462885,-33.49732835697437,-32.20197581324631,-30.888552256763656,-29.504168662043284,-27.911294707437992,-25.948653854989757,-23.48021758434693,-20.41606919664996,-16.725681960255848,-12.44554516933102,-7.680834724189749,-2.5973826721393545,2.596975229221305,7.680448347986995,12.44519678484727,16.7253812041685,20.415817644430405,23.479998785253503,25.948481005801668,27.9111780185188,29.504029084108325,30.888414341931316,32.201919638721684,33.49729059906995,34.72160983588314,35.738508950489965,36.36770114862152,36.42610446412144,35.7737166032772,34.36136096235151,32.26150629537335,29.665424099211773,26.843441372607515,24.082880674981077,21.6032059467726,19.457387148322525,17.43913416506036,15.147992878194149,12.259660244261548,8.648699180191747,4.34638181269733,-0.5484278783997831,-5.94397616310904,-11.682304386245884,-17.3697310541871,-23.5169837327137,-31.489210125746304
32.120896323805106,23.874302501022,17.52258251271694,11.692101021736184,5.891671899398697,0.4727515636590043,-4.425564893279376,-8.723267313011464,-12.327200410769642,-15.208785045903408,-17.49416665047005,-19.50718113357128,-21.64737830273673,-24.120726292222525,-26.87470270955684,-29.690783244135,-32.28258165865571,-34.37982709839555,-35.790894034415075,-36.44273764697904,-36.38401686799448,-35.754503251714084,-34.737188972429124,-33.512361713461864,-32.21644755350591,-30.902428135139296,-29.51739878604328,-27.92374901401732,-25.9601125583504,-23.49037724508357,-20.42463846092288,-16.732437256232974,-12.450409577244749,-7.683744262443242,-2.598345986568152,2.5979447904238664,7.683364063404198,12.450067552754357,16.732143097458525,20.424393560141063,23.490166528416157,25.95994859053008,27.923638320678823,29.51726753950347,30.902301407807798,32.216398643759774,33.51233452991671,34.737163526526494,35.7545211322389,36.38408103939427,36.442850393373135,35.791058250010096,34.38003901211823,32.28284174263072,29.691081008266227,26.87499898171536,24.12103962223599,21.647715425474264,19.50749493619599,17.494453018019538,15.20904249927527,12.327441285123408,8.723465158152129,4.425700120048632,-0.472699630677131,-5.891726700448684,-11.692286253056166,-17.522814052558612,-23.874557906902933,-32.12122097903068
32.735124391049496,24.220161846474586,17.667381869466713,11.698289392049036,5.837796855010962,0.3968650226594657,-4.50427212651787,-8.79694821102697,-12.393604444249704,-15.268269991363464,-17.54779476168564,-19.55550126072833,-21.690011498673226,-24.15692118031872,-26.90421893568776,-29.714346597551994,-32.301788345961434,-34.39640349419788,-35.80623086907639,-36.45765798522595,-36.398829543012525,-35.769221323668695,-34.75167910432479,-33.52652795512238,-32.23019913067931,-30.915697109682167,-29.530117786805988,-27.9357758807603,-25.97122596485251,-23.50025833966336,-20.433010519673317,-16.739052299315762,-12.455183308554224,-7.686607608222061,-2.5992952455068226,2.5989001538399057,7.686233525576454,12.454847460682668,16.73876429220565,20.432771660352195,23.500055123829924,25.971070294580084,27.935671339354744,29.529995287678183,30.915582212223,32.23015819772154,33.52651120712289,34.75166560596223,35.769250434124416,36.398905969466455,36.45778306395189,35.80640672492037,34.39662565219489,32.302056889893635,29.714650302423237,26.904519528407373,24.1572380442762,21.69035058365656,19.55581656012344,17.54808180554189,15.268527166677965,12.393843748759346,8.797142816661784,4.504401430510788,-0.3968224792516973,-5.837866560125007,-11.698496582372975,-17.66764764376296,-24.22045973536003,-32.73550263644362
33.33866182923072,24.556803521084905,17.804805125696458,11.700598789153297,5.78187203805299,0.3201514498549478,-4.583106822937767,-8.870300191582071,-12.45935209341334,-15.326861673420373,-17.60034994108241,-19.60259659470772,-21.73126325509569,-24.191562471434377,-26.93200154020985,-29.736021559152903,-32.318995120504795,-34.41092157888427,-35.819519749994505,-36.47062536171952,-36.41185952717065,-35.782369982670104,-34.76482216418287,-33.53956143734911,-32.24300269627798,-30.928180131920623,-29.542195653074927,-27.94730607774157,-25.98198943932364,-23.509940877065542,-20.44131731878073,-16.7457060405954,-12.460047387914862,-7.689555384188855,-2.600277996075278,2.5998891645982907,7.689187629782013,12.459717973509967,16.74542450291833,20.44108480923873,23.509745175801157,25.98184180432729,27.947207516377013,29.542081915891767,30.928076391811597,32.24296987019696,33.53955522633349,34.76482074344739,35.782410604513856,36.41194847233896,36.47076283575857,35.81970684759127,34.411153111408176,32.3192710937077,29.73633045193616,26.932305865693134,24.19188230304025,21.731604146146434,19.60291271260988,17.600636892250556,15.327117503716805,12.459589112607688,8.870490916243222,4.58322959178484,-0.3201187364933149,-5.781956233435234,-11.700826137248674,-17.805102444588503,-24.55714185482837,-33.339092463584855
33.927425421822086,24.88279715949598,17.934540803230867,11.699184658738012,5.724212312756633,0.2430146927900628,-4.66165672369166,-8.942927541286384,-12.524085234585176,-15.384242415612697,-17.65155361684275,-19.648226835398518,-21.770937925439465,-24.224508360252333,-26.95796887656949,-29.75577664929378,-32.33420445545896,-34.423421193557814,-35.830838887699976,-36.48175721177466,-36.423263358794,-35.794120655242736,-34.77678206865061,-33.55160173303847,-32.254964894831566,-30.93994918175531,-29.55366932939319,-27.95834037661386,-25.99236520184438,-23.519349870700932,-20.44945000131478,-16.752268918494067,-12.464879139886955,-7.692500223808186,-2.601262661431088,2.6008795714013053,7.692138236751334,12.464555601710904,16.751993235535988,20.449223117809105,23.519160602412544,25.992224634904467,27.95824721008816,29.55356400615622,30.93985549035204,32.25493962896565,33.551605423876296,34.77679184834913,35.79417129982219,36.42336260325072,36.48190529824752,35.83103645420316,34.42366265501854,32.33448916965412,29.75609221391555,26.95827762083915,24.22483074393393,21.77128077085036,19.648543794708573,17.651840937020104,15.384497372216565,12.52432079817697,8.943115233128749,4.661774161965984,-0.2429900259378776,-5.724308697566475,-11.699430202771556,-17.934868436758705,-24.88317559538121,-33.92790828241517
34.50079229790185,25.1979119754052,18.056660573284525,11.694128076155694,5.664920570085353,0.1655335628243551,-4.73985168984835,-9.014777551474069,-12.58776977030931,-15.440392885478207,-17.70139866066432,-19.692394993744774,-21.809049543227843,-24.255784332179285,-26.98215905007264,-29.77365868152009,-32.34747271789894,-34.43396077438503,-35.84024667283359,-36.49111025601341,-36.4330901068669,-35.80451874676468,-34.7875925282834,-33.56266900805612,-32.26609736185069,-30.951007748479174,-29.56453674266044,-27.96886911779038,-26.00233693901613,-23.52845725910892,-20.457377626811,-16.75870934056715,-12.469653038862626,-7.695423587131946,-2.602241687831756,2.601863767636039,7.695066729710328,12.4693347480465,16.758439007249148,20.457155922788733,23.528273790036376,26.00220269060907,27.968780719873795,29.56443905420141,30.95092310506893,32.26607880432799,33.56268132015952,34.78761229745274,35.80457912530778,36.43320011946185,36.49126972490048,35.84045522282287,34.43421214088652,32.347765487885,29.77398027523129,26.98247229050934,24.256109794504532,21.80939489309579,19.692713251002274,17.701686536967856,15.440647100327732,12.588003859056672,9.014962310547183,4.73996400081128,-0.1655167660325784,-5.665028909894796,-11.694391062583168,-18.05701658891051,-25.198328202412224,-34.50132519656739
35.058358379252304,25.502064482127214,18.171274080285908,11.68552593223711,5.604084949320481,0.0877812984096648,-4.817641332277292,-9.085814189563822,-12.650388469688403,-15.4953093880891,-17.74989234610691,-19.735117780631462,-21.845623818948397,-24.285426903639166,-27.00461606156797,-29.789723190449237,-32.35884917331766,-34.44258673592433,-35.847795620057006,-36.49873891734045,-36.44139322920216,-35.813609867025825,-34.79728549209399,-33.57278178774058,-32.276407917813586,-30.96135376725113,-29.57478756787864,-27.9788737539366,-26.01188075765209,-23.537234491542996,-20.465074858087487,-16.765003982277367,-12.474345721091703,-7.69831026332033,-2.6032106866921128,2.6028370509899403,7.697957526801283,12.47403145917554,16.764737934648466,20.464857896031287,23.537056950632564,26.011753274227065,27.97879089246324,29.57469763794209,30.9612776855404,32.27639555742931,33.57280250700084,34.79731517983183,35.81368014006491,36.44151379192832,36.49890894547494,35.84801420869749,34.44284703580703,32.359149450853,29.790050845330303,27.00493375130656,24.285755141996784,21.84597193849404,19.735436882978227,17.750180231185634,15.495561942185711,12.650620543884209,9.085995645682466,4.81774821663769,-0.0877725555619988,-5.604204607419535,-11.685804144887948,-18.171654990342752,-25.50251554903701,-35.058939468392886
35.59946583072772,25.79506738145797,18.27848789544777,11.67349535525616,5.541834525137904,0.0098718487153837,-4.894931607756771,-9.15596174828455,-12.71188476253866,-15.54895420214268,-17.79700996915922,-19.77638442556812,-21.880662287100712,-24.31345797395192,-27.02537626915373,-29.804017900753983,-32.36838316811778,-34.44935303285006,-35.85354882162796,-36.50471493698824,-36.44824665251826,-35.82145640322074,-34.80592062292084,-33.58198379116475,-32.28592598915471,-30.971002931428377,-29.584426937580925,-27.98835025308488,-26.02098334382067,-23.5456635968984,-20.47251304256874,-16.771120671010866,-12.478926036169092,-7.701138390579449,-2.604161913074928,2.603792757603073,7.700790066100485,12.478616130173362,16.770859054098786,20.472300586035608,23.54549079128421,26.020861259902105,27.98827301659985,29.58434395548315,30.970935420295543,32.28591883494618,33.5820134703236,34.805960185310035,35.82153596756234,36.44837806823604,36.50489621589496,35.85377803570153,34.44962270972176,32.368691216520425,29.8043521826104,27.02569793876927,24.313787779097005,21.88101402693282,19.776704150145463,17.797298010520205,15.549204450234187,12.712115032834316,9.156140037386422,4.895033402597706,-0.0098707643613205,-5.541965155997893,-11.673788830309476,-18.278893680103312,-25.79555331629349,-35.600094161404385
36.12565881672965,26.07749818696857,18.378586350368074,11.65805977004362,5.4781012303804,-0.0683398102581161,-4.971893929091696,-9.225407092423206,-12.772444564238029,-15.601504909332402,-17.842922672357428,-19.8163552597493,-21.914315814246784,-24.340005642454223,-27.04454920828091,-29.816627956768297,-32.37614371171351,-34.4543070480433,-35.85752769661712,-36.50903567553178,-36.45361573974403,-35.82799908199319,-34.81343720267275,-33.59021256261106,-32.29459383558875,-30.979905671502504,-29.59341424739343,-27.997270684193868,-26.029631816600467,-23.553750072398454,-20.47970689821211,-16.77708716952206,-12.483426096646388,-7.703931174257668,-2.605103758682919,2.6047391334539034,7.703587344494553,12.483120746724005,16.776830359245256,20.479499391491498,23.55358234935744,26.02951535277499,27.99719923101962,29.593337838798263,30.97984582984377,32.294591191566354,33.59025055977315,34.81348598329866,35.82808643091049,36.453755963056615,36.50922586551933,35.85776574390079,34.45458574986211,32.376460077960964,29.81697018390505,27.04487492655475,24.34033649931041,21.914672490732418,19.81667591208105,17.84321119966369,15.601752386602447,12.772673317090604,9.225582543432438,4.9719910748746114,0.0683337245089254,-5.4782424124294575,-11.658367957787313,-18.379015939518187,-26.07801760108366,-36.12633284235037
36.633901063214765,26.3483955765168,18.471516693987933,11.639472281855657,5.413265257405884,-0.1464266227142069,-5.04811173563088,-9.293760684850554,-12.831722102925395,-15.652661840143669,-17.887373696312004,-19.85481566382448,-21.9464176623598,-24.364962165551383,-27.06208945352792,-29.827564601134394,-32.3821767218682,-34.45753826145377,-35.859875955695564,-36.51188733488356,-36.45772344011248,-35.83347514292065,-34.82004446546672,-33.59764889437142,-32.302557264021026,-30.98817325450385,-29.601826457607743,-28.005674369956303,-26.037825619279328,-23.56144831249113,-20.48658846215374,-16.782811029383065,-12.487749736352647,-7.706620049375086,-2.606011782383852,2.605651707783664,7.706280742589961,12.4874490157357,16.782558992177556,20.48638557491087,23.56128530137253,26.037714901922605,28.005608538727454,29.601756680446343,30.98812096089476,32.302559401094726,33.59769449058517,34.82010175577161,35.83357031259904,36.45787327206242,36.51208748574636,35.860122844572565,34.45782434658088,32.38249873710487,29.827912504436096,27.062417858987203,24.3652938760123,21.946778824891187,19.85513713620731,17.88766212890835,15.65290621496983,12.831948891478284,9.29393314066514,5.048204106239768,0.1464134694291379,-5.413416121181131,-11.639793345085875,-18.47196751278229,-26.348945724902286,-36.63461860067453
37.12782338375892,26.60906148885164,18.55770363455952,11.6176495956112,5.347043391196485,-0.2248003212814501,-5.124031841632892,-9.361477600303646,-12.89014925579613,-15.702825946029568,-17.93073075621068,-19.89209967449612,-21.97726107549905,-24.38856901631298,-27.078179314288363,-29.83694683318891,-32.3865600147314,-34.45907190074247,-35.8605554686412,-36.513172714032656,-36.460412723834814,-35.837692133524826,-34.82555084205678,-33.60411615718316,-32.309665348816495,-30.995682890481632,-29.609571426968017,-28.013503877213328,-26.04554647594377,-23.568783644875637,-20.493212273224305,-16.78837453448624,-12.491984718810128,-7.709268644310314,-2.6069090593710555,2.6065535955902432,7.708933991406249,12.491688762789602,16.78812748735798,20.493014217647964,23.568625352066608,26.045441454752897,28.013443537494528,29.60950810281095,30.995637894376003,32.309671845345854,33.6041694567781,34.82561648271552,35.837793769297086,36.46056998084337,36.51338086691853,35.86081044394441,34.459365698763555,32.38688821088156,29.83730063178356,27.078509695817807,24.388900508875203,21.97762635231545,19.892421815401285,17.93101929173656,15.703067568686526,12.890374678784411,9.361647683724636,5.124120203210473,0.224781182759492,-5.347202746025887,-11.61798246525218,-18.558174865420817,-26.6096419031912,-37.12858379467238
37.60385846516009,26.85838972311724,18.63710532557717,11.592916050912368,5.279919559799147,-0.3029228200031945,-5.199122853849461,-9.428060939994484,-12.947283182039405,-15.75161119744,-17.972660259662927,-19.927924923918116,-22.00662198610476,-24.41067388174428,-27.09274437272169,-29.84477181181924,-32.38934743257624,-34.45902263877064,-35.859750110116195,-36.51313244706473,-36.46196557945847,-35.84094448094722,-34.83022538122944,-33.60985062835508,-32.316112948805014,-31.002588661409117,-29.61676089640104,-28.020825224454807,-26.05281099602944,-23.57572009870144,-20.499505408534706,-16.79367655262561,-12.496025040857248,-7.711799744001823,-2.6077677946387663,2.607417082286838,7.711469943981339,12.49573420492172,16.793434853253505,20.49931217149769,23.575566062885173,26.052711135405943,28.02077030465589,29.616703943951933,31.00255090423159,32.31612418083341,33.609911272666245,34.83029875668096,35.841052129046595,36.46213007415343,36.51334863658045,35.860013272293784,34.45932391571926,32.38968111024971,29.845130184273117,27.093076155636464,24.411006085310376,22.00698963917796,19.92824801918074,17.97294848087869,15.751851007946795,12.947506856429891,9.428228525860591,5.199207075579094,0.3028975877883785,-5.280087532531143,-11.593260669032908,-18.63759590465924,-26.858998908560835,-37.60465938886127
38.06703285848152,27.098132591757043,18.710180477586626,11.56506761123546,5.211407940332228,-0.3814365835195931,-5.274065448541919,-9.494185556166514,-13.003755220911652,-15.79959512728428,-18.013685604773922,-19.962759809158197,-22.034903901221977,-24.4315978045679,-27.10601365561021,-29.851178731759024,-32.390609005955255,-34.45738022255397,-35.85735178426718,-36.5115668615037,-36.46210407864766,-35.84291619549322,-34.83376057947884,-33.614574355484926,-32.32166388735266,-31.00869980128826,-29.62325192638773,-28.027548455424704,-26.0595869195077,-23.58228819248505,-20.50554556729547,-16.798831269852077,-12.49999341812608,-7.714303324363098,-2.608620566584446,2.6082741701707897,7.7139777963812355,12.499707154239678,16.79859461605247,20.50535737080548,23.5821393801098,26.059493288773428,28.02749951531163,29.623201637742213,31.00866915052077,32.321680117907775,33.61464202363594,34.83384204505134,35.84303031670464,36.46227569678474,36.51179004342874,35.85762128100115,34.45768704069511,32.390947183807214,29.851541915377805,27.10634681379069,24.43193003791437,22.035275174671508,19.963083723100247,18.013973651992263,15.799832257990063,13.00397727721101,9.494350736674823,5.2741456667475015,0.3814054614408911,-5.211584217955456,-11.565423630671264,-18.71068976173363,-27.09876948339579,-38.06787307610107
38.51534825084028,27.32772867030839,18.77698685957057,11.53434156496138,5.141823426260899,-0.4600093846596783,-5.348539225671732,-9.559557420173167,-13.059307735136285,-15.846556498034476,-18.05361927374335,-19.996448965824857,-22.061988229114583,-24.45126576890779,-27.117960069003075,-29.856183921886217,-32.39039754218172,-34.454235946849074,-35.85349390345415,-36.50864219529451,-36.461016012151454,-35.8437987761971,-34.836329709394946,-33.61843926998024,-32.326444312811965,-31.014116285928857,-29.629117597397816,-28.033718038958767,-26.06588809847646,-23.58846946850608,-20.5112903821486,-16.803778900464035,-12.503825981899835,-7.716732628756739,-2.6094505817888107,2.609108836247343,7.716411875295662,12.503544664837635,16.803547491043258,20.511107247007924,23.588325600136493,26.065800407205888,28.03367540714896,29.62907410551049,31.01409259469195,32.326465352270624,33.61851353021157,34.836418812413974,35.84391857238633,36.46119377223247,36.50887169977685,35.853769546277206,34.45454843164564,32.39074041761987,29.856551694769703,27.11829417172192,24.451597889771577,22.06236241148193,19.996773458951797,18.053906781111863,15.846790875137902,13.0595279178014,9.559720066869565,5.34861530968526,0.4599722303168822,-5.142008191894882,-11.534708772123247,-18.777513604619465,-27.32839158982857,-38.51622566025513
38.951532690836615,27.548147173938226,18.837780218980487,11.500623183654776,5.070879313052793,-0.5390177317763389,-5.422947153744605,-9.624576652821496,-13.114317723613665,-15.89284247553102,-18.09277793044749,-20.029277907208822,-22.08812344382592,-24.4698799488243,-27.12873301654326,-29.859886242922133,-32.38876801176981,-34.44959371046898,-35.84811819238957,-36.50424263805501,-36.4585391626273,-35.843406871678496,-34.83775006923167,-33.62127796121039,-32.33030933715035,-31.018717846332656,-29.63426421346777,-28.039269369193992,-26.071682406665506,-23.594267259840286,-20.51677100497704,-16.808571762231082,-12.50758247137765,-7.719132392053098,-2.6102740578318038,2.609936807015569,7.718816188671285,12.507306044043714,16.808345912844285,20.516593766261483,23.594129389087964,26.07160133389343,28.0392335239042,29.634227542387457,31.018700841861065,32.33033505877311,33.621358633626244,34.83784762046066,35.843533173842474,36.45872331467253,36.50447793344517,35.848398246464455,34.44990942139244,32.38911343741242,29.860257158785814,27.12906768945371,24.470212262735405,22.088499367617697,20.0296023799664,18.0930638205056,15.893073619196986,13.11453522498276,9.62473629329032,5.423018610923216,0.5389743081925454,-5.071071844741443,-11.500999395076212,-18.838321760688824,-27.54883362167978,-38.95244591817169
39.372868243429615,27.758617483261453,18.89262405805437,11.464236279509816,4.999019248765475,-0.6179874578455868,-5.496826865097592,-9.688814927729656,-13.168405395298668,-15.938124034164682,-18.130878610151616,-20.061009442084284,-22.113123646134444,-24.487318687699283,-27.13827932937266,-29.862292814407255,-32.385781606678734,-34.443574206336,-35.84140936836633,-36.49860196311033,-36.454942958366,-35.84201761479752,-34.83827376643722,-33.62331814501544,-32.33345030290781,-31.02266022705594,-29.638808661292867,-28.044279268585736,-26.07700128588074,-23.5996701979005,-20.52193950355968,-16.81313530459384,-12.5111798141365,-7.72144165922421,-2.61106972355419,2.6107365680595915,7.72112960566926,12.51090769222026,16.812914344575155,20.52176722546934,23.59953702028771,26.07692593996213,28.0442495923995,29.638778766241472,31.022649520337858,32.333480730420575,33.62340480833853,34.8383794767872,35.842149753681724,36.45513334647453,36.49884397148541,35.841695231206906,34.443894969506175,32.38613152876156,29.862666972510347,27.13861552728473,24.48765335695443,22.113498350187697,20.061334373937683,18.131162888615076,15.938354512859656,13.16862036512665,9.688971866670752,5.496894174799012,0.6179385314748331,-4.999219315002206,-11.464622639838163,-18.8931818744774,-27.759328786014745,-39.37381692220467
39.78290502040294,27.960330824961076,18.94174720395015,11.42495633725364,4.925801748875754,-0.6974629137456482,-5.57074406311452,-9.752821321115713,-13.222086927618395,-15.982870768632656,-18.168345951503856,-20.092019482552956,-22.137308146029326,-24.503828767580277,-27.146767813668465,-29.86351881340341,-32.38148589702416,-34.436146709199875,-35.833246858181,-36.49152286215345,-36.44996948142244,-35.83934042863797,-34.837623731738965,-33.62431203274497,-32.33565057659923,-31.025764023905342,-29.642608214039267,-28.04865137136822,-26.08179561422962,-23.604691588798023,-20.52683304171621,-16.81753449318639,-12.514705517615202,-7.723722709533034,-2.6118571427078283,2.611528041373348,7.723414689884263,12.514437806203762,16.817318564574716,20.52666615411863,23.604563875250427,26.081726387632333,28.048628792155604,29.642586319501497,31.02575928565391,32.33568625352368,33.6244057107195,34.83773933859861,35.83948013943175,36.45016700952182,36.491772073056346,35.833538442393674,34.43647212403112,32.38183991245268,29.863894005867884,27.14710580047571,24.50416814895916,22.13767687025023,20.092344285489865,18.168627193867703,15.983102452371687,13.222298056525648,9.752974635387307,5.570806474590058,0.697408119792084,-4.92600932525556,-11.425352667814296,-18.942321714665876,-27.96106779668328,-39.78388933090917
40.18627363939336,28.15479117575512,18.98524626337438,11.382337359875056,4.850482133566749,-0.7782775972036594,-5.64554902686147,-9.81742474248152,-13.276110587939982,-16.027752415313355,-18.205775079896863,-20.12283230520294,-22.16112253706555,-24.51975242618123,-27.154435227803937,-29.863662742087016,-32.37591690324718,-34.427227860461365,-35.82339443932031,-36.48268292362401,-36.443211593089096,-35.83492550870306,-34.83537936516358,-33.62383765354019,-32.33654833293472,-31.02771807068657,-29.64542376384576,-28.05220752766682,-26.085970714084333,-23.60927461910698,-20.531483567444376,-16.821853959576764,-12.51826681377167,-7.726055095864235,-2.612660251433354,2.612344218592326,7.725761386975167,12.518015529274496,16.821656829679444,20.531338650682727,23.609170130122813,26.08592263589168,28.05220824041891,29.64542304427527,31.027733687568848,32.33660028182957,33.62394601836812,34.83550803306159,35.83507322010778,36.44340960312813,36.48292791957176,35.8236781806676,34.42754188388331,32.37625895947593,29.864022048525182,27.154761821447654,24.520087164322103,22.16147099563352,20.12314893471536,18.20604671158486,16.027983100396582,13.276313253366911,9.817569635834555,5.645602219685702,0.7782128758054311,-4.850701771715906,-11.382748602985528,-18.985840775615344,-28.155553386620173,-40.18728959831508
40.57914966669664,28.34088966457011,19.023133251525536,11.336770293305028,4.773638410008429,-0.8597983384252874,-5.720622527199427,-9.88203353974972,-13.3299463240121,-16.07230333197497,-18.242758682217094,-20.15310133976505,-22.18428539908165,-24.534901621918717,-27.1611795525533,-29.862704669295617,-32.36909800634133,-34.416932086788144,-35.81208218175753,-36.47236615927353,-36.435017002196375,-35.82915754374067,-34.831859611445466,-33.6222089862962,-32.33640765088607,-31.028745898361112,-29.647419637216853,-28.05505423223363,-26.089561632268047,-23.613403152710017,-20.53584038680877,-16.826005638672427,-12.521745923886591,-7.728359756235216,-2.613458800602835,2.61315437522911,7.728078684843003,12.5215089516651,16.8258251237562,20.535714892293484,23.613318160198737,26.089532737370675,28.05507528497241,29.647437851095777,31.02877961661406,32.33647403729212,33.62233059421421,34.83200135215001,35.82931340736148,36.43521676255792,36.47260962090554,35.81236142121729,34.41723767376173,32.36943031580836,29.86305244087868,27.161495613872944,24.53522707718429,22.184623369345218,20.153409609372087,18.243023075345747,16.072528084917856,13.33014206109313,9.882170747335936,5.720667415785403,0.8597243484614739,-4.773869271503002,-11.33719564975931,-19.023747004695803,-28.34167705285956,-40.580197400270094
40.95858911559543,28.5177932434587,19.055567713540203,11.288666770854896,4.695839247807886,-0.9414439275791044,-5.7953916506827525,-9.94610912901251,-13.383122342263444,-16.116113650544108,-18.27894673557424,-20.182530021988715,-22.20656225614264,-24.54911192142244,-27.166914705166047,-29.86066002885624,-32.361098170420426,-34.40540364969975,-35.79954579445829,-36.46086908515604,-36.42571512055916,-35.82236891157424,-34.82740683027838,-33.61973095689954,-32.33549110216213,-31.02906053302521,-29.64876527853556,-28.05731678836027,-26.092643168628083,-23.617105774630627,-20.539860007663133,-16.829912037193527,-12.525055998211696,-7.730568997091459,-2.614227918262769,2.613933767230441,7.730299119802602,12.524831658721045,16.829746246510567,20.53975145899518,23.61703695489931,26.092630875134702,28.057356150231048,29.648799227187,31.029110053188777,32.3355682452035,33.61986299204446,34.827559823451786,35.82253029605021,36.425915358385694,36.46111008140207,35.79981950985907,34.405700919957354,32.36142152332272,29.86099753387298,27.167222493093817,24.54942992517717,22.206892273611142,20.182831649065182,18.27920556728701,16.116333421180084,13.383312712383104,9.946240449678417,5.795429795644045,0.9413622298283156,-4.696079318612133,-11.289102949825544,-19.05619645870937,-28.51860134392409,-40.95966584053809
41.32809329736883,28.68662592428516,19.08257975808261,11.237656410816,4.616475879808803,-1.023891178938626,-5.870547993982943,-10.010315592848992,-13.436243581250862,-16.15972463171911,-18.31482127856781,-20.21154247632565,-22.228311729029112,-24.56266023674004,-27.17182915940784,-29.857621806971093,-32.351932578763915,-34.3925575416246,-35.78559158428258,-36.44791953952625,-36.414971293903534,-35.81419345235144,-34.82165860452917,-33.61606615535764,-32.33350097428271,-31.028413014849875,-29.64925774246658,-28.05884387169153,-26.09511815782018,-23.620344235034192,-20.54356218242398,-16.83363270821852,-12.528278712151243,-7.732744708819419,-2.614988713265698,2.614702083579089,7.732482859265456,12.52806330087856,16.83347754779493,20.543466309812164,23.620288314216133,26.09511857802914,28.058896096542224,29.649303734099508,31.028474321735136,32.33358723519012,33.61620750693489,34.821821959394335,35.814362616040434,36.415175563172994,36.44816141128762,35.78586331975331,34.3928510774983,32.352251688401736,29.857953311420307,27.172132729368307,24.562973393613905,22.228635771805315,20.21183877255707,18.315075472251834,16.159940252144146,13.4364290132672,10.010441584861177,5.870580222648735,1.0238026326356184,-4.61672396375765,-11.238102323257865,-19.083222843414443,-28.687455357840367,-41.329200025141375
41.68473223927598,28.846588890071448,19.104381828809316,11.18419949660532,4.536164987721578,-1.1065095474919209,-5.945469039464195,-10.074080619549678,-13.488802436039531,-16.202697406185145,-18.350002772032795,-20.239817662911417,-22.249277736981774,-24.575370970523203,-27.17583733863218,-29.853588676977573,-32.341688351282606,-34.378563339648345,-35.770468185981095,-36.43383274777457,-36.40314879805856,-35.80500966904199,-34.81497030281553,-33.611542615566044,-32.33072452078892,-31.027049020546475,-29.64909848656496,-28.0597856785476,-26.097080950195217,-23.62314689387521,-20.546921381173423,-16.837096794202314,-12.531333025316853,-7.734821977799298,-2.615715103526897,2.6154339880973443,7.734565928962349,12.53112429300661,16.836948362616642,20.54683160375957,23.623101700221667,26.097090715665534,28.05984489065993,29.64915179515701,31.027117566433414,32.330817961842904,33.61169242020947,34.81514301770877,35.80518144385044,36.403358621072194,36.43407946546672,35.77074075535231,34.37885757888028,32.34200689889922,29.853916333421484,27.176140246089123,24.575681620518644,22.249599633141223,20.24011053959744,18.35025418054268,16.20290917720511,13.488984618455763,10.074202992313662,5.945496563800105,1.1064155101810256,-4.536419580773212,-11.184653211593668,-19.10503714625728,-28.84743789115053,-41.68586798633798
42.03028182590985,28.998295649760077,19.12101070114242,11.128115266623368,4.4545927466921045,-1.1896538391156997,-6.020528167592169,-10.137761925283458,-13.541125063277702,-16.24532502281922,-18.384754818958903,-20.267591702060862,-22.269667292288908,-24.587413053971527,-27.179068000899974,-29.848618639412624,-32.330384307408195,-34.3633968539135,-35.754092476745406,-36.41848465776413,-36.39008260516603,-35.79462199996932,-34.807169663884665,-33.60598236230427,-32.32700566545217,-31.024831829743057,-29.6481711688184,-28.06004988247028,-26.09846116767905,-23.62549006640097,-20.549934089747723,-16.84032958157862,-12.534247662159435,-7.736826756941822,-2.616418967850092,2.616142799016459,7.736575889307826,12.534043877510364,16.840187058279824,20.549852872573982,23.625451588710003,26.098477244387663,28.06011493907905,29.648237704174225,31.02491309382604,32.3271082641714,33.60613865016368,34.80735013636828,35.7948092276719,36.390301058633085,36.41873765671671,35.75437248716219,34.36369593786253,32.330704747960645,29.84894590331997,27.179369326486224,24.58772021524748,22.2699859940453,20.26787971364989,18.38500196449137,16.245530832163983,13.541302410368024,10.137878500872093,6.020549157225282,1.1895531014180667,-4.454854975504389,-11.128579623126049,-19.121683285575973,-28.99917090379628,-42.03145046330636
42.36434496191941,29.14173143325086,19.13259533747337,11.069531142619102,4.371883656056945,-1.273215738854541,-6.095630704701839,-10.201273163312912,-13.593148065640188,-16.287559804304582,-18.41904470962429,-20.29484277459824,-22.289467958865,-24.59878817442021,-27.181528289607808,-29.842773108645563,-32.31806534883812,-34.34711532942005,-35.73655791179532,-36.40195683427405,-36.37585284599636,-35.783128093586306,-34.798323329725385,-33.599457706293634,-32.32240432421293,-31.02180546480048,-29.646508352400968,-28.05965880164046,-26.099272266401872,-23.627363962380503,-20.55259208159767,-16.84331483234915,-12.53699662655898,-7.73874250347492,-2.617096291391062,2.6168252362214117,7.738496945223725,12.536798474498376,16.843178296182224,20.55251803866332,23.62733547760001,26.099295383757788,28.059727719749468,29.646588195081584,31.02189999651718,32.32251412148892,33.599621940622214,34.7985151277914,35.78332689985384,36.37608031163198,36.40221762200863,35.7368445848246,34.347418553633936,32.31838768810401,29.84310033260533,27.181827019468663,24.59909097892976,22.289783357684662,20.295125843013217,18.4192874955582,16.287759300453118,13.593320373526351,10.201383566814547,6.095644924891568,1.27310815308781,-4.3721537140902615,-11.070006520771235,-19.1332851483844,-29.142632435904986,-42.36554527193911
42.68684822569056,29.276939815965186,19.13927830763071,11.008543957629325,4.288122612327332,-1.3571335152969894,-6.17072184778795,-10.264576736037265,-13.644843686059325,-16.329385472959114,-18.45286297092941,-20.321568839218223,-22.308685155887908,-24.609511042480545,-27.18324613106777,-29.83608330264157,-32.30478434098087,-34.3297731602547,-35.71791293512433,-36.38430879890329,-36.36051808295627,-35.77057195981455,-34.788480145476086,-33.59201204526582,-32.31695727095715,-31.018006899436145,-29.64414378541971,-28.05863852127878,-26.099536753781013,-23.628782602618376,-20.554892433700772,-16.84604092713794,-12.539576153121097,-7.740561435264788,-2.617740857573964,2.6174742295632907,7.740320408643427,12.539382867376183,16.84590933611058,20.55482373845328,23.62876214294044,26.09956589923535,28.058711373098262,29.64423284680384,31.01810977486992,32.31707431998517,33.59218311938305,34.78868024479366,35.77077982035592,36.360753369596345,36.38457618396487,35.71820511761493,34.33008020825346,32.3051088806022,29.83641158839107,27.18354380188447,24.609810670179915,22.308999326685974,20.321848094361886,18.453102354603903,16.329578955110343,13.645012130763751,10.264682486561751,6.170730345506361,1.357020176930369,-4.288399067461086,-11.009027855173096,-19.139981905120447,-29.2778625638836,-42.68807753079293
42.99850012415007,29.40421113498141,19.141093692908893,10.945086193073756,4.203171453496233,-1.4415701623898955,-6.245976188766554,-10.327840454318467,-13.696368821790914,-16.370944198621586,-18.486342360360137,-20.34789126513716,-22.327429911145696,-24.619674287176,-27.184295774112627,-29.828596875648177,-32.290565881075054,-34.31137704491005,-35.69814141542431,-36.36549626941384,-36.34401517155041,-35.75688258266696,-34.77756823555595,-33.58357330329831,-32.31059653743069,-31.0133718973242,-29.64101957557235,-28.056939284297705,-26.099215282614725,-23.629722281610437,-20.55682508786052,-16.848509438119283,-12.541987076616827,-7.742288493495392,-2.618357102061281,2.618094155072097,7.742051159098789,12.541797610579636,16.848382023072897,20.556760578052717,23.629707109230733,26.099250405515708,28.057015700794075,29.64111415264137,31.01348121030891,32.31072046105418,33.5837510631674,34.77777419516535,35.757098237532745,36.34425743104553,36.36576918574689,35.6984386045055,34.311688068827905,32.290892946212935,29.828926533586884,27.18459371649043,24.619972538813887,22.327742780461563,20.348167919347944,18.486578927980045,16.371133637078692,13.69653375037258,10.327942381013967,6.245979957508002,1.4414518874133504,-4.203453428347809,-10.945577055594503,-19.14180884346207,-29.405152919121143,-42.99975641940767
43.29726732274692,29.52317928478822,19.13841406251729,10.87967365812936,4.117654699872145,-1.5259165954170564,-6.3208121987022885,-10.390535157248395,-13.74726063204812,-16.411838733464545,-18.51914216367596,-20.37352314486836,-22.3454742266842,-24.629120849309604,-27.18459883282649,-29.82031765606946,-32.27550108889412,-34.29211467056941,-35.67750608551281,-36.34582867430159,-36.3266964399885,-35.742433190251504,-34.76595371681945,-33.57447930392642,-32.30361674001087,-31.00815161622843,-29.63734158233157,-28.05472013297234,-26.09841762320345,-23.63023844563912,-20.55839526308654,-16.850687152948247,-12.544175130100372,-7.743883274120332,-2.6189331968373737,2.6186737347009865,7.743649448314739,12.543989255183162,16.850563487364834,20.558334767267844,23.63022869036333,26.098457236541297,28.0548005035479,29.637441153205387,31.00826669262704,32.30374741698486,33.5746616444009,34.7661655048058,35.74265595037623,36.32694539797585,36.3461073808664,35.67780797909297,34.2924291035125,32.27582988600204,29.82064785091797,27.184896959774704,24.629418138100693,22.34578568279001,20.37379749145397,18.519375910914597,16.412024499992143,13.747421941071384,10.39063340991375,6.320811456517738,1.5257934913945648,-4.117941944075702,-10.880170580014276,-19.13913889975133,-29.52413762094641,-43.29854853118054
43.58547149262152,29.63448179687976,19.131088089806127,10.811911851305888,4.03100214464452,-1.610768526547197,-6.39582252833131,-10.453218121604664,-13.798021425468493,-16.452516109536454,-18.55165798788398,-20.39881200950344,-22.363110563969588,-24.638078786895864,-27.18430968125609,-29.811322645517336,-32.25958542032133,-34.27188417953153,-35.655820580796295,-36.32506133442848,-36.30826310051801,-35.72689517309338,-34.75330580691091,-33.5644213714974,-32.29574678585862,-31.002111738558305,-29.632915343578567,-28.051830943756865,-26.09703773449284,-23.630273365259825,-20.55959105612653,-16.852595861810567,-12.54618533240652,-7.745379133055976,-2.6194778457377343,2.6192219054200017,7.745148891198577,12.546003091430729,16.8524757976586,20.559533821590637,23.63026751597065,26.09708179599149,28.051914532187627,29.633019324877854,31.00223215924042,32.29588373311899,33.56460893023378,34.75352198242094,35.727124027299894,36.30851809586724,36.32534543452399,35.656127587757005,34.272203024435754,32.259916956273166,29.811654177778163,27.18460817605701,24.638375022190655,22.36342095011353,20.3990842660871,18.55188929988777,16.452698382736006,13.798179561054782,10.453313059543683,6.395817587481615,1.6106409785126687,-4.031294337857164,-10.812414806616731,-19.13182253127661,-29.635456497149065,-43.5867767770402
43.86205335927006,29.738009031944905,19.11939656887472,10.742134091265202,3.9435959311042654,-1.6957656241086176,-6.470670320911083,-10.51558604973522,-13.848389624331087,-16.492754151228432,-18.583702355196344,-20.42360228003444,-22.380218872846328,-24.646469450537698,-27.183396637631294,-29.801630887341823,-32.24289169913624,-34.250817889159094,-35.63325903156372,-36.30339163294465,-36.28893750861694,-35.71050308737676,-34.73985461798265,-33.55360957034556,-32.28716796149336,-30.995405455216147,-29.627865586041032,-28.04836640963171,-26.09514062304554,-23.62986048768205,-20.560416290930487,-16.854217502706284,-12.54798663369028,-7.746754006416594,-2.6199857862527867,2.619733139368076,7.746527082654402,12.547807758838944,16.854100807044098,20.56036228847548,23.62985875283397,26.09518889304607,28.048453004285648,29.62797403393156,30.995531055644395,32.28731033550545,33.55380183146848,34.74007548094264,35.71073784972357,36.28919814656796,36.303680501110286,35.63357035165943,34.25114058442356,32.24322579817884,29.801963810973778,27.183695664015445,24.64676481508528,22.380528383199607,20.423872612936112,18.583931394248893,16.49293308048601,13.84854486500182,10.51567797450169,6.470661453126968,1.695633968884245,-3.943892689861416,-10.742642753912223,-19.12014021528197,-29.738999381750077,-43.86338162567776
44.12735784687084,29.83395019682608,19.10344590334305,10.670377227171024,3.855427917382208,-1.7809375066796305,-6.545395697042731,-10.577685186401624,-13.898412938661366,-16.532601014275063,-18.61532247267805,-20.447940188751183,-22.39684368067925,-24.654335644618836,-27.18190068939481,-29.791281669246708,-32.22545735573796,-34.22894505469003,-35.60984104482093,-36.28083345497809,-36.26872661219614,-35.693257757115404,-34.725597276846656,-33.54204031809769,-32.27787723128749,-30.98803196815616,-29.622192884584816,-28.04432745655312,-26.092727936739045,-23.629001250451545,-20.560872188407355,-16.85555238729702,-12.549582532763434,-7.748009147610294,-2.6204562257556416,2.6202067297077027,7.747785376188341,12.549406868148356,16.8554389769088,20.56082162913281,23.62900369018613,26.092780216056305,28.044417690095518,29.622305130610545,30.98816202375789,32.27802548285803,33.542236779165144,34.72582275996149,35.693498526508385,36.26899281443173,36.28112713399242,35.61015661114158,34.22927118877996,32.22579357302654,29.791615738693796,27.182199941434835,24.654629919821108,22.39715241124092,20.448208515429787,18.615549127503268,16.53277625893992,13.898565229106092,10.57777407523693,6.545382825733322,1.7808017315777234,-3.8557291257829274,-10.670891149540408,-19.104197945380527,-29.8349550885455,-44.12870798519708
44.382249834297305,29.922575220967467,19.08318729137011,10.596488829582793,3.766265921310304,-1.8665309433092427,-6.620248349908336,-10.63975063156686,-13.948305898199298,-16.572249487877105,-18.646692328493245,-20.471981506341965,-22.41312060908012,-24.661788024853,-27.179904267516065,-29.780326112139303,-32.207299546146665,-34.206244266358354,-35.58550964453573,-36.25730093578832,-36.24752040876145,-35.675035976280924,-34.710407107274726,-33.529592400328944,-32.26776513816889,-30.979891829940573,-29.61581117052843,-28.03964516057341,-26.08974698705913,-23.62766172150937,-20.56094349375194,-16.856600036855653,-12.550980766069914,-7.749152180101904,-2.620891686763343,2.620645393050909,7.748931649365128,12.550808400320529,16.856489920220795,20.560896096960864,23.627668018028388,26.089803305665573,28.039738314450496,29.615928069038603,30.98002719390287,32.267918398754794,33.52979352341656,34.71063703660249,35.67528190846144,36.24779172665112,36.25759921671899,35.58582937085267,34.20657382630008,32.20763769794587,29.780661038993117,27.18020337923774,24.662081031931297,22.4134284610218,20.472247861004128,18.64691659236928,16.572421130132717,13.948455313049056,10.639836607026709,6.6202316020920575,1.8663912363032675,-3.766571370497752,-10.597007869420263,-19.0839475126185,-29.923594107047,-44.38362094172734
44.62674159615188,30.003974409837728,19.058730075524377,10.520538858518968,3.676161080537209,-1.952512313705027,-6.6952043762980615,-10.7017673283791,-13.998060596793916,-16.611698057988725,-18.67781527421759,-20.495734078149788,-22.429062145524234,-24.6688446919356,-27.1774317902743,-29.76879570411374,-32.18845649094085,-34.182757306654615,-35.56030697552427,-36.23283566081002,-36.225359243069946,-35.655875211966894,-34.69431822329704,-33.516296370207314,-32.25685653993148,-30.971007734290584,-29.60873895193949,-28.03433160795043,-26.08620603133457,-23.62584456007268,-20.56062804328556,-16.857354811040718,-12.552175713643251,-7.75017857278448,-2.6212903170505863,2.6210471591282407,7.749961211197814,12.55200655589596,16.857247864190473,20.56058381522195,23.625854606602047,26.08626602127533,28.034428410075456,29.608859978548573,30.971147744201986,32.257015286315216,33.51650149648042,34.694552712138595,35.65612632889851,36.225635364062725,36.23313826901988,35.56063057967213,34.18309010537428,32.18879613373801,29.76913130021712,27.177731433283448,24.669136291089348,22.42936894737341,20.495998169123865,18.678036932527352,16.61186584932059,13.99820714874752,10.70185013492896,6.695183607182099,1.9523685476035968,-3.676470755681003,-10.52106265499843,-19.059497448314172,-30.00500605441334,-44.62813238741873
44.8601751977748,30.0781810600232,19.03038828592585,10.442854171292536,3.585464367180098,-2.0385593390359413,-6.769966038791811,-10.763470987857458,-14.047450384768688,-16.650754850903013,-18.708528914581493,-20.519062800665377,-22.44456334659872,-24.675436947011644,-27.17445694436964,-29.75670914135913,-32.1689954211705,-34.158599917366374,-35.53438424544751,-36.20761554574221,-36.20244586239976,-35.63598820633472,-34.67753845561053,-33.5023420998822,-32.24532046813748,-30.96152524553858,-29.601098924090635,-28.02848588900172,-26.082176672039367,-23.62359396639277,-20.559943406530664,-16.857813036595704,-12.553153736718874,-7.75107631290076,-2.621648491297661,2.621408513749569,7.75086221003353,12.55298787793154,16.8577092940249,20.55990218133844,23.623607647910116,26.082240442274905,28.02858565678259,29.601224304844536,30.961670167656955,32.24548392407464,33.50255139326992,34.67777699441462,35.636244030681944,36.2027265738474,36.20792234164881,35.534711688774564,34.158935757802865,32.169336663792976,29.757045516450685,27.17475612473076,24.67572717257127,22.44486942825127,20.519324905920914,18.70874807853132,16.650918657035614,14.047594027728168,10.763550967454655,6.769941372412778,2.0384117287560275,-3.5857780470829144,-10.44338250413596,-19.031162683436044,-30.079224977433917,-44.86158491566047
45.08367153686053,30.145438443261018,18.997981022078594,10.363137692543331,3.4937840873204467,-2.125065637834424,-6.844918194879687,-10.825218195394864,-14.096794340193007,-16.689702625336604,-18.739084335066817,-20.54218919587684,-22.459812755934635,-24.68171397232101,-27.171082970238096,-29.74411959893169,-32.148913963908164,-34.133707317968955,-35.507625431692546,-36.18148442114925,-36.17858555514088,-35.61515931693885,-34.65984975554087,-33.48752656486311,-32.23297408927825,-30.951284637445703,-29.592754741259597,-28.02199645435448,-26.07757542240344,-23.620854426381083,-20.55886253327126,-16.857971046860566,-12.553924983659382,-7.75185488221529,-2.6219682016126584,2.6217313423212545,7.751643940578389,12.553762414744677,16.857870635293796,20.55882475066501,23.620872180281708,26.0776424414014,28.022099650553336,29.592884116220528,30.951434046607933,32.23314268239687,33.48773935609948,34.66009292841951,35.615420016201604,36.178870607704006,36.18179493384663,35.50795585389978,34.134045559176066,32.14925672406608,29.744457008146377,27.171381653161237,24.682002653988853,22.4601180753913,20.542449132513024,18.73930080300112,16.689862169807736,14.096935033889192,10.825295402220876,6.8448896619724655,2.124914292706304,-3.494101534982198,-10.363670272208523,-18.99876202096265,-30.146494064595,-45.08509938863568
45.29734646371672,30.20583752401889,18.961557899015524,10.281397976569188,3.401104087713425,-2.2120598878573587,-6.920095311299313,-10.887044976982004,-14.14612882059456,-16.728577409363698,-18.769517252859405,-20.565148460483623,-22.474845059073417,-24.68770956178586,-27.16734280994528,-29.731058292982247,-32.12824039450925,-34.108102385910925,-35.48004639381292,-36.15445167995016,-36.1537822830587,-35.5933886902836,-34.641250045993374,-33.47184406970847,-32.21981105795308,-30.940278419612795,-29.583698265255613,-28.01485467740918,-26.072392725913573,-23.617617740995176,-20.557377576550564,-16.857821941604087,-12.554484087165044,-7.752510966751428,-2.622248386118223,2.6220145363796465,7.752303060343608,12.554324646745243,16.85772482538184,20.557343071242244,23.61763903353729,26.07246388625227,28.014961456301197,29.583831193767963,30.940431988826354,32.21998496598322,33.472061479566506,34.641497123679365,35.59365414844923,36.154071615885925,36.15476552036998,35.48037945794505,34.10844263266341,32.12858431479143,29.73139654806622,27.16764085852017,24.68799665482929,22.475149628382017,20.565406273491732,18.76973104132957,16.728732711372736,14.146266636848216,10.887119524332794,6.920062995655483,2.211904958518405,-3.401425094188417,-10.281934596273908,-18.96234528314626,-30.20690440870945,-45.29879172638692
45.50114782090513,30.25945998249765,18.921229802977468,10.19771538414438,3.3074926360950565,-2.2994900220445644,-6.995455064611323,-10.948917521752549,-14.19542846048757,-16.7673608136893,-18.79981596420039,-20.587934670459685,-22.48966106104752,-24.69343171870263,-27.163253354667425,-29.71755167801104,-32.10701015444904,-34.081828195336506,-35.451693946714336,-36.12656627048171,-36.12808867716768,-35.570728969596324,-34.621787597865364,-33.45533826982879,-32.20586784050355,-30.928535904840007,-29.573952537982827,-28.007078255790837,-26.06664018507903,-23.613888130118458,-20.55548755998236,-16.85736066028192,-12.55482427959622,-7.753039827351383,-2.6224878154084075,2.622256922354292,7.752834930350244,12.554667901482418,16.857266531325163,20.555455882922534,23.61391289000998,26.06671461380625,28.007187844008705,29.57408972205164,30.92869427577524,32.20604623845045,33.455559426601944,34.622038572757305,35.570998672165025,36.12838230180453,36.12688408232716,35.452030406234506,34.082170948007175,32.10735538056356,29.71789048797246,27.16355043014765,24.69371712786043,22.489964605632792,20.58819051439388,18.80002717399806,16.767512325123572,14.195563445575646,10.948989483324796,6.995419091837938,2.2993316286803087,-3.307817092294275,-10.198255998379002,-18.92202340879003,-30.26053781037485,-45.50260976627425
45.69492758072212,30.30640296993132,18.87718442006733,10.112251709985069,3.213105466490324,-2.387222298257797,-7.07087767338982,-11.010732752312236,-14.244607203406632,-16.80598296606209,-18.829923235471387,-20.61050271418862,-22.50422838592282,-24.698864168463626,-27.158816385941467,-29.70362197695426,-32.0852667994315,-34.05494791857588,-35.422645091607215,-36.09791624915108,-36.10160193850246,-35.54727897612268,-34.60155877612964,-33.43809632006729,-32.19122215400494,-30.916126500260688,-29.56357712797468,-27.99871439957184,-26.06035281518808,-23.609688142117623,-20.55320182059758,-16.85658648481963,-12.554941073763082,-7.753436526452457,-2.622684549797939,2.6224566543385777,7.753234702570635,12.554787807345424,16.856495454997937,20.553173071193772,23.609716128252646,26.060430868857274,27.99882715686498,29.56371787771672,30.91628900366023,32.19140541896181,33.4383214755531,34.601813028876514,35.54755266892208,36.10189948886909,36.09823751219445,35.42298456425144,34.05529283370824,32.08561306391775,29.703961262074355,27.159112504278795,24.69914797712139,22.50453102708796,20.61075656879402,18.830131732080638,16.806130338856683,14.244739215016924,11.01080209872632,7.07083801935145,2.3870604412848824,-3.2134332265022607,-10.112795906167404,-18.877983544971503,-30.307490772495363,-45.69640523827447
45.87895651079447,30.346772779774746,18.82941587240392,10.024954177905183,3.1178549051383464,-2.475352004697538,-7.146460608434551,-11.072582885981982,-14.293750309434513,-16.84452168477917,-18.859910968363508,-20.632918595479016,-22.51860680568757,-24.704058823583004,-27.15407501769285,-29.68930195675133,-32.06303043973557,-34.02746629544681,-35.39289029900799,-36.06848007248033,-36.07429086272116,-35.52300174936253,-34.58052274825624,-33.420079253816674,-32.175836878159686,-30.903015052376364,-29.55253989664853,-27.98973530836018,-26.05350757705128,-23.60499925081429,-20.5505081685532,-16.85549251239106,-12.554831092694831,-7.753699829470621,-2.6228381764887865,2.6226132765139187,7.7535010807016755,12.554680962588522,16.85540456048981,20.55048238023616,23.6050304798775,26.053588600541907,27.989851435729715,29.5526842154129,30.903181675774448,32.1760250695915,33.4203077431816,34.58078046765622,35.52327914815617,36.07459180946204,36.0688044796879,35.393232765512494,34.02781362468646,32.06337791314897,29.689641636303783,27.154369967621,24.704340890179747,22.518908388359712,20.633170502259485,18.86011682882392,16.84466515701483,14.293879493682796,11.072649751591356,7.146417421562861,2.475186830478524,-3.1181858532476867,-10.025501993864331,-18.83022050063224,-30.34787024666229,-45.880449083712456
46.05374220314564,30.38060240902773,18.777728260971443,9.93557011827308,3.021441916197717,-2.564169545526888,-7.222481363739098,-11.134721150127742,-14.3430828248589,-16.88317589053341,-18.889955510291617,-20.65533806894869,-22.53292912512737,-24.709121479676234,-27.149103390518583,-29.674629070785635,-32.040297924619296,-33.99933632573019,-35.362345116826056,-36.03814133518333,-36.04600927440067,-35.49773676619972,-34.55851850056163,-33.40113466489102,-32.1595739944549,-30.889077693244214,-29.54073212332844,-27.98004897540024,-26.04602972241329,-23.599766985394357,-20.54737154029121,-16.85406119979653,-12.554488135939255,-7.753828291258585,-2.6229477068851232,2.622725763083109,7.753632568343176,12.554341077076124,16.853976308273722,20.54734865862128,23.59980142570734,26.046114266915943,27.980168044771244,29.540880010179823,30.88924830064092,32.15976640019864,33.401367146126496,34.55877968364732,35.49801801118893,36.04631364642366,36.03846829597638,35.36268978226007,33.99968552063565,32.04064654953229,29.674969300271343,27.14939723288033,24.70940174165407,22.533229624318576,20.65558790942725,18.89015860613911,16.883315290115046,14.343209124901652,11.13478554198275,7.222434678372081,2.5640011133147427,-3.02177587100603,-9.936121199290843,-18.778537836506263,-30.381708943432507,-46.055248983402514
46.218461539533145,30.40809592984553,18.722739287039072,9.844720582475547,2.924526025436615,-2.653071943406702,-7.298381663894812,-11.196650871507524,-14.39217448093433,-16.92157591323739,-18.919738769852454,-20.67749034713824,-22.54697680319893,-24.713895610441025,-27.143817463433717,-29.659602768741703,-32.01715660415788,-33.970733473060044,-35.331256619096706,-36.007208967825456,-36.01712272390388,-35.47187152517867,-34.535927594159055,-33.38161581104475,-32.14274995237667,-30.874593621822765,-29.52839471649344,-27.969855268357072,-26.038074905087317,-23.59409891182771,-20.54385331566904,-16.85231493282393,-12.553913177762931,-7.753816562503019,-2.6230123019555966,2.622793223744124,7.75362376541266,12.553769075371088,16.85223290746306,20.54383315071255,23.594136562159026,26.03816248807056,27.969976734484423,29.52854632354382,30.874768355355275,32.142945843737664,33.3818516654928,34.53619230615305,35.47215637834413,36.01743052969004,36.00753870137794,35.331603513239834,33.97108439836189,32.01750621348692,29.65994346846466,27.14411034207702,24.714174357076505,22.54727619574362,20.67773828884464,18.91993913936049,16.92171137057049,14.392297818318436,11.196712801868664,7.298331549503929,2.652900307090784,-2.924862880065284,-9.845274708756529,-18.723553386761115,-30.40921081298852,-46.219981729981455
46.37405202321614,30.429196968408608,18.663943573456187,9.751833938816572,2.8264607679734257,-2.7426684583236542,-7.374735596520285,-11.25888949583192,-14.441480382730852,-16.96011968022919,-18.949609776739813,-20.69967957873521,-22.5610044078434,-24.718577451916104,-27.1383452535837,-29.64427208110283,-31.993569205486267,-33.94152992887001,-35.29942124602355,-35.97541358738096,-35.987301082784626,-35.445050072739484,-34.51239550477182,-33.36119251267314,-32.12506607525965,-30.85929774796329,-29.515296460039337,-27.958958822279108,-26.029487791269297,-23.587882420991964,-20.539883135958288,-16.85022063479026,-12.553095892934452,-7.75366332673308,-2.6230301486982874,2.6228139042043206,7.7534734029391394,12.552954674691602,16.850141481560645,20.53986590398852,23.58792329869888,26.02957846342382,27.959083331562997,29.51545143109676,30.85947622272231,32.12526597609799,33.361431601281495,34.512663591042035,35.44533858769115,35.98761212862805,35.97574588230869,35.29977026837951,33.94188235701536,31.99391953407433,29.64461296577065,27.13863688979443,24.718854556068955,22.56130279883902,20.699925575914992,18.949807351897046,16.960251012303754,14.441600707580966,11.258948898504014,7.374682036513459,2.74249362155113,-2.8268004860121536,-9.752390988734476,-18.664761924196696,-30.430319692335992,-46.37558487552933
46.52025346831668,30.444027806834544,18.601599713593934,9.6571477858529,2.727488921527806,-2.832743765538085,-7.4513466123993135,-11.32126389508708,-14.490852582866484,-16.99868204443748,-18.97946264554304,-20.72181763694101,-22.574943188756222,-24.723121353167414,-27.132667856635933,-29.628649336013645,-31.96957984871685,-33.91180076801904,-35.266939138370695,-35.94287741177257,-35.956686861335875,-35.41742195859167,-34.48806858605849,-33.33999821251639,-32.106641095058805,-30.843293744913,-29.50152576839532,-27.947432073051576,-26.020323294439898,-23.581154141958265,-20.535480064564634,-16.84778317600083,-12.552034190028742,-7.753365151306728,-2.623000607535692,2.6227870150785497,7.753177884808865,12.551895654962738,16.847706811716098,20.535465774834265,23.581198169098016,26.020417005716915,27.947559729031973,29.501683674038954,30.843475489590137,32.10684498609043,33.34024031713627,34.48833995082138,35.41771420255739,35.957001237889195,35.94321245438507,35.267290300217965,33.91215448123375,31.9699306509993,29.62899033226384,27.13295821645811,24.723396777432782,22.575240641280303,20.72206165228623,18.979657399836764,16.998809156437154,14.490969942004911,11.321320793373877,7.451289693660009,2.832565834098257,-2.727831334367834,-9.65770746186512,-18.60242195161053,-30.44515780480024,-46.521798362796325
46.65731739517821,30.452558650642956,18.535536752366376,9.560458142681773,2.627381198969824,-2.923516576573238,-7.528421314963658,-11.38396128947195,-14.540456972995354,-17.037409181552437,-19.009427632630132,-20.74401985525493,-22.588892722957112,-24.72760726583213,-27.126843016624488,-29.61276532582229,-31.945189609268898,-33.88151471361876,-35.23375039240569,-35.90951665635404,-35.92517476560358,-35.38887069538404,-34.46283083137685,-33.31792242612063,-32.087372483068954,-30.82648669201881,-29.48699757272873,-27.9352014141707,-26.01051999910291,-23.57386704987246,-20.530609877418616,-16.84498207004011,-12.550716956121455,-7.752916841022623,-2.6229216810195912,2.622710934319992,7.752732497463962,12.550581344747323,16.844908472088328,20.53059807706369,23.573913805166587,26.010616535721617,27.935331490128014,29.48715861640072,30.82667191985836,32.08757956540349,33.31816754118076,34.463104901995266,35.38916585226045,35.92549219507249,35.90985447096563,35.23410404372224,33.881870181184006,31.945541320108777,29.61310660379282,27.127131931653693,24.727880923815555,22.58918882949616,20.74426200948116,19.0096197061448,17.03753252549618,14.540571439324149,11.384015670602146,7.528361227244062,2.923335706369013,-2.6277261749630245,-9.561020358336537,-18.536362715188957,-30.45369563974684,-46.65887370847574
46.78510432247277,30.454897759738845,18.46593746352011,9.46192293212769,2.526293020127046,-3.014850388511121,-7.605836601411069,-11.446876910126964,-14.590203472154304,-17.076225434508995,-19.03944115191396,-20.76623405465008,-22.602813576972625,-24.73201095074013,-27.12086508747169,-29.5966319420453,-31.92043242927254,-33.850724830662784,-35.19992350697699,-35.87541725078982,-35.892862984683696,-35.35949517161629,-34.43678256020207,-33.295057056380934,-32.06733937738254,-30.808944199042816,-29.47176795601463,-27.922312113420872,-26.00011302320882,-23.56604508763812,-20.52528219517553,-16.841818941107007,-12.549142014607202,-7.75231574001504,-2.622792944630948,2.622584997656867,7.75213425432361,12.549009275303469,16.841748054007653,20.525272832641623,23.56609460901199,26.00021243448031,27.922444627365063,29.47193186297701,30.80913263250038,32.06754965543381,33.29530529877123,34.43705929891327,35.35979312999565,35.893183427322306,35.87575787094011,35.20027936203483,33.85108151216602,31.92078459728065,29.596973282884047,27.121152508700664,24.73228299135467,22.603108284580568,20.766474407431275,19.039630520754997,17.076345139811966,14.590314893212572,11.446928550937717,7.605773445212948,3.014666617995774,-2.5266405219076677,-9.46248743743121,-18.46676668662008,-30.456040969863565,-46.78667130482799
46.90348699872643,30.451238987377103,18.39308918189336,9.361795116270413,2.424472725549004,-3.1065249347168216,-7.683393935288136,-11.509841739265102,-14.639945354728278,-17.115006206279457,-19.069396610291825,-20.788371098437068,-22.616635844360715,-24.736285738776967,-27.11471439783188,-29.58025565913436,-31.895346621685547,-33.819501068849235,-35.165557437760064,-35.84070285991433,-35.859897774234774,-35.329454043352406,-34.41006939776408,-33.27153576473903,-32.04666276102395,-30.790775176066816,-29.455931734611028,-27.90884122277622,-25.98916113731225,-23.55772711910102,-20.519525765887376,-16.83830583104885,-12.54731184626774,-7.75156222347425,-2.6226151281350347,2.622409840074804,7.751383434304749,12.547181769788414,16.8382374456801,20.51951903834634,23.557779649526857,25.98926286971089,27.908977122522924,29.45609821841425,30.79096639737,32.04687699791765,33.27178611367092,34.41034913858301,35.32975522576143,35.860221050748805,35.841045988682886,35.16591494170881,33.819858437735434,31.89569909271796,29.580597052728333,27.115000303653083,24.73655616364503,22.61692915323301,20.78860966644464,19.069583295120168,17.115122286705994,14.640053766455438,11.509890696651398,7.683327778887218,3.106338362060658,-2.424822616968959,-9.362361749632996,-18.39392140186369,-30.45238805153772,-46.90506405554531
47.012827924086025,30.441374148403856,18.316539020496997,9.259603390100573,2.321422261221785,-3.199000062493447,-7.761520079943265,-11.5732340202279,-14.690015528972957,-17.154042076342677,-19.099549704802147,-20.810654089944904,-22.630546775517,-24.740575736390387,-27.108483714777027,-29.563672646011582,-31.869903513162456,-33.78775019591201,-35.13050081405558,-35.80516928930792,-35.82603192900894,-35.29848151183852,-34.38242618900185,-33.247107963669855,-32.025115129697106,-30.77177273000881,-29.43930486508616,-27.89463130952971,-25.97753243816246,-23.5488123909284,-20.51326969201692,-16.83440063503655,-12.545204041178138,-7.75064570497374,-2.622383700995401,2.6221813078216463,7.750469902659921,12.545076937075113,16.834335040693492,20.51326544795163,23.548867560165085,25.977636939318742,27.89476899290964,29.43947451236881,30.771967494459386,32.02533201921914,33.247361578647194,34.382708330571695,35.29878475612154,35.82635719406873,35.805514312925595,35.1308599707853,33.788108628295575,31.87025671186213,29.564014299411284,27.10876802744027,24.740844382116254,22.63083831101115,20.81089079821461,19.09973370858628,17.154154774477018,14.69012096826897,11.573280284760846,7.761451118184413,3.1988108639039927,-2.3217743598817875,-9.260171920668716,-18.31737399547869,-30.442528709035567,-47.014414454541885
47.11304967288811,30.425369110837924,18.23639263712472,9.1554306965791,2.217220744124165,-3.292206417500054,-7.840153424643859,-11.63700142597258,-14.740369692385975,-17.193296740168744,-19.12987034441373,-20.833059177649105,-22.64452901368274,-24.744872189480606,-27.102173683537963,-29.54689303803783,-31.84412421197821,-33.75550492895746,-35.094795853755485,-35.7688667256146,-35.79132122713027,-35.26663374684112,-34.35390688766456,-33.221823900584454,-32.002738417402895,-30.751974966025188,-29.421919265662837,-27.879705387175093,-25.965244649618988,-23.53931006372001,-20.5065162726477,-16.830101569735515,-12.54281486113404,-7.749562670919947,-2.6220972572440133,2.6218975859685343,7.74938962306869,12.542690537583356,16.830038647878393,20.50651471440236,23.53936797343304,25.96535137214344,27.87984636924182,29.42209114567931,30.752172253113496,32.00295931482949,33.22207972647838,34.35419158570382,35.26693956703102,35.79164855870243,35.769213861993165,35.09515667066161,33.75586400638369,31.84447780583748,29.54723486607432,27.102456270741357,24.74513904252484,22.64481902763111,20.83329408650772,19.13005176923448,17.193405995891432,14.740472188325208,11.637044801753476,7.840081639496551,3.2920145878086906,-2.2175751435111364,-9.156001158705507,-18.237230294180733,-30.42652876505118,-47.114645084938296
47.20409763203797,30.403302363107976,18.15275540458952,9.049352038162796,2.111943113494958,-3.38608421355224,-7.919241417348182,-11.701097339585688,-14.790971784940057,-17.232740945853934,-19.16033619426509,-20.85556889585004,-22.658570823316065,-24.749168438179268,-27.095783933592884,-29.529927576252312,-31.81802782739885,-33.72279408401761,-35.05848123112049,-35.73184397502232,-35.75582452041765,-35.233970694303785,-34.32456753932906,-33.1957309458431,-31.97957438586696,-30.731414420735906,-29.40380107616948,-27.864085474091528,-25.95231176328416,-23.52922838198751,-20.499267366343734,-16.82540538274271,-12.540139606569957,-7.748308816276189,-2.621754588543581,2.621557826000223,7.748138764028436,12.54001827394982,16.825345204682872,20.49926828345184,23.52928878527657,25.95242087942224,27.86422856435688,29.40397586266189,30.73161491054056,31.979798023247408,33.19598948029594,34.32485437464232,35.23427842573729,35.75615359448475,35.73219289163959,35.05884358161588,33.723154035914604,31.818381933816998,29.53026921960789,27.096065138869243,24.74943381673058,22.6588586968583,20.855801987532185,19.160514894114584,17.23284736009345,14.791071141175504,11.701138032938111,7.919166854120588,3.385889809817689,-2.1122996578187268,-9.049924311609322,-18.153595501318225,-30.404466772843616,-47.20570131262301
47.28593714043765,30.37535569142948,18.06585931272951,8.941567313457613,2.005778697051922,-3.4804664855314504,-7.998636473626681,-11.765393114300506,-14.841714092957016,-17.272284252062615,-19.19087012082856,-20.87811839085546,-22.672619876911984,-24.75342857108065,-27.08929625493437,-29.512781694606726,-31.791640509563805,-33.68966638795184,-35.021631003122835,-35.6941958994227,-35.719649408098526,-35.200604999373,-34.29451837243299,-33.16893194153015,-31.9557147964134,-30.71017329572891,-29.385022124368422,-27.84783162371768,-25.93878243247556,-23.51860249552505,-20.49154468779662,-16.820323006721388,-12.537181941334431,-7.746884569239107,-2.621355769811886,2.6211618617713417,7.746717454949456,12.537063478194565,16.82026539515032,20.49154800090374,23.51866540374315,25.938893892316923,27.8479766626232,29.385199866180272,30.710376995349552,31.95594085714087,33.16919301220691,34.29480741973135,35.20091480862166,35.71998052767673,35.694546783089976,35.0219948415235,33.690027184496095,31.791994882254,29.51312258741635,27.089576205537583,24.75369251851748,22.67290558113785,20.87834958955469,19.191046021255204,17.272387857304984,14.84181014044222,11.7654312715778,7.998558996709189,3.480269420811678,-2.006137331999758,-8.942141313199876,-18.06670160705423,-30.37652435249711,-47.28754847621542
47.35867437851087,30.34120773905784,17.97521540537672,8.831597660863586,1.898243245377104,-3.575789576518112,-8.078736749126008,-11.830241906776047,-14.892902230251783,-17.312192583084116,-19.221704309383934,-20.900909736221625,-22.686844977650598,-24.75778186502896,-27.082793223804263,-29.495480441971115,-31.764930917247067,-33.656034130925,-34.98410191994278,-35.655727680102025,-35.682559285171635,-35.16628249687141,-34.263505622649504,-33.141186982831215,-31.930938473068974,-30.68805131989601,-29.365402336255787,-27.830784709542577,-25.92452201830797,-23.50732535601095,-20.483270085373224,-16.814804265386897,-12.533911365985563,-7.745274082032431,-2.6208947034761585,2.6207031640222294,7.7451092504231855,12.533795203127744,16.814749137911967,20.48327621768076,23.507391201909183,25.924636468881857,27.830932452941365,29.365582205366557,30.688257253427054,31.931167510121057,33.141450814388406,34.263796976797785,35.16659481088157,35.68289248445408,35.65607995214021,34.98446651665495,33.656395258440845,31.76528547167088,29.49582083888132,27.08307204390845,24.758044272618253,22.68712870292443,20.901138798387564,19.221877326910505,17.312293038837403,14.892995129197384,11.830277547007828,8.078656446112356,3.5755899495925902,-1.8986037850652384,-8.832173105268533,-17.97605946412254,-30.342380278415806,-47.360292891035975
47.422221814227015,30.301227748645985,17.88132744444858,8.71988896012386,1.7897787800203928,-3.6716646187531032,-8.159190726203837,-11.895337484185797,-14.944274369134384,-17.352241495739523,-19.25264479017976,-20.923776489876328,-22.70110946724512,-24.762127715330333,-27.07621590935714,-29.47801728109258,-31.737943456982272,-33.621995945128255,-34.94605058987277,-35.61664848848773,-35.64480218617254,-35.131262854511185,-34.23178189504864,-33.112729506099264,-31.9054563306967,-30.665235723355305,-29.34510681792616,-27.813087728382914,-25.90964797638909,-23.495485690358432,-20.474503045932387,-16.808881306561197,-12.530342462202888,-7.743482101380929,-2.6203733381749523,2.6201845783390554,7.743320078462811,12.530229095603676,16.808828788641136,20.474511714984963,23.49555407579255,25.90976469119413,27.81323771852864,29.34528936628553,30.665444494820456,31.9056878247715,33.112995315994034,34.232075246611245,35.131577071296405,35.64513737326092,35.617002798122435,34.946416683539034,33.622357648517855,31.73829771612388,29.47835655478292,27.07649327960497,24.762388421689373,22.70139145251747,20.92400344794929,19.252814996645803,17.35233852994701,14.944364134409538,11.89537067591266,8.159107536639842,3.671462437475711,-1.7901411709597983,-8.720465775563259,-17.882173114467193,-30.30240372298348,-47.42384692119127
47.47658399519428,30.255192628452296,17.78386523180962,8.606124343885112,1.6800656698176155,-3.768378801842292,-8.240261352442976,-11.96091136193382,-14.996033302650648,-17.392607299395625,-19.2838471980061,-20.94685432881707,-22.715527765054183,-24.766552779652564,-27.069619581181453,-29.4604109668467,-31.710659747857573,-33.58749673363647,-34.907386390145284,-35.57683465038454,-35.606227113977944,-35.095381829991084,-34.19918244221534,-33.08340250604242,-31.87912146848588,-30.641592066251597,-29.32401340630346,-27.7946312043578,-25.894066410494855,-23.483007943794597,-20.46518579855613,-16.802514532431502,-12.526449395636716,-7.741494309334666,-2.619786469236363,2.619600420973237,7.741334998005825,12.526338725915483,16.8024646035454,20.46519711071341,23.48307893400512,25.89418532925864,27.794783773709216,29.324198210780807,30.641803249890664,31.87935581628543,33.083670286061924,34.19947773345356,35.09569798187231,35.606564039881384,35.57719034936914,34.90775334983915,33.58785879676264,31.71101392380019,29.46074925993003,27.06989576073056,24.76681197147206,22.715807396078105,20.94707914158599,19.28401450712465,17.392701351332487,14.996119816318409,11.96094211998038,8.24017541517542,3.768174141491016,-1.6804297695706771,-8.606702360798588,-17.784712267165187,-30.25637162062103,-47.47821520938444
47.52172032264744,30.203134714622102,17.682866539145667,8.490323325948935,1.5691212933491392,-3.86591998320719,-8.321938066390159,-12.026956614006425,-15.048173574944803,-17.433286583410933,-19.31530908580722,-20.970141856036545,-22.730099296159224,-24.771057995225977,-27.063006805110174,-29.442665778105685,-31.683087817332144,-33.55254927483915,-34.86812748664209,-35.53630868533754,-35.56685826905698,-35.058662094299635,-34.16572675058082,-33.05322098299919,-31.85194656846822,-30.617128885141987,-29.30212781933781,-27.775419008212427,-25.877777650283903,-23.469889169901908,-20.455313134503054,-16.795696592328095,-12.522224432893116,-7.739304622225235,-2.619131812979407,2.618948431488169,7.739147950787934,12.52211641277133,16.795649316721594,20.45532716543416,23.469962968587485,25.877899169889524,27.77557342909495,29.30231516742163,30.617342698155632,31.852182763892426,33.05349101542192,34.166024083693465,35.05898037260534,35.56719727947343,35.53666580411833,34.86849499440213,33.552911246739505,31.683441440821102,29.443002787740628,27.063281861993765,24.771315827196062,22.73037634282436,20.970364418177702,19.315473372013024,17.433377798672392,15.048256749613657,12.026984898611088,8.32184947699752,3.865712893372226,-1.5694869950439898,-8.490902406920789,-17.683714688072318,-30.204316397989235,-47.523357150648565
47.55769519183897,30.14530714805961,17.578631264994453,8.37274074371436,1.4571834455631016,-3.964080794293416,-8.404034496346748,-12.093312101071309,-15.100555361057518,-17.47415946703599,-19.3469258513226,-20.993549275299763,-22.744749900073696,-24.77558909763364,-27.056345927409623,-29.4247751394003,-31.6552503364969,-33.51720746818119,-34.82835732072722,-35.4951800485622,-35.52682415045115,-35.021239302761416,-34.13154860335871,-33.02231177310355,-31.824047484381687,-30.59195344320124,-29.27954638575096,-27.755533841248727,-25.86085140916125,-23.45618251462924,-20.444921408153355,-16.78844826712932,-12.517677968277605,-7.736916785418152,-2.618410536016481,2.618229984999456,7.736762965436855,12.51757273954884,16.78840352717063,20.444937923929004,23.45625866686269,25.86097502648864,27.75569119627844,29.279735735802333,30.5921693189384,31.824286818132933,33.02258348798656,34.13184754990704,35.02155928698761,35.5271647339583,35.49553840838539,34.82872552256416,33.51756960886185,31.65560356317416,29.425110892212132,27.05661965948395,24.775845244790933,22.745024640706028,20.993769542244248,19.347087305681587,17.47424765355944,15.1006354000977,12.093337922604045,8.403943232485538,3.963871308108297,-1.4575507170564632,-8.373320840710015,-17.579480393081578,-30.14649116495984,-47.559337087791214
47.5844433306966,30.08155571834184,17.470942234277675,8.253169875375624,1.344047953681884,-4.063045883910898,-8.486718661440653,-12.160125124119828,-15.153308480021854,-17.51533883496018,-19.378797276429932,-21.017163371890152,-22.75955253798788,-24.78020094785093,-27.049671388848825,-29.40675196664713,-31.62713663146141,-33.48143780057509,-34.78802288280363,-35.45337776376462,-35.48603823185075,-34.98301657584873,-34.096547969646736,-32.990576686126374,-31.79533152651843,-30.56597707073571,-29.256186932329364,-27.734902379530084,-25.84322219163601,-23.44183340510136,-20.43396684358364,-16.780736826748527,-12.512787099946095,-7.73431718917087,-2.617617873909927,2.617440135674003,7.734166172108785,12.512684662048844,16.78069475681026,20.433986007155266,23.441912148310376,25.843348045211663,27.735061953022168,29.25637847827509,30.566195266677926,31.795573187403047,32.990850206001376,34.09684855422273,34.983338063473674,35.4863801650541,35.45373702505263,34.7883913722354,33.48180000191977,31.62748955348006,29.407086560250075,27.049943935715447,24.78045552323938,22.759824722800875,21.01738145229732,19.378956043959448,17.51542436196604,15.15338547625764,12.160148535505677,8.486624826052374,4.0628340668958485,-1.3444167326328105,-8.253751010697814,-17.471792418675275,-30.08274198858876,-47.58608986545712
47.60199649966908,30.01201773027886,17.3599442779841,8.131726470458622,1.2298193341320636,-4.162727937531569,-8.569912991417128,-12.227330049595468,-15.206377034522692,-17.556777114592634,-19.41088241772729,-21.040949151688743,-22.77447858362898,-24.784872579347923,-27.042971355801573,-29.38859547525521,-31.598758230558477,-33.44526559964849,-34.747165243470654,-35.41095689109114,-35.444563869969464,-34.94405782039003,-34.060786104406624,-32.95807156673096,-31.76584913151592,-30.53924483366789,-29.232089026855792,-27.713558122856583,-25.82491683743616,-23.42686086378861,-20.42246070619436,-16.772566371678657,-12.507552044393352,-7.731504145785114,-2.6167531365767225,2.6165783311056003,7.731356073362996,12.507452557070708,16.772527063185837,20.42248243795724,23.426942117104332,25.825045112170155,27.713719530856693,29.232283085829792,30.53946566389791,31.76609251504169,32.95834694793408,34.06108801729394,34.94438047733618,35.44490695083351,35.411316924301474,34.747534025553854,33.445627776727086,31.599110594574626,29.38892851786989,27.043242643227718,24.785125688535267,22.77474798610586,21.04116505847987,19.411038470403284,17.556860217689334,15.206450852736932,12.227350956627827,8.569816680279093,4.162513849543895,-1.2301895176306947,-8.132308435632277,-17.36079521649011,-30.013205812602376,-47.60364721567636
